ts,slot,distance_cm,think_us,status
2026-09-29T05:09:18Z,A1,37.0,9.52,FREE
2026-09-29T05:09:19Z,A1,34.4,22.39,FREE
2026-09-29T05:09:20Z,A1,34.5,16.07,FREE
2026-09-29T05:09:21Z,A1,2.0,23.37,FREE
2026-09-29T05:09:22Z,A1,35.8,16.37,FREE
2026-09-29T05:09:23Z,A1,34.7,17.83,FREE
2026-09-29T05:09:24Z,A1,34.8,10.67,FREE
2026-09-29T05:09:25Z,A1,2.0,12.80,FREE
2026-09-29T05:09:26Z,A1,6.8,17.50,OCCUPIED
2026-09-29T05:09:27Z,A1,7.6,10.39,OCCUPIED
2026-09-29T05:09:28Z,A1,5.9,10.48,OCCUPIED
2026-09-29T05:09:29Z,A1,5.0,18.30,OCCUPIED
2026-09-29T05:09:30Z,A1,5.1,17.68,OCCUPIED
2026-09-29T05:09:31Z,A1,5.4,17.07,OCCUPIED
2026-09-29T05:09:32Z,A1,2.0,14.09,OCCUPIED
2026-09-29T05:09:33Z,A1,7.1,16.07,OCCUPIED
2026-09-29T05:09:34Z,A1,0.0,7.67,OCCUPIED
2026-09-29T05:09:35Z,A1,34.0,12.02,OCCUPIED
2026-09-29T05:09:36Z,A1,37.9,15.30,FREE
2026-09-29T05:09:37Z,A1,36.9,10.59,FREE
2026-09-29T05:09:38Z,A1,34.4,10.67,FREE
2026-09-29T05:09:39Z,A1,36.0,15.80,FREE
2026-09-29T05:09:40Z,A1,34.8,15.63,FREE
2026-09-29T05:09:41Z,A1,34.9,18.00,FREE
2026-09-29T05:09:42Z,A1,6.1,11.06,FREE
2026-09-29T05:09:43Z,A1,5.4,12.20,OCCUPIED
2026-09-29T05:09:44Z,A1,8.7,11.19,OCCUPIED
2026-09-29T05:09:45Z,A1,8.5,11.02,OCCUPIED
2026-09-29T05:09:46Z,A1,7.0,9.74,OCCUPIED
2026-09-29T05:09:47Z,A1,5.5,17.91,OCCUPIED
2026-09-29T05:09:48Z,A1,7.7,14.54,OCCUPIED
2026-09-29T05:09:49Z,A1,8.5,17.72,OCCUPIED
2026-09-29T05:09:50Z,A1,33.8,15.63,OCCUPIED
2026-09-29T05:09:51Z,A1,36.9,20.57,FREE
2026-09-29T05:09:52Z,A1,38.3,13.85,FREE
2026-09-29T05:09:56Z,A1,33.1,14.87,FREE
2026-09-29T05:09:57Z,A1,39.7,15.11,FREE
2026-09-29T05:09:58Z,A1,34.9,15.89,FREE
2026-09-29T05:09:59Z,A1,6.7,17.43,FREE
2026-09-29T05:10:00Z,A1,7.1,18.80,OCCUPIED
2026-09-29T05:10:01Z,A1,8.0,16.30,OCCUPIED
2026-09-29T05:10:02Z,A1,5.6,14.83,OCCUPIED
2026-09-29T05:10:03Z,A1,7.4,15.41,OCCUPIED
2026-09-29T05:10:04Z,A1,5.3,14.05,OCCUPIED
2026-09-29T05:10:05Z,A1,7.9,16.43,OCCUPIED
2026-09-29T05:10:06Z,A1,5.8,17.91,OCCUPIED
2026-09-29T05:10:07Z,A1,39.9,19.91,OCCUPIED
2026-09-29T05:10:08Z,A1,39.1,22.04,FREE
2026-09-29T05:10:09Z,A1,33.5,17.68,FREE
2026-09-29T05:10:10Z,A1,400.0,11.09,FREE
2026-09-29T05:10:11Z,A1,39.8,14.74,FREE
2026-09-29T05:10:12Z,A1,35.6,18.96,FREE
2026-09-29T05:10:13Z,A1,34.9,17.93,FREE
2026-09-29T05:10:14Z,A1,33.6,16.28,FREE
2026-09-29T05:10:15Z,A1,8.6,12.31,FREE
2026-09-29T05:10:16Z,A1,400.0,5.59,FREE
2026-09-29T05:10:17Z,A1,8.4,12.28,OCCUPIED
2026-09-29T05:10:18Z,A1,8.9,11.80,OCCUPIED
2026-09-29T05:10:19Z,A1,7.4,13.20,OCCUPIED
2026-09-29T05:10:20Z,A1,5.1,17.74,OCCUPIED
2026-09-29T05:10:21Z,A1,6.5,17.15,OCCUPIED
2026-09-29T05:10:22Z,A1,7.3,14.94,OCCUPIED
2026-09-29T05:10:23Z,A1,33.5,20.63,OCCUPIED
2026-09-29T05:10:24Z,A1,35.3,19.89,FREE
2026-09-29T05:10:25Z,A1,33.1,10.96,FREE
2026-09-29T05:10:26Z,A1,34.6,9.93,FREE
2026-09-29T05:10:27Z,A1,39.7,10.48,FREE
2026-09-29T05:10:28Z,A1,33.0,10.24,FREE
2026-09-29T05:10:29Z,A1,37.6,10.24,FREE
2026-09-29T05:10:30Z,A1,37.5,15.37,FREE
2026-09-29T05:10:31Z,A1,5.2,19.91,FREE
2026-09-29T05:10:32Z,A1,7.1,19.04,OCCUPIED
2026-09-29T05:10:33Z,A1,7.6,17.98,OCCUPIED
2026-09-29T05:10:34Z,A1,8.7,17.85,OCCUPIED
2026-09-29T05:10:35Z,A1,2.0,10.91,OCCUPIED
2026-09-29T05:10:36Z,A1,5.1,10.30,OCCUPIED
2026-09-29T05:10:37Z,A1,6.7,10.43,OCCUPIED
2026-09-29T05:10:38Z,A1,7.6,10.19,OCCUPIED
2026-09-29T05:10:39Z,A1,37.5,11.50,OCCUPIED
2026-09-29T05:10:40Z,A1,33.0,20.70,FREE
2026-09-29T05:10:41Z,A1,33.9,17.46,FREE
2026-09-29T05:10:42Z,A1,33.4,17.33,FREE
2026-09-29T05:10:43Z,A1,33.5,15.17,FREE
2026-09-29T05:10:44Z,A1,400.0,11.63,FREE
2026-09-29T05:10:45Z,A1,35.5,10.67,FREE
2026-09-29T05:10:46Z,A1,39.6,10.04,FREE
2026-09-29T05:10:47Z,A1,5.3,19.28,FREE
2026-09-29T05:10:48Z,A1,7.0,11.96,OCCUPIED
2026-09-29T05:10:49Z,A1,5.8,10.93,OCCUPIED
2026-09-29T05:10:50Z,A1,6.6,17.94,OCCUPIED
2026-09-29T05:10:51Z,A1,400.0,11.17,OCCUPIED
2026-09-29T05:10:52Z,A1,7.5,16.32,OCCUPIED
2026-09-29T05:10:53Z,A1,8.1,10.24,OCCUPIED
2026-09-29T05:10:54Z,A1,6.0,11.00,OCCUPIED
2026-09-29T05:10:55Z,A1,37.1,11.48,OCCUPIED
2026-09-29T05:10:56Z,A1,39.0,11.78,FREE
2026-09-29T05:10:57Z,A1,34.0,10.76,FREE
2026-09-29T05:10:58Z,A1,400.0,9.80,FREE
2026-09-29T05:10:59Z,A1,33.6,19.80,FREE
2026-09-29T05:11:00Z,A1,34.9,16.30,FREE
2026-09-29T05:11:01Z,A1,37.6,16.57,FREE
2026-09-29T05:11:02Z,A1,39.4,15.96,FREE
2026-09-29T05:11:03Z,A1,7.0,20.11,FREE
2026-09-29T05:11:04Z,A1,5.6,20.67,OCCUPIED
2026-09-29T05:11:05Z,A1,8.9,10.87,OCCUPIED
2026-09-29T05:11:06Z,A1,5.6,9.83,OCCUPIED
2026-09-29T05:11:07Z,A1,6.6,10.78,OCCUPIED
2026-09-29T05:11:08Z,A1,6.6,10.76,OCCUPIED
2026-09-29T05:11:09Z,A1,5.0,10.30,OCCUPIED
2026-09-29T05:11:10Z,A1,37.7,19.65,OCCUPIED
2026-09-29T05:11:11Z,A1,36.0,20.72,FREE
2026-09-29T05:11:12Z,A1,33.8,17.85,FREE
2026-09-29T05:11:13Z,A1,33.4,16.32,FREE
2026-09-29T05:11:14Z,A1,2.0,16.81,FREE
2026-09-29T05:11:15Z,A1,38.8,10.11,FREE
2026-09-29T05:11:16Z,A1,38.4,9.83,FREE
2026-09-29T05:11:17Z,A1,39.8,10.37,FREE
2026-09-29T05:11:18Z,A1,6.8,11.17,FREE
2026-09-29T05:11:19Z,A1,400.0,6.82,FREE
2026-09-29T05:11:20Z,A1,8.6,18.57,OCCUPIED
2026-09-29T05:11:21Z,A1,7.7,18.76,OCCUPIED
2026-09-29T05:11:22Z,A1,5.6,16.07,OCCUPIED
2026-09-29T05:11:23Z,A1,5.1,18.76,OCCUPIED
2026-09-29T05:11:24Z,A1,5.0,14.91,OCCUPIED
2026-09-29T05:11:25Z,A1,7.3,10.67,OCCUPIED
2026-09-29T05:11:26Z,A1,37.1,11.41,OCCUPIED
2026-09-29T05:11:27Z,A1,40.0,12.30,FREE
2026-09-29T05:11:28Z,A1,38.7,10.28,FREE
2026-09-29T05:11:29Z,A1,36.6,10.13,FREE
2026-09-29T05:11:30Z,A1,39.0,18.18,FREE
2026-09-29T05:11:31Z,A1,35.0,14.81,FREE
2026-09-29T05:11:32Z,A1,35.5,13.70,FREE
2026-09-29T05:11:33Z,A1,35.3,15.65,FREE
2026-09-29T05:11:34Z,A1,8.2,18.13,FREE
2026-09-29T05:11:35Z,A1,8.8,14.81,OCCUPIED
2026-09-29T05:11:36Z,A1,6.4,15.17,OCCUPIED
2026-09-29T05:11:37Z,A1,8.7,16.33,OCCUPIED
2026-09-29T05:11:38Z,A1,8.0,17.74,OCCUPIED
2026-09-29T05:11:39Z,A1,8.2,17.20,OCCUPIED
2026-09-29T05:27:41Z,A1,38.9,10.22,FREE
2026-09-29T05:27:42Z,A1,37.7,13.67,FREE
2026-09-29T05:27:43Z,A1,34.8,14.59,FREE
2026-09-29T05:27:44Z,A1,39.2,16.93,FREE
2026-09-29T05:27:45Z,A1,35.9,13.81,FREE
2026-09-29T05:27:46Z,A1,2.0,19.20,FREE
2026-09-29T05:27:47Z,A1,38.3,16.98,FREE
2026-09-29T05:27:48Z,A1,39.2,11.11,FREE
2026-09-29T05:27:49Z,A1,6.3,14.57,FREE
2026-09-29T05:27:50Z,A1,7.7,16.59,OCCUPIED
2026-09-29T05:27:51Z,A1,6.0,10.19,OCCUPIED
2026-09-29T05:27:52Z,A1,7.9,12.63,OCCUPIED
2026-09-29T05:27:53Z,A1,5.6,15.15,OCCUPIED
2026-09-29T05:27:54Z,A1,6.9,16.52,OCCUPIED
2026-09-29T05:27:55Z,A1,5.1,16.35,OCCUPIED
2026-09-29T05:27:56Z,A1,6.7,17.46,OCCUPIED
2026-09-29T05:27:57Z,A1,38.4,20.94,OCCUPIED
2026-09-29T05:27:58Z,A1,36.4,14.24,FREE
2026-09-29T05:27:59Z,A1,36.9,10.39,FREE
2026-09-29T05:28:00Z,A1,38.6,10.28,FREE
2026-09-29T05:28:01Z,A1,0.0,6.96,FREE
2026-09-29T05:28:02Z,A1,38.9,10.11,FREE
2026-09-29T05:28:03Z,A1,38.3,18.18,FREE
2026-09-29T05:28:04Z,A1,38.4,16.55,FREE
2026-09-29T05:28:05Z,A1,5.2,18.59,FREE
2026-09-29T05:28:06Z,A1,7.8,19.41,OCCUPIED
2026-09-29T05:28:07Z,A1,7.6,16.68,OCCUPIED
2026-09-29T05:28:08Z,A1,5.9,11.04,OCCUPIED
2026-09-29T05:28:09Z,A1,8.3,10.94,OCCUPIED
2026-09-29T05:28:10Z,A1,6.2,10.46,OCCUPIED
2026-09-29T05:28:11Z,A1,5.6,11.19,OCCUPIED
2026-09-29T05:28:12Z,A1,0.0,6.33,OCCUPIED
2026-09-29T05:28:13Z,A1,34.7,16.07,OCCUPIED
2026-09-29T05:28:14Z,A1,40.0,17.70,FREE
2026-09-29T05:28:15Z,A1,40.0,14.17,FREE
2026-09-29T05:28:16Z,A1,34.4,15.04,FREE
2026-09-29T05:28:17Z,A1,35.3,15.83,FREE
2026-09-29T05:28:18Z,A1,35.3,11.19,FREE
2026-09-29T05:28:19Z,A1,37.4,10.31,FREE
2026-09-29T05:28:20Z,A1,36.5,10.89,FREE
2026-09-29T05:28:21Z,A1,5.4,12.54,FREE
2026-09-29T05:28:22Z,A1,7.1,12.30,OCCUPIED
2026-09-29T05:28:23Z,A1,7.8,15.39,OCCUPIED
2026-09-29T05:28:24Z,A1,7.1,14.76,OCCUPIED
2026-09-29T05:28:25Z,A1,6.4,14.76,OCCUPIED
2026-09-29T05:28:26Z,A1,8.7,15.87,OCCUPIED
2026-09-29T05:28:27Z,A1,6.2,16.39,OCCUPIED
2026-09-29T05:28:28Z,A1,6.8,11.67,OCCUPIED
2026-09-29T05:28:29Z,A1,36.2,11.76,OCCUPIED
2026-09-29T05:28:30Z,A1,37.0,12.50,FREE
2026-09-29T05:28:31Z,A1,37.7,10.72,FREE
2026-09-29T05:28:32Z,A1,37.8,10.57,FREE
2026-09-29T05:28:33Z,A1,34.3,16.98,FREE
2026-09-29T05:28:34Z,A1,33.5,15.11,FREE
2026-09-29T05:28:35Z,A1,40.0,16.39,FREE
2026-09-29T05:28:36Z,A1,38.1,17.89,FREE
2026-09-29T05:28:37Z,A1,7.5,20.44,FREE
2026-09-29T05:28:38Z,A1,6.0,13.46,OCCUPIED
2026-09-29T05:28:39Z,A1,7.9,11.20,OCCUPIED
2026-09-29T05:28:40Z,A1,7.5,10.50,OCCUPIED
2026-09-29T05:28:41Z,A1,8.1,10.59,OCCUPIED
2026-09-29T05:28:42Z,A1,8.5,10.54,OCCUPIED
2026-09-29T05:28:43Z,A1,7.0,16.17,OCCUPIED
2026-09-29T05:28:44Z,A1,6.2,18.37,OCCUPIED
2026-09-29T05:28:45Z,A1,36.4,17.54,OCCUPIED
2026-09-29T05:28:46Z,A1,34.3,22.57,FREE
2026-09-29T05:28:47Z,A1,37.0,17.93,FREE
2026-09-29T05:28:48Z,A1,35.0,11.30,FREE
2026-09-29T05:28:49Z,A1,39.7,10.63,FREE
2026-09-29T05:28:50Z,A1,35.7,10.28,FREE
2026-09-29T05:28:51Z,A1,36.0,11.04,FREE
2026-09-29T05:28:52Z,A1,33.4,10.74,FREE
2026-09-29T05:28:53Z,A1,6.8,20.55,FREE
2026-09-29T05:28:54Z,A1,5.2,21.72,OCCUPIED
2026-09-29T05:28:55Z,A1,5.3,16.72,OCCUPIED
2026-09-29T05:28:56Z,A1,5.6,18.72,OCCUPIED
2026-09-29T05:28:57Z,A1,8.8,16.93,OCCUPIED
2026-09-29T05:28:58Z,A1,6.1,10.94,OCCUPIED
2026-09-29T05:28:59Z,A1,6.0,10.11,OCCUPIED
2026-09-29T05:29:00Z,A1,7.1,10.15,OCCUPIED
2026-09-29T05:29:01Z,A1,35.0,11.72,OCCUPIED
2026-09-29T05:29:02Z,A1,36.4,12.19,FREE
2026-09-29T05:29:03Z,A1,33.6,18.26,FREE
2026-09-29T05:29:04Z,A1,38.3,16.72,FREE
2026-09-29T05:29:05Z,A1,34.2,21.22,FREE
2026-09-29T05:29:06Z,A1,34.1,17.26,FREE
2026-09-29T05:29:07Z,A1,2.0,20.48,FREE
2026-09-29T05:29:08Z,A1,34.1,16.83,FREE
2026-09-29T05:29:09Z,A1,5.0,11.54,FREE
2026-09-29T05:29:10Z,A1,5.4,12.89,OCCUPIED
2026-09-29T05:29:11Z,A1,7.3,10.83,OCCUPIED
2026-09-29T05:29:12Z,A1,7.9,10.31,OCCUPIED
2026-09-29T05:29:13Z,A1,6.1,10.48,OCCUPIED
2026-09-29T05:29:14Z,A1,5.3,15.39,OCCUPIED
2026-09-29T05:29:15Z,A1,5.0,16.91,OCCUPIED
2026-09-29T05:29:16Z,A1,6.1,14.26,OCCUPIED
2026-09-29T05:29:17Z,A1,38.0,18.13,OCCUPIED
2026-09-29T05:29:18Z,A1,2.0,15.37,OCCUPIED
2026-09-29T05:29:19Z,A1,37.7,11.46,OCCUPIED
2026-09-29T05:29:20Z,A1,37.0,12.41,FREE
2026-09-29T05:29:21Z,A1,38.5,10.17,FREE
2026-09-29T05:29:22Z,A1,38.2,10.43,FREE
2026-09-29T05:29:24Z,A1,36.0,15.98,FREE
2026-09-29T05:29:25Z,A1,8.8,18.31,FREE
2026-09-29T05:29:26Z,A1,7.0,19.35,OCCUPIED
2026-09-29T05:29:27Z,A1,8.6,15.63,OCCUPIED
2026-09-29T05:29:28Z,A1,5.0,16.17,OCCUPIED
2026-09-29T05:29:29Z,A1,8.6,10.45,OCCUPIED
2026-09-29T05:29:30Z,A1,6.9,17.52,OCCUPIED
2026-09-29T05:29:31Z,A1,6.2,11.37,OCCUPIED
2026-09-29T05:29:32Z,A1,5.6,10.63,OCCUPIED
2026-09-29T05:29:33Z,A1,33.4,11.83,OCCUPIED
2026-09-29T05:29:34Z,A1,33.9,19.41,FREE
2026-09-29T05:29:35Z,A1,35.6,15.24,FREE
2026-09-29T05:29:36Z,A1,36.9,15.39,FREE
2026-09-29T05:29:37Z,A1,34.4,15.87,FREE
2026-09-29T05:29:38Z,A1,39.3,15.54,FREE
2026-09-29T05:29:39Z,A1,38.8,15.81,FREE
2026-09-29T05:29:40Z,A1,37.7,16.61,FREE
2026-09-29T05:29:41Z,A1,8.0,20.39,FREE
2026-09-29T05:29:42Z,A1,9.0,13.33,OCCUPIED
2026-09-29T05:29:43Z,A1,7.8,10.87,OCCUPIED
2026-09-29T05:29:44Z,A1,8.1,11.20,OCCUPIED
2026-09-29T05:29:45Z,A1,5.4,11.06,OCCUPIED
2026-09-29T05:29:46Z,A1,7.3,10.63,OCCUPIED
2026-09-29T05:29:47Z,A1,8.6,16.76,OCCUPIED
2026-09-29T05:29:48Z,A1,8.8,16.72,OCCUPIED
2026-09-29T05:29:49Z,A1,39.8,11.31,OCCUPIED
2026-09-29T05:29:50Z,A1,35.5,14.07,FREE
2026-09-29T05:29:51Z,A1,35.8,10.85,FREE
2026-09-29T05:29:52Z,A1,39.0,15.50,FREE
2026-09-29T05:29:53Z,A1,36.1,10.70,FREE
2026-09-29T05:29:54Z,A1,35.8,15.02,FREE
2026-09-29T05:29:55Z,A1,33.6,18.30,FREE
2026-09-29T05:29:56Z,A1,33.2,16.11,FREE
2026-09-29T05:29:57Z,A1,6.6,20.41,FREE
2026-09-29T05:29:58Z,A1,8.3,21.57,OCCUPIED
2026-09-29T05:30:00Z,A1,7.8,10.95,OCCUPIED
2026-09-29T05:30:01Z,A1,6.0,10.85,OCCUPIED
2026-09-29T05:30:02Z,A1,6.7,16.37,OCCUPIED
2026-09-29T05:30:03Z,A1,6.1,17.83,OCCUPIED
2026-09-29T05:30:04Z,A1,6.8,15.20,OCCUPIED
2026-09-29T05:30:05Z,A1,9.0,18.57,OCCUPIED
2026-09-29T05:30:06Z,A1,35.6,17.22,OCCUPIED
2026-09-29T05:30:07Z,A1,34.9,18.87,FREE
2026-09-29T05:30:08Z,A1,39.5,15.48,FREE
2026-09-29T05:30:09Z,A1,34.1,15.78,FREE
2026-09-29T05:30:10Z,A1,36.2,10.44,FREE
2026-09-29T05:30:11Z,A1,34.0,10.54,FREE
2026-09-29T05:30:12Z,A1,36.2,10.83,FREE
2026-09-29T05:30:13Z,A1,36.0,10.31,FREE
2026-09-29T05:30:14Z,A1,6.0,11.55,FREE
2026-09-29T05:30:15Z,A1,6.7,21.43,OCCUPIED
2026-09-29T05:30:16Z,A1,6.3,18.48,OCCUPIED
2026-09-29T05:30:17Z,A1,2.0,18.09,OCCUPIED
2026-09-29T05:30:18Z,A1,6.2,15.50,OCCUPIED
2026-09-29T05:30:19Z,A1,6.8,17.72,OCCUPIED
2026-09-29T05:30:20Z,A1,8.7,11.02,OCCUPIED
2026-09-29T05:30:21Z,A1,8.3,10.39,OCCUPIED
2026-09-29T05:30:22Z,A1,39.2,11.93,OCCUPIED
2026-09-29T05:30:23Z,A1,34.2,13.04,FREE
2026-09-29T05:30:24Z,A1,37.2,10.93,FREE
2026-09-29T05:30:25Z,A1,37.6,14.67,FREE
2026-09-29T05:30:26Z,A1,33.8,17.46,FREE
2026-09-29T05:30:27Z,A1,39.0,16.46,FREE
2026-09-29T05:30:28Z,A1,2.0,18.04,FREE
2026-09-29T05:30:29Z,A1,37.8,16.57,FREE
2026-09-29T05:30:30Z,A1,5.7,11.57,FREE
2026-09-29T05:30:31Z,A1,8.2,12.41,OCCUPIED
2026-09-29T05:30:32Z,A1,6.5,10.59,OCCUPIED
2026-09-29T05:30:33Z,A1,7.3,10.63,OCCUPIED
2026-09-29T05:30:34Z,A1,6.9,11.07,OCCUPIED
2026-09-29T05:30:35Z,A1,8.2,16.96,OCCUPIED
2026-09-29T05:30:36Z,A1,6.8,14.93,OCCUPIED
2026-09-29T05:30:37Z,A1,6.7,17.91,OCCUPIED
2026-09-29T05:30:38Z,A1,38.2,19.65,OCCUPIED
2026-09-29T05:30:39Z,A1,35.4,21.18,FREE
2026-09-29T05:30:40Z,A1,36.9,10.09,FREE
2026-09-29T05:30:41Z,A1,35.6,10.80,FREE
2026-09-29T05:30:42Z,A1,33.6,10.87,FREE
2026-09-29T05:30:43Z,A1,37.3,10.26,FREE
2026-09-29T05:30:44Z,A1,39.7,10.35,FREE
2026-09-29T05:30:45Z,A1,39.6,17.72,FREE
2026-09-29T05:30:46Z,A1,6.6,21.20,FREE
2026-09-29T05:30:47Z,A1,5.0,19.44,OCCUPIED
2026-09-29T05:30:48Z,A1,5.1,19.07,OCCUPIED
2026-09-29T05:30:49Z,A1,7.0,16.05,OCCUPIED
2026-09-29T05:30:50Z,A1,7.3,11.28,OCCUPIED
2026-09-29T05:30:51Z,A1,8.1,9.96,OCCUPIED
2026-09-29T05:30:52Z,A1,5.8,10.06,OCCUPIED
2026-09-29T05:30:53Z,A1,7.5,10.98,OCCUPIED
2026-09-29T05:30:54Z,A1,39.3,11.59,OCCUPIED
2026-09-29T05:30:55Z,A1,34.4,18.98,FREE
2026-09-29T05:30:56Z,A1,37.4,15.55,FREE
2026-09-29T05:30:57Z,A1,33.7,13.09,FREE
2026-09-29T05:30:58Z,A1,35.8,15.67,FREE
2026-09-29T05:30:59Z,A1,39.2,13.30,FREE
2026-09-29T05:31:00Z,A1,37.5,11.28,FREE
2026-09-29T05:31:01Z,A1,35.0,10.76,FREE
2026-09-29T05:31:02Z,A1,7.5,12.15,FREE
2026-09-29T05:31:03Z,A1,5.2,12.67,OCCUPIED
2026-09-29T05:31:04Z,A1,5.2,11.20,OCCUPIED
2026-09-29T05:31:05Z,A1,5.2,16.76,OCCUPIED
2026-09-29T05:31:06Z,A1,8.5,16.65,OCCUPIED
2026-09-29T05:31:07Z,A1,2.0,13.15,OCCUPIED
2026-09-29T05:31:08Z,A1,7.3,16.76,OCCUPIED
2026-09-29T05:31:09Z,A1,8.1,15.94,OCCUPIED
2026-09-29T05:31:10Z,A1,34.7,11.19,OCCUPIED
2026-09-29T05:31:11Z,A1,36.9,12.59,FREE
2026-09-29T05:31:12Z,A1,2.0,10.87,FREE
2026-09-29T05:31:13Z,A1,37.2,9.85,FREE
2026-09-29T05:31:14Z,A1,36.4,10.54,FREE
2026-09-29T05:31:15Z,A1,33.5,16.05,FREE
2026-09-29T05:31:16Z,A1,400.0,10.02,FREE
2026-09-29T05:31:17Z,A1,400.0,9.98,FREE
2026-09-29T05:31:18Z,A1,6.2,20.07,FREE
2026-09-29T05:31:19Z,A1,400.0,10.52,FREE
2026-09-29T05:31:20Z,A1,7.9,12.98,OCCUPIED
2026-09-29T05:31:21Z,A1,6.7,10.74,OCCUPIED
2026-09-29T05:31:22Z,A1,6.3,10.55,OCCUPIED
2026-09-29T05:31:23Z,A1,7.7,10.59,OCCUPIED
2026-09-29T05:31:24Z,A1,5.5,9.78,OCCUPIED
2026-09-29T05:31:25Z,A1,7.0,17.31,OCCUPIED
2026-09-29T05:31:26Z,A1,37.0,19.35,OCCUPIED
2026-09-29T05:31:27Z,A1,2.0,17.80,OCCUPIED
2026-09-29T05:31:28Z,A1,35.2,20.28,OCCUPIED
2026-09-29T05:31:29Z,A1,37.5,21.11,FREE
2026-09-29T05:31:30Z,A1,37.7,16.78,FREE
2026-09-29T05:31:31Z,A1,35.0,10.26,FREE
2026-09-29T05:31:32Z,A1,38.0,11.24,FREE
2026-09-29T05:31:33Z,A1,34.2,10.70,FREE
2026-09-29T05:31:34Z,A1,8.0,11.72,FREE
2026-09-29T05:31:35Z,A1,2.0,12.26,OCCUPIED
2026-09-29T05:31:36Z,A1,7.4,16.13,OCCUPIED
2026-09-29T05:31:37Z,A1,5.6,16.28,OCCUPIED
2026-09-29T05:31:38Z,A1,7.5,15.35,OCCUPIED
2026-09-29T05:31:39Z,A1,6.8,16.09,OCCUPIED
2026-09-29T05:31:40Z,A1,8.7,16.37,OCCUPIED
2026-09-29T05:31:41Z,A1,2.0,10.45,OCCUPIED
2026-09-29T05:31:42Z,A1,33.4,11.93,OCCUPIED
2026-09-29T05:31:43Z,A1,36.4,13.00,FREE
2026-09-29T05:31:44Z,A1,35.5,10.20,FREE
2026-09-29T05:31:45Z,A1,37.1,10.74,FREE
2026-09-29T05:31:46Z,A1,38.0,16.68,FREE
2026-09-29T05:31:47Z,A1,38.5,14.41,FREE
2026-09-29T05:31:48Z,A1,33.8,14.35,FREE
2026-09-29T05:31:49Z,A1,8.5,17.63,FREE
2026-09-29T05:31:50Z,A1,6.2,19.96,OCCUPIED
2026-09-29T05:31:51Z,A1,6.4,10.39,OCCUPIED
2026-09-29T05:31:52Z,A1,8.3,10.55,OCCUPIED
2026-09-29T05:31:53Z,A1,5.3,11.15,OCCUPIED
2026-09-29T05:31:54Z,A1,8.8,10.39,OCCUPIED
2026-09-29T05:31:55Z,A1,5.7,10.00,OCCUPIED
2026-09-29T05:31:56Z,A1,7.5,14.69,OCCUPIED
2026-09-29T05:31:57Z,A1,38.5,15.85,OCCUPIED
2026-09-29T05:31:58Z,A1,37.4,18.63,FREE
2026-09-29T05:31:59Z,A1,37.8,13.31,FREE
2026-09-29T05:32:00Z,A1,38.3,15.15,FREE
2026-09-29T05:32:01Z,A1,33.2,10.69,FREE
2026-09-29T05:32:02Z,A1,38.8,10.67,FREE
2026-09-29T05:32:03Z,A1,39.7,10.37,FREE
2026-09-29T05:32:04Z,A1,36.3,11.00,FREE
2026-09-29T05:32:05Z,A1,6.9,11.26,FREE
2026-09-29T05:32:06Z,A1,0.0,10.39,FREE
2026-09-29T05:32:07Z,A1,8.7,20.15,OCCUPIED
2026-09-29T05:32:08Z,A1,8.1,16.02,OCCUPIED
2026-09-29T05:32:09Z,A1,6.3,16.87,OCCUPIED
2026-09-29T05:32:10Z,A1,8.9,15.83,OCCUPIED
2026-09-29T05:32:11Z,A1,5.2,10.13,OCCUPIED
2026-09-29T05:32:12Z,A1,6.1,11.50,OCCUPIED
2026-09-29T05:32:13Z,A1,2.0,10.00,OCCUPIED
2026-09-29T05:32:14Z,A1,2.0,10.19,OCCUPIED
2026-09-29T05:32:15Z,A1,35.9,11.35,OCCUPIED
2026-09-29T05:32:16Z,A1,35.7,19.05,FREE
2026-09-29T05:32:17Z,A1,37.5,16.78,FREE
2026-09-29T05:32:18Z,A1,36.7,15.80,FREE
2026-09-29T05:32:19Z,A1,34.4,13.94,FREE
2026-09-29T05:32:20Z,A1,38.4,15.22,FREE
2026-09-29T05:32:21Z,A1,5.2,12.20,FREE
2026-09-29T05:32:22Z,A1,6.1,13.00,OCCUPIED
2026-09-29T05:32:23Z,A1,7.9,10.96,OCCUPIED
2026-09-29T05:32:24Z,A1,5.8,10.89,OCCUPIED
2026-09-29T05:32:25Z,A1,8.1,10.57,OCCUPIED
2026-09-29T05:32:26Z,A1,7.3,14.19,OCCUPIED
2026-09-29T05:32:27Z,A1,7.0,14.78,OCCUPIED
2026-09-29T05:32:28Z,A1,6.0,15.15,OCCUPIED
2026-09-29T05:32:29Z,A1,37.9,16.26,OCCUPIED
2026-09-29T05:32:30Z,A1,36.7,19.37,FREE
2026-09-29T05:32:31Z,A1,37.9,16.22,FREE
2026-09-29T05:32:32Z,A1,37.9,16.50,FREE
2026-09-29T05:32:33Z,A1,34.7,14.91,FREE
2026-09-29T05:32:34Z,A1,34.7,15.69,FREE
2026-09-29T05:32:35Z,A1,39.3,12.94,FREE
2026-09-29T05:32:36Z,A1,39.3,16.76,FREE
2026-09-29T05:32:37Z,A1,5.0,18.76,FREE
2026-09-29T05:32:38Z,A1,6.5,20.50,OCCUPIED
2026-09-29T05:32:39Z,A1,6.4,15.28,OCCUPIED
2026-09-29T05:32:40Z,A1,6.1,16.52,OCCUPIED
2026-09-29T05:32:41Z,A1,8.6,10.13,OCCUPIED
2026-09-29T05:32:42Z,A1,7.1,11.20,OCCUPIED
2026-09-29T05:32:43Z,A1,7.3,10.59,OCCUPIED
2026-09-29T05:32:44Z,A1,7.9,10.70,OCCUPIED
2026-09-29T05:32:45Z,A1,36.8,11.85,OCCUPIED
2026-09-29T05:32:46Z,A1,36.7,22.85,FREE
2026-09-29T05:32:47Z,A1,34.6,16.33,FREE
2026-09-29T05:32:48Z,A1,2.0,18.22,FREE
2026-09-29T05:32:49Z,A1,38.3,14.83,FREE
2026-09-29T05:32:50Z,A1,2.0,18.24,FREE
2026-09-29T05:32:51Z,A1,37.8,17.22,FREE
2026-09-29T05:32:52Z,A1,35.0,10.39,FREE
2026-09-29T05:32:53Z,A1,8.9,11.98,FREE
2026-09-29T05:32:54Z,A1,6.7,12.69,OCCUPIED
2026-09-29T05:32:55Z,A1,7.4,10.52,OCCUPIED
2026-09-29T05:32:56Z,A1,6.4,11.81,OCCUPIED
2026-09-29T05:32:57Z,A1,7.5,16.24,OCCUPIED
2026-09-29T05:32:58Z,A1,7.4,15.80,OCCUPIED
2026-09-29T05:32:59Z,A1,8.3,13.67,OCCUPIED
2026-09-29T05:33:00Z,A1,6.4,15.94,OCCUPIED
2026-09-29T05:33:01Z,A1,33.3,17.46,OCCUPIED
2026-09-29T05:33:02Z,A1,38.6,13.04,FREE
2026-09-29T05:33:03Z,A1,39.7,10.76,FREE
2026-09-29T05:33:04Z,A1,38.4,10.96,FREE
2026-09-29T05:33:05Z,A1,39.0,11.61,FREE
2026-09-29T05:33:06Z,A1,34.5,17.30,FREE
2026-09-29T05:33:07Z,A1,38.8,16.50,FREE
2026-09-29T05:33:08Z,A1,33.9,16.44,FREE
2026-09-29T05:33:09Z,A1,8.5,19.15,FREE
2026-09-29T05:33:10Z,A1,400.0,9.30,FREE
2026-09-29T05:33:11Z,A1,0.0,9.98,FREE
2026-09-29T05:33:12Z,A1,7.7,12.48,OCCUPIED
2026-09-29T05:33:13Z,A1,7.3,10.09,OCCUPIED
2026-09-29T05:33:14Z,A1,7.7,11.09,OCCUPIED
2026-09-29T05:33:15Z,A1,7.3,11.13,OCCUPIED
2026-09-29T05:33:16Z,A1,5.6,10.87,OCCUPIED
2026-09-29T05:33:17Z,A1,36.1,20.56,OCCUPIED
2026-09-29T05:33:18Z,A1,36.5,19.57,FREE
2026-09-29T05:33:19Z,A1,39.9,16.98,FREE
2026-09-29T05:33:20Z,A1,39.5,18.95,FREE
2026-09-29T05:33:21Z,A1,35.4,16.02,FREE
2026-09-29T05:33:22Z,A1,39.9,9.93,FREE
2026-09-29T05:33:23Z,A1,38.7,10.78,FREE
2026-09-29T05:33:24Z,A1,37.8,9.96,FREE
2026-09-29T05:33:25Z,A1,8.5,11.45,FREE
2026-09-29T05:33:26Z,A1,8.0,12.93,OCCUPIED
2026-09-29T05:33:27Z,A1,6.5,15.54,OCCUPIED
2026-09-29T05:33:28Z,A1,6.8,16.33,OCCUPIED
2026-09-29T05:33:29Z,A1,5.6,18.48,OCCUPIED
2026-09-29T05:33:30Z,A1,6.7,16.57,OCCUPIED
2026-09-29T05:33:31Z,A1,6.8,15.35,OCCUPIED
2026-09-29T05:33:32Z,A1,6.7,11.61,OCCUPIED
2026-09-29T05:33:33Z,A1,38.8,12.44,OCCUPIED
2026-09-29T05:33:34Z,A1,36.3,11.98,FREE
2026-09-29T05:33:35Z,A1,33.9,10.87,FREE
2026-09-29T05:33:36Z,A1,36.1,10.28,FREE
2026-09-29T05:33:37Z,A1,36.4,15.87,FREE
2026-09-29T05:33:38Z,A1,35.7,16.72,FREE
2026-09-29T05:33:39Z,A1,34.2,15.89,FREE
2026-09-29T05:33:40Z,A1,34.1,16.85,FREE
2026-09-29T05:33:41Z,A1,6.5,20.37,FREE
2026-09-29T05:33:42Z,A1,6.3,12.59,OCCUPIED
2026-09-29T05:33:43Z,A1,5.4,11.31,OCCUPIED
2026-09-29T05:33:44Z,A1,8.5,11.48,OCCUPIED
2026-09-29T05:33:45Z,A1,8.9,10.13,OCCUPIED
2026-09-29T05:33:46Z,A1,5.7,11.04,OCCUPIED
2026-09-29T05:33:47Z,A1,2.0,14.55,OCCUPIED
2026-09-29T05:33:48Z,A1,2.0,15.93,OCCUPIED
2026-09-29T05:33:49Z,A1,36.3,17.98,OCCUPIED
2026-09-29T05:33:50Z,A1,39.4,19.28,FREE
2026-09-29T05:33:51Z,A1,33.2,15.78,FREE
2026-09-29T05:33:52Z,A1,35.8,17.80,FREE
2026-09-29T05:33:53Z,A1,33.7,15.31,FREE
2026-09-29T05:33:54Z,A1,36.2,18.78,FREE
2026-09-29T05:33:55Z,A1,39.0,18.52,FREE
2026-09-29T05:33:56Z,A1,36.8,17.83,FREE
2026-09-29T05:33:57Z,A1,6.8,18.32,FREE
2026-09-29T05:33:58Z,A1,8.2,21.33,OCCUPIED
2026-09-29T05:33:59Z,A1,5.5,15.46,OCCUPIED
2026-09-29T05:34:00Z,A1,7.8,18.04,OCCUPIED
2026-09-29T05:34:01Z,A1,8.6,18.68,OCCUPIED
2026-09-29T05:34:02Z,A1,400.0,6.85,OCCUPIED
2026-09-29T05:34:03Z,A1,6.3,10.80,OCCUPIED
2026-09-29T05:34:04Z,A1,7.1,10.96,OCCUPIED
2026-09-29T05:34:05Z,A1,37.8,11.48,OCCUPIED
2026-09-29T05:34:06Z,A1,38.3,13.13,FREE
2026-09-29T05:34:07Z,A1,2.0,17.78,FREE
2026-09-29T05:34:08Z,A1,39.0,13.50,FREE
2026-09-29T05:34:09Z,A1,35.8,14.57,FREE
2026-09-29T05:34:10Z,A1,2.0,18.05,FREE
2026-09-29T05:34:11Z,A1,34.3,16.57,FREE
2026-09-29T05:34:12Z,A1,2.0,18.26,FREE
2026-09-29T05:34:13Z,A1,2.0,12.65,OCCUPIED
2026-09-29T05:34:14Z,A1,8.3,10.85,OCCUPIED
2026-09-29T05:34:15Z,A1,7.3,10.50,OCCUPIED
2026-09-29T05:34:16Z,A1,6.6,10.83,OCCUPIED
2026-09-29T05:34:17Z,A1,8.5,11.06,OCCUPIED
2026-09-29T05:34:18Z,A1,5.4,10.37,OCCUPIED
2026-09-29T05:34:19Z,A1,8.8,10.96,OCCUPIED
2026-09-29T05:34:20Z,A1,7.2,10.43,OCCUPIED
2026-09-29T05:34:21Z,A1,39.3,11.69,OCCUPIED
2026-09-29T05:34:22Z,A1,35.5,12.94,FREE
2026-09-29T05:34:23Z,A1,39.0,16.28,FREE
2026-09-29T05:34:24Z,A1,35.7,17.59,FREE
2026-09-29T05:34:25Z,A1,38.1,16.48,FREE
2026-09-29T05:34:26Z,A1,34.0,18.55,FREE
2026-09-29T05:34:27Z,A1,39.8,16.00,FREE
2026-09-29T05:34:28Z,A1,39.4,19.02,FREE
2026-09-29T05:34:29Z,A1,7.3,18.33,FREE
2026-09-29T05:34:30Z,A1,8.1,18.78,OCCUPIED
2026-09-29T05:34:31Z,A1,8.3,16.78,OCCUPIED
2026-09-29T05:34:32Z,A1,5.6,16.15,OCCUPIED
2026-09-29T05:34:33Z,A1,8.8,16.57,OCCUPIED
2026-09-29T05:34:34Z,A1,7.0,18.28,OCCUPIED
2026-09-29T05:34:35Z,A1,7.7,16.50,OCCUPIED
2026-09-29T05:34:36Z,A1,7.7,15.61,OCCUPIED
2026-09-29T05:34:37Z,A1,2.0,14.09,OCCUPIED
2026-09-29T05:34:38Z,A1,37.3,17.24,OCCUPIED
2026-09-29T05:34:39Z,A1,39.9,18.39,FREE
2026-09-29T05:34:40Z,A1,36.2,16.83,FREE
2026-09-29T05:34:41Z,A1,38.2,14.50,FREE
2026-09-29T05:34:42Z,A1,33.4,10.63,FREE
2026-09-29T05:34:43Z,A1,39.4,10.43,FREE
2026-09-29T05:34:44Z,A1,36.9,10.72,FREE
2026-09-29T05:34:45Z,A1,8.1,22.55,FREE
2026-09-29T05:34:46Z,A1,5.9,12.81,OCCUPIED
2026-09-29T05:34:47Z,A1,7.7,15.35,OCCUPIED
2026-09-29T05:34:48Z,A1,8.8,18.15,OCCUPIED
2026-09-29T05:34:49Z,A1,7.9,16.70,OCCUPIED
2026-09-29T05:34:50Z,A1,5.3,17.04,OCCUPIED
2026-09-29T05:34:51Z,A1,5.3,17.04,OCCUPIED
2026-09-29T05:34:52Z,A1,7.2,16.98,OCCUPIED
2026-09-29T05:34:53Z,A1,36.8,11.74,OCCUPIED
2026-09-29T05:34:54Z,A1,39.8,12.65,FREE
2026-09-29T05:34:55Z,A1,400.0,6.67,FREE
2026-09-29T05:34:56Z,A1,38.1,10.50,FREE
2026-09-29T05:34:57Z,A1,35.0,10.26,FREE
2026-09-29T05:34:58Z,A1,39.3,9.93,FREE
2026-09-29T05:34:59Z,A1,37.8,10.83,FREE
2026-09-29T05:35:00Z,A1,37.4,11.59,FREE
2026-09-29T05:35:01Z,A1,8.8,12.22,FREE
2026-09-29T05:35:02Z,A1,8.3,14.09,OCCUPIED
2026-09-29T05:35:03Z,A1,8.4,17.02,OCCUPIED
2026-09-29T05:35:04Z,A1,5.4,16.13,OCCUPIED
2026-09-29T05:35:05Z,A1,6.7,15.20,OCCUPIED
2026-09-29T05:35:06Z,A1,6.4,18.41,OCCUPIED
2026-09-29T05:35:07Z,A1,8.0,18.24,OCCUPIED
2026-09-29T05:35:08Z,A1,6.1,17.02,OCCUPIED
2026-09-29T05:35:09Z,A1,37.9,17.18,OCCUPIED
2026-09-29T05:35:10Z,A1,34.3,18.89,FREE
2026-09-29T05:35:11Z,A1,36.0,16.61,FREE
2026-09-29T05:35:12Z,A1,35.6,16.56,FREE
2026-09-29T05:35:13Z,A1,34.3,10.93,FREE
2026-09-29T05:35:14Z,A1,2.0,11.69,FREE
2026-09-29T05:35:15Z,A1,39.8,11.05,FREE
2026-09-29T05:35:16Z,A1,37.8,10.57,FREE
2026-09-29T05:35:17Z,A1,5.9,11.81,FREE
2026-09-29T05:35:18Z,A1,5.7,20.98,OCCUPIED
2026-09-29T05:35:19Z,A1,5.0,17.80,OCCUPIED
2026-09-29T05:35:20Z,A1,6.8,16.48,OCCUPIED
2026-09-29T05:35:21Z,A1,6.7,17.61,OCCUPIED
2026-09-29T05:35:22Z,A1,7.3,18.00,OCCUPIED
2026-09-29T05:35:23Z,A1,8.1,11.20,OCCUPIED
2026-09-29T05:35:24Z,A1,7.1,10.09,OCCUPIED
2026-09-29T05:35:25Z,A1,39.2,12.04,OCCUPIED
2026-09-29T05:35:26Z,A1,39.5,12.48,FREE
2026-09-29T05:35:27Z,A1,39.4,10.74,FREE
2026-09-29T05:35:28Z,A1,33.8,17.85,FREE
2026-09-29T05:35:29Z,A1,39.7,16.95,FREE
2026-09-29T05:35:30Z,A1,38.9,17.98,FREE
2026-09-29T05:35:31Z,A1,36.7,15.80,FREE
2026-09-29T05:35:32Z,A1,36.0,16.46,FREE
2026-09-29T05:35:33Z,A1,8.0,16.20,FREE
2026-09-29T05:35:34Z,A1,8.3,19.59,OCCUPIED
2026-09-29T05:35:35Z,A1,7.1,17.82,OCCUPIED
2026-09-29T05:35:36Z,A1,7.2,17.17,OCCUPIED
2026-09-29T05:35:37Z,A1,5.6,16.35,OCCUPIED
2026-09-29T05:35:42Z,A1,34.6,11.89,OCCUPIED
2026-09-29T05:35:43Z,A1,39.6,12.45,FREE
2026-09-29T05:35:44Z,A1,38.1,10.96,FREE
2026-09-29T05:35:45Z,A1,35.1,10.95,FREE
2026-09-29T05:35:46Z,A1,38.8,10.50,FREE
2026-09-29T05:35:47Z,A1,36.3,16.02,FREE
2026-09-29T05:35:48Z,A1,34.8,15.98,FREE
2026-09-29T05:35:49Z,A1,5.3,18.83,FREE
2026-09-29T05:35:50Z,A1,7.4,20.76,OCCUPIED
2026-09-29T05:35:51Z,A1,5.9,17.87,OCCUPIED
2026-09-29T05:35:52Z,A1,5.5,15.54,OCCUPIED
2026-09-29T05:35:53Z,A1,0.0,10.22,OCCUPIED
2026-09-29T05:35:54Z,A1,8.9,10.17,OCCUPIED
2026-09-29T05:35:55Z,A1,5.6,10.76,OCCUPIED
2026-09-29T05:35:56Z,A1,8.8,10.54,OCCUPIED
2026-09-29T05:35:57Z,A1,0.0,6.85,OCCUPIED
2026-09-29T05:35:58Z,A1,33.7,11.98,OCCUPIED
2026-09-29T05:35:59Z,A1,37.4,21.59,FREE
2026-09-29T05:36:00Z,A1,33.3,16.70,FREE
2026-09-29T05:36:01Z,A1,36.6,15.52,FREE
2026-09-29T05:36:02Z,A1,39.3,17.24,FREE
2026-09-29T05:36:03Z,A1,39.3,16.07,FREE
2026-09-29T05:36:04Z,A1,34.5,11.20,FREE
2026-09-29T05:36:05Z,A1,6.8,12.00,FREE
2026-09-29T05:36:06Z,A1,8.6,12.56,OCCUPIED
2026-09-29T05:36:07Z,A1,8.3,10.98,OCCUPIED
2026-09-29T05:36:08Z,A1,6.0,10.50,OCCUPIED
2026-09-29T05:36:09Z,A1,7.0,16.85,OCCUPIED
2026-09-29T05:36:10Z,A1,8.8,16.00,OCCUPIED
2026-09-29T05:36:11Z,A1,8.3,16.17,OCCUPIED
2026-09-29T05:36:12Z,A1,6.0,16.28,OCCUPIED
2026-09-29T05:36:13Z,A1,35.3,18.05,OCCUPIED
2026-09-29T05:36:14Z,A1,34.7,11.91,FREE
2026-09-29T05:36:15Z,A1,35.9,10.00,FREE
2026-09-29T05:36:16Z,A1,37.4,9.93,FREE
2026-09-29T05:36:17Z,A1,39.5,10.54,FREE
2026-09-29T05:36:18Z,A1,37.4,11.15,FREE
2026-09-29T05:36:19Z,A1,36.9,16.61,FREE
2026-09-29T05:36:20Z,A1,36.7,16.18,FREE
2026-09-29T05:36:21Z,A1,6.8,17.59,FREE
2026-09-29T05:36:22Z,A1,5.6,19.22,OCCUPIED
2026-09-29T05:36:23Z,A1,8.7,15.98,OCCUPIED
2026-09-29T05:36:24Z,A1,7.9,10.15,OCCUPIED
2026-09-29T05:36:25Z,A1,6.8,10.26,OCCUPIED
2026-09-29T05:36:26Z,A1,7.6,10.37,OCCUPIED
2026-09-29T05:36:27Z,A1,8.6,10.52,OCCUPIED
2026-09-29T05:36:28Z,A1,7.4,10.54,OCCUPIED
2026-09-29T05:36:29Z,A1,34.6,18.17,OCCUPIED
2026-09-29T05:36:30Z,A1,37.7,20.33,FREE
2026-09-29T05:36:31Z,A1,37.2,16.83,FREE
2026-09-29T05:36:32Z,A1,38.0,14.89,FREE
2026-09-29T05:36:33Z,A1,37.6,17.24,FREE
2026-09-29T05:36:34Z,A1,39.2,10.46,FREE
2026-09-29T05:36:35Z,A1,33.2,10.30,FREE
2026-09-29T05:36:36Z,A1,39.4,10.41,FREE
2026-09-29T05:36:37Z,A1,7.7,12.11,FREE
2026-09-29T05:36:38Z,A1,6.2,12.83,OCCUPIED
2026-09-29T05:36:39Z,A1,5.3,16.81,OCCUPIED
2026-09-29T05:36:40Z,A1,6.4,17.44,OCCUPIED
2026-09-29T05:36:41Z,A1,6.5,17.72,OCCUPIED
2026-09-29T05:36:42Z,A1,7.4,16.07,OCCUPIED
2026-09-29T05:36:43Z,A1,6.6,18.80,OCCUPIED
2026-09-29T05:36:44Z,A1,5.0,9.70,OCCUPIED
2026-09-29T05:36:45Z,A1,36.1,12.13,OCCUPIED
2026-09-29T05:36:46Z,A1,37.4,12.67,FREE
2026-09-29T05:36:47Z,A1,37.7,10.85,FREE
2026-09-29T05:36:48Z,A1,0.0,7.07,FREE
2026-09-29T05:36:49Z,A1,39.2,16.63,FREE
2026-09-29T05:36:50Z,A1,37.0,17.56,FREE
2026-09-29T05:36:51Z,A1,38.9,18.22,FREE
2026-09-29T05:36:52Z,A1,34.5,37.52,FREE
2026-09-29T05:36:53Z,A1,7.5,19.78,FREE
2026-09-29T05:36:54Z,A1,8.7,12.56,OCCUPIED
2026-09-29T05:36:55Z,A1,8.2,9.96,OCCUPIED
2026-09-29T05:36:56Z,A1,8.2,10.48,OCCUPIED
2026-09-29T05:36:57Z,A1,6.8,10.96,OCCUPIED
2026-09-29T05:36:58Z,A1,7.2,10.93,OCCUPIED
2026-09-29T05:36:59Z,A1,7.6,12.81,OCCUPIED
2026-09-29T05:37:00Z,A1,400.0,10.54,OCCUPIED
2026-09-29T05:37:01Z,A1,33.6,20.43,OCCUPIED
2026-09-29T05:37:02Z,A1,39.4,18.98,FREE
2026-09-29T05:37:03Z,A1,36.3,16.96,FREE
2026-09-29T05:37:04Z,A1,39.7,16.78,FREE
2026-09-29T05:37:05Z,A1,39.7,11.02,FREE
2026-09-29T05:37:06Z,A1,34.7,10.80,FREE
2026-09-29T05:37:07Z,A1,39.8,11.41,FREE
2026-09-29T05:37:08Z,A1,36.6,10.81,FREE
2026-09-29T05:37:09Z,A1,6.4,21.87,FREE
2026-09-29T05:37:10Z,A1,6.5,20.56,OCCUPIED
2026-09-29T05:37:11Z,A1,8.4,18.28,OCCUPIED
2026-09-29T05:37:12Z,A1,5.0,16.83,OCCUPIED
2026-09-29T05:37:13Z,A1,7.7,16.30,OCCUPIED
2026-09-29T05:37:14Z,A1,400.0,9.31,OCCUPIED
2026-09-29T05:37:15Z,A1,7.0,10.94,OCCUPIED
2026-09-29T05:37:16Z,A1,7.0,10.24,OCCUPIED
2026-09-29T05:37:17Z,A1,38.2,12.05,OCCUPIED
2026-09-29T05:37:18Z,A1,38.2,11.98,FREE
2026-09-29T05:37:19Z,A1,35.4,10.44,FREE
2026-09-29T05:37:20Z,A1,34.8,10.81,FREE
2026-09-29T05:37:21Z,A1,39.3,11.00,FREE
2026-09-29T05:37:22Z,A1,39.8,10.35,FREE
2026-09-29T05:37:23Z,A1,400.0,6.09,FREE
2026-09-29T05:37:24Z,A1,39.3,10.67,FREE
2026-09-29T05:37:25Z,A1,8.3,21.44,FREE
2026-09-29T05:37:26Z,A1,6.3,21.22,OCCUPIED
2026-09-29T05:37:27Z,A1,8.1,18.39,OCCUPIED
2026-09-29T05:37:28Z,A1,2.0,16.30,OCCUPIED
2026-09-29T05:37:29Z,A1,8.9,17.13,OCCUPIED
2026-09-29T05:37:30Z,A1,8.3,15.70,OCCUPIED
2026-09-29T05:37:31Z,A1,2.0,16.96,OCCUPIED
2026-09-29T05:37:32Z,A1,5.2,16.09,OCCUPIED
2026-09-29T05:37:33Z,A1,37.4,21.24,OCCUPIED
2026-09-29T05:37:34Z,A1,37.9,19.00,FREE
2026-09-29T05:37:35Z,A1,37.2,9.96,FREE
2026-09-29T05:37:36Z,A1,38.0,9.98,FREE
2026-09-29T05:37:37Z,A1,33.8,10.93,FREE
2026-09-29T05:37:38Z,A1,37.7,11.09,FREE
2026-09-29T05:37:39Z,A1,2.0,11.83,FREE
2026-09-29T05:37:40Z,A1,36.0,15.85,FREE
2026-09-29T05:37:41Z,A1,8.3,19.55,FREE
2026-09-29T05:37:42Z,A1,5.8,21.61,OCCUPIED
2026-09-29T05:37:43Z,A1,5.6,16.26,OCCUPIED
2026-09-29T05:37:44Z,A1,8.7,18.05,OCCUPIED
2026-09-29T05:37:45Z,A1,6.7,11.26,OCCUPIED
2026-09-29T05:37:46Z,A1,6.3,10.05,OCCUPIED
2026-09-29T05:37:47Z,A1,6.9,10.52,OCCUPIED
2026-09-29T05:37:48Z,A1,5.1,10.96,OCCUPIED
2026-09-29T05:37:49Z,A1,37.7,11.65,OCCUPIED
2026-09-29T05:37:50Z,A1,36.5,21.76,FREE
2026-09-29T05:37:51Z,A1,37.4,18.44,FREE
2026-09-29T05:37:52Z,A1,39.5,18.32,FREE
2026-09-29T05:37:53Z,A1,37.3,16.68,FREE
2026-09-29T05:37:54Z,A1,34.6,16.37,FREE
2026-09-29T05:37:55Z,A1,33.9,10.56,FREE
2026-09-29T05:37:56Z,A1,38.8,10.57,FREE
2026-09-29T05:37:57Z,A1,0.0,6.39,FREE
2026-09-29T05:37:58Z,A1,7.3,11.83,FREE
2026-09-29T05:37:59Z,A1,5.8,12.81,OCCUPIED
2026-09-29T05:38:00Z,A1,9.0,16.63,OCCUPIED
2026-09-29T05:38:01Z,A1,7.3,18.20,OCCUPIED
2026-09-29T05:38:02Z,A1,8.2,18.78,OCCUPIED
2026-09-29T05:38:03Z,A1,0.0,10.35,OCCUPIED
2026-09-29T05:38:04Z,A1,5.5,15.15,OCCUPIED
2026-09-29T05:38:05Z,A1,33.1,11.85,OCCUPIED
2026-09-29T05:38:06Z,A1,36.3,13.04,FREE
2026-09-29T05:38:07Z,A1,34.1,10.95,FREE
2026-09-29T05:38:08Z,A1,38.2,9.78,FREE
2026-09-29T05:38:09Z,A1,33.8,10.37,FREE
2026-09-29T05:38:10Z,A1,36.9,17.02,FREE
2026-09-29T05:38:11Z,A1,33.5,18.96,FREE
2026-09-29T05:38:12Z,A1,38.2,17.67,FREE
2026-09-29T05:38:13Z,A1,6.0,20.35,FREE
2026-09-29T05:38:14Z,A1,5.5,19.17,OCCUPIED
2026-09-29T05:38:15Z,A1,7.7,10.63,OCCUPIED
2026-09-29T05:38:16Z,A1,7.1,10.33,OCCUPIED
2026-09-29T05:38:17Z,A1,7.1,10.96,OCCUPIED
2026-09-29T05:38:18Z,A1,400.0,6.24,OCCUPIED
2026-09-29T05:38:19Z,A1,7.2,10.83,OCCUPIED
2026-09-29T05:38:20Z,A1,8.2,15.24,OCCUPIED
2026-09-29T05:38:21Z,A1,37.7,20.00,OCCUPIED
2026-09-29T05:38:22Z,A1,33.7,20.44,FREE
2026-09-29T05:38:23Z,A1,36.6,17.74,FREE
2026-09-29T05:38:24Z,A1,39.3,15.96,FREE
2026-09-29T05:38:25Z,A1,2.0,11.87,FREE
2026-09-29T05:38:26Z,A1,36.2,10.17,FREE
2026-09-29T05:38:27Z,A1,34.8,11.69,FREE
2026-09-29T05:38:28Z,A1,38.8,11.04,FREE
2026-09-29T05:38:29Z,A1,8.0,12.28,FREE
2026-09-29T05:38:30Z,A1,7.2,21.02,OCCUPIED
2026-09-29T05:38:31Z,A1,5.1,17.83,OCCUPIED
2026-09-29T05:38:32Z,A1,8.7,16.55,OCCUPIED
2026-09-29T05:38:33Z,A1,8.8,18.28,OCCUPIED
2026-09-29T05:38:34Z,A1,6.1,16.13,OCCUPIED
2026-09-29T05:38:35Z,A1,8.6,15.67,OCCUPIED
2026-09-29T05:38:36Z,A1,5.9,11.17,OCCUPIED
2026-09-29T05:38:37Z,A1,39.2,11.96,OCCUPIED
2026-09-29T05:38:38Z,A1,36.6,30.35,FREE
2026-09-29T05:38:39Z,A1,34.7,11.33,FREE
2026-09-29T05:38:40Z,A1,39.5,12.15,FREE
2026-09-29T05:38:41Z,A1,36.4,19.94,FREE
2026-09-29T05:38:42Z,A1,35.0,14.80,FREE
2026-09-29T05:38:43Z,A1,33.0,17.78,FREE
2026-09-29T05:38:44Z,A1,36.4,16.17,FREE
2026-09-29T05:38:45Z,A1,7.2,18.59,FREE
2026-09-29T05:38:46Z,A1,6.7,12.70,OCCUPIED
2026-09-29T05:38:47Z,A1,6.9,10.52,OCCUPIED
2026-09-29T05:38:48Z,A1,5.4,10.39,OCCUPIED
2026-09-29T05:38:49Z,A1,8.1,10.67,OCCUPIED
2026-09-29T05:38:50Z,A1,5.5,10.11,OCCUPIED
2026-09-29T05:38:51Z,A1,8.4,17.56,OCCUPIED
2026-09-29T05:38:52Z,A1,7.8,15.02,OCCUPIED
2026-09-29T05:38:53Z,A1,38.1,20.07,OCCUPIED
2026-09-29T05:38:54Z,A1,34.6,19.20,FREE
2026-09-29T05:38:55Z,A1,35.6,16.20,FREE
2026-09-29T05:38:56Z,A1,37.3,10.70,FREE
2026-09-29T05:38:57Z,A1,35.9,10.85,FREE
2026-09-29T05:38:58Z,A1,37.7,12.41,FREE
2026-09-29T05:38:59Z,A1,37.3,10.55,FREE
2026-09-29T05:39:00Z,A1,33.5,11.80,FREE
2026-09-29T05:39:01Z,A1,8.7,20.61,FREE
2026-09-29T05:39:02Z,A1,5.8,19.41,OCCUPIED
2026-09-29T05:39:03Z,A1,5.3,16.78,OCCUPIED
2026-09-29T05:39:04Z,A1,6.1,15.83,OCCUPIED
2026-09-29T05:39:05Z,A1,8.6,15.39,OCCUPIED
2026-09-29T05:39:06Z,A1,8.7,10.28,OCCUPIED
2026-09-29T05:39:07Z,A1,7.8,10.87,OCCUPIED
2026-09-29T05:39:08Z,A1,8.0,10.63,OCCUPIED
2026-09-29T05:39:09Z,A1,34.9,11.94,OCCUPIED
2026-09-29T05:39:10Z,A1,38.5,12.85,FREE
2026-09-29T05:39:11Z,A1,36.7,16.09,FREE
2026-09-29T05:39:12Z,A1,37.9,15.22,FREE
2026-09-29T05:39:13Z,A1,34.5,16.37,FREE
2026-09-29T05:39:14Z,A1,39.5,16.54,FREE
2026-09-29T05:39:15Z,A1,39.4,18.20,FREE
2026-09-29T05:39:16Z,A1,34.6,9.95,FREE
2026-09-29T05:39:17Z,A1,5.9,11.98,FREE
2026-09-29T05:39:18Z,A1,6.3,11.93,OCCUPIED
2026-09-29T05:39:19Z,A1,5.8,10.00,OCCUPIED
2026-09-29T05:39:20Z,A1,5.4,11.13,OCCUPIED
2026-09-29T05:39:21Z,A1,6.7,17.87,OCCUPIED
2026-09-29T05:39:22Z,A1,7.3,16.70,OCCUPIED
2026-09-29T05:39:23Z,A1,5.5,18.13,OCCUPIED
2026-09-29T05:39:24Z,A1,6.2,15.48,OCCUPIED
2026-09-29T05:39:25Z,A1,34.9,19.83,OCCUPIED
2026-09-29T05:39:26Z,A1,33.1,12.15,FREE
2026-09-29T05:39:27Z,A1,37.7,9.96,FREE
2026-09-29T05:39:28Z,A1,35.0,10.26,FREE
2026-09-29T05:39:29Z,A1,36.4,10.39,FREE
2026-09-29T05:39:30Z,A1,38.5,10.00,FREE
2026-09-29T05:39:31Z,A1,37.6,16.63,FREE
2026-09-29T05:39:32Z,A1,400.0,9.96,FREE
2026-09-29T05:39:33Z,A1,5.6,19.55,FREE
2026-09-29T05:39:34Z,A1,7.4,19.59,OCCUPIED
2026-09-29T05:39:35Z,A1,6.2,16.28,OCCUPIED
2026-09-29T05:39:36Z,A1,6.4,10.41,OCCUPIED
2026-09-29T05:39:37Z,A1,5.3,10.07,OCCUPIED
2026-09-29T05:39:38Z,A1,8.8,10.30,OCCUPIED
2026-09-29T05:39:39Z,A1,8.5,10.57,OCCUPIED
2026-09-29T05:39:40Z,A1,6.4,11.54,OCCUPIED
2026-09-29T05:39:41Z,A1,34.9,17.96,OCCUPIED
2026-09-29T05:39:42Z,A1,38.0,12.28,FREE
2026-09-29T05:39:43Z,A1,38.8,10.70,FREE
2026-09-29T05:39:44Z,A1,39.1,11.69,FREE
2026-09-29T05:39:45Z,A1,36.4,12.41,FREE
2026-09-29T05:39:46Z,A1,39.4,10.56,FREE
2026-09-29T05:39:47Z,A1,33.9,16.39,FREE
2026-09-29T05:39:48Z,A1,34.6,15.57,FREE
2026-09-29T05:39:49Z,A1,5.3,18.68,FREE
2026-09-29T05:39:50Z,A1,5.0,19.74,OCCUPIED
2026-09-29T05:39:51Z,A1,8.7,16.72,OCCUPIED
2026-09-29T05:39:52Z,A1,8.4,13.91,OCCUPIED
2026-09-29T05:39:53Z,A1,2.0,9.41,OCCUPIED
2026-09-29T05:39:54Z,A1,5.8,10.46,OCCUPIED
2026-09-29T05:39:55Z,A1,7.8,10.33,OCCUPIED
2026-09-29T05:39:56Z,A1,5.9,10.19,OCCUPIED
2026-09-29T05:39:57Z,A1,36.2,11.69,OCCUPIED
2026-09-29T05:39:58Z,A1,38.5,18.37,FREE
2026-09-29T05:39:59Z,A1,33.0,13.26,FREE
2026-09-29T05:40:00Z,A1,37.6,15.69,FREE
2026-09-29T05:40:01Z,A1,34.6,15.57,FREE
2026-09-29T05:40:02Z,A1,39.5,14.67,FREE
2026-09-29T05:40:03Z,A1,37.4,15.70,FREE
2026-09-29T05:40:04Z,A1,33.5,16.30,FREE
2026-09-29T05:40:05Z,A1,7.7,18.01,FREE
2026-09-29T05:40:06Z,A1,8.9,21.03,OCCUPIED
2026-09-29T05:40:07Z,A1,7.3,10.11,OCCUPIED
2026-09-29T05:40:08Z,A1,6.1,10.05,OCCUPIED
2026-09-29T05:40:09Z,A1,5.2,10.15,OCCUPIED
2026-09-29T05:40:10Z,A1,8.8,11.04,OCCUPIED
2026-09-29T05:40:11Z,A1,5.4,11.11,OCCUPIED
2026-09-29T05:40:12Z,A1,5.1,16.85,OCCUPIED
2026-09-29T05:40:13Z,A1,38.5,18.33,OCCUPIED
2026-09-29T05:40:14Z,A1,34.2,19.47,FREE
2026-09-29T05:40:15Z,A1,33.9,20.06,FREE
2026-09-29T05:40:16Z,A1,37.0,16.17,FREE
2026-09-29T05:40:17Z,A1,36.1,16.26,FREE
2026-09-29T05:40:18Z,A1,0.0,10.30,FREE
2026-09-29T05:40:19Z,A1,36.6,15.68,FREE
2026-09-29T05:40:20Z,A1,37.0,16.70,FREE
2026-09-29T05:40:21Z,A1,8.0,19.01,FREE
2026-09-29T05:40:22Z,A1,8.4,20.79,OCCUPIED
2026-09-29T05:40:23Z,A1,7.9,16.76,OCCUPIED
2026-09-29T05:40:24Z,A1,0.0,10.14,OCCUPIED
2026-09-29T05:40:25Z,A1,5.2,15.33,OCCUPIED
2026-09-29T05:40:26Z,A1,0.0,10.07,OCCUPIED
2026-09-29T05:40:27Z,A1,6.9,20.71,OCCUPIED
2026-09-29T05:40:28Z,A1,8.6,15.72,OCCUPIED
2026-09-29T05:40:29Z,A1,36.4,11.44,OCCUPIED
2026-09-29T05:40:30Z,A1,37.6,12.08,FREE
2026-09-29T05:40:31Z,A1,37.1,10.66,FREE
2026-09-29T05:40:32Z,A1,37.3,10.67,FREE
2026-09-29T05:40:33Z,A1,34.2,9.95,FREE
2026-09-29T05:40:34Z,A1,37.8,16.86,FREE
2026-09-29T05:40:35Z,A1,39.5,16.34,FREE
2026-09-29T05:40:36Z,A1,39.8,17.21,FREE
2026-09-29T05:40:37Z,A1,6.3,11.87,FREE
2026-09-29T05:40:38Z,A1,8.6,11.58,OCCUPIED
2026-09-29T05:40:39Z,A1,8.1,10.58,OCCUPIED
2026-09-29T05:40:40Z,A1,8.8,12.82,OCCUPIED
2026-09-29T05:40:41Z,A1,6.5,10.30,OCCUPIED
2026-09-29T05:40:42Z,A1,6.9,14.73,OCCUPIED
2026-09-29T05:40:43Z,A1,5.6,16.78,OCCUPIED
2026-09-29T05:40:44Z,A1,8.7,16.77,OCCUPIED
2026-09-29T05:40:45Z,A1,36.5,18.15,OCCUPIED
2026-09-29T05:40:46Z,A1,40.0,17.28,FREE
2026-09-29T05:40:47Z,A1,38.2,10.34,FREE
2026-09-29T05:40:48Z,A1,33.0,11.02,FREE
2026-09-29T05:40:49Z,A1,38.2,10.86,FREE
2026-09-29T05:40:50Z,A1,37.5,11.13,FREE
2026-09-29T05:40:51Z,A1,33.4,9.65,FREE
2026-09-29T05:40:52Z,A1,36.8,15.88,FREE
2026-09-29T05:40:53Z,A1,6.6,18.91,FREE
2026-09-29T05:40:54Z,A1,6.5,17.01,OCCUPIED
2026-09-29T05:40:55Z,A1,7.4,18.51,OCCUPIED
2026-09-29T05:40:56Z,A1,6.7,16.86,OCCUPIED
2026-09-29T05:40:57Z,A1,8.6,10.52,OCCUPIED
2026-09-29T05:40:58Z,A1,5.9,10.99,OCCUPIED
2026-09-29T05:40:59Z,A1,5.1,10.63,OCCUPIED
2026-09-29T05:41:00Z,A1,5.0,10.91,OCCUPIED
2026-09-29T05:41:01Z,A1,0.0,6.43,OCCUPIED
2026-09-29T05:41:02Z,A1,34.7,18.71,OCCUPIED
2026-09-29T05:41:03Z,A1,35.1,21.43,FREE
2026-09-29T05:41:04Z,A1,33.8,9.93,FREE
2026-09-29T05:41:05Z,A1,39.1,10.17,FREE
2026-09-29T05:41:06Z,A1,34.7,11.19,FREE
2026-09-29T05:41:07Z,A1,34.3,10.41,FREE
2026-09-29T05:41:08Z,A1,35.0,10.58,FREE
2026-09-29T05:41:09Z,A1,6.6,18.68,FREE
2026-09-29T05:41:10Z,A1,0.0,9.63,FREE
2026-09-29T05:41:11Z,A1,5.7,21.42,OCCUPIED
2026-09-29T05:41:12Z,A1,7.2,15.41,OCCUPIED
2026-09-29T05:41:13Z,A1,6.1,16.91,OCCUPIED
2026-09-29T05:41:14Z,A1,7.3,18.56,OCCUPIED
2026-09-29T05:41:15Z,A1,8.1,16.02,OCCUPIED
2026-09-29T05:41:16Z,A1,8.7,18.93,OCCUPIED
2026-09-29T05:41:17Z,A1,35.6,20.40,OCCUPIED
2026-09-29T05:41:18Z,A1,34.8,21.79,FREE
2026-09-29T05:41:19Z,A1,33.8,16.43,FREE
2026-09-29T05:41:20Z,A1,38.2,18.01,FREE
2026-09-29T05:41:21Z,A1,37.8,17.84,FREE
2026-09-29T05:41:22Z,A1,36.1,14.99,FREE
2026-09-29T05:41:23Z,A1,38.0,16.36,FREE
2026-09-29T05:41:24Z,A1,33.2,16.49,FREE
2026-09-29T05:41:26Z,A1,6.9,18.01,FREE
2026-09-29T05:41:27Z,A1,8.1,19.51,OCCUPIED
2026-09-29T05:41:28Z,A1,8.6,10.52,OCCUPIED
2026-09-29T05:41:29Z,A1,6.3,10.39,OCCUPIED
2026-09-29T05:41:30Z,A1,8.9,10.88,OCCUPIED
2026-09-29T05:41:31Z,A1,5.2,10.56,OCCUPIED
2026-09-29T05:41:32Z,A1,8.9,10.21,OCCUPIED
2026-09-29T05:41:33Z,A1,36.7,19.53,OCCUPIED
2026-09-29T05:41:34Z,A1,38.8,19.80,FREE
2026-09-29T05:41:35Z,A1,34.7,15.79,FREE
2026-09-29T05:41:36Z,A1,39.8,13.43,FREE
2026-09-29T05:41:37Z,A1,0.0,10.00,FREE
2026-09-29T05:41:38Z,A1,38.0,10.26,FREE
2026-09-29T05:41:39Z,A1,33.7,10.43,FREE
2026-09-29T05:41:40Z,A1,34.8,11.88,FREE
2026-09-29T05:41:41Z,A1,5.1,11.78,FREE
2026-09-29T05:41:42Z,A1,5.4,11.60,OCCUPIED
2026-09-29T05:41:43Z,A1,7.3,14.06,OCCUPIED
2026-09-29T05:41:44Z,A1,5.6,13.76,OCCUPIED
2026-09-29T05:41:45Z,A1,7.8,16.45,OCCUPIED
2026-09-29T05:41:46Z,A1,5.3,15.26,OCCUPIED
2026-09-29T05:41:47Z,A1,6.3,16.65,OCCUPIED
2026-09-29T05:41:48Z,A1,6.9,13.34,OCCUPIED
2026-09-29T05:41:49Z,A1,33.2,15.60,OCCUPIED
2026-09-29T05:41:50Z,A1,34.8,18.98,FREE
2026-09-29T05:41:51Z,A1,35.8,15.73,FREE
2026-09-29T05:41:52Z,A1,37.9,16.19,FREE
2026-09-29T05:41:53Z,A1,36.5,15.38,FREE
2026-09-29T05:41:54Z,A1,36.3,16.67,FREE
2026-09-29T05:41:55Z,A1,36.4,16.06,FREE
2026-09-29T05:41:56Z,A1,34.7,14.03,FREE
2026-09-29T05:41:57Z,A1,7.4,16.53,FREE
2026-09-29T05:41:58Z,A1,8.3,12.01,OCCUPIED
2026-09-29T05:41:59Z,A1,7.5,10.51,OCCUPIED
2026-09-29T05:42:00Z,A1,6.9,10.61,OCCUPIED
2026-09-29T05:42:01Z,A1,7.3,10.90,OCCUPIED
2026-09-29T05:42:02Z,A1,8.8,10.62,OCCUPIED
2026-09-29T05:42:03Z,A1,8.4,14.23,OCCUPIED
2026-09-29T05:42:05Z,A1,35.9,19.92,OCCUPIED
2026-09-29T05:42:06Z,A1,37.5,12.29,FREE
2026-09-29T05:42:07Z,A1,37.3,10.90,FREE
2026-09-29T05:42:08Z,A1,37.8,10.88,FREE
2026-09-29T05:42:09Z,A1,34.9,9.48,FREE
2026-09-29T05:42:10Z,A1,37.2,16.16,FREE
2026-09-29T05:42:11Z,A1,38.9,11.07,FREE
2026-09-29T05:42:12Z,A1,35.7,10.52,FREE
2026-09-29T05:42:13Z,A1,8.1,12.16,FREE
2026-09-29T05:42:14Z,A1,5.5,12.03,OCCUPIED
2026-09-29T05:42:15Z,A1,8.6,10.24,OCCUPIED
2026-09-29T05:42:16Z,A1,8.2,18.79,OCCUPIED
2026-09-29T05:42:17Z,A1,8.9,18.68,OCCUPIED
2026-09-29T05:42:18Z,A1,7.4,10.02,OCCUPIED
2026-09-29T05:42:19Z,A1,8.0,10.81,OCCUPIED
2026-09-29T05:42:20Z,A1,8.9,10.66,OCCUPIED
2026-09-29T05:42:21Z,A1,38.8,11.22,OCCUPIED
2026-09-29T05:42:22Z,A1,36.2,12.59,FREE
2026-09-29T05:42:23Z,A1,36.2,17.28,FREE
2026-09-29T05:42:24Z,A1,35.4,16.39,FREE
2026-09-29T05:42:25Z,A1,34.8,16.18,FREE
2026-09-29T05:42:26Z,A1,38.7,18.15,FREE
2026-09-29T05:42:27Z,A1,36.4,16.02,FREE
2026-09-29T05:42:28Z,A1,33.3,10.68,FREE
2026-09-29T05:42:29Z,A1,5.4,11.55,FREE
2026-09-29T05:42:30Z,A1,6.8,12.70,OCCUPIED
2026-09-29T05:42:31Z,A1,8.3,10.33,OCCUPIED
2026-09-29T05:42:32Z,A1,8.1,10.30,OCCUPIED
2026-09-29T05:42:33Z,A1,5.7,17.17,OCCUPIED
2026-09-29T05:42:34Z,A1,8.5,16.37,OCCUPIED
2026-09-29T05:42:35Z,A1,5.1,18.94,OCCUPIED
2026-09-29T05:42:36Z,A1,5.9,17.65,OCCUPIED
2026-09-29T05:42:37Z,A1,34.0,17.56,OCCUPIED
2026-09-29T05:42:38Z,A1,38.9,12.09,FREE
2026-09-29T05:42:39Z,A1,37.6,10.04,FREE
2026-09-29T05:42:40Z,A1,33.5,10.95,FREE
2026-09-29T05:42:41Z,A1,39.0,11.30,FREE
2026-09-29T05:42:42Z,A1,37.4,10.46,FREE
2026-09-29T05:42:43Z,A1,38.8,15.84,FREE
2026-09-29T05:42:44Z,A1,34.3,18.39,FREE
2026-09-29T05:42:45Z,A1,8.9,19.09,FREE
2026-09-29T05:42:46Z,A1,7.6,21.00,OCCUPIED
2026-09-29T05:42:47Z,A1,400.0,10.72,OCCUPIED
2026-09-29T05:42:48Z,A1,7.8,10.50,OCCUPIED
2026-09-29T05:42:49Z,A1,6.5,10.17,OCCUPIED
2026-09-29T05:42:50Z,A1,7.0,10.21,OCCUPIED
2026-09-29T05:42:51Z,A1,400.0,6.43,OCCUPIED
2026-09-29T05:42:52Z,A1,7.9,10.45,OCCUPIED
2026-09-29T05:42:53Z,A1,34.6,19.61,OCCUPIED
2026-09-29T05:42:54Z,A1,0.0,11.87,OCCUPIED
2026-09-29T05:42:55Z,A1,36.1,19.13,FREE
2026-09-29T05:42:56Z,A1,36.3,15.41,FREE
2026-09-29T05:42:57Z,A1,33.4,18.60,FREE
2026-09-29T05:42:58Z,A1,34.0,10.15,FREE
2026-09-29T05:42:59Z,A1,40.0,10.65,FREE
2026-09-29T05:43:00Z,A1,33.9,10.85,FREE
2026-09-29T05:43:01Z,A1,8.2,11.24,FREE
2026-09-29T05:43:02Z,A1,6.7,12.02,OCCUPIED
2026-09-29T05:43:03Z,A1,7.7,16.98,OCCUPIED
2026-09-29T05:43:04Z,A1,8.7,17.26,OCCUPIED
2026-09-29T05:43:05Z,A1,8.0,16.32,OCCUPIED
2026-09-29T05:43:06Z,A1,8.3,14.13,OCCUPIED
2026-09-29T05:43:07Z,A1,8.4,16.45,OCCUPIED
2026-09-29T05:43:08Z,A1,8.0,12.10,OCCUPIED
2026-09-29T05:43:09Z,A1,36.6,10.98,OCCUPIED
2026-09-29T05:43:10Z,A1,38.3,11.02,FREE
2026-09-29T05:43:11Z,A1,37.2,6.85,FREE
2026-09-29T05:43:12Z,A1,35.4,8.41,FREE
2026-09-29T05:43:13Z,A1,38.8,13.76,FREE
2026-09-29T05:43:14Z,A1,36.9,15.08,FREE
2026-09-29T05:43:15Z,A1,37.1,14.19,FREE
2026-09-29T05:43:16Z,A1,38.5,14.67,FREE
2026-09-29T05:43:17Z,A1,8.8,19.78,FREE
2026-09-29T05:43:18Z,A1,5.0,11.80,OCCUPIED
2026-09-29T05:43:19Z,A1,8.1,10.60,OCCUPIED
2026-09-29T05:43:20Z,A1,7.3,10.69,OCCUPIED
2026-09-29T05:43:21Z,A1,8.1,11.39,OCCUPIED
2026-09-29T05:43:22Z,A1,6.0,10.39,OCCUPIED
2026-09-29T05:43:23Z,A1,5.8,18.71,OCCUPIED
2026-09-29T05:43:24Z,A1,5.1,16.58,OCCUPIED
2026-09-29T05:43:25Z,A1,39.5,18.56,OCCUPIED
2026-09-29T05:43:26Z,A1,34.1,21.50,FREE
2026-09-29T05:43:27Z,A1,2.0,17.73,FREE
2026-09-29T05:43:28Z,A1,35.2,11.34,FREE
2026-09-29T05:43:29Z,A1,38.8,9.72,FREE
2026-09-29T05:43:30Z,A1,38.0,10.48,FREE
2026-09-29T05:43:31Z,A1,38.2,10.41,FREE
2026-09-29T05:43:32Z,A1,36.3,10.34,FREE
2026-09-29T05:43:33Z,A1,8.7,20.10,FREE
2026-09-29T05:43:34Z,A1,7.1,21.82,OCCUPIED
2026-09-29T05:43:35Z,A1,7.4,15.43,OCCUPIED
2026-09-29T05:43:36Z,A1,5.1,16.08,OCCUPIED
2026-09-29T05:43:37Z,A1,6.8,16.00,OCCUPIED
2026-09-29T05:43:38Z,A1,6.7,16.76,OCCUPIED
2026-09-29T05:43:39Z,A1,7.8,11.15,OCCUPIED
2026-09-29T05:43:40Z,A1,7.3,10.97,OCCUPIED
2026-09-29T05:43:41Z,A1,37.2,12.10,OCCUPIED
2026-09-29T05:43:42Z,A1,33.6,12.34,FREE
2026-09-29T05:43:43Z,A1,33.5,11.13,FREE
2026-09-29T05:43:44Z,A1,38.6,17.97,FREE
2026-09-29T05:43:45Z,A1,36.8,15.47,FREE
2026-09-29T05:43:46Z,A1,36.1,16.78,FREE
2026-09-29T05:43:47Z,A1,35.5,17.65,FREE
2026-09-29T05:43:48Z,A1,35.9,17.99,FREE
2026-09-29T05:43:49Z,A1,7.4,11.95,FREE
2026-09-29T05:43:50Z,A1,6.3,12.29,OCCUPIED
2026-09-29T05:43:51Z,A1,5.2,10.54,OCCUPIED
2026-09-29T05:43:52Z,A1,6.2,10.59,OCCUPIED
2026-09-29T05:43:53Z,A1,6.4,11.35,OCCUPIED
2026-09-29T05:43:54Z,A1,8.6,15.07,OCCUPIED
2026-09-29T05:43:55Z,A1,8.2,15.44,OCCUPIED
2026-09-29T05:43:56Z,A1,7.1,18.59,OCCUPIED
2026-09-29T05:43:57Z,A1,37.4,19.94,OCCUPIED
2026-09-29T05:43:58Z,A1,39.5,21.63,FREE
2026-09-29T05:43:59Z,A1,0.0,6.44,FREE
2026-09-29T05:44:00Z,A1,37.8,10.93,FREE
2026-09-29T05:44:01Z,A1,33.9,10.33,FREE
2026-09-29T05:44:02Z,A1,37.6,10.20,FREE
2026-09-29T05:44:03Z,A1,36.8,9.87,FREE
2026-09-29T05:44:04Z,A1,35.4,15.09,FREE
2026-09-29T05:44:05Z,A1,5.4,18.20,FREE
2026-09-29T05:44:06Z,A1,7.6,19.26,OCCUPIED
2026-09-29T05:44:07Z,A1,7.7,18.30,OCCUPIED
2026-09-29T05:44:08Z,A1,8.4,18.54,OCCUPIED
2026-09-29T05:44:09Z,A1,7.0,17.76,OCCUPIED
2026-09-29T05:44:10Z,A1,6.9,16.91,OCCUPIED
2026-09-29T05:44:11Z,A1,5.8,17.44,OCCUPIED
2026-09-29T05:44:12Z,A1,2.0,17.11,OCCUPIED
2026-09-29T05:44:13Z,A1,39.5,18.18,OCCUPIED
2026-09-29T05:44:14Z,A1,34.2,19.83,FREE
2026-09-29T05:44:15Z,A1,34.7,16.33,FREE
2026-09-29T05:44:16Z,A1,37.0,18.09,FREE
2026-09-29T05:44:17Z,A1,36.4,16.65,FREE
2026-09-29T05:44:18Z,A1,36.6,15.81,FREE
2026-09-29T05:44:19Z,A1,34.6,16.89,FREE
2026-09-29T05:44:20Z,A1,35.8,16.15,FREE
2026-09-29T05:44:21Z,A1,8.4,18.57,FREE
2026-09-29T05:44:22Z,A1,6.5,20.89,OCCUPIED
2026-09-29T05:44:23Z,A1,8.6,10.80,OCCUPIED
2026-09-29T05:44:24Z,A1,6.2,10.46,OCCUPIED
2026-09-29T05:44:25Z,A1,6.9,11.44,OCCUPIED
2026-09-29T05:44:26Z,A1,7.1,10.26,OCCUPIED
2026-09-29T05:44:27Z,A1,8.8,11.57,OCCUPIED
2026-09-29T05:44:28Z,A1,5.6,18.72,OCCUPIED
2026-09-29T05:44:29Z,A1,35.4,11.76,OCCUPIED
2026-09-29T05:44:30Z,A1,35.6,14.00,FREE
2026-09-29T05:44:31Z,A1,38.3,10.93,FREE
2026-09-29T05:44:32Z,A1,35.7,10.39,FREE
2026-09-29T05:44:33Z,A1,39.8,12.11,FREE
2026-09-29T05:44:34Z,A1,33.7,18.22,FREE
2026-09-29T05:44:35Z,A1,37.1,16.17,FREE
2026-09-29T05:44:36Z,A1,37.4,17.30,FREE
2026-09-29T05:44:37Z,A1,5.4,18.56,FREE
2026-09-29T05:44:38Z,A1,5.2,22.20,OCCUPIED
2026-09-29T05:44:39Z,A1,5.1,10.45,OCCUPIED
2026-09-29T05:44:40Z,A1,5.7,10.28,OCCUPIED
2026-09-29T05:44:41Z,A1,5.3,10.26,OCCUPIED
2026-09-29T05:44:42Z,A1,5.7,10.91,OCCUPIED
2026-09-29T05:44:43Z,A1,8.0,10.59,OCCUPIED
2026-09-29T05:44:44Z,A1,6.0,18.02,OCCUPIED
2026-09-29T05:44:45Z,A1,39.1,20.46,OCCUPIED
2026-09-29T05:44:46Z,A1,33.3,22.54,FREE
2026-09-29T05:44:47Z,A1,39.2,16.87,FREE
2026-09-29T05:44:48Z,A1,36.3,18.06,FREE
2026-09-29T05:44:49Z,A1,34.8,15.63,FREE
2026-09-29T05:44:50Z,A1,33.6,17.89,FREE
2026-09-29T05:44:51Z,A1,36.1,15.74,FREE
2026-09-29T05:44:52Z,A1,37.4,16.24,FREE
2026-09-29T05:44:53Z,A1,6.4,18.15,FREE
2026-09-29T05:44:54Z,A1,8.0,20.78,OCCUPIED
2026-09-29T05:44:55Z,A1,7.6,17.85,OCCUPIED
2026-09-29T05:44:57Z,A1,7.8,18.26,OCCUPIED
2026-09-29T05:44:58Z,A1,6.1,18.21,OCCUPIED
2026-09-29T05:44:59Z,A1,8.4,16.59,OCCUPIED
2026-09-29T05:45:00Z,A1,2.0,16.65,OCCUPIED
2026-09-29T05:45:01Z,A1,7.3,10.59,OCCUPIED
2026-09-29T05:45:02Z,A1,36.1,11.50,OCCUPIED
2026-09-29T05:45:03Z,A1,37.4,12.04,FREE
2026-09-29T05:45:04Z,A1,39.6,10.26,FREE
2026-09-29T05:45:05Z,A1,33.2,10.28,FREE
2026-09-29T05:45:06Z,A1,38.0,15.85,FREE
2026-09-29T05:45:07Z,A1,39.2,18.02,FREE
2026-09-29T05:45:08Z,A1,39.0,18.34,FREE
2026-09-29T05:45:09Z,A1,34.8,16.17,FREE
2026-09-29T05:45:10Z,A1,8.2,18.43,FREE
2026-09-29T05:45:11Z,A1,7.2,21.67,OCCUPIED
2026-09-29T05:45:12Z,A1,7.1,17.93,OCCUPIED
2026-09-29T05:45:13Z,A1,5.9,18.15,OCCUPIED
2026-09-29T05:45:14Z,A1,8.5,10.74,OCCUPIED
2026-09-29T05:45:15Z,A1,8.0,10.28,OCCUPIED
2026-09-29T05:45:16Z,A1,0.0,7.02,OCCUPIED
2026-09-29T05:45:17Z,A1,6.1,11.24,OCCUPIED
2026-09-29T05:45:18Z,A1,39.9,12.17,OCCUPIED
2026-09-29T05:45:19Z,A1,33.6,20.15,FREE
2026-09-29T05:45:20Z,A1,38.2,16.39,FREE
2026-09-29T05:45:21Z,A1,35.5,16.23,FREE
2026-09-29T05:45:22Z,A1,35.9,16.06,FREE
2026-09-29T05:45:23Z,A1,400.0,9.72,FREE
2026-09-29T05:46:02Z,A1,39.9,11.48,FREE
2026-09-29T05:46:03Z,A1,35.6,13.15,FREE
2026-09-29T05:46:04Z,A1,39.5,10.54,FREE
2026-09-29T05:46:05Z,A1,33.2,9.78,FREE
2026-09-29T05:46:06Z,A1,38.1,16.32,FREE
2026-09-29T05:46:07Z,A1,35.2,16.61,FREE
2026-09-29T05:46:08Z,A1,38.5,14.15,FREE
2026-09-29T05:46:09Z,A1,34.9,15.58,FREE
2026-09-29T05:46:10Z,A1,8.1,21.86,FREE
2026-09-29T05:46:11Z,A1,5.2,18.08,OCCUPIED
2026-09-29T05:46:12Z,A1,8.2,10.56,OCCUPIED
2026-09-29T05:46:13Z,A1,8.9,11.04,OCCUPIED
2026-09-29T05:46:14Z,A1,7.0,10.21,OCCUPIED
2026-09-29T05:46:15Z,A1,7.7,10.37,OCCUPIED
2026-09-29T05:46:16Z,A1,0.0,7.93,OCCUPIED
2026-09-29T05:46:17Z,A1,8.9,16.26,OCCUPIED
2026-09-29T05:46:18Z,A1,34.1,19.80,OCCUPIED
2026-09-29T05:46:19Z,A1,36.2,21.36,FREE
2026-09-29T05:46:20Z,A1,34.1,16.54,FREE
2026-09-29T05:46:21Z,A1,400.0,6.95,FREE
2026-09-29T05:46:22Z,A1,38.3,11.85,FREE
2026-09-29T05:46:23Z,A1,33.5,11.17,FREE
2026-09-29T05:46:24Z,A1,39.7,10.95,FREE
2026-09-29T05:46:25Z,A1,35.8,11.08,FREE
2026-09-29T05:46:26Z,A1,8.3,16.98,FREE
2026-09-29T05:46:27Z,A1,5.5,11.80,OCCUPIED
2026-09-29T05:46:28Z,A1,8.8,10.50,OCCUPIED
2026-09-29T05:46:29Z,A1,5.5,10.82,OCCUPIED
2026-09-29T05:46:30Z,A1,6.5,9.72,OCCUPIED
2026-09-29T05:46:31Z,A1,8.4,9.78,OCCUPIED
2026-09-29T05:46:32Z,A1,7.7,16.21,OCCUPIED
2026-09-29T05:46:33Z,A1,5.9,62.14,OCCUPIED
2026-09-29T05:46:34Z,A1,33.7,18.60,OCCUPIED
2026-09-29T05:46:35Z,A1,34.6,18.95,FREE
2026-09-29T05:46:36Z,A1,39.4,17.74,FREE
2026-09-29T05:46:37Z,A1,400.0,10.22,FREE
2026-09-29T05:46:38Z,A1,36.0,12.48,FREE
2026-09-29T05:46:39Z,A1,33.3,15.72,FREE
2026-09-29T05:46:40Z,A1,36.3,16.39,FREE
2026-09-29T05:46:41Z,A1,35.8,13.08,FREE
2026-09-29T05:46:42Z,A1,6.0,12.04,FREE
2026-09-29T05:46:43Z,A1,6.2,11.74,OCCUPIED
2026-09-29T05:46:44Z,A1,5.8,10.50,OCCUPIED
2026-09-29T05:46:45Z,A1,6.0,10.41,OCCUPIED
2026-09-29T05:46:46Z,A1,7.3,10.89,OCCUPIED
2026-09-29T05:46:47Z,A1,7.9,17.23,OCCUPIED
2026-09-29T05:46:48Z,A1,5.3,24.84,OCCUPIED
2026-09-29T05:46:49Z,A1,8.0,15.37,OCCUPIED
2026-09-29T05:46:50Z,A1,34.2,19.02,OCCUPIED
2026-09-29T05:46:51Z,A1,2.0,11.82,OCCUPIED
2026-09-29T05:46:52Z,A1,38.5,17.86,OCCUPIED
2026-09-29T05:46:53Z,A1,33.7,19.91,FREE
2026-09-29T05:46:54Z,A1,39.7,28.10,FREE
2026-09-29T05:46:55Z,A1,33.7,15.80,FREE
2026-09-29T05:46:56Z,A1,34.7,16.13,FREE
2026-09-29T05:46:57Z,A1,33.3,15.84,FREE
2026-09-29T05:46:58Z,A1,5.9,18.63,FREE
2026-09-29T05:46:59Z,A1,6.6,12.60,OCCUPIED
2026-09-29T05:47:00Z,A1,2.0,8.95,OCCUPIED
2026-09-29T05:47:01Z,A1,8.7,10.15,OCCUPIED
2026-09-29T05:47:02Z,A1,8.4,10.72,OCCUPIED
2026-09-29T05:47:03Z,A1,8.2,10.45,OCCUPIED
2026-09-29T05:47:04Z,A1,8.7,16.50,OCCUPIED
2026-09-29T05:47:05Z,A1,6.6,16.71,OCCUPIED
2026-09-29T05:47:06Z,A1,36.2,15.97,OCCUPIED
2026-09-29T05:47:07Z,A1,34.7,19.87,FREE
2026-09-29T05:47:08Z,A1,39.1,13.28,FREE
2026-09-29T05:47:09Z,A1,39.8,15.21,FREE
2026-09-29T05:47:10Z,A1,37.0,16.74,FREE
2026-09-29T05:47:11Z,A1,38.5,15.43,FREE
2026-09-29T05:47:12Z,A1,36.9,16.61,FREE
2026-09-29T05:47:13Z,A1,37.9,16.28,FREE
2026-09-29T05:47:14Z,A1,8.4,18.34,FREE
2026-09-29T05:47:15Z,A1,7.8,17.15,OCCUPIED
2026-09-29T05:47:16Z,A1,7.3,15.47,OCCUPIED
2026-09-29T05:47:17Z,A1,6.2,16.75,OCCUPIED
2026-09-29T05:47:18Z,A1,7.8,16.36,OCCUPIED
2026-09-29T05:47:19Z,A1,7.8,16.23,OCCUPIED
2026-09-29T05:47:20Z,A1,8.0,15.60,OCCUPIED
2026-09-29T05:47:21Z,A1,7.5,16.67,OCCUPIED
2026-09-29T05:47:22Z,A1,39.8,10.89,OCCUPIED
2026-09-29T05:47:23Z,A1,36.5,12.19,FREE
2026-09-29T05:47:24Z,A1,39.7,10.24,FREE
2026-09-29T05:47:25Z,A1,36.3,11.22,FREE
2026-09-29T05:47:26Z,A1,35.5,10.52,FREE
2026-09-29T05:47:27Z,A1,33.5,9.80,FREE
2026-09-29T05:47:28Z,A1,400.0,7.19,FREE
2026-09-29T05:47:29Z,A1,36.1,10.48,FREE
2026-09-29T05:47:30Z,A1,8.3,11.86,FREE
2026-09-29T05:47:31Z,A1,5.8,12.60,OCCUPIED
2026-09-29T05:47:32Z,A1,400.0,9.89,OCCUPIED
2026-09-29T05:47:33Z,A1,6.6,16.39,OCCUPIED
2026-09-29T05:47:34Z,A1,7.5,17.02,OCCUPIED
2026-09-29T05:47:35Z,A1,6.3,17.13,OCCUPIED
2026-09-29T05:47:36Z,A1,6.9,16.82,OCCUPIED
2026-09-29T05:47:37Z,A1,8.9,16.52,OCCUPIED
2026-09-29T05:47:38Z,A1,33.5,16.84,OCCUPIED
2026-09-29T05:47:39Z,A1,37.7,19.26,FREE
2026-09-29T05:47:40Z,A1,34.5,16.65,FREE
2026-09-29T05:47:41Z,A1,38.5,17.06,FREE
2026-09-29T05:47:42Z,A1,35.2,10.84,FREE
2026-09-29T05:47:43Z,A1,33.5,11.17,FREE
2026-09-29T05:47:44Z,A1,34.8,10.91,FREE
2026-09-29T05:47:45Z,A1,35.1,10.63,FREE
2026-09-29T05:47:46Z,A1,5.9,13.72,FREE
2026-09-29T05:47:47Z,A1,5.2,19.50,OCCUPIED
2026-09-29T05:47:48Z,A1,400.0,8.82,OCCUPIED
2026-09-29T05:47:49Z,A1,6.4,16.48,OCCUPIED
2026-09-29T05:47:50Z,A1,8.7,16.36,OCCUPIED
2026-09-29T05:47:51Z,A1,5.8,16.19,OCCUPIED
2026-09-29T05:47:52Z,A1,8.9,10.95,OCCUPIED
2026-09-29T05:47:53Z,A1,7.0,10.54,OCCUPIED
2026-09-29T05:47:54Z,A1,37.5,10.91,OCCUPIED
2026-09-29T05:47:55Z,A1,33.9,12.19,FREE
2026-09-29T05:47:56Z,A1,35.6,11.24,FREE
2026-09-29T05:47:57Z,A1,33.2,16.60,FREE
2026-09-29T05:47:58Z,A1,35.1,16.25,FREE
2026-09-29T05:47:59Z,A1,37.5,10.35,FREE
2026-09-29T05:48:00Z,A1,39.1,10.84,FREE
2026-09-29T05:48:01Z,A1,36.7,10.76,FREE
2026-09-29T05:48:02Z,A1,6.9,12.30,FREE
2026-09-29T05:48:03Z,A1,7.0,18.73,OCCUPIED
2026-09-29T05:48:04Z,A1,8.9,15.91,OCCUPIED
2026-09-29T05:48:05Z,A1,5.8,14.71,OCCUPIED
2026-09-29T05:48:06Z,A1,5.2,16.49,OCCUPIED
2026-09-29T05:48:07Z,A1,7.8,16.30,OCCUPIED
2026-09-29T05:48:08Z,A1,8.2,14.84,OCCUPIED
2026-09-29T05:48:09Z,A1,8.0,15.44,OCCUPIED
2026-09-29T05:48:10Z,A1,33.9,16.71,OCCUPIED
2026-09-29T05:48:11Z,A1,34.0,19.06,FREE
2026-09-29T05:48:12Z,A1,39.3,9.96,FREE
2026-09-29T05:48:13Z,A1,36.5,10.14,FREE
2026-09-29T05:48:14Z,A1,38.0,10.03,FREE
2026-09-29T05:48:15Z,A1,37.8,10.33,FREE
2026-09-29T05:48:16Z,A1,39.9,10.51,FREE
2026-09-29T05:48:17Z,A1,36.2,18.55,FREE
2026-09-29T05:48:18Z,A1,7.2,17.01,FREE
2026-09-29T05:48:19Z,A1,5.7,17.90,OCCUPIED
2026-09-29T05:48:20Z,A1,8.7,16.71,OCCUPIED
2026-09-29T05:48:21Z,A1,7.1,16.66,OCCUPIED
2026-09-29T05:48:22Z,A1,6.9,14.31,OCCUPIED
2026-09-29T05:48:23Z,A1,5.6,10.61,OCCUPIED
2026-09-29T05:48:24Z,A1,7.9,12.11,OCCUPIED
2026-09-29T05:48:25Z,A1,8.1,10.59,OCCUPIED
2026-09-29T05:48:26Z,A1,34.0,11.53,OCCUPIED
2026-09-29T05:48:27Z,A1,33.5,12.62,FREE
2026-09-29T05:48:28Z,A1,0.0,8.87,FREE
2026-09-29T05:48:29Z,A1,39.1,18.12,FREE
2026-09-29T05:48:30Z,A1,36.0,13.57,FREE
2026-09-29T05:48:31Z,A1,35.1,16.23,FREE
2026-09-29T05:48:32Z,A1,37.1,14.99,FREE
2026-09-29T05:48:33Z,A1,38.2,10.63,FREE
2026-09-29T05:48:34Z,A1,6.4,13.05,FREE
2026-09-29T05:48:35Z,A1,7.7,12.40,OCCUPIED
2026-09-29T05:48:36Z,A1,8.5,10.29,OCCUPIED
2026-09-29T05:48:37Z,A1,5.1,11.26,OCCUPIED
2026-09-29T05:48:38Z,A1,7.9,15.12,OCCUPIED
2026-09-29T05:48:39Z,A1,8.9,16.31,OCCUPIED
2026-09-29T05:48:40Z,A1,8.1,16.14,OCCUPIED
2026-09-29T05:48:41Z,A1,6.0,17.07,OCCUPIED
2026-09-29T05:48:43Z,A1,34.0,27.10,OCCUPIED
2026-09-29T05:48:44Z,A1,37.3,12.92,FREE
2026-09-29T05:48:45Z,A1,33.1,10.29,FREE
2026-09-29T05:48:46Z,A1,39.5,10.00,FREE
2026-09-29T05:48:47Z,A1,2.0,11.37,FREE
2026-09-29T05:48:48Z,A1,39.5,16.87,FREE
2026-09-29T05:48:49Z,A1,37.4,15.68,FREE
2026-09-29T05:48:50Z,A1,37.4,14.98,FREE
2026-09-29T05:48:51Z,A1,7.0,20.01,FREE
2026-09-29T05:48:52Z,A1,7.2,18.25,OCCUPIED
2026-09-29T05:48:53Z,A1,7.0,10.68,OCCUPIED
2026-09-29T05:48:54Z,A1,6.2,10.50,OCCUPIED
2026-09-29T05:48:55Z,A1,8.5,10.40,OCCUPIED
2026-09-29T05:48:56Z,A1,8.1,9.81,OCCUPIED
2026-09-29T05:48:57Z,A1,6.3,10.76,OCCUPIED
2026-09-29T05:48:58Z,A1,400.0,10.65,OCCUPIED
2026-09-29T05:48:59Z,A1,33.9,19.40,OCCUPIED
2026-09-29T05:49:00Z,A1,39.5,19.20,FREE
2026-09-29T05:49:01Z,A1,39.0,15.31,FREE
2026-09-29T05:49:02Z,A1,37.4,16.57,FREE
2026-09-29T05:49:03Z,A1,37.0,10.28,FREE
2026-09-29T05:49:04Z,A1,38.4,10.33,FREE
2026-09-29T05:49:05Z,A1,34.7,10.57,FREE
2026-09-29T05:49:06Z,A1,34.9,9.83,FREE
2026-09-29T05:49:07Z,A1,5.2,10.98,FREE
2026-09-29T05:49:08Z,A1,6.4,17.27,OCCUPIED
2026-09-29T05:49:09Z,A1,5.4,14.57,OCCUPIED
2026-09-29T05:49:10Z,A1,7.1,14.15,OCCUPIED
2026-09-29T05:49:11Z,A1,5.1,14.18,OCCUPIED
2026-09-29T05:49:12Z,A1,5.8,16.41,OCCUPIED
2026-09-29T05:49:13Z,A1,2.0,15.26,OCCUPIED
2026-09-29T05:49:14Z,A1,5.9,15.61,OCCUPIED
2026-09-29T05:49:15Z,A1,39.1,18.41,OCCUPIED
2026-09-29T05:49:16Z,A1,400.0,10.42,OCCUPIED
2026-09-29T05:49:17Z,A1,34.3,19.37,FREE
2026-09-29T05:49:18Z,A1,33.2,16.02,FREE
2026-09-29T05:49:19Z,A1,34.7,10.26,FREE
2026-09-29T05:49:20Z,A1,35.2,10.65,FREE
2026-09-29T05:49:21Z,A1,34.8,10.81,FREE
2026-09-29T05:49:22Z,A1,38.2,10.05,FREE
2026-09-29T05:49:23Z,A1,8.3,12.24,FREE
2026-09-29T05:49:24Z,A1,6.2,18.96,OCCUPIED
2026-09-29T05:49:25Z,A1,6.0,14.13,OCCUPIED
2026-09-29T05:49:26Z,A1,6.5,16.30,OCCUPIED
2026-09-29T05:49:27Z,A1,7.7,16.43,OCCUPIED
2026-09-29T05:49:28Z,A1,7.8,13.41,OCCUPIED
2026-09-29T05:49:29Z,A1,2.0,15.43,OCCUPIED
2026-09-29T05:49:30Z,A1,39.9,14.26,OCCUPIED
2026-09-29T05:49:31Z,A1,34.3,18.85,FREE
2026-09-29T05:49:32Z,A1,39.2,16.61,FREE
2026-09-29T05:49:33Z,A1,34.7,13.91,FREE
2026-09-29T05:49:34Z,A1,37.3,15.96,FREE
2026-09-29T05:49:35Z,A1,39.0,16.13,FREE
2026-09-29T05:49:36Z,A1,37.8,15.44,FREE
2026-09-29T05:49:37Z,A1,38.0,16.43,FREE
2026-09-29T05:49:38Z,A1,5.4,18.02,FREE
2026-09-29T05:49:39Z,A1,8.3,19.98,OCCUPIED
2026-09-29T05:49:40Z,A1,7.0,16.30,OCCUPIED
2026-09-29T05:49:41Z,A1,7.5,15.22,OCCUPIED
2026-09-29T05:49:42Z,A1,8.4,10.35,OCCUPIED
2026-09-29T05:49:43Z,A1,6.4,10.91,OCCUPIED
2026-09-29T05:49:44Z,A1,8.4,10.59,OCCUPIED
2026-09-29T05:49:45Z,A1,6.3,10.50,OCCUPIED
2026-09-29T05:49:46Z,A1,37.3,11.74,OCCUPIED
2026-09-29T05:49:47Z,A1,35.4,19.11,FREE
2026-09-29T05:49:48Z,A1,39.0,15.45,FREE
2026-09-29T05:49:49Z,A1,400.0,10.35,FREE
2026-09-29T05:49:50Z,A1,33.6,16.89,FREE
2026-09-29T05:49:51Z,A1,38.0,15.56,FREE
2026-09-29T05:49:52Z,A1,33.3,9.93,FREE
2026-09-29T05:49:53Z,A1,38.6,10.59,FREE
2026-09-29T05:49:54Z,A1,8.4,11.41,FREE
2026-09-29T05:49:55Z,A1,7.8,11.87,OCCUPIED
2026-09-29T05:49:56Z,A1,7.2,10.20,OCCUPIED
2026-09-29T05:49:57Z,A1,6.3,17.11,OCCUPIED
2026-09-29T05:49:58Z,A1,0.0,9.76,OCCUPIED
2026-09-29T05:49:59Z,A1,6.2,16.44,OCCUPIED
2026-09-29T05:50:00Z,A1,5.9,16.31,OCCUPIED
2026-09-29T05:50:01Z,A1,5.1,15.33,OCCUPIED
2026-09-29T05:50:02Z,A1,34.6,17.00,OCCUPIED
2026-09-29T05:50:03Z,A1,34.3,15.65,FREE
2026-09-29T05:50:04Z,A1,37.1,11.00,FREE
2026-09-29T05:50:05Z,A1,38.5,10.15,FREE
2026-09-29T05:50:06Z,A1,38.4,10.87,FREE
2026-09-29T05:50:07Z,A1,36.9,10.22,FREE
2026-09-29T05:50:08Z,A1,36.0,10.24,FREE
2026-09-29T05:50:09Z,A1,35.6,16.50,FREE
2026-09-29T05:50:10Z,A1,6.6,19.32,FREE
2026-09-29T05:50:11Z,A1,400.0,10.00,FREE
2026-09-29T05:50:12Z,A1,8.0,19.61,OCCUPIED
2026-09-29T05:50:13Z,A1,6.2,16.30,OCCUPIED
2026-09-29T05:50:14Z,A1,8.3,10.65,OCCUPIED
2026-09-29T05:50:15Z,A1,7.0,10.15,OCCUPIED
2026-09-29T05:50:16Z,A1,7.6,10.98,OCCUPIED
2026-09-29T05:50:17Z,A1,6.0,9.81,OCCUPIED
2026-09-29T05:50:18Z,A1,38.9,12.28,OCCUPIED
2026-09-29T05:50:19Z,A1,38.5,19.85,FREE
2026-09-29T05:50:20Z,A1,34.9,15.19,FREE
2026-09-29T05:50:21Z,A1,34.3,15.65,FREE
2026-09-29T05:50:22Z,A1,39.2,11.95,FREE
2026-09-29T05:50:23Z,A1,37.1,10.46,FREE
2026-09-29T05:50:24Z,A1,38.9,10.02,FREE
2026-09-29T05:50:25Z,A1,36.8,10.52,FREE
2026-09-29T05:50:26Z,A1,5.2,11.22,FREE
2026-09-29T05:50:27Z,A1,5.6,19.34,OCCUPIED
2026-09-29T05:50:28Z,A1,5.3,14.96,OCCUPIED
2026-09-29T05:50:29Z,A1,5.2,16.07,OCCUPIED
2026-09-29T05:50:30Z,A1,2.0,12.67,OCCUPIED
2026-09-29T05:50:31Z,A1,0.0,12.52,OCCUPIED
2026-09-29T05:50:32Z,A1,5.2,16.33,OCCUPIED
2026-09-29T05:50:33Z,A1,8.9,16.45,OCCUPIED
2026-09-29T05:50:34Z,A1,0.0,9.93,OCCUPIED
2026-09-29T05:50:35Z,A1,36.3,19.59,OCCUPIED
2026-09-29T05:50:36Z,A1,38.8,19.78,FREE
2026-09-29T05:50:37Z,A1,34.0,16.69,FREE
2026-09-29T05:50:38Z,A1,36.6,14.65,FREE
2026-09-29T05:50:39Z,A1,35.7,15.50,FREE
2026-09-29T05:50:40Z,A1,33.5,16.72,FREE
2026-09-29T05:50:41Z,A1,35.0,15.37,FREE
2026-09-29T05:50:42Z,A1,8.3,18.96,FREE
2026-09-29T05:50:43Z,A1,6.6,19.26,OCCUPIED
2026-09-29T05:50:44Z,A1,8.1,16.13,OCCUPIED
2026-09-29T05:50:45Z,A1,6.5,10.83,OCCUPIED
2026-09-29T05:50:46Z,A1,5.9,10.74,OCCUPIED
2026-09-29T05:50:47Z,A1,7.0,10.24,OCCUPIED
2026-09-29T05:50:48Z,A1,7.5,10.57,OCCUPIED
2026-09-29T05:50:49Z,A1,9.0,10.78,OCCUPIED
2026-09-29T05:50:50Z,A1,33.9,19.65,OCCUPIED
2026-09-29T05:50:51Z,A1,36.3,19.87,FREE
2026-09-29T05:50:52Z,A1,38.1,16.39,FREE
2026-09-29T05:50:53Z,A1,34.1,15.35,FREE
2026-09-29T05:50:54Z,A1,33.0,10.04,FREE
2026-09-29T05:50:55Z,A1,39.9,11.50,FREE
2026-09-29T05:50:56Z,A1,33.8,10.21,FREE
2026-09-29T05:50:57Z,A1,33.4,10.43,FREE
2026-09-29T05:50:58Z,A1,5.7,11.84,FREE
2026-09-29T05:50:59Z,A1,6.8,18.02,OCCUPIED
2026-09-29T05:51:00Z,A1,8.4,15.04,OCCUPIED
2026-09-29T05:51:01Z,A1,6.7,16.37,OCCUPIED
2026-09-29T05:51:02Z,A1,7.5,15.72,OCCUPIED
2026-09-29T05:51:03Z,A1,7.0,16.48,OCCUPIED
2026-09-29T05:51:04Z,A1,6.8,10.76,OCCUPIED
2026-09-29T05:51:05Z,A1,6.5,10.69,OCCUPIED
2026-09-29T05:51:06Z,A1,35.0,12.06,OCCUPIED
2026-09-29T05:51:10Z,A1,33.6,19.24,FREE
2026-09-29T05:51:11Z,A1,33.6,16.13,FREE
2026-09-29T05:51:12Z,A1,35.0,16.78,FREE
2026-09-29T05:51:13Z,A1,37.4,15.61,FREE
2026-09-29T05:51:14Z,A1,8.6,18.07,FREE
2026-09-29T05:51:15Z,A1,400.0,6.28,FREE
2026-09-29T05:51:16Z,A1,5.3,11.91,OCCUPIED
2026-09-29T05:51:17Z,A1,7.2,10.02,OCCUPIED
2026-09-29T05:51:18Z,A1,5.6,9.98,OCCUPIED
2026-09-29T07:04:28Z,A1,34.7,9.50,FREE
2026-09-29T07:04:29Z,A1,34.7,14.98,FREE
2026-09-29T07:04:30Z,A1,35.4,10.07,FREE
2026-09-29T07:04:31Z,A1,33.9,10.19,FREE
2026-09-29T07:04:32Z,A1,35.4,11.00,FREE
2026-09-29T07:04:33Z,A1,39.3,17.96,FREE
2026-09-29T07:04:34Z,A1,34.6,10.93,FREE
2026-09-29T07:04:35Z,A1,38.9,11.20,FREE
2026-09-29T07:04:36Z,A1,5.8,15.41,FREE
2026-09-29T07:04:37Z,A1,7.7,18.93,OCCUPIED
2026-09-29T07:04:38Z,A1,8.8,11.04,OCCUPIED
2026-09-29T07:04:39Z,A1,8.8,16.43,OCCUPIED
2026-09-29T07:04:40Z,A1,5.9,18.02,OCCUPIED
2026-09-29T07:04:41Z,A1,5.8,17.82,OCCUPIED
2026-09-29T07:04:42Z,A1,7.2,9.96,OCCUPIED
2026-09-29T07:04:43Z,A1,7.6,11.11,OCCUPIED
2026-09-29T07:04:44Z,A1,34.4,12.22,OCCUPIED
2026-09-29T07:04:45Z,A1,36.3,15.00,FREE
2026-09-29T07:04:46Z,A1,33.4,10.74,FREE
2026-09-29T07:04:47Z,A1,33.7,21.45,FREE
2026-09-29T07:04:48Z,A1,34.9,16.93,FREE
2026-09-29T07:04:49Z,A1,33.6,18.15,FREE
2026-09-29T07:04:50Z,A1,39.3,14.91,FREE
2026-09-29T07:04:51Z,A1,39.4,17.50,FREE
2026-09-29T07:04:52Z,A1,8.5,17.48,FREE
2026-09-29T07:04:53Z,A1,5.3,21.15,OCCUPIED
2026-09-29T07:04:54Z,A1,7.3,16.59,OCCUPIED
2026-09-29T07:04:55Z,A1,6.9,15.59,OCCUPIED
2026-09-29T07:04:56Z,A1,0.0,8.56,OCCUPIED
2026-09-29T07:04:57Z,A1,7.5,16.02,OCCUPIED
2026-09-29T07:04:58Z,A1,8.7,10.06,OCCUPIED
2026-09-29T07:04:59Z,A1,5.4,10.70,OCCUPIED
2026-09-29T07:05:00Z,A1,39.2,11.57,OCCUPIED
2026-09-29T07:05:01Z,A1,36.4,11.95,FREE
2026-09-29T07:05:02Z,A1,37.9,10.67,FREE
2026-09-29T07:05:03Z,A1,37.2,16.19,FREE
2026-09-29T07:05:04Z,A1,39.8,16.15,FREE
2026-09-29T07:05:05Z,A1,39.8,16.67,FREE
2026-09-29T07:05:06Z,A1,38.1,16.02,FREE
2026-09-29T07:05:07Z,A1,37.6,15.06,FREE
2026-09-29T07:05:08Z,A1,6.2,18.07,FREE
2026-09-29T07:05:09Z,A1,5.5,20.48,OCCUPIED
2026-09-29T07:05:10Z,A1,0.0,9.24,OCCUPIED
2026-09-29T07:05:11Z,A1,7.1,15.74,OCCUPIED
2026-09-29T07:05:12Z,A1,8.1,16.11,OCCUPIED
2026-09-29T07:05:13Z,A1,8.2,18.95,OCCUPIED
2026-09-29T07:05:14Z,A1,5.4,17.04,OCCUPIED
2026-09-29T07:05:15Z,A1,7.3,38.17,OCCUPIED
2026-09-29T07:05:16Z,A1,39.3,18.06,OCCUPIED
2026-09-29T07:05:17Z,A1,35.9,21.43,FREE
2026-09-29T07:05:18Z,A1,34.1,18.61,FREE
2026-09-29T07:05:19Z,A1,39.8,10.67,FREE
2026-09-29T07:05:20Z,A1,38.0,10.63,FREE
2026-09-29T07:05:21Z,A1,38.0,11.78,FREE
2026-09-29T07:05:22Z,A1,35.9,11.22,FREE
2026-09-29T07:05:23Z,A1,38.7,10.26,FREE
2026-09-29T07:05:24Z,A1,8.5,17.13,FREE
2026-09-29T07:05:25Z,A1,5.1,18.24,OCCUPIED
2026-09-29T07:05:26Z,A1,8.7,16.91,OCCUPIED
2026-09-29T07:05:27Z,A1,6.6,14.57,OCCUPIED
2026-09-29T07:05:28Z,A1,8.1,15.31,OCCUPIED
2026-09-29T07:05:29Z,A1,8.5,15.56,OCCUPIED
2026-09-29T07:05:30Z,A1,5.2,13.31,OCCUPIED
2026-09-29T07:05:31Z,A1,5.7,15.37,OCCUPIED
2026-09-29T07:05:32Z,A1,33.9,17.94,OCCUPIED
2026-09-29T07:05:33Z,A1,36.3,16.95,FREE
2026-09-29T07:05:34Z,A1,38.1,15.65,FREE
2026-09-29T07:05:35Z,A1,34.1,17.59,FREE
2026-09-29T07:05:36Z,A1,36.0,16.48,FREE
2026-09-29T07:05:37Z,A1,38.3,17.95,FREE
2026-09-29T07:05:38Z,A1,37.5,16.89,FREE
2026-09-29T07:05:39Z,A1,34.4,15.37,FREE
2026-09-29T07:05:40Z,A1,6.1,11.98,FREE
2026-09-29T07:05:41Z,A1,7.7,11.93,OCCUPIED
2026-09-29T07:05:42Z,A1,5.9,10.46,OCCUPIED
2026-09-29T07:05:43Z,A1,5.3,10.37,OCCUPIED
2026-09-29T07:05:44Z,A1,400.0,7.17,OCCUPIED
2026-09-29T07:05:45Z,A1,7.3,19.18,OCCUPIED
2026-09-29T07:05:46Z,A1,8.1,17.76,OCCUPIED
2026-09-29T07:05:47Z,A1,7.9,15.98,OCCUPIED
2026-09-29T07:05:48Z,A1,36.9,16.82,OCCUPIED
2026-09-29T07:05:49Z,A1,33.2,18.24,FREE
2026-09-29T07:05:50Z,A1,37.6,17.13,FREE
2026-09-29T07:05:51Z,A1,36.4,15.00,FREE
2026-09-29T07:05:52Z,A1,38.8,15.52,FREE
2026-09-29T07:05:53Z,A1,36.7,15.37,FREE
2026-09-29T07:05:54Z,A1,39.5,15.50,FREE
2026-09-29T07:05:55Z,A1,36.4,15.04,FREE
2026-09-29T07:05:56Z,A1,6.1,17.95,FREE
2026-09-29T07:05:57Z,A1,6.9,17.54,OCCUPIED
2026-09-29T07:05:58Z,A1,6.3,16.93,OCCUPIED
2026-09-29T07:05:59Z,A1,7.8,16.70,OCCUPIED
2026-09-29T07:06:00Z,A1,7.0,26.63,OCCUPIED
2026-09-29T07:06:01Z,A1,8.1,17.41,OCCUPIED
2026-09-29T07:06:02Z,A1,5.5,18.19,OCCUPIED
2026-09-29T07:06:03Z,A1,6.4,17.24,OCCUPIED
2026-09-29T07:06:04Z,A1,35.4,18.69,OCCUPIED
2026-09-29T07:06:05Z,A1,0.0,10.50,OCCUPIED
2026-09-29T07:06:06Z,A1,34.4,18.02,FREE
2026-09-29T07:06:07Z,A1,2.0,17.46,FREE
2026-09-29T07:06:08Z,A1,34.6,13.91,FREE
2026-09-29T07:06:09Z,A1,38.2,16.07,FREE
2026-09-29T07:06:10Z,A1,35.6,13.26,FREE
2026-09-29T07:06:11Z,A1,38.3,28.80,FREE
2026-09-29T07:06:12Z,A1,7.1,17.22,FREE
2026-09-29T07:06:13Z,A1,7.1,17.32,OCCUPIED
2026-09-29T07:06:14Z,A1,8.5,16.54,OCCUPIED
2026-09-29T07:06:15Z,A1,5.5,16.96,OCCUPIED
2026-09-29T07:06:16Z,A1,5.8,16.11,OCCUPIED
2026-09-29T07:06:17Z,A1,8.7,15.54,OCCUPIED
2026-09-29T07:06:18Z,A1,6.8,16.59,OCCUPIED
2026-09-29T07:06:19Z,A1,7.7,17.46,OCCUPIED
2026-09-29T07:06:20Z,A1,39.7,11.54,OCCUPIED
2026-09-29T07:06:21Z,A1,37.5,12.30,FREE
2026-09-29T07:06:22Z,A1,39.9,9.87,FREE
2026-09-29T07:06:23Z,A1,34.4,11.22,FREE
2026-09-29T07:06:24Z,A1,33.0,10.41,FREE
2026-09-29T07:06:25Z,A1,33.3,15.54,FREE
2026-09-29T07:06:26Z,A1,33.6,17.04,FREE
2026-09-29T07:06:27Z,A1,34.5,15.35,FREE
2026-09-29T07:06:28Z,A1,8.8,18.95,FREE
2026-09-29T07:06:29Z,A1,5.3,18.15,OCCUPIED
2026-09-29T07:06:30Z,A1,8.0,10.80,OCCUPIED
2026-09-29T07:06:31Z,A1,8.7,11.04,OCCUPIED
2026-09-29T07:06:32Z,A1,8.0,10.52,OCCUPIED
2026-09-29T07:06:33Z,A1,2.0,10.26,OCCUPIED
2026-09-29T07:06:34Z,A1,5.4,11.19,OCCUPIED
2026-09-29T07:06:35Z,A1,5.5,15.39,OCCUPIED
2026-09-29T07:06:36Z,A1,38.6,18.72,OCCUPIED
2026-09-29T07:06:37Z,A1,36.2,18.37,FREE
2026-09-29T07:06:38Z,A1,33.8,16.41,FREE
2026-09-29T07:06:39Z,A1,34.0,16.37,FREE
2026-09-29T07:06:40Z,A1,37.3,14.54,FREE
2026-09-29T07:06:41Z,A1,34.4,16.63,FREE
2026-09-29T07:06:42Z,A1,39.4,15.41,FREE
2026-09-29T07:06:43Z,A1,39.3,15.35,FREE
2026-09-29T07:06:44Z,A1,8.4,16.83,FREE
2026-09-29T07:06:45Z,A1,5.5,17.89,OCCUPIED
2026-09-29T07:06:46Z,A1,7.7,15.56,OCCUPIED
2026-09-29T07:06:47Z,A1,8.2,14.98,OCCUPIED
2026-09-29T07:06:48Z,A1,6.9,15.85,OCCUPIED
2026-09-29T07:06:49Z,A1,6.6,16.83,OCCUPIED
2026-09-29T07:06:50Z,A1,6.1,10.45,OCCUPIED
2026-09-29T07:06:51Z,A1,8.8,10.22,OCCUPIED
2026-09-29T07:06:52Z,A1,33.0,12.31,OCCUPIED
2026-09-29T07:06:53Z,A1,36.4,12.93,FREE
2026-09-29T07:06:54Z,A1,34.9,10.85,FREE
2026-09-29T07:06:55Z,A1,33.1,16.68,FREE
2026-09-29T07:06:56Z,A1,34.9,16.24,FREE
2026-09-29T07:06:57Z,A1,35.0,15.37,FREE
2026-09-29T07:06:58Z,A1,33.9,16.18,FREE
2026-09-29T07:06:59Z,A1,33.1,15.57,FREE
2026-09-29T07:07:00Z,A1,7.7,13.63,FREE
2026-09-29T07:07:01Z,A1,6.2,11.63,OCCUPIED
2026-09-29T07:07:02Z,A1,6.4,10.91,OCCUPIED
2026-09-29T07:07:03Z,A1,8.1,10.28,OCCUPIED
2026-09-29T07:07:09Z,A1,34.3,10.19,FREE
2026-09-29T07:07:10Z,A1,38.1,13.57,FREE
2026-09-29T07:07:11Z,A1,39.4,10.70,FREE
2026-09-29T07:07:12Z,A1,36.0,10.54,FREE
2026-09-29T07:07:13Z,A1,34.3,11.24,FREE
2026-09-29T07:07:14Z,A1,34.3,16.11,FREE
2026-09-29T07:07:15Z,A1,36.0,18.67,FREE
2026-09-29T07:07:16Z,A1,35.9,11.04,FREE
2026-09-29T07:07:17Z,A1,5.5,14.52,FREE
2026-09-29T07:07:18Z,A1,7.9,17.61,OCCUPIED
2026-09-29T07:07:19Z,A1,8.4,10.98,OCCUPIED
2026-09-29T07:07:20Z,A1,400.0,6.41,OCCUPIED
2026-09-29T07:07:21Z,A1,6.2,16.09,OCCUPIED
2026-09-29T07:07:22Z,A1,7.1,15.09,OCCUPIED
2026-09-29T07:07:27Z,A1,37.2,16.57,OCCUPIED
2026-09-29T07:07:28Z,A1,33.7,24.24,FREE
2026-09-29T07:07:29Z,A1,34.8,16.02,FREE
2026-09-29T07:07:30Z,A1,36.1,10.93,FREE
2026-09-29T07:07:31Z,A1,39.7,10.09,FREE
2026-09-29T07:07:32Z,A1,35.7,11.22,FREE
2026-09-29T07:07:33Z,A1,5.5,11.81,FREE
2026-09-29T07:07:34Z,A1,5.2,11.87,OCCUPIED
2026-09-29T07:07:35Z,A1,7.5,18.28,OCCUPIED
2026-09-29T07:07:36Z,A1,6.0,17.91,OCCUPIED
2026-09-29T07:07:37Z,A1,7.7,16.13,OCCUPIED
2026-09-29T07:07:38Z,A1,5.0,15.30,OCCUPIED
2026-09-29T07:07:39Z,A1,6.9,17.91,OCCUPIED
2026-09-29T07:07:40Z,A1,8.9,19.04,OCCUPIED
2026-09-29T07:07:41Z,A1,38.1,20.22,OCCUPIED
2026-09-29T07:07:42Z,A1,35.2,21.35,FREE
2026-09-29T07:07:43Z,A1,38.6,17.15,FREE
2026-09-29T07:07:44Z,A1,34.4,18.41,FREE
2026-09-29T07:07:45Z,A1,38.1,16.61,FREE
2026-09-29T07:07:46Z,A1,34.1,18.83,FREE
2026-09-29T07:07:47Z,A1,37.4,16.30,FREE
2026-09-29T07:07:48Z,A1,34.2,18.63,FREE
2026-09-29T07:07:49Z,A1,6.0,17.26,FREE
2026-09-29T07:07:50Z,A1,5.2,12.13,OCCUPIED
2026-09-29T07:07:51Z,A1,7.2,11.02,OCCUPIED
2026-09-29T07:07:52Z,A1,8.3,10.89,OCCUPIED
2026-09-29T07:07:53Z,A1,6.4,10.04,OCCUPIED
2026-09-29T07:07:54Z,A1,6.8,10.48,OCCUPIED
2026-09-29T07:07:55Z,A1,8.1,17.20,OCCUPIED
2026-09-29T07:07:56Z,A1,6.0,18.00,OCCUPIED
2026-09-29T07:07:57Z,A1,36.6,19.32,OCCUPIED
2026-09-29T07:07:58Z,A1,38.2,19.95,FREE
2026-09-29T07:07:59Z,A1,39.7,16.04,FREE
2026-09-29T07:08:00Z,A1,36.8,10.52,FREE
2026-09-29T07:08:01Z,A1,38.3,11.50,FREE
2026-09-29T07:08:02Z,A1,33.1,10.59,FREE
2026-09-29T07:08:03Z,A1,39.3,10.46,FREE
2026-09-29T07:08:04Z,A1,37.1,10.41,FREE
2026-09-29T07:08:05Z,A1,7.5,20.35,FREE
2026-09-29T07:08:06Z,A1,6.8,19.43,OCCUPIED
2026-09-29T07:08:07Z,A1,8.1,16.57,OCCUPIED
2026-09-29T07:08:08Z,A1,6.4,18.82,OCCUPIED
2026-09-29T07:08:10Z,A1,7.8,14.57,OCCUPIED
2026-09-29T07:08:11Z,A1,5.9,11.28,OCCUPIED
2026-09-29T07:08:12Z,A1,5.4,10.39,OCCUPIED
2026-09-29T07:08:13Z,A1,34.6,12.02,OCCUPIED
2026-09-29T07:08:14Z,A1,36.8,12.59,FREE
2026-09-29T07:08:15Z,A1,33.3,10.69,FREE
2026-09-29T07:08:16Z,A1,36.5,13.87,FREE
2026-09-29T07:08:17Z,A1,38.0,18.07,FREE
2026-09-29T07:08:18Z,A1,34.2,13.33,FREE
2026-09-29T07:08:19Z,A1,38.2,17.24,FREE
2026-09-29T07:08:20Z,A1,35.3,15.35,FREE
2026-09-29T07:08:21Z,A1,7.3,11.35,FREE
2026-09-29T07:08:22Z,A1,5.1,11.81,OCCUPIED
2026-09-29T07:08:23Z,A1,7.8,10.59,OCCUPIED
2026-09-29T07:08:24Z,A1,7.5,10.22,OCCUPIED
2026-09-29T07:08:25Z,A1,5.4,11.30,OCCUPIED
2026-09-29T07:08:26Z,A1,6.5,16.61,OCCUPIED
2026-09-29T07:08:27Z,A1,6.0,16.61,OCCUPIED
2026-09-29T07:08:28Z,A1,7.0,16.65,OCCUPIED
2026-09-29T07:08:29Z,A1,34.1,20.70,OCCUPIED
2026-09-29T07:08:30Z,A1,34.3,21.67,FREE
2026-09-29T07:08:31Z,A1,37.5,10.81,FREE
2026-09-29T07:08:33Z,A1,38.4,10.46,FREE
2026-09-29T07:08:34Z,A1,37.8,10.78,FREE
2026-09-29T07:08:35Z,A1,38.4,11.11,FREE
2026-09-29T07:08:36Z,A1,35.3,10.80,FREE
2026-09-29T07:08:37Z,A1,33.8,16.57,FREE
2026-09-29T07:08:38Z,A1,5.0,20.50,FREE
2026-09-29T07:08:39Z,A1,6.9,21.74,OCCUPIED
2026-09-29T07:08:40Z,A1,7.2,16.43,OCCUPIED
2026-09-29T07:08:41Z,A1,7.6,16.78,OCCUPIED
2026-09-29T07:08:42Z,A1,6.1,11.50,OCCUPIED
2026-09-29T07:08:43Z,A1,7.3,10.33,OCCUPIED
2026-09-29T07:08:44Z,A1,7.4,10.46,OCCUPIED
2026-09-29T07:08:45Z,A1,7.5,10.59,OCCUPIED
2026-09-29T07:08:46Z,A1,2.0,9.52,OCCUPIED
2026-09-29T07:08:47Z,A1,34.9,20.33,OCCUPIED
2026-09-29T07:08:48Z,A1,33.9,22.13,FREE
2026-09-29T07:08:49Z,A1,34.6,18.28,FREE
2026-09-29T07:08:50Z,A1,33.1,13.78,FREE
2026-09-29T07:08:51Z,A1,36.3,15.80,FREE
2026-09-29T07:08:52Z,A1,39.8,10.59,FREE
2026-09-29T07:08:53Z,A1,37.8,10.50,FREE
2026-09-29T07:08:54Z,A1,6.0,13.07,FREE
2026-09-29T07:08:55Z,A1,5.4,11.76,OCCUPIED
2026-09-29T07:08:56Z,A1,8.9,10.41,OCCUPIED
2026-09-29T07:08:57Z,A1,5.7,16.09,OCCUPIED
2026-09-29T07:08:58Z,A1,400.0,11.39,OCCUPIED
2026-09-29T07:08:59Z,A1,6.9,17.22,OCCUPIED
2026-09-29T07:09:00Z,A1,5.2,13.67,OCCUPIED
2026-09-29T07:09:01Z,A1,7.7,15.85,OCCUPIED
2026-09-29T07:09:02Z,A1,34.3,11.39,OCCUPIED
2026-09-29T07:09:03Z,A1,37.5,12.61,FREE
2026-09-29T07:09:04Z,A1,37.6,10.35,FREE
2026-09-29T07:09:05Z,A1,38.6,11.93,FREE
2026-09-29T07:09:06Z,A1,39.0,11.13,FREE
2026-09-29T07:09:07Z,A1,35.9,16.22,FREE
2026-09-29T07:09:08Z,A1,35.7,16.59,FREE
2026-09-29T07:09:09Z,A1,39.2,17.18,FREE
2026-09-29T07:09:10Z,A1,7.6,18.19,FREE
2026-09-29T07:09:11Z,A1,5.8,19.19,OCCUPIED
2026-09-29T07:09:12Z,A1,7.2,10.94,OCCUPIED
2026-09-29T07:09:13Z,A1,8.4,10.02,OCCUPIED
2026-09-29T07:09:14Z,A1,6.8,11.54,OCCUPIED
2026-09-29T07:09:15Z,A1,7.8,10.91,OCCUPIED
2026-09-29T07:09:16Z,A1,7.6,10.22,OCCUPIED
2026-09-29T07:09:17Z,A1,5.5,16.76,OCCUPIED
2026-09-29T07:09:18Z,A1,39.1,19.37,OCCUPIED
2026-09-29T07:09:19Z,A1,38.1,21.72,FREE
2026-09-29T07:09:20Z,A1,34.4,18.78,FREE
2026-09-29T07:09:21Z,A1,37.8,18.78,FREE
2026-09-29T07:09:22Z,A1,37.7,10.61,FREE
2026-09-29T07:09:23Z,A1,33.2,10.72,FREE
2026-09-29T07:09:24Z,A1,35.3,11.17,FREE
2026-09-29T07:09:25Z,A1,35.1,10.33,FREE
2026-09-29T07:09:26Z,A1,6.3,11.50,FREE
2026-09-29T07:09:27Z,A1,7.0,19.13,OCCUPIED
2026-09-29T07:09:28Z,A1,7.6,18.76,OCCUPIED
2026-09-29T07:09:29Z,A1,0.0,8.50,OCCUPIED
2026-09-29T07:09:30Z,A1,6.8,18.80,OCCUPIED
2026-09-29T07:09:31Z,A1,7.8,16.59,OCCUPIED
2026-09-29T07:09:32Z,A1,5.6,10.54,OCCUPIED
2026-09-29T07:09:33Z,A1,5.3,10.72,OCCUPIED
2026-09-29T07:09:34Z,A1,35.8,12.59,OCCUPIED
2026-09-29T07:09:35Z,A1,39.1,12.76,FREE
2026-09-29T07:09:36Z,A1,33.8,10.70,FREE
2026-09-29T07:09:37Z,A1,33.8,18.96,FREE
2026-09-29T07:09:38Z,A1,37.8,15.85,FREE
2026-09-29T07:09:39Z,A1,33.3,15.46,FREE
2026-09-29T07:09:40Z,A1,2.0,18.87,FREE
2026-09-29T07:09:41Z,A1,33.3,17.07,FREE
2026-09-29T07:09:42Z,A1,8.1,12.55,FREE
2026-09-29T07:09:43Z,A1,6.3,13.15,OCCUPIED
2026-09-29T07:09:44Z,A1,8.5,11.15,OCCUPIED
2026-09-29T07:09:45Z,A1,5.3,10.89,OCCUPIED
2026-09-29T07:09:46Z,A1,5.6,10.89,OCCUPIED
2026-09-29T07:09:47Z,A1,6.2,16.54,OCCUPIED
2026-09-29T07:09:48Z,A1,5.4,16.95,OCCUPIED
2026-09-29T07:09:49Z,A1,6.8,15.35,OCCUPIED
2026-09-29T07:09:50Z,A1,35.3,21.61,OCCUPIED
2026-09-29T07:09:51Z,A1,38.5,19.69,FREE
2026-09-29T07:09:52Z,A1,36.0,14.04,FREE
2026-09-29T07:09:53Z,A1,35.2,10.52,FREE
2026-09-29T07:09:54Z,A1,37.8,10.61,FREE
2026-09-29T07:09:55Z,A1,39.2,10.46,FREE
2026-09-29T07:09:56Z,A1,35.6,10.59,FREE
2026-09-29T07:09:57Z,A1,33.8,10.69,FREE
2026-09-29T07:09:58Z,A1,8.1,11.61,FREE
2026-09-29T07:09:59Z,A1,7.4,12.20,OCCUPIED
2026-09-29T07:10:00Z,A1,5.4,10.61,OCCUPIED
2026-09-29T07:10:01Z,A1,5.7,10.98,OCCUPIED
2026-09-29T07:10:02Z,A1,6.2,10.00,OCCUPIED
2026-09-29T07:10:03Z,A1,8.4,17.82,OCCUPIED
2026-09-29T07:10:04Z,A1,7.4,18.15,OCCUPIED
2026-09-29T07:10:05Z,A1,8.6,17.76,OCCUPIED
2026-09-29T07:10:06Z,A1,38.9,17.43,OCCUPIED
2026-09-29T07:10:07Z,A1,38.1,20.15,FREE
2026-09-29T07:10:08Z,A1,38.0,10.74,FREE
2026-09-29T07:10:09Z,A1,35.0,10.91,FREE
2026-09-29T07:10:10Z,A1,38.8,10.57,FREE
2026-09-29T07:10:11Z,A1,35.4,10.80,FREE
2026-09-29T07:10:12Z,A1,34.3,10.56,FREE
2026-09-29T07:10:13Z,A1,34.1,18.78,FREE
2026-09-29T07:10:14Z,A1,7.2,20.18,FREE
2026-09-29T07:10:15Z,A1,7.4,13.07,OCCUPIED
2026-09-29T07:10:16Z,A1,7.2,10.48,OCCUPIED
2026-09-29T07:10:17Z,A1,6.8,11.52,OCCUPIED
2026-09-29T07:10:18Z,A1,6.9,10.00,OCCUPIED
2026-09-29T07:10:19Z,A1,8.3,10.48,OCCUPIED
2026-09-29T07:10:20Z,A1,8.0,16.63,OCCUPIED
2026-09-29T07:10:24Z,A1,35.5,12.37,OCCUPIED
2026-09-29T07:10:25Z,A1,33.1,12.87,FREE
2026-09-29T07:10:26Z,A1,34.3,11.20,FREE
2026-09-29T07:10:27Z,A1,35.6,10.81,FREE
2026-09-29T07:10:28Z,A1,36.2,18.35,FREE
2026-09-29T07:10:29Z,A1,37.4,16.48,FREE
2026-09-29T07:10:30Z,A1,8.4,12.46,FREE
2026-09-29T07:10:31Z,A1,7.6,12.54,OCCUPIED
2026-09-29T07:10:32Z,A1,6.1,10.96,OCCUPIED
2026-09-29T07:10:33Z,A1,7.0,10.81,OCCUPIED
2026-09-29T07:10:34Z,A1,2.0,10.65,OCCUPIED
2026-09-29T07:10:35Z,A1,7.4,18.28,OCCUPIED
2026-09-29T07:10:36Z,A1,8.1,18.74,OCCUPIED
2026-09-29T07:10:37Z,A1,8.4,16.02,OCCUPIED
2026-09-29T07:10:38Z,A1,35.8,19.00,OCCUPIED
2026-09-29T07:10:39Z,A1,36.7,20.06,FREE
2026-09-29T07:10:40Z,A1,37.3,14.70,FREE
2026-09-29T07:10:41Z,A1,35.9,16.22,FREE
2026-09-29T07:10:42Z,A1,36.5,14.91,FREE
2026-09-29T07:10:43Z,A1,37.6,10.15,FREE
2026-09-29T07:10:44Z,A1,35.5,10.65,FREE
2026-09-29T07:10:45Z,A1,35.7,10.80,FREE
2026-09-29T07:10:46Z,A1,6.2,12.57,FREE
2026-09-29T07:10:47Z,A1,7.3,13.09,OCCUPIED
2026-09-29T07:10:48Z,A1,8.8,16.46,OCCUPIED
2026-09-29T07:10:49Z,A1,7.1,16.17,OCCUPIED
2026-09-29T07:10:50Z,A1,7.0,14.59,OCCUPIED
2026-09-29T07:10:51Z,A1,7.5,15.74,OCCUPIED
2026-09-29T07:10:52Z,A1,8.8,17.04,OCCUPIED
2026-09-29T07:10:53Z,A1,8.3,11.61,OCCUPIED
2026-09-29T07:10:54Z,A1,36.5,12.19,OCCUPIED
2026-09-29T07:10:55Z,A1,35.1,13.31,FREE
2026-09-29T07:10:56Z,A1,33.7,10.41,FREE
2026-09-29T07:10:57Z,A1,38.9,10.46,FREE
2026-09-29T07:10:58Z,A1,35.6,15.80,FREE
2026-09-29T07:10:59Z,A1,35.9,15.89,FREE
2026-09-29T07:11:00Z,A1,33.7,16.28,FREE
2026-09-29T07:11:01Z,A1,0.0,10.46,FREE
2026-09-29T07:11:02Z,A1,5.5,20.02,FREE
2026-09-29T07:11:03Z,A1,5.9,19.56,OCCUPIED
2026-09-29T07:11:04Z,A1,8.3,16.68,OCCUPIED
2026-09-29T07:11:05Z,A1,6.6,18.56,OCCUPIED
2026-09-29T07:11:06Z,A1,8.5,16.65,OCCUPIED
2026-09-29T07:11:07Z,A1,6.9,11.26,OCCUPIED
2026-09-29T07:11:08Z,A1,5.5,10.46,OCCUPIED
2026-09-29T07:11:09Z,A1,39.1,12.50,OCCUPIED
2026-09-29T07:11:10Z,A1,36.6,12.78,FREE
2026-09-29T07:11:11Z,A1,37.0,15.87,FREE
2026-09-29T07:11:12Z,A1,35.5,16.43,FREE
2026-09-29T07:11:13Z,A1,33.4,11.76,FREE
2026-09-29T07:11:14Z,A1,40.0,10.72,FREE
2026-09-29T07:11:15Z,A1,38.9,10.93,FREE
2026-09-29T07:11:16Z,A1,39.6,11.19,FREE
2026-09-29T07:11:17Z,A1,6.5,12.17,FREE
2026-09-29T07:11:18Z,A1,8.1,17.35,OCCUPIED
2026-09-29T07:28:02Z,A1,0.0,3.63,FREE
2026-09-29T07:28:03Z,A1,38.3,14.89,FREE
2026-09-29T07:28:04Z,A1,34.2,13.98,FREE
2026-09-29T07:28:05Z,A1,35.2,16.65,FREE
2026-09-29T07:28:06Z,A1,37.1,11.00,FREE
2026-09-29T07:28:07Z,A1,38.6,9.85,FREE
2026-09-29T07:28:08Z,A1,36.7,10.05,FREE
2026-09-29T07:28:09Z,A1,33.3,9.89,FREE
2026-09-29T07:28:10Z,A1,7.8,13.89,FREE
2026-09-29T07:28:11Z,A1,8.1,30.37,OCCUPIED
2026-09-29T07:28:12Z,A1,5.6,14.17,OCCUPIED
2026-09-29T07:28:13Z,A1,7.2,18.57,OCCUPIED
2026-09-29T07:28:14Z,A1,5.2,15.09,OCCUPIED
2026-09-29T07:28:15Z,A1,6.7,17.96,OCCUPIED
2026-09-29T07:28:16Z,A1,5.6,10.96,OCCUPIED
2026-09-29T07:28:17Z,A1,7.8,10.94,OCCUPIED
2026-09-29T07:28:18Z,A1,36.9,13.39,OCCUPIED
2026-09-29T07:28:19Z,A1,38.7,14.07,FREE
2026-09-29T07:28:20Z,A1,36.0,10.96,FREE
2026-09-29T07:28:21Z,A1,33.9,18.52,FREE
2026-09-29T07:28:22Z,A1,36.3,12.69,FREE
2026-09-29T07:28:23Z,A1,35.1,17.85,FREE
2026-09-29T07:28:24Z,A1,38.3,13.69,FREE
2026-09-29T07:28:25Z,A1,38.3,10.74,FREE
2026-09-29T07:28:26Z,A1,5.0,12.09,FREE
2026-09-29T07:28:27Z,A1,6.7,12.45,OCCUPIED
2026-09-29T07:28:28Z,A1,7.8,11.39,OCCUPIED
2026-09-29T07:28:29Z,A1,6.9,10.63,OCCUPIED
2026-09-29T07:28:30Z,A1,2.0,14.19,OCCUPIED
2026-09-29T07:28:31Z,A1,6.6,15.22,OCCUPIED
2026-09-29T07:28:32Z,A1,5.5,15.09,OCCUPIED
2026-09-29T07:28:33Z,A1,6.1,16.39,OCCUPIED
2026-09-29T07:28:34Z,A1,35.2,17.06,OCCUPIED
2026-09-29T07:28:35Z,A1,34.6,19.56,FREE
2026-09-29T07:28:36Z,A1,38.2,17.07,FREE
2026-09-29T07:28:37Z,A1,36.9,16.43,FREE
2026-09-29T07:28:38Z,A1,38.9,14.30,FREE
2026-09-29T07:28:39Z,A1,37.4,16.96,FREE
2026-09-29T07:28:40Z,A1,35.7,14.72,FREE
2026-09-29T07:28:41Z,A1,39.5,17.95,FREE
2026-09-29T07:28:42Z,A1,7.3,16.43,FREE
2026-09-29T07:28:43Z,A1,7.4,19.39,OCCUPIED
2026-09-29T07:28:44Z,A1,5.0,13.93,OCCUPIED
2026-09-29T07:28:45Z,A1,7.2,17.57,OCCUPIED
2026-09-29T07:28:46Z,A1,5.4,13.17,OCCUPIED
2026-09-29T07:28:47Z,A1,7.6,18.44,OCCUPIED
2026-09-29T07:28:48Z,A1,6.8,13.95,OCCUPIED
2026-09-29T07:28:49Z,A1,6.9,17.13,OCCUPIED
2026-09-29T07:28:50Z,A1,36.4,16.45,OCCUPIED
2026-09-29T07:28:51Z,A1,37.8,19.33,FREE
2026-09-29T07:28:52Z,A1,33.4,16.00,FREE
2026-09-29T07:28:53Z,A1,37.0,17.48,FREE
2026-09-29T07:28:54Z,A1,33.8,16.56,FREE
2026-09-29T07:28:55Z,A1,36.7,18.19,FREE
2026-09-29T07:28:56Z,A1,34.9,10.11,FREE
2026-09-29T07:28:57Z,A1,37.7,35.61,FREE
2026-09-29T07:28:58Z,A1,5.4,12.59,FREE
2026-09-29T07:28:59Z,A1,6.9,12.46,OCCUPIED
2026-09-29T07:29:00Z,A1,6.2,18.68,OCCUPIED
2026-09-29T07:29:01Z,A1,6.7,13.67,OCCUPIED
2026-09-29T07:29:02Z,A1,6.1,11.02,OCCUPIED
2026-09-29T07:29:03Z,A1,5.5,10.19,OCCUPIED
2026-09-29T07:29:04Z,A1,6.5,10.37,OCCUPIED
2026-09-29T07:29:05Z,A1,5.9,10.89,OCCUPIED
2026-09-29T07:29:06Z,A1,37.2,12.28,OCCUPIED
2026-09-29T07:29:07Z,A1,34.8,21.83,FREE
2026-09-29T07:29:08Z,A1,36.3,14.15,FREE
2026-09-29T07:29:09Z,A1,35.1,18.06,FREE
2026-09-29T07:29:10Z,A1,38.8,14.89,FREE
2026-09-29T07:29:11Z,A1,34.2,16.80,FREE
2026-09-29T07:29:12Z,A1,39.3,15.24,FREE
2026-09-29T07:29:13Z,A1,36.2,14.85,FREE
2026-09-29T07:29:14Z,A1,6.9,15.54,FREE
2026-09-29T07:29:15Z,A1,7.2,22.04,OCCUPIED
2026-09-29T07:29:16Z,A1,7.6,10.26,OCCUPIED
2026-09-29T07:29:17Z,A1,6.4,11.02,OCCUPIED
2026-09-29T07:29:18Z,A1,7.8,10.30,OCCUPIED
2026-09-29T07:29:19Z,A1,7.2,10.83,OCCUPIED
2026-09-29T07:29:20Z,A1,6.9,10.81,OCCUPIED
2026-09-29T07:29:21Z,A1,7.8,18.37,OCCUPIED
2026-09-29T07:29:22Z,A1,400.0,10.83,OCCUPIED
2026-09-29T07:29:23Z,A1,400.0,11.30,OCCUPIED
2026-09-29T07:29:24Z,A1,34.3,18.09,OCCUPIED
2026-09-29T07:29:25Z,A1,38.3,21.22,FREE
2026-09-29T07:29:26Z,A1,39.8,10.69,FREE
2026-09-29T07:29:27Z,A1,39.0,10.54,FREE
2026-09-29T07:29:28Z,A1,33.6,10.17,FREE
2026-09-29T07:29:29Z,A1,36.5,12.15,FREE
2026-09-29T07:29:30Z,A1,7.4,11.41,FREE
2026-09-29T07:29:31Z,A1,6.8,19.57,OCCUPIED
2026-09-29T07:29:32Z,A1,6.5,18.32,OCCUPIED
2026-09-29T07:29:33Z,A1,7.1,16.45,OCCUPIED
2026-09-29T07:29:34Z,A1,8.4,17.91,OCCUPIED
2026-09-29T07:29:35Z,A1,6.4,15.83,OCCUPIED
2026-09-29T07:29:36Z,A1,6.0,10.41,OCCUPIED
2026-09-29T07:29:37Z,A1,6.8,10.37,OCCUPIED
2026-09-29T07:29:38Z,A1,34.7,11.17,OCCUPIED
2026-09-29T07:29:39Z,A1,37.4,12.50,FREE
2026-09-29T07:29:40Z,A1,37.4,9.91,FREE
2026-09-29T07:29:41Z,A1,36.1,20.87,FREE
2026-09-29T07:29:42Z,A1,39.3,18.89,FREE
2026-09-29T07:29:43Z,A1,33.1,9.93,FREE
2026-09-29T07:29:44Z,A1,39.0,10.22,FREE
2026-09-29T07:29:45Z,A1,39.7,10.11,FREE
2026-09-29T07:29:46Z,A1,8.8,11.41,FREE
2026-09-29T07:29:47Z,A1,5.3,20.67,OCCUPIED
2026-09-29T07:29:48Z,A1,7.8,16.18,OCCUPIED
2026-09-29T07:29:49Z,A1,7.9,17.11,OCCUPIED
2026-09-29T07:29:50Z,A1,0.0,10.13,OCCUPIED
2026-09-29T07:29:51Z,A1,7.4,16.07,OCCUPIED
2026-09-29T07:29:52Z,A1,6.1,14.45,OCCUPIED
2026-09-29T07:29:53Z,A1,8.9,16.74,OCCUPIED
2026-09-29T07:29:54Z,A1,35.8,16.72,OCCUPIED
2026-09-29T07:29:55Z,A1,35.9,19.26,FREE
2026-09-29T07:29:56Z,A1,37.8,16.37,FREE
2026-09-29T07:29:57Z,A1,37.7,16.89,FREE
2026-09-29T07:29:58Z,A1,35.5,17.56,FREE
2026-09-29T07:29:59Z,A1,34.3,15.59,FREE
2026-09-29T07:30:00Z,A1,39.4,15.78,FREE
2026-09-29T07:30:01Z,A1,2.0,12.95,FREE
2026-09-29T07:30:02Z,A1,7.1,18.41,OCCUPIED
2026-09-29T07:30:03Z,A1,8.5,16.61,OCCUPIED
2026-09-29T07:30:04Z,A1,7.4,18.09,OCCUPIED
2026-09-29T07:30:05Z,A1,7.7,16.50,OCCUPIED
2026-09-29T07:30:06Z,A1,6.4,18.20,OCCUPIED
2026-09-29T07:30:07Z,A1,7.1,10.56,OCCUPIED
2026-09-29T07:30:08Z,A1,8.2,10.45,OCCUPIED
2026-09-29T07:30:09Z,A1,7.9,11.00,OCCUPIED
2026-09-29T07:30:10Z,A1,34.5,11.94,OCCUPIED
2026-09-29T07:30:11Z,A1,37.6,12.52,FREE
2026-09-29T07:30:12Z,A1,38.6,16.89,FREE
2026-09-29T07:30:13Z,A1,33.9,16.76,FREE
2026-09-29T07:30:14Z,A1,39.2,15.30,FREE
2026-09-29T07:30:15Z,A1,35.0,15.39,FREE
2026-09-29T07:30:16Z,A1,34.8,16.17,FREE
2026-09-29T07:30:17Z,A1,38.1,10.19,FREE
2026-09-29T07:30:18Z,A1,5.6,11.98,FREE
2026-09-29T07:30:19Z,A1,8.9,12.30,OCCUPIED
2026-09-29T07:30:20Z,A1,5.8,10.76,OCCUPIED
2026-09-29T07:30:21Z,A1,6.3,11.43,OCCUPIED
2026-09-29T07:30:22Z,A1,6.3,15.52,OCCUPIED
2026-09-29T07:30:23Z,A1,7.7,17.72,OCCUPIED
2026-09-29T07:30:24Z,A1,5.6,14.80,OCCUPIED
2026-09-29T07:30:25Z,A1,5.1,16.89,OCCUPIED
2026-09-29T07:30:26Z,A1,34.0,18.07,OCCUPIED
2026-09-29T07:30:27Z,A1,33.2,12.19,FREE
2026-09-29T07:30:28Z,A1,39.6,11.26,FREE
2026-09-29T07:30:29Z,A1,39.3,10.93,FREE
2026-09-29T07:30:30Z,A1,37.7,9.81,FREE
2026-09-29T07:30:31Z,A1,400.0,6.52,FREE
2026-09-29T07:30:32Z,A1,34.1,18.13,FREE
2026-09-29T07:30:33Z,A1,33.1,18.33,FREE
2026-09-29T07:30:34Z,A1,6.0,20.26,FREE
2026-09-29T07:30:35Z,A1,6.0,19.65,OCCUPIED
2026-09-29T07:30:36Z,A1,5.2,18.02,OCCUPIED
2026-09-29T07:30:37Z,A1,5.7,12.15,OCCUPIED
2026-09-29T07:30:38Z,A1,6.3,10.54,OCCUPIED
2026-09-29T07:30:39Z,A1,6.4,10.07,OCCUPIED
2026-09-29T07:30:40Z,A1,5.1,10.11,OCCUPIED
2026-09-29T07:30:41Z,A1,5.4,10.96,OCCUPIED
2026-09-29T07:30:42Z,A1,37.0,20.00,OCCUPIED
2026-09-29T07:30:43Z,A1,35.9,19.55,FREE
2026-09-29T07:30:44Z,A1,34.6,17.85,FREE
2026-09-29T07:30:45Z,A1,36.3,15.78,FREE
2026-09-29T07:30:46Z,A1,37.2,16.44,FREE
2026-09-29T07:30:47Z,A1,35.9,17.31,FREE
2026-09-29T07:30:48Z,A1,39.0,17.81,FREE
2026-09-29T07:30:49Z,A1,34.6,15.78,FREE
2026-09-29T07:30:50Z,A1,7.0,19.29,FREE
2026-09-29T07:30:51Z,A1,5.8,23.79,OCCUPIED
2026-09-29T07:30:52Z,A1,5.6,16.28,OCCUPIED
2026-09-29T07:30:53Z,A1,7.4,14.43,OCCUPIED
2026-09-29T07:30:54Z,A1,7.8,17.48,OCCUPIED
2026-09-29T07:30:55Z,A1,5.9,18.78,OCCUPIED
2026-09-29T07:30:56Z,A1,6.7,19.22,OCCUPIED
2026-09-29T07:30:57Z,A1,5.5,14.42,OCCUPIED
2026-09-29T07:30:58Z,A1,35.1,16.33,OCCUPIED
2026-09-29T07:30:59Z,A1,38.2,19.61,FREE
2026-09-29T07:31:00Z,A1,35.5,15.79,FREE
2026-09-29T07:31:01Z,A1,37.6,14.76,FREE
2026-09-29T07:31:02Z,A1,35.1,10.78,FREE
2026-09-29T07:31:03Z,A1,33.2,10.98,FREE
2026-09-29T07:31:04Z,A1,35.5,10.33,FREE
2026-09-29T07:31:05Z,A1,34.5,10.91,FREE
2026-09-29T07:31:06Z,A1,6.2,18.22,FREE
2026-09-29T07:31:07Z,A1,8.1,16.61,OCCUPIED
2026-09-29T07:31:08Z,A1,7.8,10.17,OCCUPIED
2026-09-29T07:31:09Z,A1,5.7,10.35,OCCUPIED
2026-09-29T07:31:10Z,A1,7.6,10.44,OCCUPIED
2026-09-29T07:31:11Z,A1,7.0,10.15,OCCUPIED
2026-09-29T07:31:12Z,A1,7.9,11.17,OCCUPIED
2026-09-29T07:31:13Z,A1,5.3,18.09,OCCUPIED
2026-09-29T07:31:14Z,A1,33.6,20.37,OCCUPIED
2026-09-29T07:31:15Z,A1,33.7,19.65,FREE
2026-09-29T07:31:16Z,A1,39.7,16.55,FREE
2026-09-29T07:31:17Z,A1,33.9,18.74,FREE
2026-09-29T07:31:18Z,A1,38.9,18.11,FREE
2026-09-29T07:31:19Z,A1,39.9,16.70,FREE
2026-09-29T07:31:20Z,A1,38.6,16.70,FREE
2026-09-29T07:31:21Z,A1,38.2,17.07,FREE
2026-09-29T07:31:22Z,A1,6.8,21.07,FREE
2026-09-29T07:31:23Z,A1,6.0,18.77,OCCUPIED
2026-09-29T07:31:24Z,A1,6.8,19.30,OCCUPIED
2026-09-29T07:31:25Z,A1,7.6,19.31,OCCUPIED
2026-09-29T07:31:26Z,A1,5.9,17.70,OCCUPIED
2026-09-29T07:31:27Z,A1,5.1,18.07,OCCUPIED
2026-09-29T07:31:28Z,A1,6.8,10.79,OCCUPIED
2026-09-29T07:31:29Z,A1,7.4,10.48,OCCUPIED
2026-09-29T07:31:30Z,A1,39.1,11.31,OCCUPIED
2026-09-29T07:31:31Z,A1,37.2,12.83,FREE
2026-09-29T07:31:32Z,A1,37.5,10.24,FREE
2026-09-29T07:31:33Z,A1,38.4,16.35,FREE
2026-09-29T07:31:34Z,A1,34.5,17.83,FREE
2026-09-29T07:31:35Z,A1,37.8,16.41,FREE
2026-09-29T07:31:36Z,A1,37.2,18.66,FREE
2026-09-29T07:31:37Z,A1,38.6,16.55,FREE
2026-09-29T07:31:38Z,A1,7.4,16.67,FREE
2026-09-29T07:31:39Z,A1,7.7,22.42,OCCUPIED
2026-09-29T07:31:40Z,A1,5.7,17.33,OCCUPIED
2026-09-29T07:31:41Z,A1,8.3,15.87,OCCUPIED
2026-09-29T07:31:42Z,A1,5.0,16.39,OCCUPIED
2026-09-29T07:31:43Z,A1,7.3,18.54,OCCUPIED
2026-09-29T07:31:44Z,A1,5.8,14.11,OCCUPIED
2026-09-29T07:31:45Z,A1,400.0,10.67,OCCUPIED
2026-09-29T07:31:46Z,A1,34.3,18.74,OCCUPIED
2026-09-29T07:31:47Z,A1,37.9,21.31,FREE
2026-09-29T07:31:48Z,A1,38.7,15.68,FREE
2026-09-29T07:31:49Z,A1,33.4,14.74,FREE
2026-09-29T07:31:50Z,A1,33.5,16.85,FREE
2026-09-29T07:31:51Z,A1,35.8,16.85,FREE
2026-09-29T07:31:52Z,A1,38.2,16.31,FREE
2026-09-29T07:31:53Z,A1,34.0,17.98,FREE
2026-09-29T07:31:54Z,A1,8.8,22.74,FREE
2026-09-29T07:31:55Z,A1,5.4,19.72,OCCUPIED
2026-09-29T07:31:56Z,A1,6.7,16.16,OCCUPIED
2026-09-29T07:31:57Z,A1,6.4,18.66,OCCUPIED
2026-09-29T07:31:58Z,A1,7.7,10.61,OCCUPIED
2026-09-29T07:31:59Z,A1,5.5,10.22,OCCUPIED
2026-09-29T07:32:00Z,A1,7.9,10.55,OCCUPIED
2026-09-29T07:32:01Z,A1,8.7,10.35,OCCUPIED
2026-09-29T07:32:02Z,A1,38.3,11.79,OCCUPIED
2026-09-29T07:32:03Z,A1,37.5,19.70,FREE
2026-09-29T07:32:04Z,A1,38.2,16.83,FREE
2026-09-29T07:32:05Z,A1,35.6,15.13,FREE
2026-09-29T07:32:06Z,A1,38.4,18.55,FREE
2026-09-29T07:32:07Z,A1,39.5,18.15,FREE
2026-09-29T07:32:08Z,A1,35.9,10.13,FREE
2026-09-29T07:32:09Z,A1,33.7,11.13,FREE
2026-09-29T07:32:10Z,A1,7.6,12.44,FREE
2026-09-29T07:32:11Z,A1,8.4,12.26,OCCUPIED
2026-09-29T07:32:12Z,A1,6.1,10.81,OCCUPIED
2026-09-29T07:32:13Z,A1,5.2,16.91,OCCUPIED
2026-09-29T07:32:14Z,A1,7.8,18.31,OCCUPIED
2026-09-29T07:32:15Z,A1,5.7,17.07,OCCUPIED
2026-09-29T07:32:16Z,A1,6.2,16.57,OCCUPIED
2026-09-29T07:32:17Z,A1,7.5,17.94,OCCUPIED
2026-09-29T07:32:18Z,A1,36.8,17.48,OCCUPIED
2026-09-29T07:32:19Z,A1,39.8,19.52,FREE
2026-09-29T07:32:20Z,A1,35.0,18.50,FREE
2026-09-29T07:32:21Z,A1,39.2,55.53,FREE
2026-09-29T07:32:22Z,A1,36.3,15.35,FREE
2026-09-29T07:32:23Z,A1,33.6,17.83,FREE
2026-09-29T07:32:24Z,A1,400.0,9.67,FREE
2026-09-29T07:32:25Z,A1,35.2,16.54,FREE
2026-09-29T07:32:26Z,A1,7.0,18.66,FREE
2026-09-29T07:32:27Z,A1,5.9,21.63,OCCUPIED
2026-09-29T07:32:28Z,A1,7.5,65.36,OCCUPIED
2026-09-29T07:32:29Z,A1,6.8,10.63,OCCUPIED
2026-09-29T07:32:30Z,A1,7.5,11.11,OCCUPIED
2026-09-29T07:32:31Z,A1,6.3,11.17,OCCUPIED
2026-09-29T07:32:32Z,A1,6.1,10.13,OCCUPIED
2026-09-29T07:32:33Z,A1,0.0,6.80,OCCUPIED
2026-09-29T07:32:34Z,A1,39.9,20.70,OCCUPIED
2026-09-29T07:32:35Z,A1,34.1,19.16,FREE
2026-09-29T07:32:36Z,A1,39.2,18.04,FREE
2026-09-29T07:32:37Z,A1,33.6,18.18,FREE
2026-09-29T07:32:38Z,A1,34.4,15.39,FREE
2026-09-29T07:32:39Z,A1,37.4,10.78,FREE
2026-09-29T07:32:40Z,A1,36.3,10.76,FREE
2026-09-29T07:32:41Z,A1,2.0,11.20,FREE
2026-09-29T07:32:42Z,A1,7.5,12.41,OCCUPIED
2026-09-29T07:32:43Z,A1,6.1,10.76,OCCUPIED
2026-09-29T07:32:44Z,A1,7.9,16.83,OCCUPIED
2026-09-29T07:32:45Z,A1,6.7,16.33,OCCUPIED
2026-09-29T07:32:46Z,A1,8.6,10.91,OCCUPIED
2026-09-29T07:32:47Z,A1,6.8,10.41,OCCUPIED
2026-09-29T07:32:48Z,A1,8.8,11.11,OCCUPIED
2026-09-29T07:32:49Z,A1,7.1,11.65,OCCUPIED
2026-09-29T07:32:50Z,A1,39.8,12.44,OCCUPIED
2026-09-29T07:32:51Z,A1,400.0,11.07,OCCUPIED
2026-09-29T07:32:52Z,A1,34.1,19.68,FREE
2026-09-29T07:32:53Z,A1,37.4,16.80,FREE
2026-09-29T07:32:54Z,A1,36.4,16.48,FREE
2026-09-29T07:32:55Z,A1,33.2,15.52,FREE
2026-09-29T07:32:56Z,A1,37.6,18.41,FREE
2026-09-29T07:32:57Z,A1,39.7,18.28,FREE
2026-09-29T07:32:58Z,A1,6.9,20.80,FREE
2026-09-29T07:32:59Z,A1,6.3,21.98,OCCUPIED
2026-09-29T07:33:00Z,A1,6.0,15.28,OCCUPIED
2026-09-29T07:33:01Z,A1,8.5,16.04,OCCUPIED
2026-09-29T07:33:02Z,A1,6.5,17.05,OCCUPIED
2026-09-29T07:33:03Z,A1,7.0,18.85,OCCUPIED
2026-09-29T07:33:04Z,A1,8.2,15.54,OCCUPIED
2026-09-29T07:33:05Z,A1,7.2,15.87,OCCUPIED
2026-09-29T07:33:06Z,A1,38.1,18.52,OCCUPIED
2026-09-29T07:33:07Z,A1,37.5,19.52,FREE
2026-09-29T07:33:08Z,A1,36.5,10.31,FREE
2026-09-29T07:33:09Z,A1,36.1,10.59,FREE
2026-09-29T07:33:10Z,A1,33.7,10.72,FREE
2026-09-29T07:33:11Z,A1,37.7,11.41,FREE
2026-09-29T07:33:12Z,A1,36.5,10.00,FREE
2026-09-29T07:33:13Z,A1,35.9,19.09,FREE
2026-09-29T07:33:14Z,A1,5.7,21.13,FREE
2026-09-29T07:33:15Z,A1,7.2,20.11,OCCUPIED
2026-09-29T07:33:16Z,A1,6.5,15.83,OCCUPIED
2026-09-29T07:33:17Z,A1,6.7,17.44,OCCUPIED
2026-09-29T07:33:18Z,A1,5.9,21.59,OCCUPIED
2026-09-29T07:33:19Z,A1,6.1,11.07,OCCUPIED
2026-09-29T07:33:20Z,A1,6.8,10.35,OCCUPIED
2026-09-29T07:33:21Z,A1,6.0,10.44,OCCUPIED
2026-09-29T07:33:22Z,A1,37.6,10.43,OCCUPIED
2026-09-29T07:33:23Z,A1,38.5,9.26,FREE
2026-09-29T07:33:24Z,A1,39.4,15.81,FREE
2026-09-29T07:33:25Z,A1,38.0,16.43,FREE
2026-09-29T07:33:26Z,A1,34.9,16.83,FREE
2026-09-29T07:33:27Z,A1,37.9,16.35,FREE
2026-09-29T07:33:28Z,A1,34.8,16.37,FREE
2026-09-29T07:33:29Z,A1,37.4,8.57,FREE
2026-09-29T07:33:30Z,A1,6.7,10.50,FREE
2026-09-29T07:33:31Z,A1,6.7,10.83,OCCUPIED
2026-09-29T07:33:32Z,A1,5.5,8.93,OCCUPIED
2026-09-29T07:33:33Z,A1,7.3,6.98,OCCUPIED
2026-09-29T07:33:34Z,A1,6.5,16.61,OCCUPIED
2026-09-29T07:33:35Z,A1,6.7,15.44,OCCUPIED
2026-09-29T07:33:36Z,A1,6.4,16.44,OCCUPIED
2026-09-29T07:33:37Z,A1,8.5,16.54,OCCUPIED
2026-09-29T07:33:38Z,A1,35.5,17.30,OCCUPIED
2026-09-29T07:33:39Z,A1,36.8,12.15,FREE
2026-09-29T07:33:40Z,A1,39.6,11.09,FREE
2026-09-29T07:33:41Z,A1,36.6,11.85,FREE
2026-09-29T07:33:42Z,A1,35.2,8.55,FREE
2026-09-29T07:33:43Z,A1,39.6,7.32,FREE
2026-09-29T07:33:44Z,A1,39.8,52.57,FREE
2026-09-29T07:33:45Z,A1,38.6,16.31,FREE
2026-09-29T07:33:46Z,A1,8.7,17.57,FREE
2026-09-29T07:33:47Z,A1,8.3,19.96,OCCUPIED
2026-09-29T07:33:48Z,A1,7.6,17.05,OCCUPIED
2026-09-29T07:33:49Z,A1,5.5,10.87,OCCUPIED
2026-09-29T07:33:50Z,A1,6.6,10.28,OCCUPIED
2026-09-29T07:33:51Z,A1,7.5,10.44,OCCUPIED
2026-09-29T07:33:52Z,A1,7.0,11.07,OCCUPIED
2026-09-29T07:33:53Z,A1,7.7,10.74,OCCUPIED
2026-09-29T07:33:54Z,A1,38.9,31.61,OCCUPIED
2026-09-29T07:33:55Z,A1,38.5,18.66,FREE
2026-09-29T07:33:56Z,A1,38.5,16.57,FREE
2026-09-29T07:33:57Z,A1,400.0,9.93,FREE
2026-09-29T07:33:58Z,A1,39.1,17.37,FREE
2026-09-29T07:33:59Z,A1,38.4,20.89,FREE
2026-09-29T07:34:00Z,A1,400.0,6.96,FREE
2026-09-29T07:34:01Z,A1,34.9,11.55,FREE
2026-09-29T07:34:02Z,A1,5.2,12.11,FREE
2026-09-29T07:34:03Z,A1,6.0,12.57,OCCUPIED
2026-09-29T07:34:04Z,A1,8.4,18.57,OCCUPIED
2026-09-29T07:34:05Z,A1,6.4,16.61,OCCUPIED
2026-09-29T07:34:06Z,A1,7.0,16.35,OCCUPIED
2026-09-29T07:34:07Z,A1,5.4,17.55,OCCUPIED
2026-09-29T07:34:08Z,A1,9.0,10.87,OCCUPIED
2026-09-29T07:34:09Z,A1,400.0,6.89,OCCUPIED
2026-09-29T07:34:10Z,A1,37.8,11.44,OCCUPIED
2026-09-29T07:34:11Z,A1,39.9,13.16,FREE
2026-09-29T07:34:12Z,A1,37.9,10.70,FREE
2026-09-29T07:34:13Z,A1,37.9,18.48,FREE
2026-09-29T07:34:14Z,A1,38.6,15.44,FREE
2026-09-29T07:34:15Z,A1,35.3,16.78,FREE
2026-09-29T07:34:16Z,A1,33.2,15.94,FREE
2026-09-29T07:34:17Z,A1,39.8,17.46,FREE
2026-09-29T07:34:18Z,A1,5.9,21.28,FREE
2026-09-29T07:34:19Z,A1,7.1,19.43,OCCUPIED
2026-09-29T07:34:20Z,A1,8.4,10.24,OCCUPIED
2026-09-29T07:34:21Z,A1,5.5,10.93,OCCUPIED
2026-09-29T07:34:22Z,A1,7.8,10.63,OCCUPIED
2026-09-29T07:34:23Z,A1,5.1,10.39,OCCUPIED
2026-09-29T07:34:24Z,A1,7.1,10.50,OCCUPIED
2026-09-29T07:34:25Z,A1,0.0,9.85,OCCUPIED
2026-09-29T07:34:26Z,A1,37.6,20.35,OCCUPIED
2026-09-29T07:34:27Z,A1,39.4,19.55,FREE
2026-09-29T07:34:28Z,A1,34.5,18.07,FREE
2026-09-29T07:34:29Z,A1,39.1,15.00,FREE
2026-09-29T07:34:30Z,A1,34.4,10.57,FREE
2026-09-29T07:34:31Z,A1,38.1,10.91,FREE
2026-09-29T07:34:32Z,A1,37.9,10.68,FREE
2026-09-29T07:34:33Z,A1,37.2,10.54,FREE
2026-09-29T07:34:34Z,A1,8.5,11.76,FREE
2026-09-29T07:34:35Z,A1,7.0,20.15,OCCUPIED
2026-09-29T07:34:36Z,A1,7.3,18.89,OCCUPIED
2026-09-29T07:34:37Z,A1,8.9,18.05,OCCUPIED
2026-09-29T07:34:38Z,A1,6.8,17.18,OCCUPIED
2026-09-29T07:34:39Z,A1,6.7,19.11,OCCUPIED
2026-09-29T07:34:40Z,A1,7.5,16.74,OCCUPIED
2026-09-29T07:34:41Z,A1,6.1,13.78,OCCUPIED
2026-09-29T07:34:42Z,A1,0.0,6.09,OCCUPIED
2026-09-29T07:34:43Z,A1,33.5,11.96,OCCUPIED
2026-09-29T07:34:44Z,A1,39.0,12.05,FREE
2026-09-29T07:34:45Z,A1,34.8,10.44,FREE
2026-09-29T07:34:46Z,A1,0.0,11.44,FREE
2026-09-29T07:34:47Z,A1,39.5,17.44,FREE
2026-09-29T07:34:48Z,A1,38.9,17.18,FREE
2026-09-29T07:34:49Z,A1,39.4,18.04,FREE
2026-09-29T07:34:50Z,A1,7.1,12.43,FREE
2026-09-29T07:34:51Z,A1,5.2,13.26,OCCUPIED
2026-09-29T07:34:52Z,A1,5.0,10.74,OCCUPIED
2026-09-29T07:34:53Z,A1,6.8,11.00,OCCUPIED
2026-09-29T07:34:54Z,A1,7.5,13.57,OCCUPIED
2026-09-29T07:34:55Z,A1,6.6,17.41,OCCUPIED
2026-09-29T07:34:56Z,A1,5.8,18.81,OCCUPIED
2026-09-29T07:34:57Z,A1,6.4,16.41,OCCUPIED
2026-09-29T07:34:58Z,A1,36.1,20.20,OCCUPIED
2026-09-29T07:34:59Z,A1,36.4,12.61,FREE
2026-09-29T07:35:00Z,A1,36.9,10.13,FREE
2026-09-29T07:35:01Z,A1,35.5,10.91,FREE
2026-09-29T07:35:02Z,A1,38.8,10.70,FREE
2026-09-29T07:35:03Z,A1,39.7,10.83,FREE
2026-09-29T07:35:04Z,A1,39.2,14.13,FREE
2026-09-29T07:35:05Z,A1,36.3,10.50,FREE
2026-09-29T07:35:06Z,A1,2.0,11.05,FREE
2026-09-29T07:35:07Z,A1,5.9,12.41,OCCUPIED
2026-09-29T07:35:08Z,A1,6.4,10.35,OCCUPIED
2026-09-29T07:35:09Z,A1,5.0,18.44,OCCUPIED
2026-09-29T07:35:10Z,A1,6.2,10.76,OCCUPIED
2026-09-29T07:35:11Z,A1,6.1,10.70,OCCUPIED
2026-09-29T07:35:12Z,A1,7.0,10.04,OCCUPIED
2026-09-29T07:35:13Z,A1,8.0,10.61,OCCUPIED
2026-09-29T07:35:14Z,A1,33.1,11.78,OCCUPIED
2026-09-29T07:35:15Z,A1,38.4,19.78,FREE
2026-09-29T07:35:16Z,A1,33.2,16.05,FREE
2026-09-29T07:35:17Z,A1,39.9,16.98,FREE
2026-09-29T07:35:18Z,A1,38.9,18.02,FREE
2026-09-29T07:35:19Z,A1,37.4,18.11,FREE
2026-09-29T07:35:20Z,A1,36.4,11.22,FREE
2026-09-29T07:35:21Z,A1,37.9,10.57,FREE
2026-09-29T07:35:22Z,A1,6.3,12.61,FREE
2026-09-29T07:35:23Z,A1,8.4,13.09,OCCUPIED
2026-09-29T07:35:24Z,A1,8.7,11.89,OCCUPIED
2026-09-29T07:35:25Z,A1,6.7,16.76,OCCUPIED
2026-09-29T07:35:26Z,A1,5.0,18.13,OCCUPIED
2026-09-29T07:35:27Z,A1,8.0,16.48,OCCUPIED
2026-09-29T07:35:28Z,A1,7.7,18.44,OCCUPIED
2026-09-29T07:35:29Z,A1,5.5,16.74,OCCUPIED
2026-09-29T07:35:30Z,A1,33.3,17.63,OCCUPIED
2026-09-29T07:35:31Z,A1,36.0,12.69,FREE
2026-09-29T07:35:32Z,A1,34.7,11.07,FREE
2026-09-29T07:35:33Z,A1,36.9,10.41,FREE
2026-09-29T07:35:34Z,A1,33.5,10.22,FREE
2026-09-29T07:35:35Z,A1,34.2,10.76,FREE
2026-09-29T07:35:36Z,A1,35.0,17.93,FREE
2026-09-29T07:35:37Z,A1,33.9,17.57,FREE
2026-09-29T07:35:38Z,A1,0.0,9.81,FREE
2026-09-29T07:35:39Z,A1,6.9,18.20,FREE
2026-09-29T07:35:40Z,A1,6.4,38.61,OCCUPIED
2026-09-29T07:35:41Z,A1,7.0,11.52,OCCUPIED
2026-09-29T07:35:42Z,A1,7.3,10.89,OCCUPIED
2026-09-29T07:35:43Z,A1,7.5,10.43,OCCUPIED
2026-09-29T07:35:44Z,A1,6.9,10.61,OCCUPIED
2026-09-29T07:35:45Z,A1,5.6,10.55,OCCUPIED
2026-09-29T07:35:46Z,A1,38.9,18.43,OCCUPIED
2026-09-29T07:35:47Z,A1,38.5,21.43,FREE
2026-09-29T07:35:48Z,A1,39.6,16.70,FREE
2026-09-29T07:35:49Z,A1,38.4,16.48,FREE
2026-09-29T07:35:50Z,A1,36.4,17.96,FREE
2026-09-29T07:35:51Z,A1,36.5,10.54,FREE
2026-09-29T07:35:52Z,A1,36.8,10.48,FREE
2026-09-29T07:35:53Z,A1,36.3,11.43,FREE
2026-09-29T07:35:54Z,A1,8.0,12.26,FREE
2026-09-29T07:35:55Z,A1,8.8,12.20,OCCUPIED
2026-09-29T07:35:56Z,A1,8.7,18.18,OCCUPIED
2026-09-29T07:35:57Z,A1,6.3,17.78,OCCUPIED
2026-09-29T07:35:58Z,A1,6.0,16.09,OCCUPIED
2026-09-29T07:35:59Z,A1,8.9,15.57,OCCUPIED
2026-09-29T07:36:00Z,A1,8.7,18.44,OCCUPIED
2026-09-29T07:36:01Z,A1,6.1,11.02,OCCUPIED
2026-09-29T07:36:02Z,A1,34.4,11.37,OCCUPIED
2026-09-29T07:36:03Z,A1,37.6,12.91,FREE
2026-09-29T07:36:04Z,A1,36.0,10.87,FREE
2026-09-29T07:36:05Z,A1,38.8,10.24,FREE
2026-09-29T07:36:06Z,A1,34.6,16.26,FREE
2026-09-29T07:36:07Z,A1,35.9,16.15,FREE
2026-09-29T07:36:08Z,A1,37.2,16.31,FREE
2026-09-29T07:36:09Z,A1,34.3,16.89,FREE
2026-09-29T07:36:10Z,A1,8.3,18.68,FREE
2026-09-29T07:36:11Z,A1,6.8,21.94,OCCUPIED
2026-09-29T07:36:12Z,A1,5.5,16.61,OCCUPIED
2026-09-29T07:36:13Z,A1,8.3,15.07,OCCUPIED
2026-09-29T07:36:14Z,A1,8.4,18.20,OCCUPIED
2026-09-29T07:36:15Z,A1,6.5,17.07,OCCUPIED
2026-09-29T07:36:16Z,A1,400.0,10.24,OCCUPIED
2026-09-29T07:36:17Z,A1,6.5,18.43,OCCUPIED
2026-09-29T07:36:18Z,A1,39.9,21.61,OCCUPIED
2026-09-29T07:36:19Z,A1,36.2,19.78,FREE
2026-09-29T07:36:20Z,A1,39.0,16.55,FREE
2026-09-29T07:36:21Z,A1,39.0,11.35,FREE
2026-09-29T07:36:22Z,A1,33.7,11.24,FREE
2026-09-29T07:36:23Z,A1,39.2,10.69,FREE
2026-09-29T07:36:24Z,A1,37.0,11.35,FREE
2026-09-29T07:36:25Z,A1,40.0,17.93,FREE
2026-09-29T07:36:26Z,A1,8.3,18.85,FREE
2026-09-29T07:36:27Z,A1,6.8,19.96,OCCUPIED
2026-09-29T07:36:28Z,A1,7.8,20.22,OCCUPIED
2026-09-29T07:36:29Z,A1,8.6,17.46,OCCUPIED
2026-09-29T07:36:30Z,A1,7.5,16.85,OCCUPIED
2026-09-29T07:36:31Z,A1,5.3,13.31,OCCUPIED
2026-09-29T07:36:33Z,A1,6.9,18.20,OCCUPIED
2026-09-29T07:36:34Z,A1,8.1,17.02,OCCUPIED
2026-09-29T07:36:35Z,A1,34.6,19.54,OCCUPIED
2026-09-29T07:36:36Z,A1,39.8,19.50,FREE
2026-09-29T07:36:37Z,A1,37.8,18.02,FREE
2026-09-29T07:36:38Z,A1,34.1,16.57,FREE
2026-09-29T07:36:41Z,A1,38.0,11.02,FREE
2026-09-29T07:36:42Z,A1,34.4,10.57,FREE
2026-09-29T07:36:43Z,A1,7.2,11.50,FREE
2026-09-29T07:36:44Z,A1,6.3,18.91,OCCUPIED
2026-09-29T07:36:45Z,A1,6.2,17.16,OCCUPIED
2026-09-29T07:36:46Z,A1,6.8,16.26,OCCUPIED
2026-09-29T07:36:47Z,A1,7.0,17.04,OCCUPIED
2026-09-29T07:36:48Z,A1,7.0,18.68,OCCUPIED
2026-09-29T07:36:49Z,A1,5.2,16.59,OCCUPIED
2026-09-29T07:36:50Z,A1,5.5,17.15,OCCUPIED
2026-09-29T07:36:51Z,A1,39.0,18.41,OCCUPIED
2026-09-29T07:36:52Z,A1,37.5,13.44,FREE
2026-09-29T07:36:53Z,A1,38.4,10.13,FREE
2026-09-29T07:36:54Z,A1,36.7,10.37,FREE
2026-09-29T07:36:55Z,A1,38.7,10.54,FREE
2026-09-29T07:36:56Z,A1,39.2,10.85,FREE
2026-09-29T07:36:57Z,A1,35.7,18.50,FREE
2026-09-29T07:36:58Z,A1,37.8,17.83,FREE
2026-09-29T07:36:59Z,A1,8.0,18.59,FREE
2026-09-29T07:37:00Z,A1,5.6,21.46,OCCUPIED
2026-09-29T07:37:01Z,A1,7.0,16.89,OCCUPIED
2026-09-29T07:37:02Z,A1,5.4,11.26,OCCUPIED
2026-09-29T07:37:03Z,A1,8.4,11.22,OCCUPIED
2026-09-29T07:37:04Z,A1,5.4,10.61,OCCUPIED
2026-09-29T07:37:05Z,A1,8.3,10.28,OCCUPIED
2026-09-29T07:37:06Z,A1,8.6,11.29,OCCUPIED
2026-09-29T07:37:07Z,A1,34.2,19.80,OCCUPIED
2026-09-29T07:37:08Z,A1,35.4,19.76,FREE
2026-09-29T07:37:09Z,A1,37.9,34.02,FREE
2026-09-29T07:37:10Z,A1,0.0,9.37,FREE
2026-09-29T07:37:11Z,A1,39.2,15.20,FREE
2026-09-29T07:37:12Z,A1,38.5,10.26,FREE
2026-09-29T07:37:13Z,A1,400.0,6.96,FREE
2026-09-29T07:37:14Z,A1,38.6,10.48,FREE
2026-09-29T07:37:15Z,A1,8.4,11.57,FREE
2026-09-29T07:37:23Z,A1,38.3,10.63,FREE
2026-09-29T07:37:24Z,A1,36.9,10.00,FREE
2026-09-29T07:37:25Z,A1,38.2,10.37,FREE
2026-09-29T07:37:26Z,A1,33.3,10.61,FREE
2026-09-29T07:37:27Z,A1,34.4,16.17,FREE
2026-09-29T07:37:28Z,A1,36.3,16.05,FREE
2026-09-29T07:37:29Z,A1,39.6,16.94,FREE
2026-09-29T07:37:30Z,A1,7.8,20.20,FREE
2026-09-29T07:37:31Z,A1,8.2,20.35,OCCUPIED
2026-09-29T07:37:32Z,A1,5.7,10.46,OCCUPIED
2026-09-29T07:37:33Z,A1,6.8,12.87,OCCUPIED
2026-09-29T07:37:34Z,A1,5.9,10.96,OCCUPIED
2026-09-29T07:37:35Z,A1,6.4,10.81,OCCUPIED
2026-09-29T07:37:36Z,A1,7.1,10.70,OCCUPIED
2026-09-29T07:37:37Z,A1,5.2,18.33,OCCUPIED
2026-09-29T07:37:38Z,A1,39.1,20.09,OCCUPIED
2026-09-29T07:37:39Z,A1,38.5,20.15,FREE
2026-09-29T07:37:40Z,A1,0.0,10.68,FREE
2026-09-29T07:37:41Z,A1,39.3,16.22,FREE
2026-09-29T07:37:42Z,A1,34.4,10.59,FREE
2026-09-29T07:37:43Z,A1,38.6,10.87,FREE
2026-09-29T07:37:44Z,A1,34.8,10.26,FREE
2026-09-29T07:37:45Z,A1,39.6,11.09,FREE
2026-09-29T07:37:46Z,A1,8.8,12.24,FREE
2026-09-29T07:37:47Z,A1,8.6,21.22,OCCUPIED
2026-09-29T07:37:48Z,A1,8.1,16.91,OCCUPIED
2026-09-29T07:37:49Z,A1,8.7,16.63,OCCUPIED
2026-09-29T07:37:50Z,A1,8.4,16.87,OCCUPIED
2026-09-29T07:37:51Z,A1,8.7,16.11,OCCUPIED
2026-09-29T07:37:52Z,A1,8.6,10.61,OCCUPIED
2026-09-29T07:37:53Z,A1,7.3,10.41,OCCUPIED
2026-09-29T07:37:54Z,A1,35.4,11.05,OCCUPIED
2026-09-29T07:37:55Z,A1,2.0,9.94,OCCUPIED
2026-09-29T07:37:56Z,A1,33.2,11.46,OCCUPIED
2026-09-29T07:37:57Z,A1,34.9,23.13,FREE
2026-09-29T07:37:58Z,A1,39.1,18.68,FREE
2026-09-29T07:37:59Z,A1,37.8,18.81,FREE
2026-09-29T07:38:00Z,A1,37.5,17.07,FREE
2026-09-29T07:38:01Z,A1,34.3,10.50,FREE
2026-09-29T07:38:02Z,A1,6.4,11.93,FREE
2026-09-29T07:38:03Z,A1,400.0,6.91,FREE
2026-09-29T07:38:04Z,A1,7.5,12.43,OCCUPIED
2026-09-29T07:38:05Z,A1,5.8,10.98,OCCUPIED
2026-09-29T07:38:06Z,A1,6.3,16.91,OCCUPIED
2026-09-29T07:38:07Z,A1,6.9,16.81,OCCUPIED
2026-09-29T07:38:08Z,A1,7.5,10.55,OCCUPIED
2026-09-29T07:38:09Z,A1,8.5,10.83,OCCUPIED
2026-09-29T07:38:10Z,A1,36.3,11.91,OCCUPIED
2026-09-29T07:38:11Z,A1,33.8,12.57,FREE
2026-09-29T07:38:12Z,A1,33.4,10.59,FREE
2026-09-29T07:38:13Z,A1,33.6,15.48,FREE
2026-09-29T07:38:14Z,A1,35.9,15.24,FREE
2026-09-29T07:38:15Z,A1,400.0,9.81,FREE
2026-09-29T07:38:16Z,A1,34.3,17.50,FREE
2026-09-29T07:38:17Z,A1,39.7,15.50,FREE
2026-09-29T07:38:18Z,A1,5.0,19.52,FREE
2026-09-29T07:38:19Z,A1,5.5,20.13,OCCUPIED
2026-09-29T07:38:20Z,A1,9.0,17.37,OCCUPIED
2026-09-29T07:38:21Z,A1,6.6,17.22,OCCUPIED
2026-09-29T07:38:22Z,A1,7.9,16.70,OCCUPIED
2026-09-29T07:38:23Z,A1,5.2,15.78,OCCUPIED
2026-09-29T07:38:24Z,A1,6.8,15.07,OCCUPIED
2026-09-29T07:38:25Z,A1,5.4,16.96,OCCUPIED
2026-09-29T07:38:26Z,A1,35.8,18.54,OCCUPIED
2026-09-29T07:38:27Z,A1,33.6,22.61,FREE
2026-09-29T07:38:28Z,A1,35.8,18.22,FREE
2026-09-29T07:38:29Z,A1,2.0,17.54,FREE
2026-09-29T07:38:30Z,A1,37.5,17.13,FREE
2026-09-29T07:38:31Z,A1,36.3,18.89,FREE
2026-09-29T07:38:32Z,A1,36.7,16.33,FREE
2026-09-29T07:38:33Z,A1,39.2,10.50,FREE
2026-09-29T07:38:34Z,A1,2.0,11.55,FREE
2026-09-29T07:38:43Z,A1,36.2,16.09,FREE
2026-09-29T07:38:44Z,A1,38.9,19.72,FREE
2026-09-29T07:38:45Z,A1,33.0,16.26,FREE
2026-09-29T07:38:46Z,A1,33.5,16.91,FREE
2026-09-29T07:38:47Z,A1,37.1,17.59,FREE
2026-09-29T07:38:48Z,A1,36.4,17.55,FREE
2026-09-29T07:38:49Z,A1,36.7,18.04,FREE
2026-09-29T07:38:50Z,A1,36.5,16.85,FREE
2026-09-29T07:38:51Z,A1,8.7,19.11,FREE
2026-09-29T07:38:52Z,A1,7.2,19.68,OCCUPIED
2026-09-29T07:38:53Z,A1,7.7,19.00,OCCUPIED
2026-09-29T07:38:54Z,A1,5.6,16.96,OCCUPIED
2026-09-29T07:38:55Z,A1,5.2,16.55,OCCUPIED
2026-09-29T07:38:56Z,A1,7.5,13.04,OCCUPIED
2026-09-29T07:38:57Z,A1,8.1,16.94,OCCUPIED
2026-09-29T07:38:58Z,A1,8.1,13.85,OCCUPIED
2026-09-29T07:38:59Z,A1,33.0,17.67,OCCUPIED
2026-09-29T07:39:00Z,A1,39.3,18.09,FREE
2026-09-29T07:39:01Z,A1,37.1,19.98,FREE
2026-09-29T07:39:02Z,A1,35.4,18.31,FREE
2026-09-29T07:39:03Z,A1,35.4,18.13,FREE
2026-09-29T07:39:04Z,A1,39.6,11.09,FREE
2026-09-29T07:39:05Z,A1,34.3,10.74,FREE
2026-09-29T07:39:06Z,A1,34.7,10.93,FREE
2026-09-29T07:39:07Z,A1,0.0,7.67,FREE
2026-09-29T07:39:08Z,A1,0.0,6.68,FREE
2026-09-29T07:39:09Z,A1,6.9,18.15,FREE
2026-09-29T07:39:10Z,A1,6.2,19.80,OCCUPIED
2026-09-29T07:39:11Z,A1,5.2,17.68,OCCUPIED
2026-09-29T07:39:12Z,A1,8.1,16.72,OCCUPIED
2026-09-29T07:39:13Z,A1,6.4,17.94,OCCUPIED
2026-09-29T07:39:14Z,A1,6.3,16.35,OCCUPIED
2026-09-29T07:39:20Z,A1,39.2,19.20,OCCUPIED
2026-09-29T07:39:21Z,A1,33.1,19.94,FREE
2026-09-29T07:39:22Z,A1,39.2,16.50,FREE
2026-09-29T07:39:23Z,A1,7.3,17.91,FREE
2026-09-29T07:39:24Z,A1,7.5,16.52,OCCUPIED
2026-09-29T07:39:25Z,A1,8.2,16.31,OCCUPIED
2026-09-29T07:39:26Z,A1,5.8,16.74,OCCUPIED
2026-09-29T07:39:27Z,A1,8.3,17.05,OCCUPIED
2026-09-29T07:39:28Z,A1,7.8,18.41,OCCUPIED
2026-09-29T07:39:29Z,A1,5.7,16.96,OCCUPIED
2026-09-29T07:39:30Z,A1,6.2,16.76,OCCUPIED
2026-09-29T07:39:31Z,A1,33.3,19.44,OCCUPIED
2026-09-29T07:39:32Z,A1,36.4,19.02,FREE
2026-09-29T07:39:33Z,A1,39.8,20.78,FREE
2026-09-29T07:39:34Z,A1,34.6,10.46,FREE
2026-09-29T07:39:35Z,A1,36.8,11.00,FREE
2026-09-29T07:39:36Z,A1,36.5,11.17,FREE
2026-09-29T07:39:37Z,A1,34.1,10.52,FREE
2026-09-29T07:39:38Z,A1,39.1,10.52,FREE
2026-09-29T07:39:39Z,A1,6.8,20.20,FREE
2026-09-29T07:39:40Z,A1,6.3,19.74,OCCUPIED
2026-09-29T07:39:41Z,A1,6.4,16.96,OCCUPIED
2026-09-29T07:39:42Z,A1,6.0,10.78,OCCUPIED
2026-09-29T07:39:43Z,A1,8.7,10.41,OCCUPIED
2026-09-29T07:39:44Z,A1,7.1,11.07,OCCUPIED
2026-09-29T07:39:45Z,A1,7.5,10.54,OCCUPIED
2026-09-29T07:39:46Z,A1,6.6,10.98,OCCUPIED
2026-09-29T07:39:47Z,A1,36.6,18.17,OCCUPIED
2026-09-29T07:39:48Z,A1,38.5,22.22,FREE
2026-09-29T07:39:49Z,A1,37.6,16.57,FREE
2026-09-29T07:39:50Z,A1,38.9,14.37,FREE
2026-09-29T07:39:51Z,A1,2.0,20.68,FREE
2026-09-29T07:39:52Z,A1,37.2,11.57,FREE
2026-09-29T07:39:53Z,A1,35.5,10.70,FREE
2026-09-29T07:39:54Z,A1,37.3,11.11,FREE
2026-09-29T07:39:55Z,A1,5.6,12.44,FREE
2026-09-29T07:39:58Z,A1,8.1,20.33,OCCUPIED
2026-09-29T07:39:59Z,A1,5.6,18.35,OCCUPIED
2026-09-29T07:40:00Z,A1,7.8,16.94,OCCUPIED
2026-09-29T07:40:01Z,A1,8.2,18.54,OCCUPIED
2026-09-29T07:40:02Z,A1,8.6,16.91,OCCUPIED
2026-09-29T07:40:03Z,A1,34.1,17.30,OCCUPIED
2026-09-29T07:40:04Z,A1,34.7,19.50,FREE
2026-09-29T07:40:05Z,A1,33.9,16.20,FREE
2026-09-29T07:40:06Z,A1,36.6,17.09,FREE
2026-09-29T07:40:07Z,A1,34.7,16.22,FREE
2026-09-29T07:40:08Z,A1,38.9,16.83,FREE
2026-09-29T07:40:09Z,A1,35.2,10.50,FREE
2026-09-29T07:40:10Z,A1,0.0,7.05,FREE
2026-09-29T07:40:11Z,A1,6.1,12.33,FREE
2026-09-29T07:40:12Z,A1,5.7,13.04,OCCUPIED
2026-09-29T07:40:13Z,A1,5.1,10.24,OCCUPIED
2026-09-29T07:40:14Z,A1,7.5,16.81,OCCUPIED
2026-09-29T07:40:15Z,A1,8.3,11.15,OCCUPIED
2026-09-29T07:40:16Z,A1,6.6,10.41,OCCUPIED
2026-09-29T07:40:17Z,A1,8.8,10.59,OCCUPIED
2026-09-29T07:40:18Z,A1,7.9,10.74,OCCUPIED
2026-09-29T07:40:19Z,A1,38.2,11.81,OCCUPIED
2026-09-29T07:40:20Z,A1,400.0,9.98,OCCUPIED
2026-09-29T07:40:21Z,A1,33.1,21.41,FREE
2026-09-29T07:40:22Z,A1,37.0,18.30,FREE
2026-09-29T07:40:23Z,A1,37.9,18.43,FREE
2026-09-29T07:40:24Z,A1,33.8,16.44,FREE
2026-09-29T07:40:25Z,A1,37.1,10.96,FREE
2026-09-29T07:40:26Z,A1,34.5,10.59,FREE
2026-09-29T07:40:27Z,A1,5.6,11.91,FREE
2026-09-29T07:40:28Z,A1,6.0,13.11,OCCUPIED
2026-09-29T07:40:29Z,A1,2.0,10.04,OCCUPIED
2026-09-29T07:40:32Z,A1,6.6,16.22,OCCUPIED
2026-09-29T07:40:33Z,A1,7.2,18.05,OCCUPIED
2026-09-29T07:40:34Z,A1,5.5,18.33,OCCUPIED
2026-09-29T07:40:35Z,A1,37.1,11.80,OCCUPIED
2026-09-29T07:40:36Z,A1,39.1,12.52,FREE
2026-09-29T07:40:37Z,A1,39.0,10.85,FREE
2026-09-29T07:40:38Z,A1,33.6,10.65,FREE
2026-09-29T07:40:39Z,A1,36.4,11.02,FREE
2026-09-29T07:40:40Z,A1,39.2,18.72,FREE
2026-09-29T07:40:41Z,A1,35.2,17.39,FREE
2026-09-29T07:40:42Z,A1,37.8,16.68,FREE
2026-09-29T07:40:43Z,A1,8.5,14.43,FREE
2026-09-29T07:40:49Z,A1,5.2,19.37,OCCUPIED
2026-09-29T07:40:50Z,A1,5.1,16.30,OCCUPIED
2026-09-29T07:40:51Z,A1,36.9,20.28,OCCUPIED
2026-09-29T07:40:52Z,A1,36.9,22.52,FREE
2026-09-29T07:40:53Z,A1,36.7,16.94,FREE
2026-09-29T07:40:54Z,A1,38.9,15.78,FREE
2026-09-29T07:40:55Z,A1,33.6,11.17,FREE
2026-09-29T07:40:56Z,A1,38.2,10.39,FREE
2026-09-29T07:40:57Z,A1,34.1,11.31,FREE
2026-09-29T07:40:58Z,A1,35.1,10.67,FREE
2026-09-29T07:40:59Z,A1,7.2,11.54,FREE
2026-09-29T07:41:00Z,A1,7.4,19.87,OCCUPIED
2026-09-29T07:41:01Z,A1,5.2,19.18,OCCUPIED
2026-09-29T07:41:02Z,A1,6.0,16.59,OCCUPIED
2026-09-29T07:41:03Z,A1,8.0,17.26,OCCUPIED
2026-09-29T07:41:04Z,A1,7.9,19.39,OCCUPIED
2026-09-29T07:41:05Z,A1,5.7,12.39,OCCUPIED
2026-09-29T07:41:06Z,A1,8.7,11.02,OCCUPIED
2026-09-29T07:41:07Z,A1,33.4,12.41,OCCUPIED
2026-09-29T07:41:08Z,A1,37.9,12.02,FREE
2026-09-29T07:41:09Z,A1,36.2,11.09,FREE
2026-09-29T07:41:10Z,A1,39.7,16.81,FREE
2026-09-29T07:41:11Z,A1,38.7,17.13,FREE
2026-09-29T07:41:12Z,A1,39.1,16.20,FREE
2026-09-29T07:41:13Z,A1,39.0,18.13,FREE
2026-09-29T07:41:14Z,A1,37.2,15.98,FREE
2026-09-29T07:41:15Z,A1,6.3,11.67,FREE
2026-09-29T07:41:16Z,A1,6.5,12.78,OCCUPIED
2026-09-29T07:41:17Z,A1,8.3,10.65,OCCUPIED
2026-09-29T07:41:18Z,A1,8.6,11.30,OCCUPIED
2026-09-29T07:41:19Z,A1,8.9,11.28,OCCUPIED
2026-09-29T07:41:20Z,A1,7.2,16.94,OCCUPIED
2026-09-29T07:41:21Z,A1,7.4,18.54,OCCUPIED
2026-09-29T07:41:22Z,A1,5.4,16.33,OCCUPIED
2026-09-29T07:41:23Z,A1,39.5,19.05,OCCUPIED
2026-09-29T07:41:24Z,A1,36.7,18.00,FREE
2026-09-29T07:41:25Z,A1,36.5,10.67,FREE
2026-09-29T07:41:26Z,A1,2.0,11.96,FREE
2026-09-29T07:41:27Z,A1,39.9,10.59,FREE
2026-09-29T07:41:28Z,A1,39.1,11.15,FREE
2026-09-29T07:41:29Z,A1,39.2,10.63,FREE
2026-09-29T07:41:30Z,A1,34.5,17.17,FREE
2026-09-29T07:41:31Z,A1,5.3,18.54,FREE
2026-09-29T07:41:32Z,A1,7.2,19.41,OCCUPIED
2026-09-29T07:41:33Z,A1,8.1,18.15,OCCUPIED
2026-09-29T07:41:34Z,A1,6.3,14.22,OCCUPIED
2026-09-29T07:41:35Z,A1,5.6,10.78,OCCUPIED
2026-09-29T07:41:36Z,A1,5.6,10.78,OCCUPIED
2026-09-29T07:41:37Z,A1,5.2,10.81,OCCUPIED
2026-09-29T07:41:38Z,A1,8.1,10.48,OCCUPIED
2026-09-29T07:41:39Z,A1,35.2,12.52,OCCUPIED
2026-09-29T07:41:40Z,A1,34.6,18.76,FREE
2026-09-29T07:41:41Z,A1,37.3,19.13,FREE
2026-09-29T07:41:42Z,A1,33.3,16.63,FREE
2026-09-29T07:41:48Z,A1,5.9,11.81,FREE
2026-09-29T07:41:49Z,A1,6.6,12.30,OCCUPIED
2026-09-29T07:41:50Z,A1,7.1,10.78,OCCUPIED
2026-09-29T07:41:51Z,A1,6.0,15.63,OCCUPIED
2026-09-29T07:41:52Z,A1,7.8,14.52,OCCUPIED
2026-09-29T07:41:53Z,A1,6.4,47.61,OCCUPIED
2026-09-29T07:41:54Z,A1,6.8,16.43,OCCUPIED
2026-09-29T07:41:55Z,A1,34.4,18.50,OCCUPIED
2026-09-29T07:41:56Z,A1,35.2,12.98,FREE
2026-09-29T07:41:57Z,A1,39.4,10.41,FREE
2026-09-29T07:41:58Z,A1,35.7,11.31,FREE
2026-09-29T07:42:00Z,A1,40.0,10.52,FREE
2026-09-29T07:42:01Z,A1,36.4,19.20,FREE
2026-09-29T07:42:02Z,A1,34.6,15.57,FREE
2026-09-29T07:42:03Z,A1,5.5,18.85,FREE
2026-09-29T07:42:04Z,A1,8.9,22.87,OCCUPIED
2026-09-29T07:42:05Z,A1,400.0,10.02,OCCUPIED
2026-09-29T07:42:06Z,A1,5.7,11.26,OCCUPIED
2026-09-29T07:42:07Z,A1,7.0,11.24,OCCUPIED
2026-09-29T07:42:08Z,A1,7.3,11.02,OCCUPIED
2026-09-29T07:42:09Z,A1,7.6,10.37,OCCUPIED
2026-09-29T07:42:10Z,A1,7.2,11.57,OCCUPIED
2026-09-29T07:42:11Z,A1,36.7,20.30,OCCUPIED
2026-09-29T07:42:12Z,A1,39.4,1063.57,FREE
2026-09-29T07:42:13Z,A1,34.5,16.93,FREE
2026-09-29T07:42:14Z,A1,40.0,11.78,FREE
2026-09-29T07:42:15Z,A1,39.1,10.55,FREE
2026-09-29T07:42:16Z,A1,39.9,10.55,FREE
2026-09-29T07:42:17Z,A1,39.6,11.43,FREE
2026-09-29T07:42:18Z,A1,36.4,10.46,FREE
2026-09-29T07:42:19Z,A1,8.3,18.81,FREE
2026-09-29T07:42:20Z,A1,7.4,18.63,OCCUPIED
2026-09-29T07:42:21Z,A1,6.7,10.19,OCCUPIED
2026-09-29T07:42:22Z,A1,5.7,10.96,OCCUPIED
2026-09-29T07:42:23Z,A1,7.9,10.94,OCCUPIED
2026-09-29T07:42:24Z,A1,5.5,10.52,OCCUPIED
2026-09-29T07:42:25Z,A1,6.7,11.07,OCCUPIED
2026-09-29T07:42:26Z,A1,7.8,15.20,OCCUPIED
2026-09-29T07:42:27Z,A1,36.2,12.31,OCCUPIED
2026-09-29T07:42:28Z,A1,38.4,12.63,FREE
2026-09-29T07:42:29Z,A1,36.1,10.87,FREE
2026-09-29T07:42:30Z,A1,33.9,11.50,FREE
2026-09-29T07:42:35Z,A1,7.5,16.57,FREE
2026-09-29T07:42:36Z,A1,8.6,12.07,OCCUPIED
2026-09-29T07:42:37Z,A1,6.5,10.55,OCCUPIED
2026-09-29T07:42:38Z,A1,8.6,10.67,OCCUPIED
2026-09-29T07:42:39Z,A1,9.0,10.93,OCCUPIED
2026-09-29T07:42:40Z,A1,6.1,10.78,OCCUPIED
2026-09-29T07:42:41Z,A1,6.6,16.43,OCCUPIED
2026-09-29T07:42:42Z,A1,7.0,15.61,OCCUPIED
2026-09-29T07:42:43Z,A1,37.2,16.98,OCCUPIED
2026-09-29T07:42:44Z,A1,36.0,19.72,FREE
2026-09-29T07:42:45Z,A1,38.4,16.55,FREE
2026-09-29T07:42:46Z,A1,39.8,10.52,FREE
2026-09-29T07:42:47Z,A1,35.1,10.52,FREE
2026-09-29T07:42:48Z,A1,34.9,10.28,FREE
2026-09-29T07:42:49Z,A1,38.2,11.00,FREE
2026-09-29T07:42:50Z,A1,38.0,10.74,FREE
2026-09-29T07:42:51Z,A1,0.0,10.22,FREE
2026-09-29T07:42:52Z,A1,8.2,18.85,FREE
2026-09-29T07:42:53Z,A1,8.9,20.02,OCCUPIED
2026-09-29T07:42:54Z,A1,7.4,16.44,OCCUPIED
2026-09-29T07:42:55Z,A1,8.2,16.22,OCCUPIED
2026-09-29T07:42:56Z,A1,5.8,18.15,OCCUPIED
2026-09-29T07:42:57Z,A1,8.7,10.89,OCCUPIED
2026-09-29T07:42:58Z,A1,5.4,10.87,OCCUPIED
2026-09-29T07:42:59Z,A1,33.7,11.50,OCCUPIED
2026-09-29T07:43:00Z,A1,37.3,12.59,FREE
2026-09-29T07:43:01Z,A1,2.0,11.65,FREE
2026-09-29T07:43:02Z,A1,38.9,14.96,FREE
2026-09-29T07:43:03Z,A1,37.7,15.65,FREE
2026-09-29T07:43:04Z,A1,34.6,15.39,FREE
2026-09-29T07:43:05Z,A1,33.3,14.37,FREE
2026-09-29T07:43:06Z,A1,34.8,17.09,FREE
2026-09-29T07:43:09Z,A1,7.8,11.65,FREE
2026-09-29T07:43:10Z,A1,7.9,11.81,OCCUPIED
2026-09-29T07:43:11Z,A1,5.3,17.37,OCCUPIED
2026-09-29T07:43:12Z,A1,5.4,16.78,OCCUPIED
2026-09-29T07:43:13Z,A1,6.1,15.63,OCCUPIED
2026-09-29T07:43:14Z,A1,35.4,17.91,OCCUPIED
2026-09-29T07:43:15Z,A1,34.4,20.44,FREE
2026-09-29T07:43:16Z,A1,37.9,10.78,FREE
2026-09-29T07:43:17Z,A1,33.4,10.65,FREE
2026-09-29T07:43:18Z,A1,39.1,10.31,FREE
2026-09-29T07:43:22Z,A1,37.8,16.18,FREE
2026-09-29T07:43:23Z,A1,8.6,19.24,FREE
2026-09-29T07:43:24Z,A1,0.0,8.91,FREE
2026-09-29T07:43:25Z,A1,6.6,21.52,OCCUPIED
2026-09-29T07:43:26Z,A1,8.8,15.61,OCCUPIED
2026-09-29T07:43:27Z,A1,7.0,10.83,OCCUPIED
2026-09-29T07:43:28Z,A1,5.0,11.02,OCCUPIED
2026-09-29T07:43:29Z,A1,7.7,9.93,OCCUPIED
2026-09-29T07:43:30Z,A1,6.4,10.30,OCCUPIED
2026-09-29T07:43:31Z,A1,37.3,12.37,OCCUPIED
2026-09-29T07:43:32Z,A1,38.5,19.28,FREE
2026-09-29T07:43:33Z,A1,36.4,16.89,FREE
2026-09-29T07:43:34Z,A1,34.9,13.31,FREE
2026-09-29T07:43:35Z,A1,0.0,9.20,FREE
2026-09-29T07:43:36Z,A1,36.2,16.52,FREE
2026-09-29T07:43:37Z,A1,35.6,10.54,FREE
2026-09-29T07:43:38Z,A1,36.3,10.87,FREE
2026-09-29T07:43:42Z,A1,8.4,18.13,FREE
2026-09-29T07:43:43Z,A1,5.9,19.30,OCCUPIED
2026-09-29T07:43:44Z,A1,8.9,15.57,OCCUPIED
2026-09-29T07:43:45Z,A1,5.3,16.98,OCCUPIED
2026-09-29T07:43:48Z,A1,33.6,16.26,OCCUPIED
2026-09-29T07:43:49Z,A1,39.5,12.83,FREE
2026-09-29T07:43:50Z,A1,33.2,10.20,FREE
2026-09-29T07:43:51Z,A1,37.4,10.72,FREE
2026-09-29T07:43:52Z,A1,34.6,14.41,FREE
2026-09-29T07:43:53Z,A1,39.6,17.67,FREE
2026-09-29T07:43:54Z,A1,39.5,14.26,FREE
2026-09-29T07:43:55Z,A1,6.5,19.67,FREE
2026-09-29T07:43:56Z,A1,6.5,15.57,OCCUPIED
2026-09-29T07:43:57Z,A1,5.2,12.72,OCCUPIED
2026-09-29T07:43:58Z,A1,7.4,10.74,OCCUPIED
2026-09-29T07:43:59Z,A1,6.3,11.09,OCCUPIED
2026-09-29T07:44:00Z,A1,7.7,10.93,OCCUPIED
2026-09-29T07:44:01Z,A1,8.8,11.28,OCCUPIED
2026-09-29T07:44:02Z,A1,8.6,18.93,OCCUPIED
2026-09-29T07:44:03Z,A1,34.5,21.35,OCCUPIED
2026-09-29T07:44:04Z,A1,33.5,16.63,FREE
2026-09-29T07:44:05Z,A1,34.4,16.93,FREE
2026-09-29T07:44:06Z,A1,33.8,13.52,FREE
2026-09-29T07:44:07Z,A1,34.5,18.70,FREE
2026-09-29T07:44:08Z,A1,2.0,17.85,FREE
2026-09-29T07:44:09Z,A1,33.1,18.93,FREE
2026-09-29T07:44:10Z,A1,39.6,13.69,FREE
2026-09-29T07:44:11Z,A1,6.4,20.54,FREE
2026-09-29T07:44:12Z,A1,6.6,16.89,OCCUPIED
2026-09-29T07:44:13Z,A1,7.9,18.17,OCCUPIED
2026-09-29T07:44:14Z,A1,7.1,13.59,OCCUPIED
2026-09-29T07:44:15Z,A1,5.7,16.74,OCCUPIED
2026-09-29T07:44:16Z,A1,8.4,13.85,OCCUPIED
2026-09-29T07:44:17Z,A1,8.7,16.74,OCCUPIED
2026-09-29T07:44:18Z,A1,5.9,10.37,OCCUPIED
2026-09-29T07:44:19Z,A1,34.0,11.98,OCCUPIED
2026-09-29T07:44:20Z,A1,36.2,12.85,FREE
2026-09-29T07:44:21Z,A1,35.3,10.80,FREE
2026-09-29T07:44:22Z,A1,39.6,10.81,FREE
2026-09-29T07:44:23Z,A1,34.5,17.02,FREE
2026-09-29T07:44:24Z,A1,38.8,14.55,FREE
2026-09-29T07:44:25Z,A1,33.7,18.41,FREE
2026-09-29T07:44:26Z,A1,35.4,12.76,FREE
2026-09-29T07:44:27Z,A1,6.1,20.94,FREE
2026-09-29T07:44:28Z,A1,8.2,11.91,OCCUPIED
2026-09-29T07:44:29Z,A1,400.0,6.83,OCCUPIED
2026-09-29T07:44:30Z,A1,5.4,10.83,OCCUPIED
2026-09-29T07:44:31Z,A1,6.1,11.22,OCCUPIED
2026-09-29T07:44:32Z,A1,5.6,36.50,OCCUPIED
2026-09-29T07:44:33Z,A1,7.4,18.78,OCCUPIED
2026-09-29T07:44:34Z,A1,8.3,13.78,OCCUPIED
2026-09-29T07:44:35Z,A1,34.1,18.61,OCCUPIED
2026-09-29T07:44:36Z,A1,33.7,17.13,FREE
2026-09-29T07:44:37Z,A1,37.6,18.07,FREE
2026-09-29T07:44:38Z,A1,36.7,10.22,FREE
2026-09-29T07:44:39Z,A1,36.0,28.18,FREE
2026-09-29T07:44:40Z,A1,36.6,10.74,FREE
2026-09-29T07:44:41Z,A1,38.3,9.87,FREE
2026-09-29T07:44:42Z,A1,34.3,9.87,FREE
2026-09-29T07:44:43Z,A1,8.1,18.76,FREE
2026-09-29T07:44:44Z,A1,0.0,8.91,FREE
2026-09-29T07:44:45Z,A1,5.4,19.13,OCCUPIED
2026-09-29T07:44:46Z,A1,6.8,13.87,OCCUPIED
                                                                                                                                                                                                                                                                                                                                                                                                                                                                                                                                                                                                                                                                                                                                                                                                                                                                                                                                                                                                                                                                                                                                                                                        2026-09-30T03:17:49Z,A1,39.9,16.48,FREE
2026-09-30T03:17:50Z,A1,34.9,17.41,FREE
2026-09-30T03:17:51Z,A1,36.8,11.11,FREE
2026-09-30T03:17:52Z,A1,38.4,10.80,FREE
2026-09-30T03:17:53Z,A1,37.0,10.87,FREE
2026-09-30T03:17:54Z,A1,7.5,15.89,FREE
2026-09-30T03:17:55Z,A1,7.1,27.67,OCCUPIED
2026-09-30T03:17:56Z,A1,9.0,11.56,OCCUPIED
2026-09-30T03:17:57Z,A1,7.7,13.83,OCCUPIED
2026-09-30T03:17:58Z,A1,9.0,13.54,OCCUPIED
2026-09-30T03:17:59Z,A1,5.5,12.65,OCCUPIED
2026-09-30T03:18:00Z,A1,6.4,17.78,OCCUPIED
2026-09-30T03:18:01Z,A1,5.3,18.28,OCCUPIED
2026-09-30T03:18:02Z,A1,38.0,12.72,OCCUPIED
2026-09-30T03:18:03Z,A1,37.1,16.89,FREE
2026-09-30T03:18:04Z,A1,39.5,19.83,FREE
2026-09-30T03:18:05Z,A1,37.6,10.89,FREE
2026-09-30T03:18:06Z,A1,34.9,16.78,FREE
2026-09-30T03:18:07Z,A1,37.4,15.26,FREE
2026-09-30T03:18:08Z,A1,36.4,15.48,FREE
2026-09-30T03:18:09Z,A1,35.2,17.24,FREE
2026-09-30T03:18:10Z,A1,8.3,19.70,FREE
2026-09-30T03:18:33Z,A1,7.8,22.22,OCCUPIED
2026-09-30T03:18:34Z,A1,38.4,20.57,OCCUPIED
2026-09-30T03:18:35Z,A1,36.8,19.98,FREE
2026-09-30T03:18:36Z,A1,39.6,18.43,FREE
2026-09-30T03:18:37Z,A1,38.2,17.74,FREE
2026-09-30T03:18:38Z,A1,37.2,16.28,FREE
2026-09-30T03:18:39Z,A1,34.3,17.74,FREE
2026-09-30T03:18:40Z,A1,35.9,16.93,FREE
2026-09-30T03:18:41Z,A1,0.0,8.81,FREE
2026-09-30T03:18:42Z,A1,6.7,19.32,FREE
2026-09-30T03:18:43Z,A1,5.6,20.02,OCCUPIED
2026-09-30T03:18:44Z,A1,6.6,17.54,OCCUPIED
2026-09-30T03:18:45Z,A1,5.3,17.80,OCCUPIED
2026-09-30T03:18:46Z,A1,8.9,16.37,OCCUPIED
2026-09-30T03:18:47Z,A1,8.4,18.04,OCCUPIED
2026-09-30T03:18:48Z,A1,5.3,13.45,OCCUPIED
2026-09-30T03:18:49Z,A1,6.7,11.22,OCCUPIED
2026-09-30T03:18:50Z,A1,400.0,6.87,OCCUPIED
2026-09-30T03:18:51Z,A1,34.3,12.80,OCCUPIED
2026-09-30T03:18:52Z,A1,35.7,12.54,FREE
2026-09-30T03:18:53Z,A1,38.1,19.28,FREE
2026-09-30T03:19:01Z,A1,6.5,18.08,FREE
2026-09-30T03:19:03Z,A1,5.1,20.54,OCCUPIED
2026-09-30T03:19:04Z,A1,7.0,17.80,OCCUPIED
2026-09-30T03:19:07Z,A1,34.8,20.15,OCCUPIED
2026-09-30T03:19:08Z,A1,36.5,17.76,FREE
2026-09-30T03:19:09Z,A1,33.2,16.32,FREE
2026-09-30T03:19:10Z,A1,33.7,19.54,FREE
2026-09-30T03:19:11Z,A1,37.3,17.57,FREE
2026-09-30T03:19:12Z,A1,36.1,19.06,FREE
2026-09-30T03:19:13Z,A1,37.0,16.26,FREE
2026-09-30T03:19:15Z,A1,7.7,20.35,FREE
2026-09-30T03:19:16Z,A1,5.9,12.28,OCCUPIED
2026-09-30T03:19:17Z,A1,6.4,10.30,OCCUPIED
2026-09-30T03:19:18Z,A1,7.3,11.26,OCCUPIED
2026-09-30T03:19:21Z,A1,6.9,15.57,OCCUPIED
2026-09-30T03:19:22Z,A1,400.0,10.09,OCCUPIED
2026-09-30T03:19:23Z,A1,33.2,17.95,OCCUPIED
2026-09-30T03:19:24Z,A1,38.1,18.59,FREE
2026-09-30T03:19:30Z,A1,5.9,19.33,FREE
2026-09-30T03:19:31Z,A1,7.4,12.06,OCCUPIED
2026-09-30T03:19:32Z,A1,6.2,11.06,OCCUPIED
2026-09-30T03:19:33Z,A1,5.9,10.80,OCCUPIED
2026-09-30T03:19:34Z,A1,8.1,10.30,OCCUPIED
2026-09-30T03:19:35Z,A1,6.8,11.19,OCCUPIED
2026-09-30T03:19:36Z,A1,6.2,17.50,OCCUPIED
2026-09-30T03:19:37Z,A1,6.0,15.43,OCCUPIED
2026-09-30T03:19:38Z,A1,37.5,17.59,OCCUPIED
2026-09-30T03:19:39Z,A1,39.4,22.46,FREE
2026-09-30T03:19:40Z,A1,36.9,14.96,FREE
2026-09-30T03:19:41Z,A1,37.9,21.56,FREE
2026-09-30T03:19:42Z,A1,34.0,16.93,FREE
2026-09-30T03:19:43Z,A1,35.3,20.57,FREE
2026-09-30T03:19:44Z,A1,36.1,19.74,FREE
2026-09-30T03:19:45Z,A1,37.1,19.02,FREE
2026-09-30T03:19:46Z,A1,5.8,21.30,FREE
2026-09-30T03:19:47Z,A1,6.3,22.45,OCCUPIED
2026-09-30T03:19:48Z,A1,5.1,16.61,OCCUPIED
2026-09-30T03:19:54Z,A1,35.8,19.59,OCCUPIED
2026-09-30T03:19:56Z,A1,39.4,12.43,FREE
2026-09-30T03:19:57Z,A1,37.8,11.19,FREE
2026-09-30T03:19:58Z,A1,37.5,10.63,FREE
2026-09-30T03:19:59Z,A1,37.9,11.33,FREE
2026-09-30T03:20:00Z,A1,35.8,10.85,FREE
2026-09-30T03:20:01Z,A1,39.8,17.56,FREE
2026-09-30T03:20:02Z,A1,6.1,12.04,FREE
2026-09-30T03:20:03Z,A1,5.7,12.70,OCCUPIED
2026-09-30T03:20:04Z,A1,7.4,10.67,OCCUPIED
2026-09-30T03:20:05Z,A1,6.6,18.50,OCCUPIED
2026-09-30T03:20:06Z,A1,8.6,10.95,OCCUPIED
2026-09-30T03:20:07Z,A1,8.6,18.17,OCCUPIED
2026-09-30T03:20:08Z,A1,6.5,10.67,OCCUPIED
2026-09-30T03:20:09Z,A1,5.2,10.50,OCCUPIED
2026-09-30T03:20:10Z,A1,35.8,12.26,OCCUPIED
2026-09-30T03:20:11Z,A1,39.4,13.52,FREE
2026-09-30T03:20:12Z,A1,33.5,19.82,FREE
2026-09-30T03:20:13Z,A1,33.5,19.57,FREE
2026-09-30T03:20:14Z,A1,33.8,19.15,FREE
2026-09-30T03:20:15Z,A1,38.0,24.35,FREE
2026-09-30T03:20:16Z,A1,34.1,11.07,FREE
2026-09-30T03:20:17Z,A1,39.7,10.74,FREE
2026-09-30T03:20:18Z,A1,7.3,14.07,FREE
2026-09-30T03:20:19Z,A1,6.9,19.72,OCCUPIED
2026-09-30T03:20:20Z,A1,7.9,17.26,OCCUPIED
2026-09-30T03:20:21Z,A1,8.6,16.95,OCCUPIED
2026-09-30T03:20:22Z,A1,7.7,17.20,OCCUPIED
2026-09-30T03:20:23Z,A1,7.9,16.52,OCCUPIED
2026-09-30T03:20:24Z,A1,5.5,16.06,OCCUPIED
2026-09-30T03:20:31Z,A1,33.6,19.46,OCCUPIED
2026-09-30T03:20:32Z,A1,34.5,17.30,FREE
2026-09-30T03:20:33Z,A1,34.6,16.26,FREE
2026-09-30T03:20:34Z,A1,5.7,19.07,FREE
2026-09-30T03:20:35Z,A1,7.2,18.70,OCCUPIED
2026-09-30T03:20:36Z,A1,6.0,17.41,OCCUPIED
2026-09-30T03:20:37Z,A1,8.9,16.17,OCCUPIED
2026-09-30T03:20:38Z,A1,8.8,17.06,OCCUPIED
2026-09-30T03:20:46Z,A1,34.6,18.69,OCCUPIED
2026-09-30T03:20:47Z,A1,37.3,19.87,FREE
2026-09-30T03:20:49Z,A1,34.4,18.43,FREE
2026-09-30T03:20:50Z,A1,0.0,8.76,FREE
2026-09-30T03:20:51Z,A1,8.4,21.07,FREE
2026-09-30T03:20:52Z,A1,5.2,22.30,OCCUPIED
2026-09-30T03:20:53Z,A1,8.7,19.00,OCCUPIED
2026-09-30T03:20:54Z,A1,0.0,8.93,OCCUPIED
2026-09-30T03:21:01Z,A1,38.0,21.57,OCCUPIED
2026-09-30T03:21:03Z,A1,34.8,13.19,FREE
2026-09-30T03:21:04Z,A1,34.4,11.33,FREE
2026-09-30T03:21:05Z,A1,39.5,11.43,FREE
2026-09-30T03:21:06Z,A1,5.2,12.07,FREE
2026-09-30T03:21:07Z,A1,6.7,21.43,OCCUPIED
2026-09-30T03:21:08Z,A1,7.6,14.98,OCCUPIED
2026-09-30T03:21:09Z,A1,5.2,11.89,OCCUPIED
2026-09-30T03:21:10Z,A1,8.8,10.91,OCCUPIED
2026-09-30T03:21:11Z,A1,6.4,11.17,OCCUPIED
2026-09-30T03:21:12Z,A1,8.6,10.43,OCCUPIED
2026-09-30T03:21:13Z,A1,8.2,11.48,OCCUPIED
2026-09-30T03:21:14Z,A1,39.6,19.56,OCCUPIED
2026-09-30T03:21:15Z,A1,33.7,20.61,FREE
2026-09-30T03:21:16Z,A1,38.7,12.28,FREE
2026-09-30T03:21:17Z,A1,39.7,11.78,FREE
2026-09-30T03:21:18Z,A1,36.2,11.55,FREE
2026-09-30T03:21:19Z,A1,36.9,10.87,FREE
2026-09-30T03:21:20Z,A1,37.0,10.44,FREE
2026-09-30T03:21:21Z,A1,36.0,17.09,FREE
2026-09-30T03:21:22Z,A1,9.0,18.52,FREE
2026-09-30T03:21:24Z,A1,7.6,20.07,OCCUPIED
2026-09-30T03:21:25Z,A1,6.8,12.83,OCCUPIED
2026-09-30T03:21:26Z,A1,5.2,12.98,OCCUPIED
2026-09-30T03:21:27Z,A1,6.7,11.46,OCCUPIED
2026-09-30T03:21:28Z,A1,6.3,11.05,OCCUPIED
2026-09-30T03:21:29Z,A1,6.0,11.15,OCCUPIED
2026-09-30T03:21:31Z,A1,36.1,15.54,OCCUPIED
2026-09-30T03:21:32Z,A1,34.1,18.32,FREE
2026-09-30T03:21:48Z,A1,34.7,10.06,FREE
2026-09-30T03:21:49Z,A1,35.6,11.04,FREE
2026-09-30T03:21:50Z,A1,38.7,10.81,FREE
2026-09-30T03:21:51Z,A1,35.9,10.30,FREE
2026-09-30T03:21:52Z,A1,35.1,10.06,FREE
2026-09-30T03:21:53Z,A1,38.0,15.28,FREE
2026-09-30T03:21:54Z,A1,5.0,17.93,FREE
2026-09-30T03:21:55Z,A1,6.9,43.76,OCCUPIED
2026-09-30T03:21:56Z,A1,6.2,18.98,OCCUPIED
2026-09-30T03:21:57Z,A1,6.3,14.59,OCCUPIED
2026-09-30T03:21:58Z,A1,5.7,18.30,OCCUPIED
2026-09-30T03:21:59Z,A1,5.7,13.98,OCCUPIED
2026-09-30T03:22:00Z,A1,8.3,14.65,OCCUPIED
2026-09-30T03:22:04Z,A1,33.1,16.57,OCCUPIED
2026-09-30T03:22:05Z,A1,38.8,20.19,FREE
2026-09-30T03:22:06Z,A1,38.0,11.06,FREE
2026-09-30T03:22:07Z,A1,39.2,35.39,FREE
2026-09-30T03:22:08Z,A1,36.5,10.65,FREE
2026-09-30T03:22:09Z,A1,35.8,11.54,FREE
2026-09-30T03:22:10Z,A1,5.1,12.56,FREE
2026-09-30T03:22:11Z,A1,6.5,19.74,OCCUPIED
2026-09-30T03:22:12Z,A1,8.1,16.56,OCCUPIED
2026-09-30T03:22:13Z,A1,7.9,17.41,OCCUPIED
2026-09-30T03:22:14Z,A1,7.1,16.93,OCCUPIED
2026-09-30T03:22:15Z,A1,5.5,19.69,OCCUPIED
2026-09-30T03:22:16Z,A1,8.6,20.20,OCCUPIED
2026-09-30T03:22:17Z,A1,7.8,10.83,OCCUPIED
2026-09-30T03:22:18Z,A1,37.4,12.07,OCCUPIED
2026-09-30T03:22:19Z,A1,400.0,6.35,OCCUPIED
2026-09-30T03:22:20Z,A1,37.7,12.50,FREE
2026-09-30T03:22:21Z,A1,37.9,10.81,FREE
2026-09-30T03:22:25Z,A1,33.8,15.20,FREE
2026-09-30T03:22:26Z,A1,6.7,20.89,FREE
2026-09-30T03:22:27Z,A1,7.1,21.85,OCCUPIED
2026-09-30T03:22:28Z,A1,6.5,16.28,OCCUPIED
2026-09-30T03:22:29Z,A1,5.6,19.61,OCCUPIED
2026-09-30T03:22:30Z,A1,7.6,10.78,OCCUPIED
2026-09-30T03:22:31Z,A1,5.9,11.43,OCCUPIED
2026-09-30T03:22:32Z,A1,5.4,11.13,OCCUPIED
2026-09-30T03:22:33Z,A1,7.7,11.57,OCCUPIED
2026-09-30T03:22:34Z,A1,33.2,12.15,OCCUPIED
2026-09-30T03:22:36Z,A1,38.7,20.17,FREE
2026-09-30T03:22:37Z,A1,400.0,10.52,FREE
2026-09-30T03:22:38Z,A1,38.0,20.13,FREE
2026-09-30T03:22:39Z,A1,34.7,15.95,FREE
2026-09-30T03:22:51Z,A1,39.8,16.87,FREE
2026-09-30T03:22:52Z,A1,37.4,16.57,FREE
2026-09-30T03:22:53Z,A1,36.2,18.76,FREE
2026-09-30T03:22:54Z,A1,35.8,15.74,FREE
2026-09-30T03:22:55Z,A1,34.8,18.80,FREE
2026-09-30T03:22:56Z,A1,33.1,17.19,FREE
2026-09-30T03:22:57Z,A1,34.9,16.74,FREE
2026-09-30T03:22:58Z,A1,6.7,18.57,FREE
2026-09-30T03:22:59Z,A1,7.1,21.56,OCCUPIED
2026-09-30T03:23:00Z,A1,5.8,15.00,OCCUPIED
2026-09-30T03:23:05Z,A1,7.6,10.96,OCCUPIED
2026-09-30T03:23:08Z,A1,33.6,21.61,OCCUPIED
2026-09-30T03:23:09Z,A1,36.5,14.81,FREE
2026-09-30T03:23:10Z,A1,36.4,38.37,FREE
2026-09-30T03:23:11Z,A1,37.6,10.48,FREE
2026-09-30T03:23:12Z,A1,2.0,11.17,FREE
2026-09-30T03:23:24Z,A1,35.6,18.78,FREE
2026-09-30T03:23:25Z,A1,38.3,17.11,FREE
2026-09-30T03:23:26Z,A1,38.5,16.57,FREE
2026-09-30T03:23:27Z,A1,37.1,16.39,FREE
2026-09-30T03:23:28Z,A1,34.5,18.06,FREE
2026-09-30T03:23:29Z,A1,0.0,8.61,FREE
2026-09-30T03:23:30Z,A1,6.4,19.05,FREE
2026-09-30T03:23:31Z,A1,8.1,18.19,OCCUPIED
2026-09-30T03:23:32Z,A1,6.3,15.74,OCCUPIED
2026-09-30T03:23:33Z,A1,6.7,14.54,OCCUPIED
2026-09-30T03:23:42Z,A1,39.1,12.61,OCCUPIED
2026-09-30T03:23:43Z,A1,34.4,13.00,FREE
2026-09-30T03:23:44Z,A1,35.5,11.07,FREE
2026-09-30T03:23:45Z,A1,2.0,12.28,FREE
2026-09-30T03:23:51Z,A1,5.6,19.80,OCCUPIED
2026-09-30T03:23:52Z,A1,5.2,18.57,OCCUPIED
2026-09-30T03:23:53Z,A1,7.6,17.17,OCCUPIED
2026-09-30T03:23:54Z,A1,39.0,18.11,OCCUPIED
2026-09-30T03:23:55Z,A1,36.8,19.87,FREE
2026-09-30T03:23:56Z,A1,33.3,16.93,FREE
2026-09-30T03:23:57Z,A1,0.0,6.54,FREE
2026-09-30T03:23:58Z,A1,38.6,18.89,FREE
2026-09-30T03:24:02Z,A1,400.0,10.80,FREE
2026-09-30T03:24:03Z,A1,2.0,19.43,FREE
2026-09-30T03:24:04Z,A1,8.0,21.43,OCCUPIED
2026-09-30T03:24:05Z,A1,8.9,19.09,OCCUPIED
2026-09-30T03:24:06Z,A1,2.0,18.09,OCCUPIED
2026-09-30T03:24:07Z,A1,5.8,18.09,OCCUPIED
2026-09-30T03:24:08Z,A1,7.9,16.96,OCCUPIED
2026-09-30T03:24:09Z,A1,6.3,16.93,OCCUPIED
2026-09-30T03:24:10Z,A1,33.5,18.43,OCCUPIED
2026-09-30T03:24:11Z,A1,39.5,24.54,FREE
2026-09-30T03:24:12Z,A1,39.1,10.89,FREE
2026-09-30T03:24:13Z,A1,38.0,10.54,FREE
2026-09-30T03:24:14Z,A1,39.3,10.09,FREE
2026-09-30T03:24:15Z,A1,38.8,10.80,FREE
2026-09-30T03:24:16Z,A1,38.6,11.30,FREE
2026-09-30T03:24:17Z,A1,38.1,16.85,FREE
2026-09-30T03:24:18Z,A1,8.0,21.28,FREE
2026-09-30T03:24:19Z,A1,7.6,21.70,OCCUPIED
2026-09-30T03:24:20Z,A1,7.1,10.78,OCCUPIED
2026-09-30T03:24:21Z,A1,7.4,10.70,OCCUPIED
2026-09-30T03:24:22Z,A1,8.9,11.13,OCCUPIED
2026-09-30T03:24:23Z,A1,5.2,10.67,OCCUPIED
2026-09-30T03:24:24Z,A1,8.9,11.09,OCCUPIED
2026-09-30T03:24:25Z,A1,5.0,16.68,OCCUPIED
2026-09-30T03:24:26Z,A1,35.1,20.93,OCCUPIED
2026-09-30T03:24:27Z,A1,35.5,20.46,FREE
2026-09-30T03:24:28Z,A1,35.3,17.87,FREE
2026-09-30T03:24:29Z,A1,36.9,19.50,FREE
2026-09-30T03:24:30Z,A1,0.0,11.24,FREE
2026-09-30T03:24:31Z,A1,37.7,16.05,FREE
2026-09-30T03:24:32Z,A1,36.8,18.96,FREE
2026-09-30T03:24:33Z,A1,35.0,17.17,FREE
2026-09-30T03:24:34Z,A1,6.7,18.11,FREE
2026-09-30T03:24:53Z,A1,6.0,13.07,OCCUPIED
2026-09-30T03:24:54Z,A1,7.4,11.04,OCCUPIED
2026-09-30T03:24:56Z,A1,5.6,10.81,OCCUPIED
2026-09-30T03:24:57Z,A1,8.6,18.22,OCCUPIED
2026-09-30T03:24:58Z,A1,33.7,21.48,OCCUPIED
2026-09-30T03:24:59Z,A1,36.1,12.19,FREE
2026-09-30T03:25:00Z,A1,33.4,10.52,FREE
2026-09-30T03:25:01Z,A1,35.2,10.57,FREE
2026-09-30T03:25:02Z,A1,37.3,11.26,FREE
2026-09-30T03:25:03Z,A1,2.0,11.41,FREE
2026-09-30T03:25:04Z,A1,36.6,19.09,FREE
2026-09-30T03:25:05Z,A1,39.6,16.06,FREE
2026-09-30T03:25:06Z,A1,7.5,19.93,FREE
2026-09-30T03:25:07Z,A1,6.5,19.87,OCCUPIED
2026-09-30T03:25:08Z,A1,6.8,15.56,OCCUPIED
2026-09-30T03:25:29Z,A1,5.2,17.04,OCCUPIED
2026-09-30T03:25:30Z,A1,33.9,17.43,OCCUPIED
2026-09-30T03:25:31Z,A1,36.2,20.26,FREE
2026-09-30T03:25:32Z,A1,39.5,17.07,FREE
2026-09-30T03:25:33Z,A1,39.4,16.52,FREE
2026-09-30T03:25:34Z,A1,37.5,17.04,FREE
2026-09-30T03:25:35Z,A1,34.5,14.78,FREE
2026-09-30T03:25:36Z,A1,38.0,16.33,FREE
2026-09-30T03:25:37Z,A1,39.9,17.00,FREE
2026-09-30T03:25:38Z,A1,8.8,19.15,FREE
2026-09-30T03:25:39Z,A1,6.4,21.02,OCCUPIED
2026-09-30T03:25:40Z,A1,7.4,16.85,OCCUPIED
2026-09-30T03:25:41Z,A1,7.6,18.57,OCCUPIED
2026-09-30T03:25:42Z,A1,6.0,18.70,OCCUPIED
2026-09-30T03:25:43Z,A1,6.6,36.32,OCCUPIED
2026-09-30T03:25:45Z,A1,8.0,16.63,OCCUPIED
2026-09-30T03:25:46Z,A1,33.1,17.18,OCCUPIED
2026-09-30T03:25:47Z,A1,34.7,12.94,FREE
2026-09-30T03:25:48Z,A1,36.0,11.93,FREE
2026-09-30T03:25:49Z,A1,35.3,10.11,FREE
2026-09-30T03:25:50Z,A1,35.8,10.48,FREE
2026-09-30T03:25:51Z,A1,36.8,18.63,FREE
2026-09-30T03:25:55Z,A1,6.7,21.57,FREE
2026-09-30T03:25:56Z,A1,7.1,20.07,OCCUPIED
2026-09-30T03:25:58Z,A1,7.1,16.41,OCCUPIED
2026-09-30T03:25:59Z,A1,7.3,15.11,OCCUPIED
2026-09-30T03:26:00Z,A1,6.3,16.89,OCCUPIED
2026-09-30T03:26:01Z,A1,35.3,17.46,OCCUPIED
2026-09-30T03:26:04Z,A1,35.0,13.20,FREE
2026-09-30T03:26:05Z,A1,35.4,11.52,FREE
2026-09-30T03:26:06Z,A1,36.6,10.43,FREE
2026-09-30T03:26:07Z,A1,39.9,18.09,FREE
2026-09-30T03:26:08Z,A1,38.0,11.52,FREE
2026-09-30T03:26:09Z,A1,35.2,19.33,FREE
2026-09-30T03:26:10Z,A1,8.9,12.43,FREE
2026-09-30T03:26:12Z,A1,5.1,12.30,OCCUPIED
2026-09-30T03:26:13Z,A1,7.8,16.02,OCCUPIED
2026-09-30T03:26:14Z,A1,7.8,17.68,OCCUPIED
2026-09-30T03:26:15Z,A1,8.2,18.00,OCCUPIED
2026-09-30T03:26:16Z,A1,6.5,19.50,OCCUPIED
2026-09-30T03:26:17Z,A1,5.9,17.02,OCCUPIED
2026-09-30T03:26:18Z,A1,34.6,18.15,OCCUPIED
2026-09-30T03:26:19Z,A1,38.5,13.00,FREE
2026-09-30T03:26:37Z,A1,37.1,16.89,FREE
2026-09-30T03:26:38Z,A1,34.1,15.46,FREE
2026-09-30T03:26:39Z,A1,39.3,16.35,FREE
2026-09-30T03:26:40Z,A1,35.6,17.11,FREE
2026-09-30T03:26:41Z,A1,39.9,16.72,FREE
2026-09-30T03:26:42Z,A1,6.8,19.74,FREE
2026-09-30T03:26:43Z,A1,6.3,18.13,OCCUPIED
2026-09-30T03:26:44Z,A1,8.4,17.28,OCCUPIED
2026-09-30T03:26:45Z,A1,6.4,18.59,OCCUPIED
2026-09-30T03:26:46Z,A1,6.0,17.11,OCCUPIED
2026-09-30T03:26:47Z,A1,5.2,17.74,OCCUPIED
2026-09-30T03:26:48Z,A1,6.3,17.50,OCCUPIED
2026-09-30T03:26:49Z,A1,5.7,16.80,OCCUPIED
2026-09-30T03:27:05Z,A1,37.2,9.04,FREE
2026-09-30T03:27:06Z,A1,37.7,8.31,FREE
2026-09-30T03:27:07Z,A1,34.7,6.85,FREE
2026-09-30T03:27:08Z,A1,38.7,7.04,FREE
2026-09-30T03:27:09Z,A1,35.3,6.37,FREE
2026-09-30T03:27:10Z,A1,39.2,10.46,FREE
2026-09-30T03:27:11Z,A1,37.4,5.96,FREE
2026-09-30T03:27:12Z,A1,39.4,9.46,FREE
2026-09-30T03:27:13Z,A1,5.7,9.65,FREE
2026-09-30T03:27:14Z,A1,8.6,16.63,OCCUPIED
2026-09-30T03:27:15Z,A1,5.8,6.28,OCCUPIED
2026-09-30T03:27:19Z,A1,6.9,10.98,OCCUPIED
2026-09-30T03:27:20Z,A1,6.5,10.13,OCCUPIED
2026-09-30T03:27:21Z,A1,37.7,12.43,OCCUPIED
2026-09-30T03:27:22Z,A1,36.8,14.31,FREE
2026-09-30T03:27:23Z,A1,33.4,6.11,FREE
2026-09-30T03:27:24Z,A1,38.9,10.87,FREE
2026-09-30T03:27:25Z,A1,35.4,16.30,FREE
2026-09-30T03:27:26Z,A1,33.4,16.63,FREE
2026-09-30T03:27:27Z,A1,36.1,16.20,FREE
2026-09-30T03:27:28Z,A1,38.9,18.54,FREE
2026-09-30T03:27:29Z,A1,8.4,19.48,FREE
2026-09-30T03:27:30Z,A1,2.0,17.00,OCCUPIED
2026-09-30T03:27:30Z,A1,39.9,9.11,FREE
2026-09-30T03:27:32Z,A1,5.6,5.76,OCCUPIED
2026-09-30T03:27:32Z,A1,35.5,11.26,FREE
2026-09-30T03:27:33Z,A1,5.7,6.61,OCCUPIED
2026-09-30T03:27:33Z,A1,38.2,6.32,FREE
2026-09-30T03:27:34Z,A1,5.3,6.50,OCCUPIED
2026-09-30T03:27:34Z,A1,34.0,6.00,FREE
2026-09-30T03:27:35Z,A1,8.6,11.98,OCCUPIED
2026-09-30T03:27:35Z,A1,39.0,6.93,FREE
2026-09-30T03:27:36Z,A1,7.0,16.35,OCCUPIED
2026-09-30T03:27:36Z,A1,36.2,11.87,FREE
2026-09-30T03:27:56Z,A1,8.1,14.09,FREE
2026-09-30T03:27:56Z,A1,39.8,11.35,OCCUPIED
2026-09-30T03:27:57Z,A1,8.6,23.95,OCCUPIED
2026-09-30T03:27:57Z,A1,35.2,16.74,FREE
2026-09-30T03:27:58Z,A1,7.0,11.30,OCCUPIED
2026-09-30T03:27:58Z,A1,37.5,10.46,FREE
2026-09-30T03:27:59Z,A1,8.9,11.63,OCCUPIED
2026-09-30T03:27:59Z,A1,40.0,11.83,FREE
2026-09-30T03:28:00Z,A1,8.1,8.72,OCCUPIED
2026-09-30T03:28:00Z,A1,37.1,8.17,FREE
2026-09-30T03:28:01Z,A1,7.5,11.63,OCCUPIED
2026-09-30T03:28:01Z,A1,5.1,13.69,FREE
2026-09-30T03:28:02Z,A1,8.6,16.91,OCCUPIED
2026-09-30T03:28:02Z,A1,5.7,17.04,OCCUPIED
2026-09-30T03:28:03Z,A1,34.3,23.06,OCCUPIED
2026-09-30T03:28:03Z,A1,6.6,13.07,OCCUPIED
2026-09-30T03:28:04Z,A1,0.0,11.85,OCCUPIED
2026-09-30T03:28:04Z,A1,5.2,16.28,OCCUPIED
2026-09-30T03:28:07Z,A1,34.4,16.65,FREE
2026-09-30T03:28:07Z,A1,8.0,10.33,OCCUPIED
2026-09-30T03:28:08Z,A1,37.2,11.72,FREE
2026-09-30T03:28:08Z,A1,7.8,10.93,OCCUPIED
2026-09-30T03:28:09Z,A1,39.4,10.98,FREE
2026-09-30T03:28:09Z,A1,8.4,11.83,OCCUPIED
2026-09-30T03:28:10Z,A1,33.6,11.02,FREE
2026-09-30T03:28:10Z,A1,38.2,13.78,OCCUPIED
2026-09-30T03:28:11Z,A1,5.0,14.02,FREE
2026-09-30T03:28:11Z,A1,39.0,15.00,FREE
2026-09-30T03:28:12Z,A1,9.0,14.50,OCCUPIED
2026-09-30T03:28:12Z,A1,35.8,12.48,FREE
2026-09-30T03:28:13Z,A1,8.4,12.15,OCCUPIED
2026-09-30T03:28:13Z,A1,36.2,12.57,FREE
2026-09-30T03:28:14Z,A1,7.4,10.09,OCCUPIED
2026-09-30T03:28:14Z,A1,34.7,12.39,FREE
2026-09-30T03:28:15Z,A1,5.4,10.69,OCCUPIED
2026-09-30T03:28:15Z,A1,36.9,11.61,FREE
2026-09-30T03:28:16Z,A1,5.3,11.65,OCCUPIED
2026-09-30T03:28:16Z,A1,35.8,11.45,FREE
2026-09-30T03:28:17Z,A1,7.2,14.02,OCCUPIED
2026-09-30T03:28:17Z,A1,5.2,12.69,FREE
2026-09-30T03:28:18Z,A1,5.1,9.67,OCCUPIED
2026-09-30T03:28:18Z,A1,6.6,9.17,OCCUPIED
2026-09-30T03:28:19Z,A1,34.0,10.65,OCCUPIED
2026-09-30T03:28:19Z,A1,400.0,3.98,OCCUPIED
2026-09-30T03:28:20Z,A1,34.8,11.11,FREE
2026-09-30T03:28:20Z,A1,6.8,8.02,OCCUPIED
2026-09-30T03:28:21Z,A1,6.0,6.85,OCCUPIED
2026-09-30T03:28:21Z,A1,40.0,6.76,FREE
2026-09-30T03:28:22Z,A1,5.1,13.83,OCCUPIED
2026-09-30T03:28:22Z,A1,39.6,13.85,FREE
2026-09-30T03:28:23Z,A1,5.7,6.85,OCCUPIED
2026-09-30T03:28:23Z,A1,36.5,8.31,FREE
2026-09-30T03:28:24Z,A1,6.9,23.69,OCCUPIED
2026-09-30T03:28:24Z,A1,2.0,11.26,FREE
2026-09-30T03:28:25Z,A1,38.9,13.63,OCCUPIED
2026-09-30T03:28:25Z,A1,34.5,6.70,FREE
2026-09-30T03:28:26Z,A1,37.8,11.72,FREE
2026-09-30T03:28:26Z,A1,33.6,7.43,FREE
2026-09-30T03:28:27Z,A1,8.8,16.26,FREE
2026-09-30T03:28:27Z,A1,39.6,13.59,FREE
2026-09-30T03:28:28Z,A1,6.6,16.68,OCCUPIED
2026-09-30T03:28:28Z,A1,38.4,13.69,FREE
2026-09-30T03:28:41Z,A1,39.1,8.15,OCCUPIED
2026-09-30T03:28:41Z,A1,8.0,9.09,FREE
2026-09-30T03:29:03Z,A1,34.4,6.56,FREE
2026-09-30T03:29:07Z,A1,8.3,20.28,FREE
2026-09-30T03:29:09Z,A1,33.3,8.48,FREE
2026-09-30T03:29:10Z,A1,34.7,10.81,FREE
2026-09-30T03:29:11Z,A1,35.5,8.65,FREE
2026-09-30T03:29:12Z,A1,36.0,9.17,FREE
2026-09-30T03:29:13Z,A1,34.2,12.98,FREE
2026-09-30T03:29:17Z,A1,33.8,15.83,FREE
2026-09-30T03:29:18Z,A1,7.3,14.48,FREE
2026-09-30T03:29:25Z,A1,7.0,13.31,OCCUPIED
2026-09-30T03:29:26Z,A1,39.0,10.30,OCCUPIED
2026-09-30T03:29:27Z,A1,36.6,12.41,FREE
2026-09-30T03:29:28Z,A1,36.5,6.33,FREE
2026-09-30T03:29:29Z,A1,37.8,12.61,FREE
2026-09-30T03:29:30Z,A1,36.6,11.37,FREE
2026-09-30T03:29:31Z,A1,34.3,8.35,FREE
2026-09-30T03:29:32Z,A1,33.4,15.83,FREE
2026-09-30T03:29:36Z,A1,7.9,15.31,FREE
2026-09-30T03:29:37Z,A1,400.0,9.20,FREE
2026-09-30T03:29:38Z,A1,7.9,25.59,OCCUPIED
2026-09-30T03:29:39Z,A1,6.2,13.15,OCCUPIED
2026-09-30T03:29:40Z,A1,8.7,24.13,OCCUPIED
2026-09-30T03:29:41Z,A1,8.7,10.81,OCCUPIED
2026-09-30T03:29:42Z,A1,34.7,12.56,OCCUPIED
2026-09-30T03:29:43Z,A1,34.8,16.20,FREE
2026-09-30T03:29:44Z,A1,35.7,10.11,FREE
2026-09-30T03:30:02Z,A1,35.9,6.58,FREE
2026-09-30T03:30:03Z,A1,2.0,12.80,FREE
2026-09-30T03:30:04Z,A1,34.7,11.22,FREE
2026-09-30T03:30:05Z,A1,35.5,13.17,FREE
2026-09-30T03:30:06Z,A1,7.8,18.59,FREE
2026-09-30T03:30:07Z,A1,6.0,17.46,OCCUPIED
2026-09-30T03:30:08Z,A1,6.6,5.78,OCCUPIED
2026-09-30T03:30:09Z,A1,5.6,6.09,OCCUPIED
2026-09-30T03:30:10Z,A1,7.5,7.37,OCCUPIED
2026-09-30T03:30:11Z,A1,6.4,6.59,OCCUPIED
2026-09-30T03:30:12Z,A1,5.9,11.48,OCCUPIED
2026-09-30T03:30:13Z,A1,7.9,18.02,OCCUPIED
2026-09-30T03:30:14Z,A1,37.0,17.45,OCCUPIED
2026-09-30T03:30:15Z,A1,34.4,20.54,FREE
2026-09-30T03:30:16Z,A1,39.6,12.33,FREE
2026-09-30T03:30:17Z,A1,0.0,8.19,FREE
2026-09-30T03:30:18Z,A1,36.3,10.65,FREE
2026-09-30T03:30:19Z,A1,34.8,11.80,FREE
2026-09-30T03:30:20Z,A1,400.0,10.07,FREE
2026-09-30T03:30:22Z,A1,6.6,19.46,FREE
2026-09-30T03:30:23Z,A1,7.7,18.22,OCCUPIED
2026-09-30T03:30:24Z,A1,7.8,12.52,OCCUPIED
2026-09-30T03:30:25Z,A1,8.1,11.91,OCCUPIED
2026-09-30T03:30:26Z,A1,7.3,10.94,OCCUPIED
2026-09-30T03:30:27Z,A1,5.3,10.41,OCCUPIED
2026-09-30T03:30:29Z,A1,39.8,16.00,OCCUPIED
2026-09-30T03:30:30Z,A1,36.1,18.72,FREE
2026-09-30T03:30:31Z,A1,38.0,9.74,FREE
2026-09-30T03:30:32Z,A1,34.5,9.80,FREE
2026-09-30T03:30:33Z,A1,36.7,6.18,FREE
2026-09-30T03:30:35Z,A1,36.5,6.22,FREE
2026-09-30T03:30:36Z,A1,35.6,10.89,FREE
2026-09-30T03:30:37Z,A1,37.1,10.33,FREE
2026-09-30T03:31:02Z,A1,39.8,15.94,FREE
2026-09-30T03:31:03Z,A1,33.8,16.67,FREE
2026-09-30T03:31:04Z,A1,39.9,18.83,FREE
2026-09-30T03:31:05Z,A1,34.5,15.61,FREE
2026-09-30T03:31:06Z,A1,37.6,24.95,FREE
2026-09-30T03:31:08Z,A1,35.4,11.65,FREE
2026-09-30T03:31:09Z,A1,5.3,11.83,FREE
2026-09-30T03:31:10Z,A1,7.9,14.96,OCCUPIED
2026-09-30T03:31:11Z,A1,7.9,14.54,OCCUPIED
2026-09-30T03:31:13Z,A1,6.0,12.87,OCCUPIED
2026-09-30T03:31:14Z,A1,6.3,15.33,OCCUPIED
2026-09-30T03:31:15Z,A1,7.5,11.69,OCCUPIED
2026-09-30T03:31:16Z,A1,8.8,11.24,OCCUPIED
2026-09-30T03:31:17Z,A1,5.3,10.02,OCCUPIED
2026-09-30T03:31:20Z,A1,36.5,9.85,OCCUPIED
2026-09-30T03:31:21Z,A1,38.8,7.74,FREE
2026-09-30T03:31:23Z,A1,35.2,6.15,FREE
2026-09-30T03:31:24Z,A1,39.3,6.39,FREE
2026-09-30T03:31:25Z,A1,34.0,11.35,FREE
2026-09-30T03:31:26Z,A1,8.4,40.00,FREE
2026-09-30T03:31:27Z,A1,5.7,11.19,OCCUPIED
2026-09-30T03:31:28Z,A1,8.1,5.91,OCCUPIED
2026-09-30T03:31:29Z,A1,8.7,6.32,OCCUPIED
2026-09-30T03:31:30Z,A1,7.6,6.44,OCCUPIED
2026-09-30T03:31:31Z,A1,6.1,6.93,OCCUPIED
2026-09-30T03:31:32Z,A1,5.4,10.37,OCCUPIED
2026-09-30T03:31:33Z,A1,6.6,11.15,OCCUPIED
2026-09-30T03:31:34Z,A1,39.0,11.52,OCCUPIED
2026-09-30T03:31:35Z,A1,34.9,21.15,FREE
2026-09-30T03:31:36Z,A1,36.2,6.48,FREE
2026-09-30T03:31:37Z,A1,36.2,10.81,FREE
2026-09-30T03:31:38Z,A1,35.7,12.17,FREE
2026-09-30T03:31:39Z,A1,34.1,6.13,FREE
2026-09-30T03:31:40Z,A1,37.6,6.78,FREE
2026-09-30T03:31:41Z,A1,39.0,11.00,FREE
2026-09-30T03:31:42Z,A1,6.9,12.17,FREE
2026-09-30T03:31:43Z,A1,5.8,11.63,OCCUPIED
2026-09-30T03:31:44Z,A1,6.4,10.22,OCCUPIED
2026-09-30T03:31:45Z,A1,8.7,13.37,OCCUPIED
2026-09-30T03:31:46Z,A1,7.1,11.46,OCCUPIED
2026-09-30T03:31:47Z,A1,6.6,12.00,OCCUPIED
2026-09-30T03:31:48Z,A1,7.4,15.46,OCCUPIED
2026-09-30T03:31:49Z,A1,6.9,16.09,OCCUPIED
2026-09-30T03:31:50Z,A1,33.2,16.68,OCCUPIED
2026-09-30T03:31:51Z,A1,33.4,15.33,FREE
2026-09-30T03:31:52Z,A1,36.1,6.61,FREE
2026-09-30T03:31:53Z,A1,34.4,6.26,FREE
2026-09-30T03:31:54Z,A1,36.1,6.94,FREE
2026-09-30T03:31:55Z,A1,35.0,6.54,FREE
2026-09-30T03:31:56Z,A1,0.0,3.26,FREE
2026-09-30T03:31:57Z,A1,37.2,8.87,FREE
2026-09-30T03:31:58Z,A1,7.1,13.94,FREE
2026-09-30T03:31:59Z,A1,7.5,17.61,OCCUPIED
2026-09-30T03:32:00Z,A1,7.9,9.70,OCCUPIED
2026-09-30T03:32:01Z,A1,5.7,10.89,OCCUPIED
2026-09-30T03:32:02Z,A1,8.1,13.85,OCCUPIED
2026-09-30T03:32:03Z,A1,400.0,7.02,OCCUPIED
2026-09-30T03:32:04Z,A1,7.0,10.39,OCCUPIED
2026-09-30T03:32:05Z,A1,6.5,15.85,OCCUPIED
2026-09-30T03:32:06Z,A1,37.8,18.22,OCCUPIED
2026-09-30T03:32:07Z,A1,37.8,19.41,FREE
2026-09-30T03:32:08Z,A1,37.1,8.41,FREE
2026-09-30T03:32:09Z,A1,37.0,6.61,FREE
2026-09-30T03:32:10Z,A1,39.9,8.02,FREE
2026-09-30T03:32:11Z,A1,34.6,12.13,FREE
2026-09-30T03:32:12Z,A1,33.2,12.17,FREE
2026-09-30T03:32:13Z,A1,37.5,16.61,FREE
2026-09-30T03:32:14Z,A1,8.7,18.15,FREE
2026-09-30T03:32:15Z,A1,8.3,18.96,OCCUPIED
2026-09-30T03:32:16Z,A1,7.2,9.87,OCCUPIED
2026-09-30T03:32:17Z,A1,8.1,11.83,OCCUPIED
2026-09-30T03:32:18Z,A1,5.7,10.70,OCCUPIED
2026-09-30T03:32:19Z,A1,8.0,10.70,OCCUPIED
2026-09-30T03:32:20Z,A1,6.1,10.98,OCCUPIED
2026-09-30T03:32:21Z,A1,5.7,10.61,OCCUPIED
2026-09-30T03:32:22Z,A1,35.6,10.69,OCCUPIED
2026-09-30T03:32:23Z,A1,35.4,11.19,FREE
2026-09-30T03:32:24Z,A1,34.7,6.20,FREE
2026-09-30T03:32:59Z,A1,35.8,10.41,FREE
2026-09-30T03:33:00Z,A1,39.5,18.43,FREE
2026-09-30T03:33:01Z,A1,7.6,21.30,FREE
2026-09-30T03:33:02Z,A1,7.5,20.93,OCCUPIED
2026-09-30T03:33:03Z,A1,8.0,16.07,OCCUPIED
2026-09-30T03:33:04Z,A1,6.9,14.80,OCCUPIED
2026-09-30T03:33:06Z,A1,8.2,16.05,OCCUPIED
2026-09-30T03:33:07Z,A1,7.6,16.22,OCCUPIED
2026-09-30T03:33:08Z,A1,7.8,15.94,OCCUPIED
2026-09-30T03:33:09Z,A1,5.3,17.81,OCCUPIED
2026-09-30T03:33:10Z,A1,36.4,11.31,OCCUPIED
2026-09-30T03:33:11Z,A1,35.6,12.52,FREE
2026-09-30T03:33:12Z,A1,35.9,10.46,FREE
2026-09-30T03:33:13Z,A1,2.0,10.13,FREE
2026-09-30T03:33:14Z,A1,39.9,15.43,FREE
2026-09-30T03:33:15Z,A1,34.3,15.18,FREE
2026-09-30T03:33:16Z,A1,36.1,12.20,FREE
2026-09-30T03:33:17Z,A1,0.0,10.28,FREE
2026-09-30T03:33:18Z,A1,8.0,17.52,FREE
2026-09-30T03:33:19Z,A1,8.9,19.24,OCCUPIED
2026-09-30T03:33:20Z,A1,8.6,15.80,OCCUPIED
2026-09-30T03:33:21Z,A1,5.9,16.09,OCCUPIED
2026-09-30T03:33:22Z,A1,6.8,17.83,OCCUPIED
2026-09-30T03:33:23Z,A1,6.4,17.35,OCCUPIED
2026-09-30T03:33:24Z,A1,6.9,16.55,OCCUPIED
2026-09-30T03:33:25Z,A1,2.0,13.39,OCCUPIED
2026-09-30T03:33:26Z,A1,37.0,19.81,OCCUPIED
2026-09-30T03:33:27Z,A1,36.5,20.70,FREE
2026-09-30T03:34:21Z,A1,33.5,13.04,FREE
2026-09-30T03:34:40Z,A1,5.6,7.70,FREE
2026-09-30T03:34:52Z,A1,34.1,16.30,FREE
2026-09-30T03:35:00Z,A1,5.9,7.83,FREE
2026-09-30T03:35:08Z,A1,36.4,8.69,FREE
2026-09-30T03:35:09Z,A1,36.4,15.61,FREE
2026-09-30T03:35:10Z,A1,8.7,8.37,FREE
2026-09-30T03:35:11Z,A1,8.8,8.67,OCCUPIED
2026-09-30T03:35:12Z,A1,7.9,6.72,OCCUPIED
2026-09-30T03:35:13Z,A1,8.6,6.13,OCCUPIED
2026-09-30T03:35:14Z,A1,6.8,11.19,OCCUPIED
2026-09-30T03:35:15Z,A1,0.0,6.57,OCCUPIED
2026-09-30T03:35:16Z,A1,7.9,15.17,OCCUPIED
2026-09-30T03:35:17Z,A1,5.4,6.50,OCCUPIED
2026-09-30T03:35:18Z,A1,39.3,9.93,OCCUPIED
2026-09-30T03:35:19Z,A1,38.2,10.63,FREE
2026-09-30T03:35:20Z,A1,35.1,9.76,FREE
2026-09-30T03:35:21Z,A1,38.1,10.65,FREE
2026-09-30T03:35:22Z,A1,0.0,6.32,FREE
2026-09-30T03:35:23Z,A1,36.8,11.69,FREE
2026-09-30T03:35:24Z,A1,38.8,9.72,FREE
2026-09-30T03:35:25Z,A1,35.9,9.95,FREE
2026-09-30T03:35:26Z,A1,8.5,12.69,FREE
2026-09-30T03:35:27Z,A1,7.6,14.44,OCCUPIED
2026-09-30T03:35:28Z,A1,7.2,12.67,OCCUPIED
2026-09-30T03:35:39Z,A1,400.0,6.83,OCCUPIED
2026-09-30T03:35:40Z,A1,38.5,17.72,OCCUPIED
2026-09-30T03:35:41Z,A1,33.9,14.94,FREE
2026-09-30T03:35:50Z,A1,35.2,12.67,FREE
2026-09-30T03:35:51Z,A1,36.0,15.37,FREE
2026-09-30T03:35:52Z,A1,34.0,9.05,FREE
2026-09-30T03:35:53Z,A1,39.1,10.30,FREE
2026-09-30T03:35:54Z,A1,37.1,17.26,FREE
2026-09-30T03:35:55Z,A1,35.0,10.57,FREE
2026-09-30T03:35:56Z,A1,38.0,10.94,FREE
2026-09-30T03:35:57Z,A1,35.9,12.96,FREE
2026-09-30T03:35:58Z,A1,6.1,10.70,FREE
2026-09-30T03:36:30Z,A1,7.5,14.04,OCCUPIED
2026-09-30T03:36:31Z,A1,5.4,11.43,OCCUPIED
2026-09-30T03:36:32Z,A1,7.6,18.18,OCCUPIED
2026-09-30T03:36:33Z,A1,8.0,16.82,OCCUPIED
2026-09-30T03:36:34Z,A1,8.4,14.17,OCCUPIED
2026-09-30T03:36:35Z,A1,7.8,11.05,OCCUPIED
2026-09-30T03:36:36Z,A1,6.5,10.07,OCCUPIED
2026-09-30T03:36:37Z,A1,8.2,10.52,OCCUPIED
2026-09-30T03:36:38Z,A1,34.0,10.93,OCCUPIED
2026-09-30T03:36:39Z,A1,39.0,18.59,FREE
2026-09-30T03:36:50Z,A1,5.9,6.81,FREE
2026-09-30T03:36:53Z,A1,8.7,12.17,OCCUPIED
2026-09-30T03:36:56Z,A1,34.6,17.63,OCCUPIED
2026-09-30T03:36:57Z,A1,39.0,20.05,FREE
2026-09-30T03:36:59Z,A1,39.8,11.33,FREE
2026-09-30T03:37:00Z,A1,34.3,6.18,FREE
2026-09-30T03:37:01Z,A1,38.5,7.00,FREE
2026-09-30T03:37:02Z,A1,8.6,8.43,FREE
2026-09-30T03:37:10Z,A1,35.1,11.15,FREE
2026-09-30T03:37:11Z,A1,35.8,10.35,FREE
2026-09-30T03:37:12Z,A1,33.1,10.63,FREE
2026-09-30T03:37:26Z,A1,35.6,17.33,FREE
2026-09-30T03:37:27Z,A1,34.8,16.06,FREE
2026-09-30T03:37:28Z,A1,39.2,11.33,FREE
2026-09-30T03:37:29Z,A1,38.2,10.94,FREE
2026-09-30T03:37:30Z,A1,35.1,10.52,FREE
2026-09-30T03:37:31Z,A1,35.1,10.67,FREE
2026-09-30T03:37:32Z,A1,34.1,10.02,FREE
2026-09-30T03:37:33Z,A1,34.3,16.22,FREE
2026-09-30T03:37:42Z,A1,33.7,15.91,FREE
2026-09-30T03:37:43Z,A1,36.9,9.72,FREE
2026-09-30T03:37:44Z,A1,38.9,10.91,FREE
2026-09-30T03:37:47Z,A1,34.6,10.52,FREE
2026-09-30T03:37:48Z,A1,33.1,15.39,FREE
2026-09-30T03:37:49Z,A1,400.0,4.26,FREE
2026-09-30T03:37:50Z,A1,5.8,11.39,FREE
2026-09-30T03:37:51Z,A1,7.0,12.46,OCCUPIED
2026-09-30T03:37:52Z,A1,6.9,6.67,OCCUPIED
2026-09-30T03:37:53Z,A1,8.4,7.00,OCCUPIED
2026-09-30T03:37:54Z,A1,5.6,16.65,OCCUPIED
2026-09-30T03:37:55Z,A1,8.1,15.96,OCCUPIED
2026-09-30T03:37:56Z,A1,9.0,18.56,OCCUPIED
2026-09-30T03:37:57Z,A1,5.5,13.78,OCCUPIED
2026-09-30T03:37:58Z,A1,39.1,12.17,OCCUPIED
2026-09-30T03:37:59Z,A1,39.3,7.46,FREE
2026-09-30T03:38:00Z,A1,33.6,7.57,FREE
2026-09-30T03:38:01Z,A1,33.9,6.76,FREE
2026-09-30T03:38:12Z,A1,6.0,11.26,FREE
2026-09-30T03:38:13Z,A1,5.6,11.24,OCCUPIED
2026-09-30T03:38:14Z,A1,38.2,14.44,OCCUPIED
2026-09-30T03:38:15Z,A1,37.6,11.50,FREE
2026-09-30T03:38:16Z,A1,36.8,8.69,FREE
2026-09-30T03:38:19Z,A1,35.9,16.83,FREE
2026-09-30T03:38:21Z,A1,34.5,18.43,FREE
2026-09-30T03:38:22Z,A1,8.1,18.39,FREE
2026-09-30T03:38:23Z,A1,8.2,21.76,OCCUPIED
2026-09-30T03:38:24Z,A1,6.2,12.52,OCCUPIED
2026-09-30T03:38:25Z,A1,8.6,11.81,OCCUPIED
2026-09-30T03:38:26Z,A1,6.9,12.37,OCCUPIED
2026-09-30T03:38:27Z,A1,8.8,10.07,OCCUPIED
2026-09-30T03:38:28Z,A1,6.2,11.81,OCCUPIED
2026-09-30T03:38:29Z,A1,36.5,15.94,OCCUPIED
2026-09-30T03:38:30Z,A1,39.7,18.80,FREE
2026-09-30T03:38:31Z,A1,400.0,7.05,FREE
2026-09-30T03:38:32Z,A1,39.3,11.61,FREE
2026-09-30T03:38:33Z,A1,34.3,16.32,FREE
2026-09-30T03:38:34Z,A1,39.7,16.80,FREE
2026-09-30T03:38:35Z,A1,39.7,16.70,FREE
2026-09-30T03:38:49Z,A1,400.0,7.96,FREE
2026-09-30T03:38:53Z,A1,38.8,14.72,FREE
2026-09-30T03:38:54Z,A1,8.4,18.45,FREE
2026-09-30T03:38:55Z,A1,5.1,15.39,OCCUPIED
2026-09-30T03:38:56Z,A1,8.9,16.83,OCCUPIED
2026-09-30T03:38:57Z,A1,6.2,12.09,OCCUPIED
2026-09-30T03:38:58Z,A1,7.4,15.22,OCCUPIED
2026-09-30T03:38:59Z,A1,6.4,13.78,OCCUPIED
2026-09-30T03:39:00Z,A1,5.7,15.22,OCCUPIED
2026-09-30T03:39:01Z,A1,7.8,16.00,OCCUPIED
2026-09-30T03:39:02Z,A1,34.2,18.07,OCCUPIED
2026-09-30T03:39:03Z,A1,38.7,16.00,FREE
2026-09-30T03:39:04Z,A1,34.8,21.61,FREE
2026-09-30T03:39:11Z,A1,5.5,15.09,FREE
2026-09-30T03:39:13Z,A1,7.0,19.48,OCCUPIED
2026-09-30T03:39:14Z,A1,2.0,9.37,OCCUPIED
2026-09-30T03:39:15Z,A1,6.8,11.33,OCCUPIED
2026-09-30T03:39:17Z,A1,8.4,10.39,OCCUPIED
2026-09-30T03:39:18Z,A1,35.2,10.57,OCCUPIED
2026-09-30T03:39:19Z,A1,33.5,12.26,FREE
2026-09-30T03:39:20Z,A1,35.5,10.37,FREE
2026-09-30T03:39:21Z,A1,0.0,3.57,FREE
2026-09-30T03:39:22Z,A1,36.6,16.09,FREE
2026-09-30T03:39:23Z,A1,34.2,13.56,FREE
2026-09-30T03:39:24Z,A1,36.6,18.80,FREE
2026-09-30T03:39:25Z,A1,400.0,7.87,FREE
2026-09-30T03:39:26Z,A1,7.2,17.76,FREE
2026-09-30T03:39:29Z,A1,8.5,21.20,OCCUPIED
2026-09-30T03:39:31Z,A1,8.5,6.04,OCCUPIED
2026-09-30T03:39:32Z,A1,6.4,5.63,OCCUPIED
2026-09-30T03:39:33Z,A1,7.2,6.15,OCCUPIED
2026-09-30T03:39:34Z,A1,38.9,10.15,OCCUPIED
2026-09-30T03:39:36Z,A1,35.7,18.89,FREE
2026-09-30T03:39:37Z,A1,36.8,16.32,FREE
2026-09-30T03:39:38Z,A1,35.5,16.57,FREE
2026-09-30T03:39:39Z,A1,36.8,16.74,FREE
2026-09-30T03:39:40Z,A1,38.9,16.19,FREE
2026-09-30T03:39:41Z,A1,37.8,10.63,FREE
2026-09-30T03:39:42Z,A1,8.1,11.91,FREE
2026-09-30T03:39:43Z,A1,8.2,12.70,OCCUPIED
2026-09-30T03:39:44Z,A1,8.2,11.13,OCCUPIED
2026-09-30T03:39:45Z,A1,8.8,10.37,OCCUPIED
2026-09-30T03:39:46Z,A1,6.9,15.48,OCCUPIED
2026-09-30T03:39:47Z,A1,6.0,15.24,OCCUPIED
2026-09-30T03:39:48Z,A1,8.5,16.02,OCCUPIED
2026-09-30T03:39:49Z,A1,5.8,15.26,OCCUPIED
2026-09-30T03:39:50Z,A1,400.0,9.93,OCCUPIED
2026-09-30T03:39:53Z,A1,39.0,18.57,OCCUPIED
2026-09-30T03:39:54Z,A1,37.7,18.46,FREE
2026-09-30T03:39:55Z,A1,39.9,10.30,FREE
2026-09-30T03:40:03Z,A1,5.1,12.91,FREE
2026-09-30T03:40:04Z,A1,8.3,12.19,OCCUPIED
2026-09-30T03:40:07Z,A1,33.9,13.54,OCCUPIED
2026-09-30T03:40:08Z,A1,38.7,14.05,FREE
2026-09-30T03:40:09Z,A1,38.6,6.11,FREE
2026-09-30T03:40:10Z,A1,37.6,6.78,FREE
2026-09-30T03:40:11Z,A1,34.1,8.67,FREE
2026-09-30T03:40:12Z,A1,37.6,9.04,FREE
2026-09-30T03:40:14Z,A1,5.3,17.98,FREE
2026-09-30T03:40:15Z,A1,5.8,18.54,OCCUPIED
2026-09-30T03:40:16Z,A1,7.8,7.30,OCCUPIED
2026-09-30T03:40:17Z,A1,6.5,6.28,OCCUPIED
2026-09-30T03:40:18Z,A1,8.7,7.46,OCCUPIED
2026-09-30T03:40:19Z,A1,8.5,5.68,OCCUPIED
2026-09-30T03:40:20Z,A1,6.1,7.13,OCCUPIED
2026-09-30T03:40:21Z,A1,8.2,11.65,OCCUPIED
2026-09-30T03:40:22Z,A1,39.1,11.00,OCCUPIED
2026-09-30T03:40:23Z,A1,38.2,12.65,FREE
2026-09-30T03:40:24Z,A1,37.4,16.30,FREE
2026-09-30T03:40:32Z,A1,7.8,15.93,FREE
2026-09-30T03:40:33Z,A1,7.8,20.17,OCCUPIED
2026-09-30T03:40:35Z,A1,6.6,16.26,OCCUPIED
2026-09-30T03:40:36Z,A1,6.1,60.06,OCCUPIED
2026-09-30T03:40:37Z,A1,8.0,15.02,OCCUPIED
2026-09-30T03:40:38Z,A1,39.7,17.78,OCCUPIED
2026-09-30T03:40:39Z,A1,37.9,19.46,FREE
2026-09-30T03:40:40Z,A1,35.8,15.39,FREE
2026-09-30T03:40:41Z,A1,33.8,15.22,FREE
2026-09-30T03:40:42Z,A1,35.7,16.07,FREE
2026-09-30T03:40:43Z,A1,37.9,17.55,FREE
2026-09-30T03:40:44Z,A1,39.0,18.17,FREE
2026-09-30T03:40:45Z,A1,37.7,14.67,FREE
2026-09-30T03:40:46Z,A1,6.7,21.11,FREE
2026-09-30T03:40:47Z,A1,5.1,20.46,OCCUPIED
2026-09-30T03:40:48Z,A1,5.2,16.09,OCCUPIED
2026-09-30T03:40:49Z,A1,5.9,15.63,OCCUPIED
2026-09-30T03:40:50Z,A1,6.4,16.43,OCCUPIED
2026-09-30T03:40:51Z,A1,5.7,16.50,OCCUPIED
2026-09-30T03:40:52Z,A1,8.7,16.13,OCCUPIED
2026-09-30T03:40:53Z,A1,5.4,16.39,OCCUPIED
2026-09-30T03:40:54Z,A1,38.2,16.74,OCCUPIED
2026-09-30T03:40:55Z,A1,33.1,16.54,FREE
2026-09-30T03:40:56Z,A1,38.4,16.24,FREE
2026-09-30T03:40:57Z,A1,39.9,16.32,FREE
2026-09-30T03:40:58Z,A1,39.9,14.65,FREE
2026-09-30T03:40:59Z,A1,39.6,16.35,FREE
2026-09-30T03:41:00Z,A1,34.6,15.83,FREE
2026-09-30T03:41:01Z,A1,36.6,17.18,FREE
2026-09-30T03:41:02Z,A1,6.2,17.26,FREE
2026-09-30T03:41:03Z,A1,6.2,21.39,OCCUPIED
2026-09-30T03:41:04Z,A1,7.5,17.41,OCCUPIED
2026-09-30T03:41:05Z,A1,8.1,17.83,OCCUPIED
2026-09-30T03:41:06Z,A1,7.4,16.35,OCCUPIED
2026-09-30T03:41:07Z,A1,6.2,15.94,OCCUPIED
2026-09-30T03:41:08Z,A1,8.6,17.70,OCCUPIED
2026-09-30T03:41:09Z,A1,7.8,16.11,OCCUPIED
2026-09-30T03:41:10Z,A1,37.3,19.72,OCCUPIED
2026-09-30T03:41:11Z,A1,37.9,19.52,FREE
2026-09-30T03:41:12Z,A1,37.8,15.93,FREE
2026-09-30T03:41:13Z,A1,37.7,17.52,FREE
2026-09-30T03:41:14Z,A1,0.0,9.20,FREE
2026-09-30T03:41:15Z,A1,38.0,16.15,FREE
2026-09-30T03:41:44Z,A1,34.2,10.67,FREE
2026-09-30T03:41:45Z,A1,33.4,9.72,FREE
2026-09-30T03:41:46Z,A1,37.3,10.17,FREE
2026-09-30T03:41:47Z,A1,37.8,10.17,FREE
2026-09-30T03:41:48Z,A1,34.5,10.96,FREE
2026-09-30T03:41:49Z,A1,36.9,15.96,FREE
2026-09-30T03:41:50Z,A1,7.8,14.02,FREE
2026-09-30T03:41:51Z,A1,5.8,16.67,OCCUPIED
2026-09-30T03:41:52Z,A1,7.0,11.83,OCCUPIED
2026-09-30T03:41:53Z,A1,0.0,5.78,OCCUPIED
2026-09-30T03:41:54Z,A1,8.1,14.89,OCCUPIED
2026-09-30T03:41:55Z,A1,6.9,15.44,OCCUPIED
2026-09-30T03:41:56Z,A1,8.8,18.24,OCCUPIED
2026-09-30T03:41:57Z,A1,8.8,15.94,OCCUPIED
2026-09-30T03:41:59Z,A1,37.5,18.19,OCCUPIED
2026-09-30T03:42:00Z,A1,38.3,20.06,FREE
2026-09-30T03:42:01Z,A1,34.3,11.94,FREE
2026-09-30T03:42:02Z,A1,39.4,18.98,FREE
2026-09-30T03:42:03Z,A1,34.5,19.56,FREE
2026-09-30T03:42:04Z,A1,37.7,18.02,FREE
2026-09-30T03:42:05Z,A1,8.5,18.56,FREE
2026-09-30T03:42:06Z,A1,6.3,18.57,OCCUPIED
2026-09-30T03:42:07Z,A1,7.7,12.28,OCCUPIED
2026-09-30T03:42:08Z,A1,7.0,12.22,OCCUPIED
2026-09-30T03:42:09Z,A1,0.0,6.11,OCCUPIED
2026-09-30T03:42:10Z,A1,5.9,18.68,OCCUPIED
2026-09-30T03:42:11Z,A1,8.5,18.04,OCCUPIED
2026-09-30T03:42:12Z,A1,6.8,15.15,OCCUPIED
2026-09-30T03:42:13Z,A1,35.7,11.19,OCCUPIED
2026-09-30T03:42:14Z,A1,38.3,12.07,FREE
2026-09-30T03:42:15Z,A1,35.0,10.41,FREE
2026-09-30T03:42:16Z,A1,35.1,10.41,FREE
2026-09-30T03:42:17Z,A1,37.2,10.48,FREE
2026-09-30T03:42:18Z,A1,39.5,17.32,FREE
2026-09-30T03:42:19Z,A1,33.2,17.85,FREE
2026-09-30T03:42:20Z,A1,35.8,18.07,FREE
2026-09-30T03:42:21Z,A1,7.7,19.59,FREE
2026-09-30T03:42:22Z,A1,8.4,18.43,OCCUPIED
2026-09-30T03:42:23Z,A1,0.0,5.30,OCCUPIED
2026-09-30T03:42:24Z,A1,8.7,16.78,OCCUPIED
2026-09-30T03:42:25Z,A1,5.5,16.39,OCCUPIED
2026-09-30T03:42:26Z,A1,6.4,16.76,OCCUPIED
2026-09-30T03:42:27Z,A1,6.4,16.35,OCCUPIED
2026-09-30T03:42:28Z,A1,8.6,15.72,OCCUPIED
2026-09-30T03:42:29Z,A1,34.6,16.50,OCCUPIED
2026-09-30T03:42:30Z,A1,36.3,19.52,FREE
2026-09-30T03:42:31Z,A1,400.0,7.37,FREE
2026-09-30T03:42:32Z,A1,34.6,11.63,FREE
2026-09-30T03:42:33Z,A1,33.6,10.46,FREE
2026-09-30T03:42:34Z,A1,36.5,13.50,FREE
2026-09-30T03:42:35Z,A1,33.9,17.61,FREE
2026-09-30T03:42:36Z,A1,400.0,10.52,FREE
2026-09-30T03:42:37Z,A1,5.6,19.82,FREE
2026-09-30T03:42:38Z,A1,8.3,16.83,OCCUPIED
2026-09-30T03:42:39Z,A1,6.3,11.74,OCCUPIED
2026-09-30T03:42:40Z,A1,6.7,13.13,OCCUPIED
2026-09-30T03:42:41Z,A1,6.5,11.55,OCCUPIED
2026-09-30T03:42:42Z,A1,5.7,7.94,OCCUPIED
2026-09-30T03:42:52Z,A1,39.4,16.55,OCCUPIED
2026-09-30T03:42:53Z,A1,34.0,20.61,FREE
2026-09-30T03:42:54Z,A1,5.9,17.93,FREE
2026-09-30T03:42:55Z,A1,2.0,14.81,OCCUPIED
2026-09-30T03:42:56Z,A1,7.2,13.98,OCCUPIED
2026-09-30T03:42:57Z,A1,7.0,12.39,OCCUPIED
2026-09-30T03:42:58Z,A1,7.2,13.06,OCCUPIED
2026-09-30T03:42:59Z,A1,5.9,11.46,OCCUPIED
2026-09-30T03:43:00Z,A1,5.1,13.00,OCCUPIED
2026-09-30T03:43:15Z,A1,6.0,19.06,OCCUPIED
2026-09-30T03:43:16Z,A1,7.6,15.74,OCCUPIED
2026-09-30T03:43:17Z,A1,7.1,14.91,OCCUPIED
2026-09-30T03:43:18Z,A1,37.1,18.70,OCCUPIED
2026-09-30T03:43:19Z,A1,33.6,20.57,FREE
2026-09-30T03:43:20Z,A1,39.9,10.56,FREE
2026-09-30T03:43:21Z,A1,35.2,14.09,FREE
2026-09-30T03:43:22Z,A1,34.1,11.94,FREE
2026-09-30T03:43:23Z,A1,37.2,18.07,FREE
2026-09-30T03:43:24Z,A1,35.0,16.50,FREE
2026-09-30T03:43:25Z,A1,34.8,19.09,FREE
2026-09-30T03:43:26Z,A1,8.5,18.13,FREE
2026-09-30T03:43:27Z,A1,6.8,18.22,OCCUPIED
2026-09-30T03:43:40Z,A1,34.8,11.98,OCCUPIED
2026-09-30T03:43:41Z,A1,35.4,14.46,FREE
2026-09-30T03:43:44Z,A1,5.5,11.17,FREE
2026-09-30T03:43:45Z,A1,6.4,11.80,OCCUPIED
2026-09-30T03:43:46Z,A1,8.5,11.43,OCCUPIED
2026-09-30T03:44:09Z,A1,33.3,22.96,OCCUPIED
2026-09-30T03:44:10Z,A1,37.9,9.19,FREE
2026-09-30T03:44:11Z,A1,36.8,10.22,FREE
2026-09-30T03:44:12Z,A1,400.0,4.83,FREE
2026-09-30T03:44:13Z,A1,8.6,9.65,FREE
2026-09-30T03:44:14Z,A1,5.9,11.26,OCCUPIED
2026-09-30T03:44:15Z,A1,5.4,12.43,OCCUPIED
2026-09-30T03:44:16Z,A1,7.5,11.35,OCCUPIED
2026-09-30T03:44:17Z,A1,6.9,12.80,OCCUPIED
2026-09-30T03:44:23Z,A1,37.2,14.52,OCCUPIED
2026-09-30T03:44:26Z,A1,40.0,18.93,FREE
2026-09-30T03:44:28Z,A1,33.6,13.44,FREE
2026-09-30T03:44:29Z,A1,36.2,15.57,FREE
2026-09-30T03:44:30Z,A1,6.3,21.00,FREE
2026-09-30T03:44:31Z,A1,9.0,17.09,OCCUPIED
2026-09-30T03:44:32Z,A1,8.2,15.19,OCCUPIED
2026-09-30T03:44:33Z,A1,6.0,16.32,OCCUPIED
2026-09-30T03:44:34Z,A1,6.8,12.43,OCCUPIED
2026-09-30T03:44:35Z,A1,5.5,10.85,OCCUPIED
2026-09-30T03:44:36Z,A1,8.2,9.95,OCCUPIED
2026-09-30T03:44:38Z,A1,33.0,7.83,OCCUPIED
2026-09-30T03:44:39Z,A1,33.2,21.13,FREE
2026-09-30T03:44:40Z,A1,37.2,10.61,FREE
2026-09-30T03:44:41Z,A1,38.4,9.98,FREE
2026-09-30T03:44:42Z,A1,400.0,7.18,FREE
2026-09-30T03:44:43Z,A1,33.6,16.05,FREE
2026-09-30T03:44:44Z,A1,34.1,17.35,FREE
2026-09-30T03:44:45Z,A1,6.1,17.52,FREE
2026-09-30T03:44:46Z,A1,6.0,20.85,OCCUPIED
2026-09-30T03:44:47Z,A1,7.9,11.30,OCCUPIED
2026-09-30T03:44:48Z,A1,8.2,12.70,OCCUPIED
2026-09-30T03:44:49Z,A1,6.6,11.63,OCCUPIED
2026-09-30T03:44:50Z,A1,5.0,12.28,OCCUPIED
2026-09-30T03:44:51Z,A1,6.7,10.19,OCCUPIED
2026-09-30T03:44:52Z,A1,5.9,11.09,OCCUPIED
2026-09-30T03:44:53Z,A1,35.9,18.07,OCCUPIED
2026-09-30T03:44:54Z,A1,33.4,19.93,FREE
2026-09-30T03:44:55Z,A1,39.7,12.35,FREE
2026-09-30T03:44:56Z,A1,33.6,11.46,FREE
2026-09-30T03:44:57Z,A1,39.3,6.76,FREE
2026-09-30T03:44:58Z,A1,38.4,12.70,FREE
2026-09-30T03:44:59Z,A1,35.6,6.87,FREE
2026-09-30T03:45:00Z,A1,33.3,10.55,FREE
2026-09-30T03:45:12Z,A1,33.3,10.15,FREE
2026-09-30T03:45:13Z,A1,37.3,10.26,FREE
2026-09-30T03:45:14Z,A1,33.8,10.19,FREE
2026-09-30T03:45:15Z,A1,39.8,11.19,FREE
2026-09-30T03:45:16Z,A1,37.4,10.85,FREE
2026-09-30T03:45:17Z,A1,38.1,16.54,FREE
2026-09-30T03:45:18Z,A1,8.7,20.20,FREE
2026-09-30T03:45:19Z,A1,8.2,18.52,OCCUPIED
2026-09-30T03:45:20Z,A1,8.7,11.15,OCCUPIED
2026-09-30T03:45:21Z,A1,6.6,6.63,OCCUPIED
2026-09-30T03:45:22Z,A1,5.5,6.68,OCCUPIED
2026-09-30T03:45:23Z,A1,6.7,6.18,OCCUPIED
2026-09-30T03:45:24Z,A1,6.7,6.09,OCCUPIED
2026-09-30T03:45:25Z,A1,7.7,11.00,OCCUPIED
2026-09-30T03:45:27Z,A1,38.2,12.57,OCCUPIED
2026-09-30T03:45:28Z,A1,0.0,5.76,OCCUPIED
2026-09-30T03:45:29Z,A1,35.4,18.48,FREE
2026-09-30T03:45:30Z,A1,38.8,11.57,FREE
2026-09-30T03:45:31Z,A1,37.5,10.74,FREE
2026-09-30T03:45:32Z,A1,37.1,13.09,FREE
2026-09-30T03:45:51Z,A1,8.1,16.35,FREE
2026-09-30T03:45:52Z,A1,7.9,17.22,OCCUPIED
2026-09-30T03:45:53Z,A1,5.0,11.41,OCCUPIED
2026-09-30T03:45:54Z,A1,7.9,11.98,OCCUPIED
2026-09-30T03:45:55Z,A1,5.4,12.00,OCCUPIED
2026-09-30T03:45:56Z,A1,8.9,12.52,OCCUPIED
2026-09-30T03:45:57Z,A1,8.0,11.59,OCCUPIED
2026-09-30T03:45:58Z,A1,36.2,12.48,OCCUPIED
2026-09-30T03:45:59Z,A1,33.8,15.33,FREE
2026-09-30T03:46:00Z,A1,34.4,12.61,FREE
2026-09-30T03:46:01Z,A1,39.7,11.15,FREE
2026-09-30T03:46:15Z,A1,0.0,9.19,FREE
2026-09-30T03:46:16Z,A1,39.5,18.46,FREE
2026-09-30T03:46:17Z,A1,35.4,17.85,FREE
2026-09-30T03:46:18Z,A1,39.0,18.32,FREE
2026-09-30T03:46:19Z,A1,34.9,18.82,FREE
2026-09-30T03:46:21Z,A1,35.3,17.43,FREE
2026-09-30T03:46:22Z,A1,9.0,17.61,FREE
2026-09-30T03:46:23Z,A1,400.0,7.61,FREE
2026-09-30T03:46:24Z,A1,5.2,18.05,OCCUPIED
2026-09-30T03:46:25Z,A1,6.4,12.87,OCCUPIED
2026-09-30T03:46:30Z,A1,35.0,10.65,OCCUPIED
2026-09-30T03:46:44Z,A1,8.0,11.28,OCCUPIED
2026-09-30T03:46:45Z,A1,40.0,13.11,OCCUPIED
2026-09-30T03:46:46Z,A1,38.8,24.05,FREE
2026-09-30T03:46:47Z,A1,33.0,6.18,FREE
2026-09-30T03:46:59Z,A1,5.5,18.39,FREE
2026-09-30T03:47:00Z,A1,5.1,18.96,OCCUPIED
2026-09-30T03:47:01Z,A1,8.4,16.05,OCCUPIED
2026-09-30T03:47:13Z,A1,8.5,11.52,OCCUPIED
2026-09-30T03:47:14Z,A1,6.3,11.41,OCCUPIED
2026-09-30T03:47:15Z,A1,0.0,9.04,OCCUPIED
2026-09-30T03:47:16Z,A1,6.8,16.82,OCCUPIED
2026-09-30T03:47:17Z,A1,2.0,17.15,OCCUPIED
2026-09-30T03:47:18Z,A1,35.6,17.96,OCCUPIED
2026-09-30T03:47:19Z,A1,33.9,20.15,FREE
2026-09-30T03:47:20Z,A1,37.7,13.22,FREE
2026-09-30T03:47:21Z,A1,36.5,11.67,FREE
2026-09-30T03:47:22Z,A1,33.1,10.31,FREE
2026-09-30T03:47:23Z,A1,33.9,10.87,FREE
2026-09-30T03:47:24Z,A1,38.2,17.65,FREE
2026-09-30T03:47:25Z,A1,36.4,14.93,FREE
2026-09-30T03:47:26Z,A1,7.9,18.26,FREE
2026-09-30T03:47:37Z,A1,38.0,16.28,FREE
2026-09-30T03:47:38Z,A1,36.3,16.85,FREE
2026-09-30T03:47:51Z,A1,0.0,6.22,FREE
2026-09-30T03:47:52Z,A1,35.3,10.37,FREE
2026-09-30T03:47:53Z,A1,35.1,10.54,FREE
2026-09-30T03:47:54Z,A1,36.5,10.30,FREE
2026-09-30T03:47:55Z,A1,33.5,10.06,FREE
2026-09-30T03:47:56Z,A1,36.3,15.54,FREE
2026-09-30T03:47:58Z,A1,7.2,18.59,FREE
2026-09-30T03:47:59Z,A1,400.0,8.39,FREE
2026-09-30T03:48:02Z,A1,5.8,12.61,OCCUPIED
2026-09-30T03:48:03Z,A1,7.2,6.17,OCCUPIED
2026-09-30T03:48:04Z,A1,0.0,3.19,OCCUPIED
2026-09-30T03:48:05Z,A1,7.7,6.07,OCCUPIED
2026-09-30T03:48:06Z,A1,39.1,18.39,OCCUPIED
2026-09-30T03:48:07Z,A1,33.2,20.80,FREE
2026-09-30T03:48:08Z,A1,34.9,12.57,FREE
2026-09-30T03:48:09Z,A1,39.3,9.59,FREE
2026-09-30T03:48:10Z,A1,39.7,9.72,FREE
2026-09-30T03:48:20Z,A1,8.9,18.17,FREE
2026-09-30T03:48:21Z,A1,37.0,16.32,FREE
2026-09-30T03:48:22Z,A1,36.4,17.83,FREE
2026-09-30T03:48:23Z,A1,39.4,15.13,FREE
2026-09-30T03:48:24Z,A1,38.4,15.96,FREE
2026-09-30T03:48:25Z,A1,37.6,16.02,FREE
2026-09-30T03:48:26Z,A1,37.7,16.02,FREE
2026-09-30T03:48:27Z,A1,38.8,14.26,FREE
2026-09-30T03:48:28Z,A1,36.5,18.67,FREE
2026-09-30T03:48:29Z,A1,9.0,17.37,FREE
2026-09-30T03:48:30Z,A1,7.8,18.63,OCCUPIED
2026-09-30T03:48:31Z,A1,5.6,11.87,OCCUPIED
2026-09-30T03:48:32Z,A1,8.2,10.39,OCCUPIED
2026-09-30T03:48:33Z,A1,7.2,9.93,OCCUPIED
2026-09-30T03:48:34Z,A1,7.9,11.43,OCCUPIED
2026-09-30T03:48:35Z,A1,7.1,11.26,OCCUPIED
2026-09-30T03:48:36Z,A1,5.6,10.85,OCCUPIED
2026-09-30T03:48:37Z,A1,38.8,13.76,OCCUPIED
2026-09-30T03:48:38Z,A1,400.0,10.85,OCCUPIED
2026-09-30T03:48:39Z,A1,39.8,17.93,FREE
2026-09-30T03:48:49Z,A1,7.1,12.28,FREE
2026-09-30T03:48:50Z,A1,7.1,12.33,OCCUPIED
2026-09-30T03:48:53Z,A1,8.6,12.54,OCCUPIED
2026-09-30T03:48:54Z,A1,37.9,13.98,OCCUPIED
2026-09-30T03:48:55Z,A1,39.0,15.35,FREE
2026-09-30T03:48:56Z,A1,36.9,10.46,FREE
2026-09-30T03:49:01Z,A1,36.3,14.63,FREE
2026-09-30T03:49:02Z,A1,7.1,18.39,FREE
2026-09-30T03:49:05Z,A1,8.3,21.93,OCCUPIED
2026-09-30T03:49:06Z,A1,6.4,10.15,OCCUPIED
2026-09-30T03:49:07Z,A1,6.8,16.39,OCCUPIED
2026-09-30T03:49:10Z,A1,34.8,17.07,OCCUPIED
2026-09-30T03:49:11Z,A1,36.4,18.30,FREE
2026-09-30T03:49:12Z,A1,34.4,9.91,FREE
2026-09-30T03:49:13Z,A1,39.6,10.31,FREE
2026-09-30T03:49:14Z,A1,33.2,11.17,FREE
2026-09-30T03:49:15Z,A1,38.0,10.54,FREE
2026-09-30T03:49:39Z,A1,5.8,18.07,FREE
2026-09-30T03:49:40Z,A1,6.7,18.83,OCCUPIED
2026-09-30T03:49:41Z,A1,8.5,10.89,OCCUPIED
2026-09-30T03:49:42Z,A1,33.3,14.17,OCCUPIED
2026-09-30T03:49:43Z,A1,36.6,14.22,FREE
2026-09-30T03:49:46Z,A1,34.7,10.56,FREE
2026-09-30T03:49:47Z,A1,39.9,11.57,FREE
2026-09-30T03:49:48Z,A1,38.9,15.22,FREE
2026-09-30T03:49:53Z,A1,5.5,14.11,FREE
2026-09-30T03:49:54Z,A1,8.8,19.46,OCCUPIED
2026-09-30T03:49:55Z,A1,5.4,14.24,OCCUPIED
2026-09-30T03:49:56Z,A1,5.4,12.85,OCCUPIED
2026-09-30T03:49:57Z,A1,8.6,12.04,OCCUPIED
2026-09-30T03:49:58Z,A1,2.0,12.20,OCCUPIED
2026-09-30T03:49:59Z,A1,38.3,15.04,OCCUPIED
2026-09-30T03:50:00Z,A1,37.1,18.24,FREE
2026-09-30T03:50:01Z,A1,39.9,13.15,FREE
2026-09-30T03:50:02Z,A1,38.5,12.85,FREE
2026-09-30T03:50:03Z,A1,38.0,15.02,FREE
2026-09-30T03:50:04Z,A1,39.5,13.78,FREE
2026-09-30T03:50:05Z,A1,36.9,13.81,FREE
2026-09-30T03:50:06Z,A1,7.6,13.76,FREE
2026-09-30T03:50:07Z,A1,2.0,13.26,OCCUPIED
2026-09-30T03:50:08Z,A1,8.1,13.07,OCCUPIED
2026-09-30T03:50:09Z,A1,5.3,13.81,OCCUPIED
2026-09-30T03:50:10Z,A1,400.0,8.67,OCCUPIED
2026-09-30T03:50:11Z,A1,7.3,12.41,OCCUPIED
2026-09-30T03:50:22Z,A1,7.6,14.85,OCCUPIED
2026-09-30T03:50:23Z,A1,7.4,16.41,OCCUPIED
2026-09-30T03:50:24Z,A1,5.5,15.67,OCCUPIED
2026-09-30T03:50:25Z,A1,7.7,16.67,OCCUPIED
2026-09-30T03:50:26Z,A1,8.1,18.83,OCCUPIED
2026-09-30T03:50:27Z,A1,6.1,17.02,OCCUPIED
2026-09-30T03:50:28Z,A1,9.0,17.02,OCCUPIED
2026-09-30T03:50:29Z,A1,35.5,10.67,OCCUPIED
2026-09-30T03:50:30Z,A1,38.4,10.93,FREE
2026-09-30T03:50:31Z,A1,36.8,6.39,FREE
2026-09-30T03:50:32Z,A1,38.9,6.28,FREE
2026-09-30T03:50:33Z,A1,39.6,6.85,FREE
2026-09-30T03:50:35Z,A1,35.1,9.96,FREE
2026-09-30T03:50:36Z,A1,39.3,10.78,FREE
2026-09-30T03:50:37Z,A1,36.9,16.82,FREE
2026-09-30T03:51:07Z,A1,37.6,17.93,FREE
2026-09-30T03:51:08Z,A1,35.5,11.13,FREE
2026-09-30T03:51:09Z,A1,6.7,11.61,FREE
2026-09-30T03:51:10Z,A1,6.4,12.19,OCCUPIED
2026-09-30T03:51:11Z,A1,6.3,6.31,OCCUPIED
2026-09-30T03:51:12Z,A1,7.2,12.04,OCCUPIED
2026-09-30T03:51:13Z,A1,5.1,16.93,OCCUPIED
2026-09-30T03:51:14Z,A1,5.1,15.50,OCCUPIED
2026-09-30T03:51:15Z,A1,8.9,17.94,OCCUPIED
2026-09-30T03:51:20Z,A1,36.1,18.32,OCCUPIED
2026-09-30T03:51:21Z,A1,39.8,17.70,FREE
2026-09-30T03:51:31Z,A1,2.0,10.96,FREE
2026-09-30T03:51:32Z,A1,6.1,14.65,OCCUPIED
2026-09-30T03:51:33Z,A1,6.8,10.31,OCCUPIED
2026-09-30T03:51:34Z,A1,39.5,15.26,OCCUPIED
2026-09-30T03:51:35Z,A1,39.3,14.50,FREE
2026-09-30T03:51:36Z,A1,39.1,11.31,FREE
2026-09-30T03:51:37Z,A1,35.1,11.41,FREE
2026-09-30T03:51:38Z,A1,36.5,11.43,FREE
2026-09-30T03:51:39Z,A1,33.9,12.74,FREE
2026-09-30T03:51:40Z,A1,35.2,10.52,FREE
2026-09-30T03:51:46Z,A1,0.0,5.63,FREE
2026-09-30T03:51:47Z,A1,5.1,13.04,FREE
2026-09-30T03:51:55Z,A1,37.0,13.02,FREE
2026-09-30T03:51:56Z,A1,39.3,9.81,FREE
2026-09-30T03:51:59Z,A1,6.1,8.78,FREE
2026-09-30T03:52:00Z,A1,400.0,6.37,FREE
2026-09-30T03:52:01Z,A1,5.9,17.22,OCCUPIED
2026-09-30T03:52:02Z,A1,5.2,11.28,OCCUPIED
2026-09-30T03:52:03Z,A1,6.4,11.31,OCCUPIED
2026-09-30T03:52:04Z,A1,0.0,5.78,OCCUPIED
2026-09-30T03:52:05Z,A1,39.4,13.48,OCCUPIED
2026-09-30T03:52:06Z,A1,35.7,13.65,FREE
2026-09-30T03:52:07Z,A1,33.3,9.91,FREE
2026-09-30T03:52:08Z,A1,37.5,13.89,FREE
2026-09-30T03:52:09Z,A1,37.9,15.81,FREE
2026-09-30T03:52:10Z,A1,35.2,9.83,FREE
2026-09-30T03:52:11Z,A1,38.0,10.85,FREE
2026-09-30T03:52:14Z,A1,6.2,19.22,FREE
2026-09-30T03:52:15Z,A1,2.0,16.94,OCCUPIED
2026-09-30T03:52:16Z,A1,8.4,10.00,OCCUPIED
2026-09-30T03:52:17Z,A1,8.6,11.63,OCCUPIED
2026-09-30T03:52:19Z,A1,8.8,6.50,OCCUPIED
2026-09-30T03:52:20Z,A1,5.4,9.96,OCCUPIED
2026-09-30T03:52:21Z,A1,0.0,6.11,OCCUPIED
2026-09-30T03:52:22Z,A1,400.0,10.74,OCCUPIED
2026-09-30T03:52:23Z,A1,39.0,20.11,OCCUPIED
2026-09-30T03:52:40Z,A1,35.1,21.02,FREE
2026-09-30T03:52:41Z,A1,2.0,17.63,FREE
2026-09-30T03:52:42Z,A1,33.7,17.39,FREE
2026-09-30T03:52:43Z,A1,35.9,10.31,FREE
2026-09-30T03:52:45Z,A1,34.9,10.11,FREE
2026-09-30T03:52:46Z,A1,6.2,12.09,FREE
2026-09-30T03:52:47Z,A1,6.2,11.74,OCCUPIED
2026-09-30T03:53:00Z,A1,400.0,6.63,OCCUPIED
2026-09-30T03:53:16Z,A1,38.8,11.89,OCCUPIED
2026-09-30T03:53:17Z,A1,39.4,11.78,FREE
2026-09-30T03:53:18Z,A1,8.4,11.78,FREE
2026-09-30T03:53:19Z,A1,7.2,11.56,OCCUPIED
2026-09-30T03:53:20Z,A1,400.0,6.24,OCCUPIED
2026-09-30T03:53:21Z,A1,8.8,10.24,OCCUPIED
2026-09-30T03:53:22Z,A1,400.0,6.74,OCCUPIED
2026-09-30T03:53:23Z,A1,7.3,11.05,OCCUPIED
2026-09-30T03:53:24Z,A1,5.7,11.09,OCCUPIED
2026-09-30T03:53:25Z,A1,8.1,11.44,OCCUPIED
2026-09-30T03:53:26Z,A1,38.3,18.44,OCCUPIED
2026-09-30T03:53:27Z,A1,38.7,17.93,FREE
2026-09-30T03:53:28Z,A1,36.7,7.85,FREE
2026-09-30T03:53:29Z,A1,33.8,7.96,FREE
2026-09-30T03:53:30Z,A1,39.1,7.57,FREE
2026-09-30T03:53:31Z,A1,34.7,7.31,FREE
2026-09-30T03:53:32Z,A1,37.1,8.09,FREE
2026-09-30T03:53:33Z,A1,400.0,6.65,FREE
2026-09-30T03:54:01Z,A1,37.3,10.48,FREE
2026-09-30T03:54:02Z,A1,36.2,11.59,FREE
2026-09-30T03:54:03Z,A1,36.5,10.80,FREE
2026-09-30T03:54:04Z,A1,39.1,11.26,FREE
2026-09-30T03:54:05Z,A1,5.1,17.09,FREE
2026-09-30T03:54:06Z,A1,5.5,22.04,OCCUPIED
2026-09-30T03:54:07Z,A1,5.1,15.39,OCCUPIED
2026-09-30T03:54:08Z,A1,5.6,12.57,OCCUPIED
2026-09-30T03:54:09Z,A1,8.4,12.20,OCCUPIED
2026-09-30T03:54:10Z,A1,5.5,13.31,OCCUPIED
2026-09-30T03:54:11Z,A1,5.1,11.26,OCCUPIED
2026-09-30T03:54:12Z,A1,8.7,11.39,OCCUPIED
2026-09-30T03:54:13Z,A1,36.8,8.11,OCCUPIED
2026-09-30T03:54:14Z,A1,37.2,11.81,FREE
2026-09-30T03:54:15Z,A1,2.0,8.69,FREE
2026-09-30T03:54:16Z,A1,39.7,7.50,FREE
2026-09-30T03:54:17Z,A1,37.8,7.91,FREE
2026-09-30T03:54:18Z,A1,33.8,13.28,FREE
2026-09-30T03:54:19Z,A1,35.2,11.54,FREE
2026-09-30T03:54:20Z,A1,34.6,18.59,FREE
2026-09-30T03:54:21Z,A1,5.2,19.74,FREE
2026-09-30T03:54:25Z,A1,8.3,12.67,OCCUPIED
2026-09-30T03:54:26Z,A1,8.9,7.76,OCCUPIED
2026-09-30T03:54:27Z,A1,8.7,6.32,OCCUPIED
2026-09-30T03:54:28Z,A1,5.2,11.48,OCCUPIED
2026-09-30T03:54:29Z,A1,38.1,19.72,OCCUPIED
2026-09-30T03:54:31Z,A1,33.8,19.78,FREE
2026-09-30T03:54:35Z,A1,37.1,16.41,FREE
2026-09-30T03:54:36Z,A1,36.2,15.13,FREE
2026-09-30T03:54:37Z,A1,38.3,10.19,FREE
2026-09-30T03:54:43Z,A1,5.7,18.78,FREE
2026-09-30T03:54:47Z,A1,37.0,13.13,FREE
2026-09-30T03:54:48Z,A1,37.0,15.52,FREE
2026-09-30T03:54:49Z,A1,35.2,16.35,FREE
2026-09-30T03:54:50Z,A1,34.6,14.28,FREE
2026-09-30T03:54:51Z,A1,39.3,13.39,FREE
2026-09-30T03:54:52Z,A1,35.8,14.44,FREE
2026-09-30T03:54:53Z,A1,39.1,6.65,FREE
2026-09-30T03:54:54Z,A1,6.6,9.44,FREE
2026-09-30T03:54:55Z,A1,8.4,8.96,OCCUPIED
2026-09-30T03:54:56Z,A1,7.7,6.82,OCCUPIED
2026-09-30T03:54:57Z,A1,5.6,6.74,OCCUPIED
2026-09-30T03:54:58Z,A1,7.4,11.63,OCCUPIED
2026-09-30T03:55:03Z,A1,35.0,11.30,OCCUPIED
2026-09-30T03:55:04Z,A1,35.2,12.02,FREE
2026-09-30T03:55:05Z,A1,35.9,11.35,FREE
2026-09-30T03:55:06Z,A1,39.3,10.20,FREE
2026-09-30T03:55:07Z,A1,39.4,15.81,FREE
2026-09-30T03:55:08Z,A1,36.1,16.13,FREE
2026-09-30T03:55:09Z,A1,5.9,18.61,FREE
2026-09-30T03:55:10Z,A1,8.0,17.83,OCCUPIED
2026-09-30T03:55:11Z,A1,7.4,12.28,OCCUPIED
2026-09-30T03:55:12Z,A1,5.8,13.09,OCCUPIED
2026-09-30T03:55:13Z,A1,7.1,11.02,OCCUPIED
2026-09-30T03:55:14Z,A1,8.2,10.67,OCCUPIED
2026-09-30T03:55:15Z,A1,7.7,10.11,OCCUPIED
2026-09-30T03:55:16Z,A1,8.0,10.52,OCCUPIED
2026-09-30T03:55:17Z,A1,39.6,10.61,OCCUPIED
2026-09-30T03:55:18Z,A1,33.9,11.94,FREE
2026-09-30T03:55:19Z,A1,36.6,11.63,FREE
2026-09-30T03:55:20Z,A1,34.5,10.48,FREE
2026-09-30T03:55:21Z,A1,33.7,16.39,FREE
2026-09-30T03:55:22Z,A1,37.2,15.07,FREE
2026-09-30T03:55:23Z,A1,33.8,18.30,FREE
2026-09-30T03:55:32Z,A1,8.3,18.67,FREE
2026-09-30T03:55:33Z,A1,8.1,19.63,OCCUPIED
2026-09-30T03:55:34Z,A1,38.7,17.74,OCCUPIED
2026-09-30T03:55:35Z,A1,37.5,12.11,FREE
2026-09-30T03:55:36Z,A1,36.8,10.52,FREE
2026-09-30T03:55:39Z,A1,37.9,15.02,FREE
2026-09-30T03:55:47Z,A1,6.3,12.06,FREE
2026-09-30T03:55:48Z,A1,8.6,13.81,OCCUPIED
2026-09-30T03:55:49Z,A1,7.1,11.11,OCCUPIED
2026-09-30T03:55:50Z,A1,38.3,16.89,OCCUPIED
2026-09-30T03:55:51Z,A1,34.0,14.52,FREE
2026-09-30T03:55:52Z,A1,36.1,11.39,FREE
2026-09-30T03:55:53Z,A1,38.7,12.91,FREE
2026-09-30T03:55:54Z,A1,34.0,14.30,FREE
2026-09-30T03:55:55Z,A1,34.7,12.00,FREE
2026-09-30T03:55:56Z,A1,36.2,10.54,FREE
2026-09-30T03:55:57Z,A1,38.0,10.78,FREE
2026-09-30T03:55:58Z,A1,8.2,13.33,FREE
2026-09-30T03:56:11Z,A1,35.3,16.32,FREE
2026-09-30T03:56:12Z,A1,34.7,15.94,FREE
2026-09-30T03:56:23Z,A1,35.8,16.94,FREE
2026-09-30T03:56:24Z,A1,37.9,16.76,FREE
2026-09-30T03:56:25Z,A1,39.8,16.41,FREE
2026-09-30T03:56:27Z,A1,33.2,11.46,FREE
2026-09-30T03:56:28Z,A1,33.3,11.26,FREE
2026-09-30T03:56:29Z,A1,35.1,17.61,FREE
2026-09-30T03:56:30Z,A1,8.2,16.50,FREE
2026-09-30T03:56:31Z,A1,6.9,19.55,OCCUPIED
2026-09-30T03:56:32Z,A1,8.6,13.52,OCCUPIED
2026-09-30T03:56:33Z,A1,6.4,17.54,OCCUPIED
2026-09-30T03:56:34Z,A1,7.9,18.22,OCCUPIED
2026-09-30T03:56:35Z,A1,7.1,18.59,OCCUPIED
2026-09-30T03:56:36Z,A1,2.0,9.80,OCCUPIED
2026-09-30T03:56:37Z,A1,8.5,16.78,OCCUPIED
2026-09-30T03:56:38Z,A1,34.7,16.87,OCCUPIED
2026-09-30T03:56:39Z,A1,0.0,6.72,OCCUPIED
2026-09-30T03:56:40Z,A1,0.0,5.74,OCCUPIED
2026-09-30T03:56:41Z,A1,38.3,15.48,FREE
2026-09-30T03:56:42Z,A1,34.2,10.31,FREE
2026-09-30T03:56:47Z,A1,8.7,7.44,FREE
2026-09-30T03:56:59Z,A1,34.2,6.72,FREE
2026-09-30T03:57:00Z,A1,36.9,12.22,FREE
2026-09-30T03:57:01Z,A1,39.8,10.67,FREE
2026-09-30T03:57:02Z,A1,7.1,12.78,FREE
2026-09-30T03:57:03Z,A1,6.8,12.13,OCCUPIED
2026-09-30T03:57:04Z,A1,7.2,9.81,OCCUPIED
2026-09-30T03:57:05Z,A1,7.8,11.76,OCCUPIED
2026-09-30T03:57:06Z,A1,5.5,15.85,OCCUPIED
2026-09-30T03:57:07Z,A1,5.8,10.11,OCCUPIED
2026-09-30T03:57:08Z,A1,7.2,15.91,OCCUPIED
2026-09-30T03:57:09Z,A1,8.4,10.61,OCCUPIED
2026-09-30T03:57:13Z,A1,39.0,7.65,OCCUPIED
2026-09-30T03:57:16Z,A1,38.9,19.91,FREE
2026-09-30T03:57:17Z,A1,36.0,14.59,FREE
2026-09-30T03:57:18Z,A1,5.0,16.87,FREE
2026-09-30T03:57:19Z,A1,7.1,18.07,OCCUPIED
2026-09-30T03:57:20Z,A1,8.6,15.69,OCCUPIED
2026-09-30T03:57:21Z,A1,7.1,15.43,OCCUPIED
2026-09-30T03:57:32Z,A1,35.3,18.91,OCCUPIED
2026-09-30T03:57:33Z,A1,6.6,15.48,OCCUPIED
2026-09-30T03:57:34Z,A1,7.9,16.31,OCCUPIED
2026-09-30T03:57:35Z,A1,8.3,15.98,OCCUPIED
2026-09-30T03:57:36Z,A1,6.3,18.44,OCCUPIED
2026-09-30T03:57:37Z,A1,7.7,15.80,OCCUPIED
2026-09-30T03:57:38Z,A1,5.9,16.09,OCCUPIED
2026-09-30T03:57:39Z,A1,8.8,16.28,OCCUPIED
2026-09-30T03:57:40Z,A1,5.2,17.32,OCCUPIED
2026-09-30T03:57:41Z,A1,33.9,20.00,OCCUPIED
2026-09-30T03:57:42Z,A1,36.0,15.56,FREE
2026-09-30T03:57:43Z,A1,39.0,7.41,FREE
2026-09-30T03:57:44Z,A1,37.0,6.02,FREE
2026-09-30T03:57:45Z,A1,34.0,7.11,FREE
2026-09-30T03:57:46Z,A1,37.3,9.09,FREE
2026-09-30T03:57:47Z,A1,35.5,18.94,FREE
2026-09-30T03:57:53Z,A1,7.7,10.30,FREE
2026-09-30T03:57:54Z,A1,8.5,12.20,OCCUPIED
2026-09-30T03:57:55Z,A1,7.4,5.91,OCCUPIED
2026-09-30T03:57:56Z,A1,6.3,12.07,OCCUPIED
2026-09-30T03:57:57Z,A1,8.8,17.74,OCCUPIED
2026-09-30T03:57:58Z,A1,37.2,20.91,OCCUPIED
2026-09-30T03:57:59Z,A1,34.3,11.24,FREE
2026-09-30T03:58:01Z,A1,39.8,6.55,FREE
2026-09-30T03:58:02Z,A1,33.4,6.59,FREE
2026-09-30T03:58:03Z,A1,34.9,11.85,FREE
2026-09-30T03:58:04Z,A1,39.3,13.39,FREE
2026-09-30T03:58:05Z,A1,34.6,17.45,FREE
2026-09-30T03:58:06Z,A1,5.2,18.20,FREE
2026-09-30T03:58:07Z,A1,6.3,19.50,OCCUPIED
2026-09-30T03:58:08Z,A1,8.2,11.69,OCCUPIED
2026-09-30T03:58:09Z,A1,6.7,10.46,OCCUPIED
2026-09-30T03:58:10Z,A1,6.5,19.89,OCCUPIED
2026-09-30T03:58:11Z,A1,8.9,8.91,OCCUPIED
2026-09-30T03:58:12Z,A1,7.2,8.39,OCCUPIED
2026-09-30T03:58:13Z,A1,5.2,7.81,OCCUPIED
2026-09-30T03:58:14Z,A1,35.0,8.24,OCCUPIED
2026-09-30T03:58:15Z,A1,39.5,10.54,FREE
2026-09-30T03:58:16Z,A1,33.7,9.24,FREE
2026-09-30T03:58:17Z,A1,37.6,11.37,FREE
2026-09-30T03:58:53Z,A1,2.0,19.93,FREE
2026-09-30T03:58:54Z,A1,5.3,19.85,OCCUPIED
2026-09-30T03:58:55Z,A1,6.3,209.35,OCCUPIED
2026-09-30T03:58:56Z,A1,7.2,11.85,OCCUPIED
2026-09-30T03:58:58Z,A1,5.8,10.67,OCCUPIED
2026-09-30T03:58:59Z,A1,5.4,12.06,OCCUPIED
2026-09-30T03:59:00Z,A1,7.5,11.37,OCCUPIED
2026-09-30T03:59:01Z,A1,34.5,10.80,OCCUPIED
2026-09-30T03:59:02Z,A1,39.7,20.33,FREE
2026-09-30T03:59:04Z,A1,35.2,8.30,FREE
2026-09-30T03:59:05Z,A1,37.1,7.57,FREE
2026-09-30T03:59:06Z,A1,34.5,10.89,FREE
2026-09-30T03:59:07Z,A1,36.1,11.22,FREE
2026-09-30T03:59:09Z,A1,37.1,16.48,FREE
2026-09-30T03:59:10Z,A1,5.8,14.56,FREE
2026-09-30T03:59:11Z,A1,7.8,11.78,OCCUPIED
2026-09-30T03:59:12Z,A1,5.5,12.76,OCCUPIED
2026-09-30T03:59:13Z,A1,5.4,11.98,OCCUPIED
2026-09-30T03:59:14Z,A1,7.4,6.87,OCCUPIED
2026-09-30T03:59:15Z,A1,8.8,6.98,OCCUPIED
2026-09-30T03:59:16Z,A1,6.0,10.93,OCCUPIED
2026-09-30T03:59:17Z,A1,6.1,11.78,OCCUPIED
2026-09-30T03:59:18Z,A1,39.8,10.26,OCCUPIED
2026-09-30T03:59:19Z,A1,39.3,13.00,FREE
2026-09-30T03:59:20Z,A1,37.2,10.02,FREE
2026-09-30T03:59:21Z,A1,37.1,12.72,FREE
2026-09-30T03:59:22Z,A1,33.4,9.26,FREE
2026-09-30T03:59:23Z,A1,2.0,12.43,FREE
2026-09-30T03:59:24Z,A1,39.5,14.48,FREE
2026-09-30T03:59:25Z,A1,5.8,18.09,FREE
2026-09-30T03:59:26Z,A1,8.2,12.04,OCCUPIED
2026-09-30T03:59:27Z,A1,6.5,8.19,OCCUPIED
2026-09-30T03:59:28Z,A1,5.5,8.37,OCCUPIED
2026-09-30T03:59:37Z,A1,33.7,11.93,OCCUPIED
2026-09-30T03:59:38Z,A1,400.0,6.43,OCCUPIED
2026-09-30T03:59:39Z,A1,36.7,12.35,FREE
2026-09-30T03:59:40Z,A1,36.4,10.31,FREE
2026-09-30T03:59:41Z,A1,35.2,10.43,FREE
2026-09-30T03:59:42Z,A1,7.2,17.85,FREE
2026-09-30T03:59:43Z,A1,8.4,17.83,OCCUPIED
2026-09-30T03:59:44Z,A1,7.0,16.37,OCCUPIED
2026-09-30T03:59:45Z,A1,9.0,16.65,OCCUPIED
2026-09-30T03:59:46Z,A1,7.3,15.81,OCCUPIED
2026-09-30T03:59:47Z,A1,5.5,11.00,OCCUPIED
2026-09-30T03:59:49Z,A1,38.7,11.19,OCCUPIED
2026-09-30T03:59:50Z,A1,39.1,10.70,FREE
2026-09-30T03:59:51Z,A1,39.2,8.50,FREE
2026-09-30T03:59:52Z,A1,39.0,14.41,FREE
2026-09-30T03:59:53Z,A1,36.4,13.52,FREE
2026-09-30T03:59:57Z,A1,34.5,15.31,FREE
2026-09-30T03:59:58Z,A1,8.3,17.28,FREE
2026-09-30T03:59:59Z,A1,8.4,18.68,OCCUPIED
2026-09-30T04:00:00Z,A1,2.0,11.74,OCCUPIED
2026-09-30T04:00:01Z,A1,5.7,9.72,OCCUPIED
2026-09-30T04:00:02Z,A1,6.5,15.07,OCCUPIED
2026-09-30T04:00:03Z,A1,7.4,14.50,OCCUPIED
2026-09-30T04:00:04Z,A1,6.3,15.80,OCCUPIED
2026-09-30T04:00:05Z,A1,8.0,16.04,OCCUPIED
2026-09-30T04:00:06Z,A1,34.2,17.41,OCCUPIED
2026-09-30T04:00:08Z,A1,39.8,8.33,FREE
2026-09-30T04:00:09Z,A1,39.9,8.24,FREE
2026-09-30T04:00:10Z,A1,37.6,6.82,FREE
2026-09-30T04:00:11Z,A1,35.9,7.85,FREE
2026-09-30T04:00:15Z,A1,7.8,17.04,FREE
2026-09-30T04:00:16Z,A1,7.7,21.37,OCCUPIED
2026-09-30T04:00:17Z,A1,6.9,16.56,OCCUPIED
2026-09-30T04:00:18Z,A1,8.8,10.63,OCCUPIED
2026-09-30T04:00:19Z,A1,8.2,10.43,OCCUPIED
2026-09-30T04:00:20Z,A1,8.8,9.65,OCCUPIED
2026-09-30T04:00:21Z,A1,8.2,10.33,OCCUPIED
2026-09-30T04:00:22Z,A1,34.2,11.52,OCCUPIED
2026-09-30T04:00:24Z,A1,2.0,12.76,OCCUPIED
2026-09-30T04:00:25Z,A1,39.2,15.87,OCCUPIED
2026-09-30T04:00:26Z,A1,37.8,16.70,FREE
2026-09-30T04:00:27Z,A1,39.0,16.17,FREE
2026-09-30T04:00:28Z,A1,39.5,8.63,FREE
2026-09-30T04:00:29Z,A1,33.2,7.89,FREE
2026-09-30T04:00:30Z,A1,8.2,8.13,FREE
2026-09-30T04:00:31Z,A1,7.8,9.04,OCCUPIED
2026-09-30T04:00:32Z,A1,5.7,6.94,OCCUPIED
2026-09-30T04:00:33Z,A1,7.8,10.50,OCCUPIED
2026-09-30T04:00:34Z,A1,8.2,10.20,OCCUPIED
2026-09-30T04:00:35Z,A1,5.7,15.28,OCCUPIED
2026-09-30T04:00:36Z,A1,8.6,17.46,OCCUPIED
2026-09-30T04:00:37Z,A1,6.1,14.31,OCCUPIED
2026-09-30T04:00:38Z,A1,400.0,5.82,OCCUPIED
2026-09-30T04:00:39Z,A1,34.8,16.33,OCCUPIED
2026-09-30T04:00:43Z,A1,39.0,7.18,FREE
2026-09-30T04:00:44Z,A1,33.6,7.96,FREE
2026-09-30T04:00:45Z,A1,35.6,6.11,FREE
2026-09-30T04:00:48Z,A1,8.0,8.04,FREE
2026-09-30T04:00:49Z,A1,6.0,10.19,OCCUPIED
2026-09-30T04:00:50Z,A1,8.5,7.04,OCCUPIED
2026-09-30T04:00:51Z,A1,7.5,6.74,OCCUPIED
2026-09-30T04:00:52Z,A1,9.0,11.48,OCCUPIED
2026-09-30T04:00:53Z,A1,7.5,18.00,OCCUPIED
2026-09-30T04:00:54Z,A1,2.0,10.98,OCCUPIED
2026-09-30T04:00:55Z,A1,33.3,14.54,OCCUPIED
2026-09-30T04:00:56Z,A1,36.5,21.04,FREE
2026-09-30T04:00:57Z,A1,38.0,11.57,FREE
2026-09-30T04:00:58Z,A1,39.3,6.22,FREE
2026-09-30T04:00:59Z,A1,38.2,11.56,FREE
2026-09-30T04:01:00Z,A1,33.2,7.02,FREE
2026-09-30T04:01:01Z,A1,36.8,7.17,FREE
2026-09-30T04:01:02Z,A1,8.7,8.85,FREE
2026-09-30T04:01:03Z,A1,7.4,19.87,OCCUPIED
2026-09-30T04:01:04Z,A1,7.0,7.11,OCCUPIED
2026-09-30T04:01:05Z,A1,400.0,4.74,OCCUPIED
2026-09-30T04:01:06Z,A1,7.9,7.37,OCCUPIED
2026-09-30T04:01:07Z,A1,6.3,9.89,OCCUPIED
2026-09-30T04:01:08Z,A1,5.6,10.15,OCCUPIED
2026-09-30T04:01:09Z,A1,6.0,18.45,OCCUPIED
2026-09-30T04:01:10Z,A1,33.0,17.41,OCCUPIED
2026-09-30T04:01:29Z,A1,36.4,20.87,FREE
2026-09-30T04:01:30Z,A1,37.7,17.43,FREE
2026-09-30T04:01:31Z,A1,34.1,14.94,FREE
2026-09-30T04:01:32Z,A1,34.3,18.15,FREE
2026-09-30T04:01:33Z,A1,36.2,16.18,FREE
2026-09-30T04:01:36Z,A1,7.4,15.83,FREE
2026-09-30T04:01:37Z,A1,7.3,13.87,OCCUPIED
2026-09-30T04:01:38Z,A1,7.2,11.98,OCCUPIED
2026-09-30T04:01:39Z,A1,8.9,6.96,OCCUPIED
2026-09-30T04:01:40Z,A1,6.4,10.65,OCCUPIED
2026-09-30T04:01:41Z,A1,5.9,11.09,OCCUPIED
2026-09-30T04:01:42Z,A1,36.5,11.17,OCCUPIED
2026-09-30T04:01:43Z,A1,37.2,11.54,FREE
2026-09-30T04:01:44Z,A1,34.6,10.72,FREE
2026-09-30T04:01:45Z,A1,34.2,15.72,FREE
2026-09-30T04:01:46Z,A1,36.5,16.09,FREE
2026-09-30T04:01:47Z,A1,38.9,15.24,FREE
2026-09-30T04:01:48Z,A1,35.6,16.37,FREE
2026-09-30T04:01:49Z,A1,36.6,12.50,FREE
2026-09-30T04:01:50Z,A1,5.3,19.82,FREE
2026-09-30T04:01:51Z,A1,6.9,20.93,OCCUPIED
2026-09-30T04:01:52Z,A1,6.9,11.19,OCCUPIED
2026-09-30T04:01:54Z,A1,5.4,15.67,OCCUPIED
2026-09-30T04:01:55Z,A1,6.3,15.48,OCCUPIED
2026-09-30T04:01:56Z,A1,6.5,16.26,OCCUPIED
2026-09-30T04:01:57Z,A1,34.1,14.81,OCCUPIED
2026-09-30T04:01:58Z,A1,36.0,18.37,FREE
2026-09-30T04:01:59Z,A1,34.9,9.11,FREE
2026-09-30T04:02:00Z,A1,37.3,8.35,FREE
2026-09-30T04:02:01Z,A1,37.6,9.02,FREE
2026-09-30T04:02:02Z,A1,37.5,7.89,FREE
2026-09-30T04:02:03Z,A1,36.9,7.50,FREE
2026-09-30T04:02:04Z,A1,34.3,14.52,FREE
2026-09-30T04:02:07Z,A1,6.4,17.55,FREE
2026-09-30T04:02:19Z,A1,35.1,18.56,FREE
2026-09-30T04:02:20Z,A1,35.4,15.67,FREE
2026-09-30T04:02:21Z,A1,38.9,15.30,FREE
2026-09-30T04:02:22Z,A1,6.1,18.63,FREE
2026-09-30T04:02:23Z,A1,5.4,18.33,OCCUPIED
2026-09-30T04:02:24Z,A1,5.8,17.09,OCCUPIED
2026-09-30T04:02:25Z,A1,8.2,18.68,OCCUPIED
2026-09-30T04:02:26Z,A1,6.9,17.13,OCCUPIED
2026-09-30T04:02:27Z,A1,8.3,16.24,OCCUPIED
2026-09-30T04:02:28Z,A1,6.6,17.78,OCCUPIED
2026-09-30T04:02:29Z,A1,7.2,11.06,OCCUPIED
2026-09-30T04:02:30Z,A1,35.1,12.02,OCCUPIED
2026-09-30T04:02:31Z,A1,33.4,11.24,FREE
2026-09-30T04:02:32Z,A1,39.9,7.48,FREE
2026-09-30T04:02:33Z,A1,0.0,3.09,FREE
2026-09-30T04:02:34Z,A1,37.0,12.94,FREE
2026-09-30T04:02:35Z,A1,38.4,16.52,FREE
2026-09-30T04:02:36Z,A1,39.2,17.85,FREE
2026-09-30T04:02:37Z,A1,38.0,18.00,FREE
2026-09-30T04:02:38Z,A1,6.4,18.00,FREE
2026-09-30T04:02:39Z,A1,8.3,12.28,OCCUPIED
2026-09-30T04:02:40Z,A1,8.1,6.30,OCCUPIED
2026-09-30T04:02:41Z,A1,6.2,6.00,OCCUPIED
2026-09-30T04:02:42Z,A1,5.0,7.63,OCCUPIED
2026-09-30T04:02:43Z,A1,8.7,6.35,OCCUPIED
2026-09-30T04:02:44Z,A1,7.3,15.02,OCCUPIED
2026-09-30T04:02:45Z,A1,35.5,19.15,OCCUPIED
2026-09-30T04:02:46Z,A1,35.0,18.20,FREE
2026-09-30T04:02:47Z,A1,37.8,11.11,FREE
2026-09-30T04:02:48Z,A1,33.1,13.31,FREE
2026-09-30T04:02:49Z,A1,37.9,10.85,FREE
2026-09-30T04:02:50Z,A1,39.2,9.87,FREE
2026-09-30T04:02:51Z,A1,35.0,6.94,FREE
2026-09-30T04:02:52Z,A1,37.8,6.44,FREE
2026-09-30T04:02:53Z,A1,6.7,11.04,FREE
2026-09-30T04:02:54Z,A1,6.8,16.72,OCCUPIED
2026-09-30T04:02:55Z,A1,8.3,12.33,OCCUPIED
2026-09-30T04:02:56Z,A1,7.5,13.41,OCCUPIED
2026-09-30T04:02:57Z,A1,8.2,12.72,OCCUPIED
2026-09-30T04:02:58Z,A1,6.8,11.20,OCCUPIED
2026-09-30T04:03:07Z,A1,37.8,20.85,OCCUPIED
2026-09-30T04:03:15Z,A1,8.3,17.26,OCCUPIED
2026-09-30T04:03:16Z,A1,7.1,15.50,OCCUPIED
2026-09-30T04:03:17Z,A1,35.9,17.35,OCCUPIED
2026-09-30T04:03:21Z,A1,37.2,17.57,FREE
2026-09-30T04:03:22Z,A1,37.2,11.09,FREE
2026-09-30T04:03:23Z,A1,36.7,12.41,FREE
2026-09-30T04:03:25Z,A1,39.1,17.24,FREE
2026-09-30T04:03:26Z,A1,6.3,16.87,FREE
2026-09-30T04:03:27Z,A1,8.6,18.24,OCCUPIED
2026-09-30T04:03:28Z,A1,6.4,14.45,OCCUPIED
2026-09-30T04:03:29Z,A1,7.1,15.80,OCCUPIED
2026-09-30T04:03:30Z,A1,8.9,16.22,OCCUPIED
2026-09-30T04:03:31Z,A1,6.8,15.50,OCCUPIED
2026-09-30T04:03:32Z,A1,5.5,15.65,OCCUPIED
2026-09-30T04:03:33Z,A1,6.8,15.46,OCCUPIED
2026-09-30T04:03:34Z,A1,38.2,19.32,OCCUPIED
2026-09-30T04:03:35Z,A1,37.0,17.83,FREE
2026-09-30T04:03:36Z,A1,37.1,12.74,FREE
2026-09-30T04:03:37Z,A1,35.3,14.72,FREE
2026-09-30T04:03:38Z,A1,36.8,17.20,FREE
2026-09-30T04:03:39Z,A1,36.0,14.41,FREE
2026-09-30T04:03:40Z,A1,39.1,9.91,FREE
2026-09-30T04:03:41Z,A1,36.2,9.87,FREE
2026-09-30T04:03:42Z,A1,5.9,11.69,FREE
2026-09-30T04:03:43Z,A1,5.8,11.22,OCCUPIED
2026-09-30T04:03:44Z,A1,6.8,10.67,OCCUPIED
2026-09-30T04:03:45Z,A1,8.8,15.89,OCCUPIED
2026-09-30T04:03:46Z,A1,5.9,13.61,OCCUPIED
2026-09-30T04:03:47Z,A1,6.1,16.00,OCCUPIED
2026-09-30T04:03:48Z,A1,8.7,18.18,OCCUPIED
2026-09-30T04:03:49Z,A1,6.8,15.15,OCCUPIED
2026-09-30T04:03:50Z,A1,35.5,10.76,OCCUPIED
2026-09-30T04:03:51Z,A1,38.4,11.70,FREE
2026-09-30T04:03:52Z,A1,33.3,10.48,FREE
2026-09-30T04:04:01Z,A1,6.5,17.70,FREE
2026-09-30T04:04:02Z,A1,8.5,15.63,OCCUPIED
2026-09-30T04:04:03Z,A1,7.1,14.85,OCCUPIED
2026-09-30T04:04:04Z,A1,5.7,15.57,OCCUPIED
2026-09-30T04:04:05Z,A1,7.3,12.56,OCCUPIED
2026-09-30T04:04:06Z,A1,35.4,17.93,OCCUPIED
2026-09-30T04:04:07Z,A1,34.6,17.50,FREE
2026-09-30T04:04:08Z,A1,39.8,6.20,FREE
2026-09-30T04:04:09Z,A1,34.1,5.80,FREE
2026-09-30T04:04:10Z,A1,33.8,5.82,FREE
2026-09-30T04:04:11Z,A1,35.9,6.54,FREE
2026-09-30T04:04:12Z,A1,33.8,5.91,FREE
2026-09-30T04:04:13Z,A1,38.9,11.59,FREE
2026-09-30T04:04:14Z,A1,5.2,13.81,FREE
2026-09-30T04:04:15Z,A1,7.8,15.15,OCCUPIED
2026-09-30T04:04:16Z,A1,7.4,12.09,OCCUPIED
2026-09-30T04:04:17Z,A1,5.0,10.24,OCCUPIED
2026-09-30T04:04:18Z,A1,7.0,13.00,OCCUPIED
2026-09-30T04:04:19Z,A1,8.1,11.93,OCCUPIED
2026-09-30T04:04:20Z,A1,5.1,11.57,OCCUPIED
2026-09-30T04:04:21Z,A1,8.8,14.93,OCCUPIED
2026-09-30T04:04:22Z,A1,33.8,13.65,OCCUPIED
2026-09-30T04:04:23Z,A1,34.2,19.15,FREE
2026-09-30T04:04:24Z,A1,33.2,11.54,FREE
2026-09-30T04:04:25Z,A1,33.7,12.94,FREE
2026-09-30T04:04:26Z,A1,34.5,13.37,FREE
2026-09-30T04:04:27Z,A1,37.4,11.22,FREE
2026-09-30T04:04:28Z,A1,38.6,8.50,FREE
2026-09-30T04:04:29Z,A1,39.8,9.26,FREE
2026-09-30T04:04:30Z,A1,7.6,11.59,FREE
2026-09-30T04:04:31Z,A1,6.8,17.61,OCCUPIED
2026-09-30T04:04:33Z,A1,6.2,13.17,OCCUPIED
2026-09-30T04:04:34Z,A1,5.6,15.70,OCCUPIED
2026-09-30T04:04:35Z,A1,5.3,13.67,OCCUPIED
2026-09-30T04:04:36Z,A1,7.2,17.20,OCCUPIED
2026-09-30T04:04:38Z,A1,38.1,13.33,OCCUPIED
2026-09-30T04:04:39Z,A1,400.0,6.65,OCCUPIED
2026-09-30T04:04:40Z,A1,37.0,9.96,FREE
2026-09-30T04:04:41Z,A1,39.3,8.61,FREE
2026-09-30T04:04:42Z,A1,34.0,6.17,FREE
2026-09-30T04:04:43Z,A1,39.3,5.98,FREE
2026-09-30T04:04:44Z,A1,35.9,6.30,FREE
2026-09-30T04:04:45Z,A1,8.8,17.24,FREE
2026-09-30T04:04:46Z,A1,5.1,16.93,OCCUPIED
2026-09-30T04:04:47Z,A1,6.0,9.52,OCCUPIED
2026-09-30T04:04:48Z,A1,8.2,9.69,OCCUPIED
2026-09-30T04:04:49Z,A1,8.6,13.24,OCCUPIED
2026-09-30T04:04:50Z,A1,9.0,6.06,OCCUPIED
2026-09-30T04:04:51Z,A1,6.7,7.52,OCCUPIED
2026-09-30T04:04:53Z,A1,6.3,17.43,OCCUPIED
2026-09-30T04:04:54Z,A1,0.0,8.76,OCCUPIED
2026-09-30T04:04:55Z,A1,34.5,11.37,OCCUPIED
2026-09-30T04:04:56Z,A1,37.1,18.24,FREE
2026-09-30T04:04:57Z,A1,35.5,14.22,FREE
2026-09-30T04:04:58Z,A1,34.6,16.00,FREE
2026-09-30T04:04:59Z,A1,38.5,15.61,FREE
2026-09-30T04:05:00Z,A1,38.0,15.89,FREE
2026-09-30T04:05:01Z,A1,33.4,10.46,FREE
2026-09-30T04:05:02Z,A1,6.2,10.98,FREE
2026-09-30T04:05:03Z,A1,6.4,11.26,OCCUPIED
2026-09-30T04:05:04Z,A1,8.8,10.15,OCCUPIED
2026-09-30T04:05:05Z,A1,7.1,10.09,OCCUPIED
2026-09-30T04:05:06Z,A1,0.0,8.02,OCCUPIED
2026-09-30T04:05:07Z,A1,5.9,13.57,OCCUPIED
2026-09-30T04:05:10Z,A1,35.9,17.43,OCCUPIED
2026-09-30T04:05:11Z,A1,35.0,11.65,FREE
2026-09-30T04:05:12Z,A1,33.2,10.28,FREE
2026-09-30T04:05:25Z,A1,6.7,10.83,FREE
2026-09-30T04:05:26Z,A1,36.3,10.04,FREE
2026-09-30T04:05:28Z,A1,37.5,15.85,FREE
2026-09-30T04:05:29Z,A1,35.5,15.35,FREE
2026-09-30T04:05:30Z,A1,34.2,14.81,FREE
2026-09-30T04:05:31Z,A1,36.6,16.35,FREE
2026-09-30T04:05:32Z,A1,39.4,14.96,FREE
2026-09-30T04:05:33Z,A1,38.4,17.00,FREE
2026-09-30T04:05:34Z,A1,7.4,17.76,FREE
2026-09-30T04:05:35Z,A1,5.3,18.59,OCCUPIED
2026-09-30T04:05:36Z,A1,8.8,17.48,OCCUPIED
2026-09-30T04:05:37Z,A1,5.5,14.52,OCCUPIED
2026-09-30T04:05:38Z,A1,6.9,17.54,OCCUPIED
2026-09-30T04:05:39Z,A1,5.2,15.37,OCCUPIED
2026-09-30T04:05:40Z,A1,5.9,16.95,OCCUPIED
2026-09-30T04:05:41Z,A1,8.3,16.28,OCCUPIED
2026-09-30T04:05:42Z,A1,0.0,8.67,OCCUPIED
2026-09-30T04:05:43Z,A1,2.0,13.37,OCCUPIED
2026-09-30T04:05:44Z,A1,33.9,11.35,OCCUPIED
2026-09-30T04:05:45Z,A1,38.6,11.59,FREE
2026-09-30T04:05:46Z,A1,38.1,10.56,FREE
2026-09-30T04:05:47Z,A1,37.5,10.13,FREE
2026-09-30T04:05:48Z,A1,33.2,17.48,FREE
2026-09-30T04:05:49Z,A1,37.4,15.43,FREE
2026-09-30T04:05:50Z,A1,5.6,17.41,FREE
2026-09-30T04:05:51Z,A1,8.3,18.43,OCCUPIED
2026-09-30T04:05:52Z,A1,7.0,10.15,OCCUPIED
2026-09-30T04:05:53Z,A1,8.0,10.43,OCCUPIED
2026-09-30T04:05:54Z,A1,6.5,9.50,OCCUPIED
2026-09-30T04:05:55Z,A1,8.9,9.80,OCCUPIED
2026-09-30T04:05:56Z,A1,6.0,10.04,OCCUPIED
2026-09-30T04:05:57Z,A1,7.8,14.15,OCCUPIED
2026-09-30T04:05:58Z,A1,33.9,13.35,OCCUPIED
2026-09-30T04:06:01Z,A1,37.0,11.52,FREE
2026-09-30T04:06:06Z,A1,6.5,12.07,FREE
2026-09-30T04:06:07Z,A1,7.5,15.76,OCCUPIED
2026-09-30T04:06:08Z,A1,6.9,12.13,OCCUPIED
2026-09-30T04:06:09Z,A1,6.2,11.33,OCCUPIED
2026-09-30T04:06:10Z,A1,7.6,11.54,OCCUPIED
2026-09-30T04:06:11Z,A1,7.0,11.35,OCCUPIED
2026-09-30T04:06:12Z,A1,5.8,7.33,OCCUPIED
2026-09-30T04:06:13Z,A1,6.2,8.91,OCCUPIED
2026-09-30T04:06:14Z,A1,37.6,7.85,OCCUPIED
2026-09-30T04:06:15Z,A1,39.5,8.30,FREE
2026-09-30T04:06:16Z,A1,38.1,6.48,FREE
2026-09-30T04:06:20Z,A1,36.6,14.59,FREE
2026-09-30T04:06:21Z,A1,8.3,16.44,FREE
2026-09-30T04:06:22Z,A1,7.1,11.17,OCCUPIED
2026-09-30T04:06:23Z,A1,5.3,6.43,OCCUPIED
2026-09-30T04:06:24Z,A1,5.4,6.15,OCCUPIED
2026-09-30T04:06:25Z,A1,5.2,10.39,OCCUPIED
2026-09-30T04:06:26Z,A1,7.4,10.31,OCCUPIED
2026-09-30T04:06:28Z,A1,5.7,14.54,OCCUPIED
2026-09-30T04:06:29Z,A1,8.0,14.85,OCCUPIED
2026-09-30T04:06:30Z,A1,37.7,13.72,OCCUPIED
2026-09-30T04:06:31Z,A1,37.5,17.52,FREE
2026-09-30T04:06:32Z,A1,37.6,10.69,FREE
2026-09-30T04:06:35Z,A1,36.7,14.56,FREE
2026-09-30T04:06:36Z,A1,35.9,14.93,FREE
2026-09-30T04:06:37Z,A1,38.1,16.59,FREE
2026-09-30T04:06:46Z,A1,33.8,15.07,FREE
2026-09-30T04:06:47Z,A1,35.3,15.98,FREE
2026-09-30T04:06:48Z,A1,34.3,18.80,FREE
2026-09-30T04:06:49Z,A1,33.8,15.63,FREE
2026-09-30T04:06:50Z,A1,39.7,15.17,FREE
2026-09-30T04:06:51Z,A1,35.1,16.87,FREE
2026-09-30T04:06:52Z,A1,37.9,15.80,FREE
2026-09-30T04:06:54Z,A1,8.4,11.22,FREE
2026-09-30T04:06:55Z,A1,5.5,10.81,OCCUPIED
2026-09-30T04:06:56Z,A1,6.8,7.28,OCCUPIED
2026-09-30T04:06:57Z,A1,5.6,10.48,OCCUPIED
2026-09-30T04:06:58Z,A1,2.0,9.67,OCCUPIED
2026-09-30T04:06:59Z,A1,7.4,11.70,OCCUPIED
2026-09-30T04:07:00Z,A1,7.8,15.65,OCCUPIED
2026-09-30T04:07:01Z,A1,6.4,14.48,OCCUPIED
2026-09-30T04:07:02Z,A1,35.5,11.17,OCCUPIED
2026-09-30T04:07:03Z,A1,35.7,11.80,FREE
2026-09-30T04:07:04Z,A1,36.2,5.59,FREE
2026-09-30T04:07:05Z,A1,36.2,10.13,FREE
2026-09-30T04:07:06Z,A1,33.0,10.83,FREE
2026-09-30T04:07:07Z,A1,39.0,17.59,FREE
2026-09-30T04:07:11Z,A1,5.7,18.80,FREE
2026-09-30T04:07:12Z,A1,5.8,18.46,OCCUPIED
2026-09-30T04:07:13Z,A1,8.0,10.19,OCCUPIED
2026-09-30T04:07:14Z,A1,5.3,10.31,OCCUPIED
2026-09-30T04:07:15Z,A1,8.8,10.22,OCCUPIED
2026-09-30T04:07:16Z,A1,5.2,9.87,OCCUPIED
2026-09-30T04:07:17Z,A1,8.4,9.83,OCCUPIED
2026-09-30T04:07:18Z,A1,39.2,19.39,OCCUPIED
2026-09-30T04:07:19Z,A1,36.0,19.63,FREE
2026-09-30T04:07:20Z,A1,38.4,15.22,FREE
2026-09-30T04:07:21Z,A1,39.8,16.94,FREE
2026-09-30T04:07:22Z,A1,39.8,14.98,FREE
2026-09-30T04:07:23Z,A1,36.1,9.54,FREE
2026-09-30T04:07:24Z,A1,35.6,10.20,FREE
2026-09-30T04:07:25Z,A1,36.6,10.37,FREE
2026-09-30T04:07:26Z,A1,5.8,10.98,FREE
2026-09-30T04:07:27Z,A1,8.0,12.11,OCCUPIED
2026-09-30T04:07:28Z,A1,7.5,15.80,OCCUPIED
2026-09-30T04:07:29Z,A1,7.7,14.52,OCCUPIED
2026-09-30T04:07:30Z,A1,8.2,17.46,OCCUPIED
2026-09-30T04:07:31Z,A1,6.7,16.95,OCCUPIED
2026-09-30T04:07:32Z,A1,6.9,15.54,OCCUPIED
2026-09-30T04:07:33Z,A1,8.6,9.98,OCCUPIED
2026-09-30T04:07:34Z,A1,35.3,11.43,OCCUPIED
2026-09-30T04:07:35Z,A1,39.7,12.48,FREE
2026-09-30T04:07:36Z,A1,33.9,9.69,FREE
2026-09-30T04:07:37Z,A1,37.5,9.91,FREE
2026-09-30T04:07:38Z,A1,36.5,15.02,FREE
2026-09-30T04:07:39Z,A1,37.5,14.89,FREE
2026-09-30T04:07:40Z,A1,33.0,17.74,FREE
2026-09-30T04:07:41Z,A1,36.1,16.43,FREE
2026-09-30T04:07:42Z,A1,7.9,16.80,FREE
2026-09-30T04:07:43Z,A1,7.0,15.35,OCCUPIED
2026-09-30T04:07:44Z,A1,7.8,10.70,OCCUPIED
2026-09-30T04:07:45Z,A1,5.2,9.89,OCCUPIED
2026-09-30T04:07:46Z,A1,6.1,9.33,OCCUPIED
2026-09-30T04:07:47Z,A1,7.6,9.91,OCCUPIED
2026-09-30T04:07:48Z,A1,6.6,15.26,OCCUPIED
2026-09-30T04:07:51Z,A1,35.7,14.48,OCCUPIED
2026-09-30T04:07:52Z,A1,34.5,17.37,FREE
2026-09-30T04:07:53Z,A1,0.0,5.30,FREE
2026-09-30T04:07:54Z,A1,37.2,11.48,FREE
2026-09-30T04:07:55Z,A1,33.1,5.89,FREE
2026-09-30T04:07:56Z,A1,35.2,5.80,FREE
2026-09-30T04:07:57Z,A1,33.5,10.61,FREE
2026-09-30T04:07:58Z,A1,5.7,11.35,FREE
2026-09-30T04:07:59Z,A1,5.5,11.09,OCCUPIED
2026-09-30T04:08:00Z,A1,7.9,6.15,OCCUPIED
2026-09-30T04:08:01Z,A1,6.9,10.57,OCCUPIED
2026-09-30T04:08:02Z,A1,7.6,10.69,OCCUPIED
2026-09-30T04:08:03Z,A1,6.7,11.24,OCCUPIED
2026-09-30T04:08:04Z,A1,7.4,9.78,OCCUPIED
2026-09-30T04:08:05Z,A1,8.8,13.50,OCCUPIED
2026-09-30T04:08:06Z,A1,39.6,17.76,OCCUPIED
2026-09-30T04:08:07Z,A1,37.0,13.43,FREE
2026-09-30T04:08:08Z,A1,34.5,10.83,FREE
2026-09-30T04:08:09Z,A1,36.4,9.69,FREE
2026-09-30T04:08:10Z,A1,33.7,12.54,FREE
2026-09-30T04:08:11Z,A1,33.2,12.33,FREE
2026-09-30T04:08:12Z,A1,34.1,10.31,FREE
2026-09-30T04:08:13Z,A1,34.1,6.68,FREE
2026-09-30T04:08:14Z,A1,8.5,8.24,FREE
2026-09-30T04:08:15Z,A1,6.0,10.91,OCCUPIED
2026-09-30T04:08:16Z,A1,8.8,6.72,OCCUPIED
2026-09-30T04:08:17Z,A1,400.0,3.46,OCCUPIED
2026-09-30T04:08:18Z,A1,6.4,10.50,OCCUPIED
2026-09-30T04:08:19Z,A1,6.1,10.17,OCCUPIED
2026-09-30T04:08:20Z,A1,6.9,11.33,OCCUPIED
2026-09-30T04:08:21Z,A1,6.3,13.76,OCCUPIED
2026-09-30T04:08:22Z,A1,33.8,16.91,OCCUPIED
2026-09-30T04:08:23Z,A1,33.7,11.17,FREE
2026-09-30T04:08:24Z,A1,38.3,6.07,FREE
2026-09-30T04:08:26Z,A1,34.6,5.96,FREE
2026-09-30T04:08:27Z,A1,35.9,9.65,FREE
2026-09-30T04:08:28Z,A1,39.2,15.87,FREE
2026-09-30T04:08:29Z,A1,39.1,15.19,FREE
2026-09-30T04:08:30Z,A1,6.2,16.57,FREE
2026-09-30T04:08:31Z,A1,6.3,18.00,OCCUPIED
2026-09-30T04:08:32Z,A1,5.1,9.95,OCCUPIED
2026-09-30T04:08:39Z,A1,39.5,16.80,OCCUPIED
2026-09-30T04:08:40Z,A1,34.1,20.65,FREE
2026-09-30T04:08:41Z,A1,37.9,15.85,FREE
2026-09-30T04:08:42Z,A1,37.5,15.22,FREE
2026-09-30T04:08:43Z,A1,36.7,11.65,FREE
2026-09-30T04:08:44Z,A1,400.0,6.26,FREE
2026-09-30T04:08:45Z,A1,38.1,10.69,FREE
2026-09-30T04:08:46Z,A1,6.1,10.41,FREE
2026-09-30T04:08:47Z,A1,7.6,10.28,OCCUPIED
2026-09-30T04:08:48Z,A1,7.1,6.02,OCCUPIED
2026-09-30T04:08:49Z,A1,8.8,11.07,OCCUPIED
2026-09-30T04:08:50Z,A1,8.3,11.56,OCCUPIED
2026-09-30T04:08:51Z,A1,6.8,15.59,OCCUPIED
2026-09-30T04:08:52Z,A1,8.3,15.56,OCCUPIED
2026-09-30T04:08:53Z,A1,8.7,14.61,OCCUPIED
2026-09-30T04:08:54Z,A1,39.0,10.37,OCCUPIED
2026-09-30T04:08:55Z,A1,39.4,10.81,FREE
2026-09-30T04:08:56Z,A1,36.6,6.57,FREE
2026-09-30T04:08:57Z,A1,36.1,10.87,FREE
2026-09-30T04:08:58Z,A1,38.8,10.00,FREE
2026-09-30T04:08:59Z,A1,37.1,14.35,FREE
2026-09-30T04:09:00Z,A1,34.9,13.61,FREE
2026-09-30T04:09:01Z,A1,39.5,15.07,FREE
2026-09-30T04:09:02Z,A1,8.4,16.22,FREE
2026-09-30T04:09:03Z,A1,5.2,16.76,OCCUPIED
2026-09-30T04:09:04Z,A1,0.0,7.17,OCCUPIED
2026-09-30T04:09:05Z,A1,6.8,13.15,OCCUPIED
2026-09-30T04:09:06Z,A1,8.4,20.02,OCCUPIED
2026-09-30T04:09:07Z,A1,8.0,13.28,OCCUPIED
2026-09-30T04:09:08Z,A1,6.0,13.93,OCCUPIED
2026-09-30T04:09:09Z,A1,5.5,15.94,OCCUPIED
2026-09-30T04:09:10Z,A1,33.8,11.93,OCCUPIED
2026-09-30T04:09:20Z,A1,7.8,15.33,OCCUPIED
2026-09-30T04:09:21Z,A1,2.0,15.63,OCCUPIED
2026-09-30T04:09:22Z,A1,5.9,15.22,OCCUPIED
2026-09-30T04:09:23Z,A1,6.5,10.55,OCCUPIED
2026-09-30T04:09:24Z,A1,6.7,10.00,OCCUPIED
2026-09-30T04:09:25Z,A1,5.9,9.85,OCCUPIED
2026-09-30T04:09:26Z,A1,38.0,11.26,OCCUPIED
2026-09-30T04:09:27Z,A1,37.8,17.24,FREE
2026-09-30T04:09:28Z,A1,37.7,12.91,FREE
2026-09-30T04:09:29Z,A1,33.3,14.15,FREE
2026-09-30T04:09:30Z,A1,33.5,8.04,FREE
2026-09-30T04:09:31Z,A1,35.5,6.26,FREE
2026-09-30T04:09:33Z,A1,37.0,12.22,FREE
2026-09-30T04:09:34Z,A1,6.8,11.11,FREE
2026-09-30T04:09:35Z,A1,5.6,17.93,OCCUPIED
2026-09-30T04:09:36Z,A1,5.4,13.59,OCCUPIED
2026-09-30T04:09:37Z,A1,7.7,11.85,OCCUPIED
2026-09-30T04:09:38Z,A1,6.0,10.87,OCCUPIED
2026-09-30T04:09:39Z,A1,400.0,6.83,OCCUPIED
2026-09-30T04:09:40Z,A1,7.5,12.24,OCCUPIED
2026-09-30T04:09:41Z,A1,5.2,15.13,OCCUPIED
2026-09-30T04:09:42Z,A1,35.8,14.80,OCCUPIED
2026-09-30T04:09:43Z,A1,35.3,17.87,FREE
2026-09-30T04:09:44Z,A1,35.4,11.50,FREE
2026-09-30T04:09:45Z,A1,33.3,10.11,FREE
2026-09-30T04:09:46Z,A1,34.2,14.78,FREE
2026-09-30T04:09:47Z,A1,2.0,14.09,FREE
2026-09-30T04:09:48Z,A1,34.3,14.72,FREE
2026-09-30T04:09:49Z,A1,34.3,13.15,FREE
2026-09-30T04:09:50Z,A1,5.6,15.45,FREE
2026-09-30T04:09:51Z,A1,8.4,15.46,OCCUPIED
2026-09-30T04:09:52Z,A1,8.6,9.74,OCCUPIED
2026-09-30T04:09:53Z,A1,7.9,6.61,OCCUPIED
2026-09-30T04:10:03Z,A1,38.4,11.72,OCCUPIED
2026-09-30T04:10:04Z,A1,39.7,21.15,FREE
2026-09-30T04:10:05Z,A1,38.4,9.76,FREE
2026-09-30T04:10:06Z,A1,8.6,19.32,FREE
2026-09-30T04:10:07Z,A1,6.8,17.76,OCCUPIED
2026-09-30T04:10:08Z,A1,5.2,17.48,OCCUPIED
2026-09-30T04:10:09Z,A1,7.5,16.13,OCCUPIED
2026-09-30T04:10:10Z,A1,7.5,14.56,OCCUPIED
2026-09-30T04:10:11Z,A1,8.2,15.95,OCCUPIED
2026-09-30T04:10:12Z,A1,8.5,16.11,OCCUPIED
2026-09-30T04:10:13Z,A1,6.7,13.87,OCCUPIED
2026-09-30T04:10:14Z,A1,37.8,11.09,OCCUPIED
2026-09-30T04:10:15Z,A1,33.6,12.04,FREE
2026-09-30T04:10:16Z,A1,35.0,10.11,FREE
2026-09-30T04:10:17Z,A1,36.9,6.96,FREE
2026-09-30T04:10:18Z,A1,37.7,9.61,FREE
2026-09-30T04:10:19Z,A1,38.0,12.93,FREE
2026-09-30T04:10:20Z,A1,34.6,16.96,FREE
2026-09-30T04:10:21Z,A1,33.6,16.09,FREE
2026-09-30T04:10:22Z,A1,7.8,16.11,FREE
2026-09-30T04:10:25Z,A1,5.5,10.07,OCCUPIED
2026-09-30T04:10:26Z,A1,6.8,7.17,OCCUPIED
2026-09-30T04:10:27Z,A1,7.2,5.63,OCCUPIED
2026-09-30T04:10:28Z,A1,6.6,8.17,OCCUPIED
2026-09-30T04:10:29Z,A1,36.2,16.55,OCCUPIED
2026-09-30T04:10:30Z,A1,38.3,13.11,FREE
2026-09-30T04:10:31Z,A1,34.3,12.17,FREE
2026-09-30T04:10:32Z,A1,37.3,15.15,FREE
2026-09-30T04:10:33Z,A1,36.2,11.57,FREE
2026-09-30T04:10:34Z,A1,35.4,9.37,FREE
2026-09-30T04:10:35Z,A1,38.9,10.76,FREE
2026-09-30T04:10:36Z,A1,36.1,9.35,FREE
2026-09-30T04:10:37Z,A1,8.0,8.41,FREE
2026-09-30T04:10:41Z,A1,6.8,11.87,OCCUPIED
2026-09-30T04:10:42Z,A1,7.5,10.22,OCCUPIED
2026-09-30T04:10:43Z,A1,8.0,9.30,OCCUPIED
2026-09-30T04:10:44Z,A1,6.5,10.11,OCCUPIED
2026-09-30T04:10:45Z,A1,5.7,10.31,OCCUPIED
2026-09-30T04:10:46Z,A1,36.8,15.65,OCCUPIED
2026-09-30T04:10:47Z,A1,36.9,17.56,FREE
2026-09-30T04:10:48Z,A1,38.5,12.19,FREE
2026-09-30T04:10:49Z,A1,33.9,12.35,FREE
2026-09-30T04:10:50Z,A1,38.2,10.67,FREE
2026-09-30T04:10:51Z,A1,34.8,9.70,FREE
2026-09-30T04:10:52Z,A1,39.4,10.19,FREE
2026-09-30T04:10:53Z,A1,34.4,30.80,FREE
2026-09-30T04:10:54Z,A1,5.7,18.24,FREE
2026-09-30T04:10:55Z,A1,7.7,9.89,OCCUPIED
2026-09-30T04:10:56Z,A1,7.9,10.48,OCCUPIED
2026-09-30T04:10:57Z,A1,5.2,9.76,OCCUPIED
2026-09-30T04:10:58Z,A1,8.3,9.89,OCCUPIED
2026-09-30T04:10:59Z,A1,8.0,10.59,OCCUPIED
2026-09-30T04:11:00Z,A1,6.9,14.76,OCCUPIED
2026-09-30T04:11:01Z,A1,6.5,17.70,OCCUPIED
2026-09-30T04:11:02Z,A1,33.0,17.18,OCCUPIED
2026-09-30T04:11:03Z,A1,39.0,20.20,FREE
2026-09-30T04:11:04Z,A1,35.9,15.13,FREE
2026-09-30T04:11:05Z,A1,34.7,12.20,FREE
2026-09-30T04:11:06Z,A1,39.1,16.13,FREE
2026-09-30T04:11:07Z,A1,36.2,16.24,FREE
2026-09-30T04:11:08Z,A1,39.3,15.91,FREE
2026-09-30T04:11:09Z,A1,34.1,15.09,FREE
2026-09-30T04:11:10Z,A1,8.2,15.93,FREE
2026-09-30T04:11:11Z,A1,7.4,20.15,OCCUPIED
2026-09-30T04:11:12Z,A1,6.6,16.67,OCCUPIED
2026-09-30T04:11:13Z,A1,5.2,15.46,OCCUPIED
2026-09-30T04:11:17Z,A1,6.6,10.17,OCCUPIED
2026-09-30T04:11:18Z,A1,37.3,10.83,OCCUPIED
2026-09-30T04:11:19Z,A1,35.5,12.52,FREE
2026-09-30T04:11:20Z,A1,34.1,16.83,FREE
2026-09-30T04:11:21Z,A1,37.8,15.09,FREE
2026-09-30T04:11:22Z,A1,37.6,17.28,FREE
2026-09-30T04:11:23Z,A1,39.1,16.61,FREE
2026-09-30T04:11:24Z,A1,34.8,17.28,FREE
2026-09-30T04:11:25Z,A1,39.1,10.02,FREE
2026-09-30T04:11:26Z,A1,8.2,11.07,FREE
2026-09-30T04:11:27Z,A1,8.1,11.89,OCCUPIED
2026-09-30T04:11:28Z,A1,6.7,10.22,OCCUPIED
2026-09-30T04:11:29Z,A1,5.7,10.06,OCCUPIED
2026-09-30T04:11:30Z,A1,8.6,16.54,OCCUPIED
2026-09-30T04:11:31Z,A1,5.6,15.55,OCCUPIED
2026-09-30T04:11:32Z,A1,7.6,15.96,OCCUPIED
2026-09-30T04:11:33Z,A1,5.6,14.93,OCCUPIED
2026-09-30T04:11:35Z,A1,38.7,16.20,OCCUPIED
2026-09-30T04:11:36Z,A1,2.0,17.24,OCCUPIED
2026-09-30T04:11:37Z,A1,39.2,16.70,OCCUPIED
2026-09-30T04:11:38Z,A1,34.0,18.32,FREE
2026-09-30T04:11:39Z,A1,37.8,15.13,FREE
2026-09-30T04:11:40Z,A1,34.8,15.96,FREE
2026-09-30T04:11:41Z,A1,7.4,17.80,FREE
2026-09-30T04:11:42Z,A1,6.3,19.02,OCCUPIED
2026-09-30T04:11:43Z,A1,7.6,16.02,OCCUPIED
2026-09-30T04:11:44Z,A1,5.1,18.18,OCCUPIED
2026-09-30T04:11:45Z,A1,6.5,10.46,OCCUPIED
2026-09-30T04:11:46Z,A1,6.4,10.39,OCCUPIED
2026-09-30T04:11:47Z,A1,5.9,9.72,OCCUPIED
2026-09-30T04:11:48Z,A1,5.3,9.78,OCCUPIED
2026-09-30T04:11:53Z,A1,35.7,19.72,OCCUPIED
2026-09-30T04:11:55Z,A1,39.1,17.37,FREE
2026-09-30T04:11:56Z,A1,38.2,9.59,FREE
2026-09-30T04:11:57Z,A1,34.7,8.76,FREE
2026-09-30T04:11:58Z,A1,6.1,10.02,FREE
2026-09-30T04:11:59Z,A1,6.8,11.83,OCCUPIED
2026-09-30T04:12:00Z,A1,7.3,9.83,OCCUPIED
2026-09-30T04:12:01Z,A1,6.1,12.69,OCCUPIED
2026-09-30T04:12:02Z,A1,6.9,13.87,OCCUPIED
2026-09-30T04:12:03Z,A1,6.0,17.91,OCCUPIED
2026-09-30T04:12:04Z,A1,6.1,15.09,OCCUPIED
2026-09-30T04:12:05Z,A1,6.5,13.76,OCCUPIED
2026-09-30T04:12:06Z,A1,33.5,8.81,OCCUPIED
2026-09-30T04:12:07Z,A1,37.1,10.31,FREE
2026-09-30T04:12:08Z,A1,34.8,8.54,FREE
2026-09-30T04:12:09Z,A1,35.0,9.06,FREE
2026-09-30T04:12:15Z,A1,6.3,15.50,FREE
2026-09-30T04:12:16Z,A1,6.9,17.06,OCCUPIED
2026-09-30T04:12:17Z,A1,6.8,15.20,OCCUPIED
2026-09-30T04:12:18Z,A1,8.8,14.91,OCCUPIED
2026-09-30T04:12:19Z,A1,6.5,15.65,OCCUPIED
2026-09-30T04:12:20Z,A1,5.7,15.52,OCCUPIED
2026-09-30T04:12:21Z,A1,7.4,15.59,OCCUPIED
2026-09-30T04:12:22Z,A1,33.8,17.52,OCCUPIED
2026-09-30T04:12:23Z,A1,34.9,18.74,FREE
2026-09-30T04:12:24Z,A1,34.0,13.70,FREE
2026-09-30T04:12:25Z,A1,34.2,14.59,FREE
2026-09-30T04:12:26Z,A1,37.0,14.61,FREE
2026-09-30T04:12:27Z,A1,34.1,14.81,FREE
2026-09-30T04:12:28Z,A1,35.8,15.11,FREE
2026-09-30T04:12:29Z,A1,38.4,14.96,FREE
2026-09-30T04:12:30Z,A1,6.2,16.20,FREE
2026-09-30T04:12:31Z,A1,7.1,19.28,OCCUPIED
2026-09-30T04:12:32Z,A1,5.5,15.96,OCCUPIED
2026-09-30T04:12:33Z,A1,5.1,14.93,OCCUPIED
2026-09-30T04:12:34Z,A1,5.5,16.11,OCCUPIED
2026-09-30T04:12:35Z,A1,8.1,15.43,OCCUPIED
2026-09-30T04:12:36Z,A1,8.8,10.74,OCCUPIED
2026-09-30T04:12:37Z,A1,7.6,10.30,OCCUPIED
2026-09-30T04:12:38Z,A1,37.3,11.76,OCCUPIED
2026-09-30T04:12:39Z,A1,35.3,20.94,FREE
2026-09-30T04:12:40Z,A1,35.2,10.54,FREE
2026-09-30T04:12:45Z,A1,8.9,7.61,FREE
2026-09-30T04:12:46Z,A1,7.5,11.35,OCCUPIED
2026-09-30T04:12:47Z,A1,8.6,10.93,OCCUPIED
2026-09-30T04:12:48Z,A1,6.9,14.52,OCCUPIED
2026-09-30T04:12:49Z,A1,6.9,15.30,OCCUPIED
2026-09-30T04:12:50Z,A1,7.3,14.65,OCCUPIED
2026-09-30T04:12:51Z,A1,6.2,14.00,OCCUPIED
2026-09-30T04:12:52Z,A1,5.1,16.76,OCCUPIED
2026-09-30T04:12:53Z,A1,36.9,14.76,OCCUPIED
2026-09-30T04:12:54Z,A1,34.6,15.63,FREE
2026-09-30T04:12:55Z,A1,36.0,8.39,FREE
2026-09-30T04:12:56Z,A1,37.6,9.45,FREE
2026-09-30T04:12:57Z,A1,36.3,14.20,FREE
2026-09-30T04:12:58Z,A1,35.2,14.72,FREE
2026-09-30T04:12:59Z,A1,39.6,9.24,FREE
2026-09-30T04:13:00Z,A1,38.1,9.39,FREE
2026-09-30T04:13:01Z,A1,7.3,10.37,FREE
2026-09-30T04:13:02Z,A1,8.3,10.72,OCCUPIED
2026-09-30T04:13:03Z,A1,5.7,6.15,OCCUPIED
2026-09-30T04:13:04Z,A1,5.5,5.54,OCCUPIED
2026-09-30T04:13:05Z,A1,6.6,15.15,OCCUPIED
2026-09-30T04:13:10Z,A1,33.6,16.96,OCCUPIED
2026-09-30T04:13:11Z,A1,36.8,18.67,FREE
2026-09-30T04:13:20Z,A1,5.6,19.81,FREE
2026-09-30T04:13:21Z,A1,5.9,21.28,OCCUPIED
2026-09-30T04:13:22Z,A1,6.3,16.96,OCCUPIED
2026-09-30T04:13:23Z,A1,0.0,9.67,OCCUPIED
2026-09-30T04:13:24Z,A1,7.8,16.67,OCCUPIED
2026-09-30T04:13:25Z,A1,5.1,16.96,OCCUPIED
2026-09-30T04:13:26Z,A1,35.2,17.22,OCCUPIED
2026-09-30T04:13:27Z,A1,400.0,6.28,OCCUPIED
2026-09-30T04:13:28Z,A1,33.1,12.04,FREE
2026-09-30T04:13:29Z,A1,33.1,9.43,FREE
2026-09-30T04:13:30Z,A1,36.3,10.30,FREE
2026-09-30T04:13:31Z,A1,34.9,10.09,FREE
2026-09-30T04:13:32Z,A1,34.9,13.63,FREE
2026-09-30T04:13:33Z,A1,39.4,15.13,FREE
2026-09-30T04:13:34Z,A1,5.7,16.19,FREE
2026-09-30T04:13:35Z,A1,6.5,20.22,OCCUPIED
2026-09-30T04:13:36Z,A1,5.4,16.61,OCCUPIED
2026-09-30T04:13:37Z,A1,5.1,10.46,OCCUPIED
2026-09-30T04:13:38Z,A1,6.1,10.13,OCCUPIED
2026-09-30T04:13:39Z,A1,6.4,9.76,OCCUPIED
2026-09-30T04:13:40Z,A1,7.5,10.96,OCCUPIED
2026-09-30T04:13:41Z,A1,8.2,10.98,OCCUPIED
2026-09-30T04:13:42Z,A1,38.2,18.00,OCCUPIED
2026-09-30T04:13:43Z,A1,33.8,18.70,FREE
2026-09-30T04:13:44Z,A1,38.5,12.96,FREE
2026-09-30T04:13:45Z,A1,39.1,14.05,FREE
2026-09-30T04:13:46Z,A1,35.4,15.87,FREE
2026-09-30T04:13:47Z,A1,34.1,14.05,FREE
2026-09-30T04:13:48Z,A1,37.3,14.87,FREE
2026-09-30T04:13:49Z,A1,37.7,13.00,FREE
2026-09-30T04:13:50Z,A1,7.6,17.22,FREE
2026-09-30T04:13:54Z,A1,6.9,18.57,OCCUPIED
2026-09-30T04:14:01Z,A1,36.9,11.37,OCCUPIED
2026-09-30T04:14:02Z,A1,35.4,14.57,FREE
2026-09-30T04:14:03Z,A1,35.4,11.02,FREE
2026-09-30T04:14:04Z,A1,38.8,10.93,FREE
2026-09-30T04:14:05Z,A1,35.3,11.06,FREE
2026-09-30T04:14:06Z,A1,8.6,11.11,FREE
2026-09-30T04:14:07Z,A1,7.1,7.78,OCCUPIED
2026-09-30T04:14:08Z,A1,6.9,7.37,OCCUPIED
2026-09-30T04:14:09Z,A1,6.8,6.76,OCCUPIED
2026-09-30T04:14:10Z,A1,6.9,6.61,OCCUPIED
2026-09-30T04:14:11Z,A1,7.3,10.50,OCCUPIED
2026-09-30T04:14:13Z,A1,39.3,15.33,OCCUPIED
2026-09-30T04:14:14Z,A1,34.2,18.78,FREE
2026-09-30T04:14:15Z,A1,37.3,12.67,FREE
2026-09-30T04:14:16Z,A1,35.9,15.43,FREE
2026-09-30T04:14:17Z,A1,39.4,10.02,FREE
2026-09-30T04:14:18Z,A1,39.3,9.55,FREE
2026-09-30T04:14:19Z,A1,38.4,10.13,FREE
2026-09-30T04:14:20Z,A1,33.9,10.65,FREE
2026-09-30T04:14:21Z,A1,7.1,11.28,FREE
2026-09-30T04:14:22Z,A1,5.0,18.15,OCCUPIED
2026-09-30T04:14:23Z,A1,5.9,13.37,OCCUPIED
2026-09-30T04:14:24Z,A1,6.1,15.57,OCCUPIED
2026-09-30T04:14:25Z,A1,7.8,14.20,OCCUPIED
2026-09-30T04:14:26Z,A1,7.4,16.22,OCCUPIED
2026-09-30T04:14:27Z,A1,7.8,9.63,OCCUPIED
2026-09-30T04:14:28Z,A1,7.6,9.76,OCCUPIED
2026-09-30T04:14:29Z,A1,34.8,10.19,OCCUPIED
2026-09-30T04:14:30Z,A1,33.5,10.81,FREE
2026-09-30T04:14:31Z,A1,36.2,10.02,FREE
2026-09-30T04:14:35Z,A1,36.9,20.65,FREE
2026-09-30T04:14:36Z,A1,35.7,12.96,FREE
2026-09-30T04:14:37Z,A1,34.3,14.24,FREE
2026-09-30T04:14:38Z,A1,7.1,18.61,FREE
2026-09-30T04:14:39Z,A1,8.6,17.22,OCCUPIED
2026-09-30T04:14:40Z,A1,6.3,11.54,OCCUPIED
2026-09-30T04:14:41Z,A1,8.3,11.70,OCCUPIED
2026-09-30T04:14:42Z,A1,5.8,10.70,OCCUPIED
2026-09-30T04:14:43Z,A1,8.2,13.61,OCCUPIED
2026-09-30T04:14:44Z,A1,5.5,13.00,OCCUPIED
2026-09-30T04:14:45Z,A1,7.6,15.22,OCCUPIED
2026-09-30T04:14:46Z,A1,36.3,16.02,OCCUPIED
2026-09-30T04:14:47Z,A1,35.3,17.96,FREE
2026-09-30T04:14:48Z,A1,38.1,11.22,FREE
2026-09-30T04:14:49Z,A1,39.4,12.91,FREE
2026-09-30T04:14:50Z,A1,34.8,13.59,FREE
2026-09-30T04:14:51Z,A1,33.1,12.26,FREE
2026-09-30T04:14:52Z,A1,39.3,14.20,FREE
2026-09-30T04:14:53Z,A1,38.8,11.20,FREE
2026-09-30T04:14:54Z,A1,8.6,14.57,FREE
2026-09-30T04:14:55Z,A1,6.8,15.85,OCCUPIED
2026-09-30T04:14:56Z,A1,5.9,14.13,OCCUPIED
2026-09-30T04:14:57Z,A1,5.7,13.33,OCCUPIED
2026-09-30T04:14:58Z,A1,7.6,8.44,OCCUPIED
2026-09-30T04:14:59Z,A1,5.5,8.98,OCCUPIED
2026-09-30T04:15:00Z,A1,8.2,8.65,OCCUPIED
2026-09-30T04:15:01Z,A1,7.4,8.87,OCCUPIED
2026-09-30T04:15:02Z,A1,34.4,10.55,OCCUPIED
2026-09-30T04:15:03Z,A1,38.8,15.54,FREE
2026-09-30T04:15:04Z,A1,34.7,14.61,FREE
2026-09-30T04:15:05Z,A1,35.0,14.56,FREE
2026-09-30T04:15:16Z,A1,5.5,10.78,FREE
2026-09-30T04:15:17Z,A1,6.5,16.67,OCCUPIED
2026-09-30T04:15:19Z,A1,38.5,12.17,OCCUPIED
2026-09-30T04:15:20Z,A1,2.0,10.56,OCCUPIED
2026-09-30T04:15:21Z,A1,34.6,13.63,OCCUPIED
2026-09-30T04:15:22Z,A1,39.6,12.07,FREE
2026-09-30T04:15:23Z,A1,39.6,13.74,FREE
2026-09-30T04:15:24Z,A1,35.3,11.06,FREE
2026-09-30T04:15:25Z,A1,34.0,9.89,FREE
2026-09-30T04:15:26Z,A1,6.3,16.48,FREE
2026-09-30T04:15:27Z,A1,7.3,14.61,OCCUPIED
2026-09-30T04:15:28Z,A1,7.7,12.20,OCCUPIED
2026-09-30T04:15:29Z,A1,8.2,14.13,OCCUPIED
2026-09-30T04:15:30Z,A1,2.0,11.52,OCCUPIED
2026-09-30T04:15:31Z,A1,6.9,14.00,OCCUPIED
2026-09-30T04:15:32Z,A1,7.1,12.67,OCCUPIED
2026-09-30T04:15:33Z,A1,5.7,13.46,OCCUPIED
2026-09-30T04:15:34Z,A1,37.6,19.26,OCCUPIED
2026-09-30T04:15:35Z,A1,34.3,17.30,FREE
2026-09-30T04:15:36Z,A1,36.2,13.50,FREE
2026-09-30T04:15:37Z,A1,37.2,14.30,FREE
2026-09-30T04:15:38Z,A1,38.6,13.89,FREE
2026-09-30T04:15:39Z,A1,35.3,7.04,FREE
2026-09-30T04:15:40Z,A1,36.2,8.15,FREE
2026-09-30T04:15:41Z,A1,39.6,7.78,FREE
2026-09-30T04:15:42Z,A1,5.1,9.39,FREE
2026-09-30T04:15:43Z,A1,8.3,11.22,OCCUPIED
2026-09-30T04:15:44Z,A1,5.4,17.17,OCCUPIED
2026-09-30T04:15:45Z,A1,5.9,13.56,OCCUPIED
2026-09-30T04:15:46Z,A1,9.0,14.05,OCCUPIED
2026-09-30T04:15:47Z,A1,5.4,12.57,OCCUPIED
2026-09-30T04:15:48Z,A1,8.6,13.46,OCCUPIED
2026-09-30T04:15:49Z,A1,6.6,8.52,OCCUPIED
2026-09-30T04:15:50Z,A1,38.5,9.87,OCCUPIED
2026-09-30T04:15:51Z,A1,36.1,9.72,FREE
2026-09-30T04:15:52Z,A1,35.6,9.50,FREE
2026-09-30T04:15:53Z,A1,36.1,7.09,FREE
2026-09-30T04:16:01Z,A1,7.2,7.15,FREE
2026-09-30T04:16:02Z,A1,8.0,15.37,OCCUPIED
2026-09-30T04:16:03Z,A1,0.0,6.81,OCCUPIED
2026-09-30T04:16:04Z,A1,5.1,15.41,OCCUPIED
2026-09-30T04:16:05Z,A1,6.2,12.54,OCCUPIED
2026-09-30T04:16:06Z,A1,0.0,6.67,OCCUPIED
2026-09-30T04:16:07Z,A1,39.5,15.17,OCCUPIED
2026-09-30T04:16:08Z,A1,34.0,18.67,FREE
2026-09-30T04:16:09Z,A1,38.8,9.45,FREE
2026-09-30T04:16:10Z,A1,33.3,11.07,FREE
2026-09-30T04:16:11Z,A1,35.0,8.46,FREE
2026-09-30T04:16:12Z,A1,36.6,8.57,FREE
2026-09-30T04:16:13Z,A1,37.4,10.30,FREE
2026-09-30T04:16:14Z,A1,6.0,15.72,FREE
2026-09-30T04:16:15Z,A1,9.0,17.70,OCCUPIED
2026-09-30T04:16:16Z,A1,6.8,17.54,OCCUPIED
2026-09-30T04:16:17Z,A1,7.6,8.80,OCCUPIED
2026-09-30T04:16:18Z,A1,7.0,9.61,OCCUPIED
2026-09-30T04:16:19Z,A1,8.8,6.09,OCCUPIED
2026-09-30T04:16:20Z,A1,5.1,16.02,OCCUPIED
2026-09-30T04:16:21Z,A1,8.0,11.15,OCCUPIED
2026-09-30T04:16:22Z,A1,33.9,15.15,OCCUPIED
2026-09-30T04:16:23Z,A1,36.0,15.35,FREE
2026-09-30T04:16:24Z,A1,34.9,13.57,FREE
2026-09-30T04:16:25Z,A1,33.5,10.89,FREE
2026-09-30T04:16:26Z,A1,36.2,12.35,FREE
2026-09-30T04:16:27Z,A1,33.2,14.56,FREE
2026-09-30T04:16:28Z,A1,38.7,11.26,FREE
2026-09-30T04:16:29Z,A1,38.3,13.61,FREE
2026-09-30T04:16:30Z,A1,5.9,12.96,FREE
2026-09-30T04:16:31Z,A1,6.9,15.98,OCCUPIED
2026-09-30T04:16:32Z,A1,5.4,13.15,OCCUPIED
2026-09-30T04:16:33Z,A1,2.0,11.26,OCCUPIED
2026-09-30T04:16:34Z,A1,5.2,13.19,OCCUPIED
2026-09-30T04:16:37Z,A1,6.5,15.61,OCCUPIED
2026-09-30T04:16:43Z,A1,36.0,7.87,OCCUPIED
2026-09-30T04:16:44Z,A1,38.3,15.31,FREE
2026-09-30T04:16:45Z,A1,38.5,9.89,FREE
2026-09-30T04:16:46Z,A1,6.1,12.52,FREE
2026-09-30T04:16:47Z,A1,6.6,16.50,OCCUPIED
2026-09-30T04:16:48Z,A1,7.2,12.96,OCCUPIED
2026-09-30T04:16:49Z,A1,5.1,9.43,OCCUPIED
2026-09-30T04:16:50Z,A1,6.9,8.98,OCCUPIED
2026-09-30T04:16:51Z,A1,7.1,9.45,OCCUPIED
2026-09-30T04:16:52Z,A1,7.6,8.83,OCCUPIED
2026-09-30T04:16:53Z,A1,6.6,8.94,OCCUPIED
2026-09-30T04:16:54Z,A1,38.7,17.28,OCCUPIED
2026-09-30T04:16:55Z,A1,37.4,18.93,FREE
2026-09-30T04:16:56Z,A1,0.0,9.41,FREE
2026-09-30T04:16:57Z,A1,38.9,15.19,FREE
2026-09-30T04:16:58Z,A1,35.3,15.78,FREE
2026-09-30T04:16:59Z,A1,33.3,10.04,FREE
2026-09-30T04:17:00Z,A1,33.1,9.72,FREE
2026-09-30T04:17:01Z,A1,36.4,9.78,FREE
2026-09-30T04:17:02Z,A1,7.2,11.57,FREE
2026-09-30T04:17:03Z,A1,6.6,8.24,OCCUPIED
2026-09-30T04:17:04Z,A1,0.0,6.59,OCCUPIED
2026-09-30T04:17:05Z,A1,6.7,11.80,OCCUPIED
2026-09-30T04:17:06Z,A1,6.5,14.67,OCCUPIED
2026-09-30T04:17:07Z,A1,8.5,16.68,OCCUPIED
2026-09-30T04:17:08Z,A1,8.9,15.44,OCCUPIED
2026-09-30T04:17:09Z,A1,6.5,11.65,OCCUPIED
2026-09-30T04:17:10Z,A1,36.3,15.31,OCCUPIED
2026-09-30T04:17:11Z,A1,34.3,19.95,FREE
2026-09-30T04:17:12Z,A1,33.9,16.02,FREE
2026-09-30T04:17:13Z,A1,39.3,15.00,FREE
2026-09-30T04:17:19Z,A1,6.3,13.85,FREE
2026-09-30T04:17:20Z,A1,8.1,14.91,OCCUPIED
2026-09-30T04:17:21Z,A1,6.6,14.85,OCCUPIED
2026-09-30T04:17:22Z,A1,5.6,17.28,OCCUPIED
2026-09-30T04:17:23Z,A1,8.1,16.96,OCCUPIED
2026-09-30T04:17:24Z,A1,7.1,14.06,OCCUPIED
2026-09-30T04:17:25Z,A1,33.9,19.13,OCCUPIED
2026-09-30T04:17:26Z,A1,35.5,17.44,FREE
2026-09-30T04:17:27Z,A1,37.0,16.78,FREE
2026-09-30T04:17:28Z,A1,36.3,16.57,FREE
2026-09-30T04:17:29Z,A1,35.8,8.63,FREE
2026-09-30T04:17:30Z,A1,34.9,8.31,FREE
2026-09-30T04:17:31Z,A1,36.6,7.44,FREE
2026-09-30T04:17:32Z,A1,33.9,6.32,FREE
2026-09-30T04:17:33Z,A1,6.0,8.83,FREE
2026-09-30T04:17:34Z,A1,6.2,16.13,OCCUPIED
2026-09-30T04:17:35Z,A1,8.7,13.07,OCCUPIED
2026-09-30T04:17:36Z,A1,8.3,14.83,OCCUPIED
2026-09-30T04:17:37Z,A1,5.7,14.15,OCCUPIED
2026-09-30T04:17:38Z,A1,5.3,13.89,OCCUPIED
2026-09-30T04:17:39Z,A1,5.9,11.74,OCCUPIED
2026-09-30T04:17:41Z,A1,6.0,9.80,OCCUPIED
2026-09-30T04:17:42Z,A1,34.8,9.74,OCCUPIED
2026-09-30T04:17:43Z,A1,37.2,19.28,FREE
2026-09-30T04:17:44Z,A1,39.2,12.80,FREE
2026-09-30T04:17:45Z,A1,2.0,18.09,FREE
2026-09-30T04:17:47Z,A1,39.5,15.45,FREE
2026-09-30T04:17:48Z,A1,34.2,14.30,FREE
2026-09-30T04:17:49Z,A1,39.8,15.37,FREE
2026-09-30T04:17:50Z,A1,8.9,10.78,FREE
2026-09-30T04:17:55Z,A1,5.9,18.18,OCCUPIED
2026-09-30T04:17:56Z,A1,8.9,11.02,OCCUPIED
2026-09-30T04:17:57Z,A1,5.5,15.17,OCCUPIED
2026-09-30T04:17:58Z,A1,0.0,5.30,OCCUPIED
2026-09-30T04:17:59Z,A1,39.4,16.24,OCCUPIED
2026-09-30T04:18:00Z,A1,40.0,16.52,FREE
2026-09-30T04:18:01Z,A1,36.7,15.78,FREE
2026-09-30T04:18:02Z,A1,35.2,16.54,FREE
2026-09-30T04:18:03Z,A1,39.4,16.98,FREE
2026-09-30T04:18:04Z,A1,36.0,15.65,FREE
2026-09-30T04:18:05Z,A1,36.8,14.93,FREE
2026-09-30T04:18:06Z,A1,5.1,18.09,FREE
2026-09-30T04:18:07Z,A1,8.4,15.85,OCCUPIED
2026-09-30T04:18:08Z,A1,7.8,11.83,OCCUPIED
2026-09-30T04:18:09Z,A1,7.6,12.61,OCCUPIED
2026-09-30T04:18:10Z,A1,6.2,12.33,OCCUPIED
2026-09-30T04:18:11Z,A1,2.0,12.31,OCCUPIED
2026-09-30T04:18:12Z,A1,7.5,14.09,OCCUPIED
2026-09-30T04:18:13Z,A1,8.4,13.46,OCCUPIED
2026-09-30T04:18:14Z,A1,36.9,17.05,OCCUPIED
2026-09-30T04:18:15Z,A1,36.1,17.65,FREE
2026-09-30T04:18:16Z,A1,400.0,9.37,FREE
2026-09-30T04:18:17Z,A1,37.4,15.57,FREE
2026-09-30T04:18:18Z,A1,36.2,14.33,FREE
2026-09-30T04:18:19Z,A1,38.9,14.98,FREE
2026-09-30T04:18:20Z,A1,36.4,15.24,FREE
2026-09-30T04:18:21Z,A1,38.8,16.44,FREE
2026-09-30T04:18:22Z,A1,5.7,14.02,FREE
2026-09-30T04:18:23Z,A1,5.8,15.35,OCCUPIED
2026-09-30T04:18:24Z,A1,400.0,7.00,OCCUPIED
2026-09-30T04:18:25Z,A1,7.1,14.31,OCCUPIED
2026-09-30T04:18:26Z,A1,2.0,15.00,OCCUPIED
2026-09-30T04:18:27Z,A1,8.3,10.63,OCCUPIED
2026-09-30T04:18:28Z,A1,7.2,17.17,OCCUPIED
2026-09-30T04:18:35Z,A1,35.3,18.82,OCCUPIED
2026-09-30T04:18:36Z,A1,35.2,19.91,FREE
2026-09-30T04:18:37Z,A1,33.3,16.72,FREE
2026-09-30T04:18:38Z,A1,6.1,18.15,FREE
2026-09-30T04:18:39Z,A1,5.8,12.04,OCCUPIED
2026-09-30T04:18:40Z,A1,7.9,9.91,OCCUPIED
2026-09-30T04:18:41Z,A1,6.0,10.24,OCCUPIED
2026-09-30T04:18:42Z,A1,8.8,10.56,OCCUPIED
2026-09-30T04:18:43Z,A1,7.0,9.93,OCCUPIED
2026-09-30T04:18:44Z,A1,7.1,15.41,OCCUPIED
2026-09-30T04:18:45Z,A1,8.2,15.07,OCCUPIED
2026-09-30T04:18:46Z,A1,33.1,15.46,OCCUPIED
2026-09-30T04:18:47Z,A1,38.5,17.67,FREE
2026-09-30T04:18:48Z,A1,33.4,15.87,FREE
2026-09-30T04:18:49Z,A1,36.3,15.41,FREE
2026-09-30T04:18:50Z,A1,37.5,14.91,FREE
2026-09-30T04:18:51Z,A1,39.9,9.72,FREE
2026-09-30T04:18:52Z,A1,36.6,9.59,FREE
2026-09-30T04:18:53Z,A1,34.3,27.63,FREE
2026-09-30T04:18:54Z,A1,5.4,11.96,FREE
2026-09-30T04:18:55Z,A1,6.7,11.94,OCCUPIED
2026-09-30T04:18:56Z,A1,6.4,14.72,OCCUPIED
2026-09-30T04:18:57Z,A1,5.7,16.11,OCCUPIED
2026-09-30T04:18:58Z,A1,7.6,14.52,OCCUPIED
2026-09-30T04:18:59Z,A1,6.8,14.54,OCCUPIED
2026-09-30T04:19:00Z,A1,7.9,15.78,OCCUPIED
2026-09-30T04:19:01Z,A1,7.8,15.95,OCCUPIED
2026-09-30T04:19:02Z,A1,38.5,13.00,OCCUPIED
2026-09-30T04:19:03Z,A1,33.6,18.28,FREE
2026-09-30T04:19:04Z,A1,33.3,14.59,FREE
2026-09-30T04:19:05Z,A1,34.6,15.65,FREE
2026-09-30T04:19:07Z,A1,35.0,15.59,FREE
2026-09-30T04:19:08Z,A1,37.3,17.41,FREE
2026-09-30T04:19:09Z,A1,8.0,17.37,FREE
2026-09-30T04:19:10Z,A1,6.4,21.11,OCCUPIED
2026-09-30T04:19:21Z,A1,38.5,19.00,OCCUPIED
2026-09-30T04:19:22Z,A1,35.4,20.15,FREE
2026-09-30T04:19:23Z,A1,37.8,14.98,FREE
2026-09-30T04:19:24Z,A1,35.0,16.98,FREE
2026-09-30T04:19:25Z,A1,39.2,17.82,FREE
2026-09-30T04:19:26Z,A1,400.0,10.54,FREE
2026-09-30T04:19:27Z,A1,6.8,16.95,FREE
2026-09-30T04:19:28Z,A1,7.4,17.70,OCCUPIED
2026-09-30T04:19:29Z,A1,7.3,15.63,OCCUPIED
2026-09-30T04:19:30Z,A1,6.2,14.30,OCCUPIED
2026-09-30T04:19:31Z,A1,7.7,9.41,OCCUPIED
2026-09-30T04:19:32Z,A1,7.8,10.17,OCCUPIED
2026-09-30T04:19:33Z,A1,5.7,9.85,OCCUPIED
2026-09-30T04:19:34Z,A1,33.8,10.69,OCCUPIED
2026-09-30T04:19:35Z,A1,36.0,11.95,FREE
2026-09-30T04:19:36Z,A1,34.3,15.74,FREE
2026-09-30T04:19:37Z,A1,37.6,15.70,FREE
2026-09-30T04:19:38Z,A1,37.9,15.19,FREE
2026-09-30T04:19:40Z,A1,40.0,16.20,FREE
2026-09-30T04:19:41Z,A1,8.6,10.78,FREE
2026-09-30T04:19:42Z,A1,7.5,11.20,OCCUPIED
2026-09-30T04:19:43Z,A1,5.0,8.20,OCCUPIED
2026-09-30T04:19:44Z,A1,6.0,6.78,OCCUPIED
2026-09-30T04:19:45Z,A1,5.7,7.17,OCCUPIED
2026-09-30T04:19:46Z,A1,7.6,12.02,OCCUPIED
2026-09-30T04:19:47Z,A1,6.0,13.22,OCCUPIED
2026-09-30T04:19:48Z,A1,7.4,16.04,OCCUPIED
2026-09-30T04:19:49Z,A1,38.5,15.76,OCCUPIED
2026-09-30T04:19:50Z,A1,39.0,18.28,FREE
2026-09-30T04:19:51Z,A1,38.9,10.33,FREE
2026-09-30T04:19:52Z,A1,33.8,10.76,FREE
2026-09-30T04:19:53Z,A1,38.7,9.46,FREE
2026-09-30T04:19:54Z,A1,37.5,10.74,FREE
2026-09-30T04:19:55Z,A1,34.0,10.39,FREE
2026-09-30T04:19:56Z,A1,35.9,16.09,FREE
2026-09-30T04:19:57Z,A1,5.8,13.28,FREE
2026-09-30T04:19:58Z,A1,7.7,18.54,OCCUPIED
2026-09-30T04:19:59Z,A1,7.5,13.41,OCCUPIED
2026-09-30T04:20:00Z,A1,7.7,12.00,OCCUPIED
2026-09-30T04:20:01Z,A1,8.8,7.94,OCCUPIED
2026-09-30T04:20:02Z,A1,8.3,8.00,OCCUPIED
2026-09-30T04:20:03Z,A1,6.0,7.80,OCCUPIED
2026-09-30T04:20:04Z,A1,8.7,10.33,OCCUPIED
2026-09-30T04:20:05Z,A1,33.4,11.02,OCCUPIED
2026-09-30T04:20:06Z,A1,33.5,16.76,FREE
2026-09-30T04:20:07Z,A1,34.7,14.57,FREE
2026-09-30T04:20:08Z,A1,38.8,14.24,FREE
2026-09-30T04:20:09Z,A1,39.3,13.26,FREE
2026-09-30T04:20:10Z,A1,37.5,15.05,FREE
2026-09-30T04:20:11Z,A1,34.9,10.31,FREE
2026-09-30T04:20:12Z,A1,39.5,10.33,FREE
2026-09-30T04:20:13Z,A1,8.7,11.48,FREE
2026-09-30T04:20:14Z,A1,8.3,11.81,OCCUPIED
2026-09-30T04:20:15Z,A1,6.6,10.19,OCCUPIED
2026-09-30T04:20:16Z,A1,6.7,15.11,OCCUPIED
2026-09-30T04:20:17Z,A1,8.8,15.63,OCCUPIED
2026-09-30T04:20:18Z,A1,5.7,14.83,OCCUPIED
2026-09-30T04:20:19Z,A1,7.7,14.50,OCCUPIED
2026-09-30T04:20:20Z,A1,6.3,14.78,OCCUPIED
2026-09-30T04:20:21Z,A1,33.4,10.70,OCCUPIED
2026-09-30T04:20:22Z,A1,35.6,12.04,FREE
2026-09-30T04:20:23Z,A1,37.1,10.30,FREE
2026-09-30T04:20:24Z,A1,33.7,9.28,FREE
2026-09-30T04:20:25Z,A1,35.7,10.02,FREE
2026-09-30T04:20:26Z,A1,37.3,14.30,FREE
2026-09-30T04:20:27Z,A1,33.3,14.41,FREE
2026-09-30T04:20:28Z,A1,39.5,15.26,FREE
2026-09-30T04:20:32Z,A1,7.8,11.17,FREE
2026-09-30T04:20:33Z,A1,7.6,11.09,OCCUPIED
2026-09-30T04:20:34Z,A1,8.6,10.80,OCCUPIED
2026-09-30T04:20:35Z,A1,5.3,11.69,OCCUPIED
2026-09-30T04:20:36Z,A1,8.9,10.35,OCCUPIED
2026-09-30T04:20:37Z,A1,7.6,14.55,OCCUPIED
2026-09-30T04:20:38Z,A1,33.1,17.20,OCCUPIED
2026-09-30T04:20:39Z,A1,34.3,18.06,FREE
2026-09-30T04:20:40Z,A1,36.0,18.56,FREE
2026-09-30T04:20:41Z,A1,36.5,15.76,FREE
2026-09-30T04:20:42Z,A1,37.9,9.89,FREE
2026-09-30T04:20:43Z,A1,38.6,9.67,FREE
2026-09-30T04:20:44Z,A1,0.0,6.39,FREE
2026-09-30T04:20:47Z,A1,6.6,19.30,FREE
2026-09-30T04:20:48Z,A1,5.7,17.83,OCCUPIED
2026-09-30T04:20:49Z,A1,6.0,16.43,OCCUPIED
2026-09-30T04:20:50Z,A1,5.2,14.52,OCCUPIED
2026-09-30T04:20:51Z,A1,7.4,11.94,OCCUPIED
2026-09-30T04:20:52Z,A1,8.1,15.24,OCCUPIED
2026-09-30T04:20:53Z,A1,33.3,15.22,OCCUPIED
2026-09-30T04:20:54Z,A1,39.0,17.13,FREE
2026-09-30T04:20:55Z,A1,38.6,11.89,FREE
2026-09-30T04:20:56Z,A1,39.6,12.67,FREE
2026-09-30T04:20:57Z,A1,38.8,14.52,FREE
2026-09-30T04:20:58Z,A1,39.1,12.15,FREE
2026-09-30T04:20:59Z,A1,35.0,14.69,FREE
2026-09-30T04:21:00Z,A1,35.7,12.76,FREE
2026-09-30T04:21:01Z,A1,6.3,11.26,FREE
2026-09-30T04:21:02Z,A1,7.1,11.69,OCCUPIED
2026-09-30T04:21:03Z,A1,7.8,7.20,OCCUPIED
2026-09-30T04:21:08Z,A1,8.4,14.57,OCCUPIED
2026-09-30T04:21:09Z,A1,6.3,14.24,OCCUPIED
2026-09-30T04:21:10Z,A1,38.9,16.30,OCCUPIED
2026-09-30T04:21:11Z,A1,34.5,15.37,FREE
2026-09-30T04:21:12Z,A1,38.3,9.81,FREE
2026-09-30T04:21:13Z,A1,35.7,9.52,FREE
2026-09-30T04:21:14Z,A1,35.6,9.54,FREE
2026-09-30T04:21:15Z,A1,39.2,9.93,FREE
2026-09-30T04:21:16Z,A1,33.5,10.20,FREE
2026-09-30T04:21:17Z,A1,2.0,14.78,FREE
2026-09-30T04:21:18Z,A1,7.5,18.02,OCCUPIED
2026-09-30T04:21:19Z,A1,8.0,14.55,OCCUPIED
2026-09-30T04:21:20Z,A1,5.3,16.59,OCCUPIED
2026-09-30T04:21:21Z,A1,6.0,15.63,OCCUPIED
2026-09-30T04:21:22Z,A1,5.3,10.91,OCCUPIED
2026-09-30T04:21:23Z,A1,400.0,6.56,OCCUPIED
2026-09-30T04:21:24Z,A1,8.2,10.98,OCCUPIED
2026-09-30T04:21:25Z,A1,37.2,10.83,OCCUPIED
2026-09-30T04:21:26Z,A1,38.4,8.76,FREE
2026-09-30T04:21:27Z,A1,39.1,15.15,FREE
2026-09-30T04:21:28Z,A1,34.6,14.96,FREE
2026-09-30T04:21:29Z,A1,38.3,15.50,FREE
2026-09-30T04:21:30Z,A1,34.7,14.37,FREE
2026-09-30T04:21:31Z,A1,38.7,15.31,FREE
2026-09-30T04:21:32Z,A1,38.1,14.56,FREE
2026-09-30T04:21:33Z,A1,6.6,19.44,FREE
2026-09-30T04:21:34Z,A1,7.4,18.28,OCCUPIED
2026-09-30T04:21:35Z,A1,8.4,16.02,OCCUPIED
2026-09-30T04:21:36Z,A1,7.8,15.24,OCCUPIED
2026-09-30T04:21:37Z,A1,7.3,16.54,OCCUPIED
2026-09-30T04:21:38Z,A1,0.0,6.54,OCCUPIED
2026-09-30T04:21:39Z,A1,7.4,16.00,OCCUPIED
2026-09-30T04:21:40Z,A1,5.0,13.43,OCCUPIED
2026-09-30T04:21:41Z,A1,35.8,19.44,OCCUPIED
2026-09-30T04:21:45Z,A1,33.9,14.59,FREE
2026-09-30T04:21:46Z,A1,38.7,9.89,FREE
2026-09-30T04:21:47Z,A1,35.4,18.63,FREE
2026-09-30T04:21:48Z,A1,38.2,14.87,FREE
2026-09-30T04:21:49Z,A1,38.8,16.37,FREE
2026-09-30T04:21:50Z,A1,7.8,14.93,FREE
2026-09-30T04:21:51Z,A1,6.6,15.05,OCCUPIED
2026-09-30T04:21:52Z,A1,8.2,12.89,OCCUPIED
2026-09-30T04:21:53Z,A1,5.5,7.91,OCCUPIED
2026-09-30T04:21:54Z,A1,5.7,7.72,OCCUPIED
2026-09-30T04:21:55Z,A1,5.6,9.33,OCCUPIED
2026-09-30T04:21:56Z,A1,8.5,8.46,OCCUPIED
2026-09-30T04:21:57Z,A1,6.7,8.74,OCCUPIED
2026-09-30T04:21:58Z,A1,38.3,18.67,OCCUPIED
2026-09-30T04:21:59Z,A1,33.4,16.54,FREE
2026-09-30T04:22:00Z,A1,38.3,12.48,FREE
2026-09-30T04:22:01Z,A1,35.0,15.72,FREE
2026-09-30T04:22:02Z,A1,36.8,10.96,FREE
2026-09-30T04:22:03Z,A1,34.8,9.65,FREE
2026-09-30T04:22:04Z,A1,400.0,5.87,FREE
2026-09-30T04:22:05Z,A1,38.2,9.50,FREE
2026-09-30T04:22:06Z,A1,8.5,10.70,FREE
2026-09-30T04:22:07Z,A1,5.9,11.41,OCCUPIED
2026-09-30T04:22:08Z,A1,8.7,15.22,OCCUPIED
2026-09-30T04:22:09Z,A1,8.4,15.09,OCCUPIED
2026-09-30T04:22:10Z,A1,6.1,13.96,OCCUPIED
2026-09-30T04:22:11Z,A1,5.2,17.22,OCCUPIED
2026-09-30T04:22:12Z,A1,5.8,15.07,OCCUPIED
2026-09-30T04:22:13Z,A1,5.1,10.24,OCCUPIED
2026-09-30T04:22:14Z,A1,34.8,11.61,OCCUPIED
2026-09-30T04:22:15Z,A1,35.2,10.93,FREE
2026-09-30T04:22:16Z,A1,33.6,7.87,FREE
2026-09-30T04:22:17Z,A1,35.4,9.69,FREE
2026-09-30T04:22:18Z,A1,2.0,14.85,FREE
2026-09-30T04:22:19Z,A1,34.3,13.04,FREE
2026-09-30T04:22:20Z,A1,36.2,15.61,FREE
2026-09-30T04:22:21Z,A1,7.1,17.61,FREE
2026-09-30T04:22:22Z,A1,5.1,11.94,OCCUPIED
2026-09-30T04:22:23Z,A1,5.5,10.41,OCCUPIED
2026-09-30T04:22:24Z,A1,7.9,10.05,OCCUPIED
2026-09-30T04:22:25Z,A1,6.7,9.69,OCCUPIED
2026-09-30T04:22:26Z,A1,7.7,9.93,OCCUPIED
2026-09-30T04:22:27Z,A1,6.9,17.39,OCCUPIED
2026-09-30T04:22:28Z,A1,8.2,15.87,OCCUPIED
2026-09-30T04:22:29Z,A1,33.9,17.87,OCCUPIED
2026-09-30T04:22:30Z,A1,38.2,18.87,FREE
2026-09-30T04:22:31Z,A1,39.0,15.76,FREE
2026-09-30T04:22:32Z,A1,33.7,13.04,FREE
2026-09-30T04:22:33Z,A1,36.6,14.41,FREE
2026-09-30T04:22:34Z,A1,34.7,12.74,FREE
2026-09-30T04:22:35Z,A1,0.0,9.67,FREE
2026-09-30T04:22:36Z,A1,35.1,14.15,FREE
2026-09-30T04:22:37Z,A1,8.7,16.50,FREE
2026-09-30T04:22:38Z,A1,7.9,15.98,OCCUPIED
2026-09-30T04:22:39Z,A1,5.1,15.19,OCCUPIED
2026-09-30T04:22:40Z,A1,5.5,15.81,OCCUPIED
2026-09-30T04:22:41Z,A1,5.0,14.96,OCCUPIED
2026-09-30T04:22:42Z,A1,0.0,6.80,OCCUPIED
2026-09-30T04:22:43Z,A1,6.0,9.65,OCCUPIED
2026-09-30T04:22:44Z,A1,6.3,9.67,OCCUPIED
2026-09-30T04:22:45Z,A1,37.6,10.28,OCCUPIED
2026-09-30T04:22:46Z,A1,33.9,11.85,FREE
2026-09-30T04:22:47Z,A1,35.2,17.57,FREE
2026-09-30T04:22:48Z,A1,34.9,9.87,FREE
2026-09-30T04:22:49Z,A1,35.6,9.20,FREE
2026-09-30T04:22:50Z,A1,34.7,9.28,FREE
2026-09-30T04:22:51Z,A1,34.4,9.80,FREE
2026-09-30T04:22:52Z,A1,38.3,9.96,FREE
2026-09-30T04:22:53Z,A1,7.9,18.98,FREE
2026-09-30T04:22:54Z,A1,6.6,18.37,OCCUPIED
2026-09-30T04:22:59Z,A1,5.3,10.59,OCCUPIED
2026-09-30T04:23:00Z,A1,5.6,9.67,OCCUPIED
2026-09-30T04:23:01Z,A1,5.9,10.02,OCCUPIED
2026-09-30T04:23:02Z,A1,37.3,10.96,OCCUPIED
2026-09-30T04:23:03Z,A1,38.4,11.45,FREE
2026-09-30T04:23:04Z,A1,34.0,9.15,FREE
2026-09-30T04:23:05Z,A1,34.0,15.30,FREE
2026-09-30T04:23:06Z,A1,38.3,15.72,FREE
2026-09-30T04:23:07Z,A1,37.9,14.17,FREE
2026-09-30T04:23:08Z,A1,36.2,14.33,FREE
2026-09-30T04:23:09Z,A1,36.6,14.50,FREE
2026-09-30T04:23:10Z,A1,8.9,18.78,FREE
2026-09-30T04:23:11Z,A1,6.1,18.39,OCCUPIED
2026-09-30T04:23:12Z,A1,7.6,13.46,OCCUPIED
2026-09-30T04:23:13Z,A1,7.0,13.39,OCCUPIED
2026-09-30T04:23:14Z,A1,5.7,14.65,OCCUPIED
2026-09-30T04:23:15Z,A1,6.3,13.69,OCCUPIED
2026-09-30T04:23:16Z,A1,7.2,17.50,OCCUPIED
2026-09-30T04:23:17Z,A1,7.0,12.41,OCCUPIED
2026-09-30T04:23:18Z,A1,37.7,16.54,OCCUPIED
2026-09-30T04:23:19Z,A1,34.3,20.50,FREE
2026-09-30T04:23:20Z,A1,34.7,15.07,FREE
2026-09-30T04:23:21Z,A1,35.8,17.15,FREE
2026-09-30T04:23:22Z,A1,38.4,17.78,FREE
2026-09-30T04:23:23Z,A1,37.1,12.43,FREE
2026-09-30T04:23:24Z,A1,37.8,9.70,FREE
2026-09-30T04:23:25Z,A1,38.7,10.04,FREE
2026-09-30T04:23:26Z,A1,5.5,11.50,FREE
2026-09-30T04:23:27Z,A1,6.1,11.87,OCCUPIED
2026-09-30T04:23:28Z,A1,2.0,15.31,OCCUPIED
2026-09-30T04:23:29Z,A1,5.6,14.33,OCCUPIED
2026-09-30T04:23:34Z,A1,400.0,6.09,OCCUPIED
2026-09-30T04:23:39Z,A1,38.9,16.93,OCCUPIED
2026-09-30T04:23:40Z,A1,39.7,21.50,FREE
2026-09-30T04:23:41Z,A1,35.7,13.61,FREE
2026-09-30T04:23:42Z,A1,400.0,9.30,FREE
2026-09-30T04:23:43Z,A1,6.0,11.76,FREE
2026-09-30T04:23:44Z,A1,7.3,11.52,OCCUPIED
2026-09-30T04:23:46Z,A1,7.4,10.02,OCCUPIED
2026-09-30T04:23:47Z,A1,8.1,9.80,OCCUPIED
2026-09-30T04:23:48Z,A1,7.7,10.04,OCCUPIED
2026-09-30T04:23:49Z,A1,400.0,10.04,OCCUPIED
2026-09-30T04:23:50Z,A1,36.5,17.02,OCCUPIED
2026-09-30T04:23:51Z,A1,36.4,18.22,FREE
2026-09-30T04:23:52Z,A1,36.9,15.67,FREE
2026-09-30T04:23:53Z,A1,38.8,15.19,FREE
2026-09-30T04:23:54Z,A1,37.4,9.56,FREE
2026-09-30T04:23:55Z,A1,34.8,10.46,FREE
2026-09-30T04:23:57Z,A1,36.7,6.54,FREE
2026-09-30T04:23:58Z,A1,5.3,10.37,FREE
2026-09-30T04:23:59Z,A1,5.9,16.37,OCCUPIED
2026-09-30T04:24:00Z,A1,7.9,13.30,OCCUPIED
2026-09-30T04:24:01Z,A1,5.5,12.70,OCCUPIED
2026-09-30T04:24:02Z,A1,6.8,8.43,OCCUPIED
2026-09-30T04:24:03Z,A1,5.4,12.48,OCCUPIED
2026-09-30T04:24:04Z,A1,6.0,5.67,OCCUPIED
2026-09-30T04:24:05Z,A1,8.6,10.67,OCCUPIED
2026-09-30T04:24:06Z,A1,37.8,11.44,OCCUPIED
2026-09-30T04:24:07Z,A1,37.0,11.45,FREE
2026-09-30T04:24:08Z,A1,34.5,8.07,FREE
2026-09-30T04:24:09Z,A1,0.0,6.13,FREE
2026-09-30T04:24:10Z,A1,0.0,6.11,FREE
2026-09-30T04:24:11Z,A1,35.7,9.61,FREE
2026-09-30T04:24:12Z,A1,36.7,10.50,FREE
2026-09-30T04:24:13Z,A1,34.8,10.41,FREE
2026-09-30T04:24:22Z,A1,34.3,9.67,FREE
2026-09-30T04:24:23Z,A1,37.4,9.80,FREE
2026-09-30T04:24:24Z,A1,36.8,9.57,FREE
2026-09-30T04:24:25Z,A1,34.8,12.24,FREE
2026-09-30T04:24:26Z,A1,39.3,10.80,FREE
2026-09-30T04:24:27Z,A1,34.5,13.26,FREE
2026-09-30T04:24:28Z,A1,34.4,15.24,FREE
2026-09-30T04:24:29Z,A1,35.1,13.33,FREE
2026-09-30T04:24:30Z,A1,5.4,18.59,FREE
2026-09-30T04:24:31Z,A1,7.0,12.67,OCCUPIED
2026-09-30T04:24:32Z,A1,5.6,14.67,OCCUPIED
2026-09-30T04:24:34Z,A1,6.4,16.80,OCCUPIED
2026-09-30T04:24:35Z,A1,6.8,15.80,OCCUPIED
2026-09-30T04:24:36Z,A1,400.0,10.39,OCCUPIED
2026-09-30T04:24:37Z,A1,6.1,16.09,OCCUPIED
2026-09-30T04:24:38Z,A1,33.8,17.54,OCCUPIED
2026-09-30T04:24:39Z,A1,39.3,18.41,FREE
2026-09-30T04:24:40Z,A1,38.7,14.80,FREE
2026-09-30T04:24:41Z,A1,34.3,14.95,FREE
2026-09-30T04:24:42Z,A1,35.9,16.17,FREE
2026-09-30T04:24:43Z,A1,34.9,17.39,FREE
2026-09-30T04:24:44Z,A1,35.0,9.65,FREE
2026-09-30T04:24:45Z,A1,39.9,9.76,FREE
2026-09-30T04:24:46Z,A1,8.4,10.91,FREE
2026-09-30T04:24:47Z,A1,0.0,6.11,FREE
2026-09-30T04:24:48Z,A1,7.8,11.00,OCCUPIED
2026-09-30T04:24:49Z,A1,6.3,17.85,OCCUPIED
2026-09-30T04:24:50Z,A1,6.4,13.81,OCCUPIED
2026-09-30T04:24:51Z,A1,8.9,14.76,OCCUPIED
2026-09-30T04:24:52Z,A1,400.0,8.74,OCCUPIED
2026-09-30T04:24:53Z,A1,5.9,16.13,OCCUPIED
2026-09-30T04:24:54Z,A1,39.9,10.72,OCCUPIED
2026-09-30T04:24:55Z,A1,37.8,12.39,FREE
2026-09-30T04:24:56Z,A1,38.3,10.04,FREE
2026-09-30T04:24:57Z,A1,33.5,10.50,FREE
2026-09-30T04:24:58Z,A1,36.3,9.85,FREE
2026-09-30T04:24:59Z,A1,0.0,11.19,FREE
2026-09-30T04:25:00Z,A1,36.6,17.24,FREE
2026-09-30T04:25:01Z,A1,34.2,15.95,FREE
2026-09-30T04:25:02Z,A1,7.6,14.00,FREE
2026-09-30T04:25:03Z,A1,5.7,18.46,OCCUPIED
2026-09-30T04:25:04Z,A1,5.3,11.37,OCCUPIED
2026-09-30T04:25:05Z,A1,7.3,10.83,OCCUPIED
2026-09-30T04:25:06Z,A1,7.1,9.54,OCCUPIED
2026-09-30T04:25:07Z,A1,9.0,10.65,OCCUPIED
2026-09-30T04:25:08Z,A1,8.4,10.19,OCCUPIED
2026-09-30T04:25:09Z,A1,7.2,17.83,OCCUPIED
2026-09-30T04:25:10Z,A1,36.0,19.00,OCCUPIED
2026-09-30T04:25:11Z,A1,35.8,17.04,FREE
2026-09-30T04:25:12Z,A1,34.7,14.32,FREE
2026-09-30T04:25:13Z,A1,35.7,14.35,FREE
2026-09-30T04:25:17Z,A1,36.8,11.22,FREE
2026-09-30T04:25:18Z,A1,5.1,12.00,FREE
2026-09-30T04:25:19Z,A1,6.0,11.30,OCCUPIED
2026-09-30T04:25:20Z,A1,7.8,11.33,OCCUPIED
2026-09-30T04:25:21Z,A1,6.0,11.41,OCCUPIED
2026-09-30T04:25:22Z,A1,7.8,9.72,OCCUPIED
2026-09-30T04:25:23Z,A1,8.3,9.72,OCCUPIED
2026-09-30T04:25:24Z,A1,5.4,15.46,OCCUPIED
2026-09-30T04:25:25Z,A1,8.2,9.87,OCCUPIED
2026-09-30T04:25:26Z,A1,34.0,10.63,OCCUPIED
2026-09-30T04:25:27Z,A1,36.4,14.85,FREE
2026-09-30T04:25:28Z,A1,38.0,11.87,FREE
2026-09-30T04:25:29Z,A1,33.8,8.48,FREE
2026-09-30T04:25:32Z,A1,2.0,17.17,FREE
2026-09-30T04:25:33Z,A1,8.6,18.24,OCCUPIED
2026-09-30T04:25:34Z,A1,9.0,12.39,OCCUPIED
2026-09-30T04:25:35Z,A1,8.2,15.76,OCCUPIED
2026-09-30T04:25:36Z,A1,6.6,14.52,OCCUPIED
2026-09-30T04:25:37Z,A1,8.9,16.65,OCCUPIED
2026-09-30T04:25:38Z,A1,6.7,15.22,OCCUPIED
2026-09-30T04:25:39Z,A1,6.6,14.48,OCCUPIED
2026-09-30T04:25:40Z,A1,8.6,15.65,OCCUPIED
2026-09-30T04:25:41Z,A1,37.4,17.89,OCCUPIED
2026-09-30T04:25:42Z,A1,34.0,19.02,FREE
2026-09-30T04:25:43Z,A1,37.2,15.76,FREE
2026-09-30T04:25:44Z,A1,37.9,16.48,FREE
2026-09-30T04:25:45Z,A1,33.8,15.24,FREE
2026-09-30T04:25:46Z,A1,34.0,15.83,FREE
2026-09-30T04:25:47Z,A1,37.3,13.87,FREE
2026-09-30T04:25:48Z,A1,37.9,14.61,FREE
2026-09-30T04:25:49Z,A1,6.2,16.83,FREE
2026-09-30T04:25:50Z,A1,2.0,18.32,OCCUPIED
2026-09-30T04:25:51Z,A1,2.0,14.11,OCCUPIED
2026-09-30T04:25:52Z,A1,7.7,14.02,OCCUPIED
2026-09-30T04:25:53Z,A1,8.2,15.63,OCCUPIED
2026-09-30T04:25:54Z,A1,8.4,15.59,OCCUPIED
2026-09-30T04:25:55Z,A1,8.5,10.37,OCCUPIED
2026-09-30T04:25:56Z,A1,6.7,10.05,OCCUPIED
2026-09-30T04:25:57Z,A1,35.2,11.04,OCCUPIED
2026-09-30T04:25:58Z,A1,37.3,11.30,FREE
2026-09-30T04:25:59Z,A1,35.8,9.63,FREE
2026-09-30T04:26:00Z,A1,38.7,17.78,FREE
2026-09-30T04:26:01Z,A1,36.2,18.98,FREE
2026-09-30T04:26:02Z,A1,40.0,16.46,FREE
2026-09-30T04:26:03Z,A1,37.7,14.98,FREE
2026-09-30T04:26:04Z,A1,36.2,16.32,FREE
2026-09-30T04:26:09Z,A1,5.4,10.91,FREE
2026-09-30T04:26:10Z,A1,400.0,8.20,FREE
2026-09-30T04:26:11Z,A1,8.0,19.13,OCCUPIED
2026-09-30T04:26:12Z,A1,6.3,14.07,OCCUPIED
2026-09-30T04:26:13Z,A1,8.8,15.74,OCCUPIED
2026-09-30T04:26:14Z,A1,35.2,14.17,OCCUPIED
2026-09-30T04:26:15Z,A1,0.0,9.65,OCCUPIED
2026-09-30T04:26:16Z,A1,37.7,19.72,FREE
2026-09-30T04:26:17Z,A1,34.1,14.87,FREE
2026-09-30T04:26:18Z,A1,38.7,16.59,FREE
2026-09-30T04:26:19Z,A1,2.0,16.50,FREE
2026-09-30T04:26:20Z,A1,35.7,8.76,FREE
2026-09-30T04:26:21Z,A1,39.0,10.87,FREE
2026-09-30T04:26:22Z,A1,5.5,9.50,FREE
2026-09-30T04:26:23Z,A1,6.7,11.22,OCCUPIED
2026-09-30T04:26:24Z,A1,2.0,9.19,OCCUPIED
2026-09-30T04:26:27Z,A1,6.7,17.11,OCCUPIED
2026-09-30T04:26:28Z,A1,6.4,15.96,OCCUPIED
2026-09-30T04:26:29Z,A1,5.9,15.85,OCCUPIED
2026-09-30T04:26:30Z,A1,35.3,14.81,OCCUPIED
2026-09-30T04:26:31Z,A1,33.1,17.06,FREE
2026-09-30T04:26:32Z,A1,35.4,10.39,FREE
2026-09-30T04:26:33Z,A1,37.4,9.44,FREE
2026-09-30T04:26:34Z,A1,35.7,16.28,FREE
2026-09-30T04:26:35Z,A1,35.8,15.09,FREE
2026-09-30T04:26:36Z,A1,38.9,13.83,FREE
2026-09-30T04:26:37Z,A1,35.8,12.57,FREE
2026-09-30T04:26:38Z,A1,8.2,17.06,FREE
2026-09-30T04:26:39Z,A1,9.0,19.02,OCCUPIED
2026-09-30T04:26:40Z,A1,6.9,14.85,OCCUPIED
2026-09-30T04:26:41Z,A1,5.6,15.98,OCCUPIED
2026-09-30T04:26:42Z,A1,8.5,14.50,OCCUPIED
2026-09-30T04:26:43Z,A1,6.0,15.09,OCCUPIED
2026-09-30T04:26:44Z,A1,7.5,14.30,OCCUPIED
2026-09-30T04:26:45Z,A1,5.2,50.58,OCCUPIED
2026-09-30T04:26:46Z,A1,39.4,11.17,OCCUPIED
2026-09-30T04:26:47Z,A1,37.7,11.78,FREE
2026-09-30T04:26:48Z,A1,35.9,8.95,FREE
2026-09-30T04:26:49Z,A1,38.7,9.22,FREE
2026-09-30T04:26:50Z,A1,34.2,9.61,FREE
2026-09-30T04:26:51Z,A1,33.7,13.81,FREE
2026-09-30T04:26:52Z,A1,36.6,13.74,FREE
2026-09-30T04:26:53Z,A1,33.3,15.20,FREE
2026-09-30T04:26:54Z,A1,5.9,18.06,FREE
2026-09-30T04:26:55Z,A1,5.6,17.22,OCCUPIED
2026-09-30T04:26:56Z,A1,5.3,8.81,OCCUPIED
2026-09-30T04:26:57Z,A1,5.4,10.37,OCCUPIED
2026-09-30T04:26:58Z,A1,5.2,9.81,OCCUPIED
2026-09-30T04:26:59Z,A1,7.8,10.24,OCCUPIED
2026-09-30T04:27:00Z,A1,8.6,9.67,OCCUPIED
2026-09-30T04:27:01Z,A1,39.3,17.43,OCCUPIED
2026-09-30T04:27:02Z,A1,36.0,12.09,FREE
2026-09-30T04:27:03Z,A1,35.9,9.85,FREE
2026-09-30T04:27:04Z,A1,36.0,10.54,FREE
2026-09-30T04:27:05Z,A1,34.1,10.28,FREE
2026-09-30T04:27:07Z,A1,33.1,10.26,FREE
2026-09-30T04:27:08Z,A1,39.1,16.02,FREE
2026-09-30T04:27:09Z,A1,35.2,14.61,FREE
2026-09-30T04:27:10Z,A1,6.8,15.28,FREE
2026-09-30T04:27:11Z,A1,5.9,17.93,OCCUPIED
2026-09-30T04:27:12Z,A1,5.6,17.69,OCCUPIED
2026-09-30T04:27:13Z,A1,7.8,14.24,OCCUPIED
2026-09-30T04:27:14Z,A1,7.1,15.46,OCCUPIED
2026-09-30T04:27:15Z,A1,6.1,15.07,OCCUPIED
2026-09-30T04:27:16Z,A1,6.1,14.24,OCCUPIED
2026-09-30T04:27:20Z,A1,35.6,17.43,OCCUPIED
2026-09-30T04:27:24Z,A1,37.3,20.20,FREE
2026-09-30T04:27:25Z,A1,35.7,17.28,FREE
2026-09-30T04:27:26Z,A1,7.6,10.89,FREE
2026-09-30T04:27:27Z,A1,6.5,11.17,OCCUPIED
2026-09-30T04:27:28Z,A1,7.8,9.74,OCCUPIED
2026-09-30T04:27:29Z,A1,2.0,9.46,OCCUPIED
2026-09-30T04:27:30Z,A1,8.1,9.93,OCCUPIED
2026-09-30T04:27:31Z,A1,5.9,14.81,OCCUPIED
2026-09-30T04:27:32Z,A1,5.0,15.20,OCCUPIED
2026-09-30T04:27:34Z,A1,39.4,15.56,OCCUPIED
2026-09-30T04:27:35Z,A1,34.3,18.15,FREE
2026-09-30T04:27:36Z,A1,36.8,10.19,FREE
2026-09-30T04:27:37Z,A1,36.7,5.82,FREE
2026-09-30T04:27:38Z,A1,38.5,5.74,FREE
2026-09-30T04:27:39Z,A1,34.1,6.89,FREE
2026-09-30T04:27:40Z,A1,37.4,7.83,FREE
2026-09-30T04:27:41Z,A1,33.4,6.85,FREE
2026-09-30T04:27:42Z,A1,8.1,11.48,FREE
2026-09-30T04:27:43Z,A1,8.8,10.52,OCCUPIED
2026-09-30T04:27:44Z,A1,6.8,7.96,OCCUPIED
2026-09-30T04:27:45Z,A1,7.8,14.30,OCCUPIED
2026-09-30T04:27:46Z,A1,5.7,8.96,OCCUPIED
2026-09-30T04:27:47Z,A1,6.0,7.76,OCCUPIED
2026-09-30T04:27:48Z,A1,8.7,13.33,OCCUPIED
2026-09-30T04:27:49Z,A1,7.2,14.85,OCCUPIED
2026-09-30T04:27:50Z,A1,38.4,14.67,OCCUPIED
2026-09-30T04:27:51Z,A1,35.5,14.98,FREE
2026-09-30T04:27:52Z,A1,39.4,16.91,FREE
2026-09-30T04:27:53Z,A1,37.7,13.95,FREE
2026-09-30T04:27:54Z,A1,36.8,12.69,FREE
2026-09-30T04:27:55Z,A1,38.7,13.85,FREE
2026-09-30T04:27:56Z,A1,34.0,12.67,FREE
2026-09-30T04:27:57Z,A1,38.6,13.70,FREE
2026-09-30T04:27:58Z,A1,7.9,19.20,FREE
2026-09-30T04:27:59Z,A1,5.7,18.37,OCCUPIED
2026-09-30T04:28:00Z,A1,8.4,13.83,OCCUPIED
2026-09-30T04:28:01Z,A1,7.3,9.17,OCCUPIED
2026-09-30T04:28:03Z,A1,5.8,10.43,OCCUPIED
2026-09-30T04:28:04Z,A1,5.9,9.78,OCCUPIED
2026-09-30T04:28:05Z,A1,7.2,10.19,OCCUPIED
2026-09-30T04:28:06Z,A1,38.4,16.22,OCCUPIED
2026-09-30T04:28:07Z,A1,2.0,15.20,OCCUPIED
2026-09-30T04:28:08Z,A1,33.7,17.24,OCCUPIED
2026-09-30T04:28:09Z,A1,39.6,18.85,FREE
2026-09-30T04:28:10Z,A1,39.3,13.85,FREE
2026-09-30T04:28:11Z,A1,39.7,14.69,FREE
2026-09-30T04:28:12Z,A1,37.1,16.98,FREE
2026-09-30T04:28:13Z,A1,39.7,16.78,FREE
2026-09-30T04:28:14Z,A1,8.5,18.00,FREE
2026-09-30T04:28:15Z,A1,7.2,14.59,OCCUPIED
2026-09-30T04:28:16Z,A1,5.3,12.26,OCCUPIED
2026-09-30T04:28:17Z,A1,5.6,10.04,OCCUPIED
2026-09-30T04:28:18Z,A1,6.1,10.43,OCCUPIED
2026-09-30T04:28:19Z,A1,8.0,10.43,OCCUPIED
2026-09-30T04:28:20Z,A1,5.8,10.02,OCCUPIED
2026-09-30T04:28:21Z,A1,8.9,10.35,OCCUPIED
2026-09-30T04:28:22Z,A1,33.3,20.04,OCCUPIED
2026-09-30T04:28:23Z,A1,2.0,16.22,OCCUPIED
2026-09-30T04:28:24Z,A1,37.4,18.52,OCCUPIED
2026-09-30T04:28:25Z,A1,34.2,18.07,FREE
2026-09-30T04:28:26Z,A1,38.5,14.31,FREE
2026-09-30T04:28:27Z,A1,35.1,14.59,FREE
2026-09-30T04:28:28Z,A1,33.3,15.87,FREE
2026-09-30T04:28:29Z,A1,34.2,15.48,FREE
2026-09-30T04:28:30Z,A1,8.2,14.24,FREE
2026-09-30T04:28:31Z,A1,8.8,19.22,OCCUPIED
2026-09-30T04:28:32Z,A1,8.3,14.33,OCCUPIED
2026-09-30T04:28:33Z,A1,8.4,15.39,OCCUPIED
2026-09-30T04:28:34Z,A1,6.3,15.96,OCCUPIED
2026-09-30T04:28:35Z,A1,6.3,15.65,OCCUPIED
2026-09-30T04:28:36Z,A1,0.0,8.20,OCCUPIED
2026-09-30T04:28:39Z,A1,34.0,10.39,OCCUPIED
2026-09-30T04:28:40Z,A1,39.8,13.20,FREE
2026-09-30T04:28:41Z,A1,33.7,9.31,FREE
2026-09-30T04:28:42Z,A1,35.3,14.44,FREE
2026-09-30T04:28:43Z,A1,34.5,11.70,FREE
2026-09-30T04:28:44Z,A1,37.2,10.24,FREE
2026-09-30T04:28:45Z,A1,8.0,15.50,FREE
2026-09-30T04:28:46Z,A1,7.3,12.87,OCCUPIED
2026-09-30T04:28:47Z,A1,5.9,12.28,OCCUPIED
2026-09-30T04:28:48Z,A1,5.0,9.20,OCCUPIED
2026-09-30T04:28:50Z,A1,5.2,10.30,OCCUPIED
2026-09-30T04:28:51Z,A1,7.5,10.91,OCCUPIED
2026-09-30T04:28:52Z,A1,7.6,11.72,OCCUPIED
2026-09-30T04:28:53Z,A1,6.0,12.04,OCCUPIED
2026-09-30T04:28:54Z,A1,400.0,7.74,OCCUPIED
2026-09-30T04:28:55Z,A1,37.2,23.46,OCCUPIED
2026-09-30T04:28:56Z,A1,38.1,19.98,FREE
2026-09-30T04:28:57Z,A1,35.4,15.09,FREE
2026-09-30T04:28:58Z,A1,39.5,14.17,FREE
2026-09-30T04:28:59Z,A1,34.0,14.95,FREE
2026-09-30T04:29:00Z,A1,35.5,16.87,FREE
2026-09-30T04:29:01Z,A1,34.3,17.26,FREE
2026-09-30T04:29:02Z,A1,8.4,14.83,FREE
2026-09-30T04:29:03Z,A1,8.5,12.09,OCCUPIED
2026-09-30T04:29:05Z,A1,6.9,10.06,OCCUPIED
2026-09-30T04:29:06Z,A1,8.7,9.33,OCCUPIED
2026-09-30T04:29:07Z,A1,7.2,10.72,OCCUPIED
2026-09-30T04:29:08Z,A1,8.4,17.26,OCCUPIED
2026-09-30T04:29:09Z,A1,8.3,17.91,OCCUPIED
2026-09-30T04:29:10Z,A1,34.8,31.74,OCCUPIED
2026-09-30T04:29:11Z,A1,37.7,17.28,FREE
2026-09-30T04:29:12Z,A1,36.5,15.87,FREE
2026-09-30T04:29:13Z,A1,38.8,17.41,FREE
2026-09-30T04:29:14Z,A1,33.3,14.80,FREE
2026-09-30T04:29:15Z,A1,39.3,17.13,FREE
2026-09-30T04:29:17Z,A1,33.1,16.43,FREE
2026-09-30T04:29:18Z,A1,7.8,15.48,FREE
2026-09-30T04:29:19Z,A1,6.4,18.76,OCCUPIED
2026-09-30T04:29:20Z,A1,5.5,12.13,OCCUPIED
2026-09-30T04:29:21Z,A1,5.7,11.07,OCCUPIED
2026-09-30T04:29:22Z,A1,9.0,11.43,OCCUPIED
2026-09-30T04:29:23Z,A1,5.0,6.57,OCCUPIED
2026-09-30T04:29:24Z,A1,7.4,9.98,OCCUPIED
2026-09-30T04:29:25Z,A1,5.8,10.43,OCCUPIED
2026-09-30T04:29:26Z,A1,35.3,10.31,OCCUPIED
2026-09-30T04:29:27Z,A1,34.8,11.11,FREE
2026-09-30T04:29:28Z,A1,39.8,11.33,FREE
2026-09-30T04:29:29Z,A1,37.3,9.06,FREE
2026-09-30T04:29:30Z,A1,39.7,13.15,FREE
2026-09-30T04:29:31Z,A1,39.5,13.15,FREE
2026-09-30T04:29:32Z,A1,35.5,14.89,FREE
2026-09-30T04:29:33Z,A1,39.4,15.13,FREE
2026-09-30T04:29:34Z,A1,5.2,17.32,FREE
2026-09-30T04:29:35Z,A1,7.1,18.89,OCCUPIED
2026-09-30T04:29:36Z,A1,5.7,13.39,OCCUPIED
2026-09-30T04:29:37Z,A1,2.0,9.48,OCCUPIED
2026-09-30T04:29:38Z,A1,5.5,11.30,OCCUPIED
2026-09-30T04:29:39Z,A1,6.8,9.57,OCCUPIED
2026-09-30T04:29:40Z,A1,5.4,17.30,OCCUPIED
2026-09-30T04:29:41Z,A1,6.2,15.07,OCCUPIED
2026-09-30T04:29:42Z,A1,0.0,5.15,OCCUPIED
2026-09-30T04:29:43Z,A1,36.9,15.80,OCCUPIED
2026-09-30T04:29:44Z,A1,34.1,21.02,FREE
2026-09-30T04:29:45Z,A1,38.0,10.85,FREE
2026-09-30T04:29:46Z,A1,36.9,11.15,FREE
2026-09-30T04:29:47Z,A1,38.5,8.52,FREE
2026-09-30T04:29:48Z,A1,34.2,9.09,FREE
2026-09-30T04:29:49Z,A1,33.9,9.09,FREE
2026-09-30T04:29:50Z,A1,8.7,10.96,FREE
2026-09-30T04:29:51Z,A1,7.0,11.46,OCCUPIED
2026-09-30T04:29:53Z,A1,8.8,16.78,OCCUPIED
2026-09-30T04:29:54Z,A1,8.7,16.20,OCCUPIED
2026-09-30T04:29:55Z,A1,7.2,17.70,OCCUPIED
2026-09-30T04:29:56Z,A1,8.7,16.45,OCCUPIED
2026-09-30T04:29:57Z,A1,8.8,15.39,OCCUPIED
2026-09-30T04:29:58Z,A1,39.9,19.70,OCCUPIED
2026-09-30T04:29:59Z,A1,38.1,11.70,FREE
2026-09-30T04:30:00Z,A1,37.9,10.35,FREE
2026-09-30T04:30:01Z,A1,38.8,10.63,FREE
2026-09-30T04:30:02Z,A1,39.9,9.98,FREE
2026-09-30T04:30:03Z,A1,37.2,14.83,FREE
2026-09-30T04:30:04Z,A1,0.0,8.50,FREE
2026-09-30T04:30:05Z,A1,38.7,14.17,FREE
2026-09-30T04:30:06Z,A1,6.1,15.80,FREE
2026-09-30T04:30:07Z,A1,2.0,18.28,OCCUPIED
2026-09-30T04:30:08Z,A1,8.5,10.11,OCCUPIED
2026-09-30T04:30:09Z,A1,6.7,10.02,OCCUPIED
2026-09-30T04:30:10Z,A1,5.4,10.26,OCCUPIED
2026-09-30T04:30:11Z,A1,6.4,10.05,OCCUPIED
2026-09-30T04:30:12Z,A1,8.7,9.85,OCCUPIED
2026-09-30T04:30:13Z,A1,5.4,16.09,OCCUPIED
2026-09-30T04:30:14Z,A1,34.6,16.35,OCCUPIED
2026-09-30T04:30:15Z,A1,34.6,17.26,FREE
2026-09-30T04:30:16Z,A1,36.0,16.82,FREE
2026-09-30T04:30:17Z,A1,37.6,14.63,FREE
2026-09-30T04:30:18Z,A1,39.7,10.69,FREE
2026-09-30T04:30:19Z,A1,37.3,11.05,FREE
2026-09-30T04:30:20Z,A1,36.2,9.87,FREE
2026-09-30T04:30:21Z,A1,33.5,9.83,FREE
2026-09-30T04:30:22Z,A1,6.2,10.80,FREE
2026-09-30T04:30:23Z,A1,8.8,13.37,OCCUPIED
2026-09-30T04:30:24Z,A1,7.9,11.54,OCCUPIED
2026-09-30T04:30:25Z,A1,7.3,11.28,OCCUPIED
2026-09-30T04:30:26Z,A1,5.4,11.72,OCCUPIED
2026-09-30T04:30:27Z,A1,400.0,6.70,OCCUPIED
2026-09-30T04:30:28Z,A1,6.3,6.50,OCCUPIED
2026-09-30T04:30:29Z,A1,7.7,6.52,OCCUPIED
2026-09-30T04:30:30Z,A1,37.7,8.07,OCCUPIED
2026-09-30T04:30:31Z,A1,36.4,8.37,FREE
2026-09-30T04:30:32Z,A1,34.7,6.78,FREE
2026-09-30T04:30:33Z,A1,37.4,13.02,FREE
2026-09-30T04:30:34Z,A1,34.6,16.41,FREE
2026-09-30T04:30:35Z,A1,37.9,16.82,FREE
2026-09-30T04:30:36Z,A1,38.0,16.06,FREE
2026-09-30T04:30:37Z,A1,35.6,13.91,FREE
2026-09-30T04:30:39Z,A1,6.3,21.00,FREE
2026-09-30T04:30:40Z,A1,8.4,17.54,OCCUPIED
2026-09-30T04:30:41Z,A1,7.0,11.59,OCCUPIED
2026-09-30T04:30:42Z,A1,7.1,9.94,OCCUPIED
2026-09-30T04:30:43Z,A1,400.0,7.19,OCCUPIED
2026-09-30T04:30:44Z,A1,6.2,11.57,OCCUPIED
2026-09-30T04:30:45Z,A1,8.6,16.72,OCCUPIED
2026-09-30T04:30:46Z,A1,34.5,17.37,OCCUPIED
2026-09-30T04:30:47Z,A1,35.4,15.02,FREE
2026-09-30T04:30:48Z,A1,36.9,11.56,FREE
2026-09-30T04:30:49Z,A1,34.6,14.96,FREE
2026-09-30T04:30:50Z,A1,39.5,15.22,FREE
2026-09-30T04:30:51Z,A1,36.8,15.61,FREE
2026-09-30T04:30:52Z,A1,34.6,16.48,FREE
2026-09-30T04:30:53Z,A1,35.1,12.22,FREE
2026-09-30T04:30:54Z,A1,8.4,18.45,FREE
2026-09-30T04:30:55Z,A1,7.2,16.98,OCCUPIED
2026-09-30T04:30:56Z,A1,5.3,16.59,OCCUPIED
2026-09-30T04:30:57Z,A1,5.6,14.61,OCCUPIED
2026-09-30T04:30:58Z,A1,5.5,9.28,OCCUPIED
2026-09-30T04:31:00Z,A1,6.0,10.15,OCCUPIED
2026-09-30T04:31:01Z,A1,8.0,9.98,OCCUPIED
2026-09-30T04:31:02Z,A1,33.8,10.78,OCCUPIED
2026-09-30T04:31:03Z,A1,33.5,11.33,FREE
2026-09-30T04:31:04Z,A1,38.9,11.72,FREE
2026-09-30T04:31:05Z,A1,33.1,15.15,FREE
2026-09-30T04:31:06Z,A1,37.5,17.56,FREE
2026-09-30T04:31:07Z,A1,37.4,16.07,FREE
2026-09-30T04:31:08Z,A1,400.0,6.67,FREE
2026-09-30T04:31:09Z,A1,34.6,9.46,FREE
2026-09-30T04:31:10Z,A1,5.3,10.31,FREE
2026-09-30T04:31:11Z,A1,5.8,9.17,OCCUPIED
2026-09-30T04:31:12Z,A1,5.6,12.52,OCCUPIED
2026-09-30T04:31:13Z,A1,6.3,19.06,OCCUPIED
2026-09-30T04:31:14Z,A1,7.9,11.80,OCCUPIED
2026-09-30T04:31:15Z,A1,7.8,16.37,OCCUPIED
2026-09-30T04:31:16Z,A1,8.7,15.04,OCCUPIED
2026-09-30T04:31:17Z,A1,6.9,15.33,OCCUPIED
2026-09-30T04:31:18Z,A1,37.2,16.67,OCCUPIED
2026-09-30T04:31:19Z,A1,36.2,17.07,FREE
2026-09-30T04:31:20Z,A1,39.0,16.07,FREE
2026-09-30T04:31:21Z,A1,37.4,8.30,FREE
2026-09-30T04:31:22Z,A1,38.9,6.33,FREE
2026-09-30T04:31:23Z,A1,33.7,7.65,FREE
2026-09-30T04:31:24Z,A1,38.8,16.87,FREE
2026-09-30T04:31:25Z,A1,33.1,16.93,FREE
2026-09-30T04:31:26Z,A1,6.2,19.59,FREE
2026-09-30T04:31:27Z,A1,6.6,16.32,OCCUPIED
2026-09-30T04:31:28Z,A1,7.7,15.30,OCCUPIED
2026-09-30T04:31:29Z,A1,5.6,15.52,OCCUPIED
2026-09-30T04:31:30Z,A1,5.4,17.11,OCCUPIED
2026-09-30T04:31:31Z,A1,7.4,13.76,OCCUPIED
2026-09-30T04:31:32Z,A1,5.1,17.46,OCCUPIED
2026-09-30T04:31:33Z,A1,7.0,13.63,OCCUPIED
2026-09-30T04:31:34Z,A1,38.9,16.11,OCCUPIED
2026-09-30T04:31:35Z,A1,37.7,16.70,FREE
2026-09-30T04:31:36Z,A1,35.5,14.83,FREE
2026-09-30T04:31:37Z,A1,36.3,12.56,FREE
2026-09-30T04:31:38Z,A1,39.6,17.43,FREE
2026-09-30T04:31:39Z,A1,38.7,10.06,FREE
2026-09-30T04:31:40Z,A1,35.7,11.48,FREE
2026-09-30T04:31:41Z,A1,34.0,9.65,FREE
2026-09-30T04:31:42Z,A1,8.0,10.43,FREE
2026-09-30T04:31:43Z,A1,5.2,11.24,OCCUPIED
2026-09-30T04:31:44Z,A1,7.6,14.63,OCCUPIED
2026-09-30T04:31:45Z,A1,5.1,16.26,OCCUPIED
2026-09-30T04:31:46Z,A1,8.7,17.15,OCCUPIED
2026-09-30T04:31:47Z,A1,9.0,17.59,OCCUPIED
2026-09-30T04:31:48Z,A1,6.3,17.87,OCCUPIED
2026-09-30T04:31:49Z,A1,5.6,15.91,OCCUPIED
2026-09-30T04:31:50Z,A1,33.1,18.09,OCCUPIED
2026-09-30T04:31:51Z,A1,34.8,17.65,FREE
2026-09-30T04:31:52Z,A1,36.1,16.91,FREE
2026-09-30T04:31:53Z,A1,34.5,15.15,FREE
2026-09-30T04:31:54Z,A1,33.8,17.45,FREE
2026-09-30T04:31:59Z,A1,8.0,18.85,FREE
2026-09-30T04:32:00Z,A1,8.1,18.85,OCCUPIED
2026-09-30T04:32:01Z,A1,6.2,16.17,OCCUPIED
2026-09-30T04:32:02Z,A1,6.7,15.76,OCCUPIED
2026-09-30T04:32:03Z,A1,7.9,16.30,OCCUPIED
2026-09-30T04:32:04Z,A1,5.8,16.26,OCCUPIED
2026-09-30T04:32:05Z,A1,6.9,16.48,OCCUPIED
2026-09-30T04:32:06Z,A1,37.5,19.41,OCCUPIED
2026-09-30T04:32:07Z,A1,34.8,18.94,FREE
2026-09-30T04:32:08Z,A1,36.5,17.26,FREE
2026-09-30T04:32:09Z,A1,36.4,13.95,FREE
2026-09-30T04:32:10Z,A1,0.0,6.48,FREE
2026-09-30T04:32:11Z,A1,39.3,9.43,FREE
2026-09-30T04:32:12Z,A1,400.0,6.52,FREE
2026-09-30T04:32:13Z,A1,37.9,10.02,FREE
2026-09-30T04:32:14Z,A1,6.2,11.06,FREE
2026-09-30T04:32:15Z,A1,8.0,20.13,OCCUPIED
2026-09-30T04:32:16Z,A1,6.1,17.22,OCCUPIED
2026-09-30T04:32:17Z,A1,6.9,16.50,OCCUPIED
2026-09-30T04:32:18Z,A1,7.6,15.11,OCCUPIED
2026-09-30T04:32:19Z,A1,5.5,15.96,OCCUPIED
2026-09-30T04:32:20Z,A1,0.0,9.20,OCCUPIED
2026-09-30T04:32:21Z,A1,7.4,17.74,OCCUPIED
2026-09-30T04:32:22Z,A1,37.2,16.76,OCCUPIED
2026-09-30T04:32:23Z,A1,39.4,16.85,FREE
2026-09-30T04:32:24Z,A1,37.6,17.61,FREE
2026-09-30T04:32:25Z,A1,35.6,17.61,FREE
2026-09-30T04:32:26Z,A1,34.3,15.54,FREE
2026-09-30T04:32:27Z,A1,34.8,15.69,FREE
2026-09-30T04:32:28Z,A1,33.8,15.06,FREE
2026-09-30T04:32:29Z,A1,38.4,15.33,FREE
2026-09-30T04:32:30Z,A1,6.1,11.24,FREE
2026-09-30T04:32:31Z,A1,8.2,11.95,OCCUPIED
2026-09-30T04:32:32Z,A1,7.6,9.98,OCCUPIED
2026-09-30T04:32:33Z,A1,7.2,30.17,OCCUPIED
2026-09-30T04:32:34Z,A1,6.8,9.59,OCCUPIED
2026-09-30T04:32:35Z,A1,9.0,14.41,OCCUPIED
2026-09-30T04:32:37Z,A1,5.1,14.74,OCCUPIED
2026-09-30T04:32:38Z,A1,39.8,15.17,OCCUPIED
2026-09-30T04:32:39Z,A1,38.9,54.63,FREE
2026-09-30T04:32:40Z,A1,37.8,18.33,FREE
2026-09-30T04:32:41Z,A1,36.6,17.50,FREE
2026-09-30T04:32:42Z,A1,400.0,8.11,FREE
2026-09-30T04:32:43Z,A1,33.3,16.78,FREE
2026-09-30T04:32:44Z,A1,35.0,9.69,FREE
2026-09-30T04:32:45Z,A1,39.8,10.17,FREE
2026-09-30T04:32:46Z,A1,6.7,11.39,FREE
2026-09-30T04:32:47Z,A1,2.0,12.67,OCCUPIED
2026-09-30T04:32:48Z,A1,8.5,12.19,OCCUPIED
2026-09-30T04:32:49Z,A1,7.7,11.39,OCCUPIED
2026-09-30T04:32:50Z,A1,7.0,6.48,OCCUPIED
2026-09-30T04:32:51Z,A1,7.1,9.55,OCCUPIED
2026-09-30T04:32:52Z,A1,6.7,10.61,OCCUPIED
2026-09-30T04:32:53Z,A1,8.3,9.85,OCCUPIED
2026-09-30T04:32:54Z,A1,37.1,11.43,OCCUPIED
2026-09-30T04:32:55Z,A1,35.4,20.52,FREE
2026-09-30T04:32:56Z,A1,38.6,17.04,FREE
2026-09-30T04:32:57Z,A1,35.1,13.80,FREE
2026-09-30T04:32:58Z,A1,33.4,12.11,FREE
2026-09-30T04:32:59Z,A1,34.6,14.80,FREE
2026-09-30T04:33:00Z,A1,36.9,18.09,FREE
2026-09-30T04:33:01Z,A1,39.1,7.20,FREE
2026-09-30T04:33:02Z,A1,7.6,10.07,FREE
2026-09-30T04:33:03Z,A1,8.7,9.69,OCCUPIED
2026-09-30T04:33:04Z,A1,8.8,7.54,OCCUPIED
2026-09-30T04:33:05Z,A1,0.0,6.17,OCCUPIED
2026-09-30T04:33:06Z,A1,5.8,11.54,OCCUPIED
2026-09-30T04:33:07Z,A1,7.4,15.85,OCCUPIED
2026-09-30T04:33:08Z,A1,8.9,16.32,OCCUPIED
2026-09-30T04:33:09Z,A1,8.1,15.22,OCCUPIED
2026-09-30T04:33:10Z,A1,34.2,18.30,OCCUPIED
2026-09-30T04:33:11Z,A1,33.1,12.04,FREE
2026-09-30T04:33:12Z,A1,39.1,10.15,FREE
2026-09-30T04:33:13Z,A1,39.8,10.17,FREE
2026-09-30T04:33:14Z,A1,36.5,10.09,FREE
2026-09-30T04:33:15Z,A1,35.5,15.30,FREE
2026-09-30T04:33:16Z,A1,36.4,16.37,FREE
2026-09-30T04:33:17Z,A1,5.8,19.56,FREE
2026-09-30T04:33:18Z,A1,8.0,17.96,OCCUPIED
2026-09-30T04:33:19Z,A1,6.7,15.93,OCCUPIED
2026-09-30T04:33:20Z,A1,8.9,9.61,OCCUPIED
2026-09-30T04:33:21Z,A1,5.5,10.13,OCCUPIED
2026-09-30T04:33:22Z,A1,8.8,9.76,OCCUPIED
2026-09-30T04:33:23Z,A1,6.0,9.76,OCCUPIED
2026-09-30T04:33:24Z,A1,8.0,10.43,OCCUPIED
2026-09-30T04:33:25Z,A1,34.3,18.67,OCCUPIED
2026-09-30T04:33:26Z,A1,37.3,17.87,FREE
2026-09-30T04:33:27Z,A1,33.7,68.78,FREE
2026-09-30T04:33:28Z,A1,0.0,10.74,FREE
2026-09-30T04:33:29Z,A1,36.8,15.81,FREE
2026-09-30T04:33:30Z,A1,39.5,9.59,FREE
2026-09-30T04:33:31Z,A1,37.1,9.33,FREE
2026-09-30T04:33:32Z,A1,37.7,10.06,FREE
2026-09-30T04:33:33Z,A1,8.1,11.02,FREE
2026-09-30T04:33:34Z,A1,7.8,11.91,OCCUPIED
2026-09-30T04:33:35Z,A1,7.5,17.50,OCCUPIED
2026-09-30T04:33:36Z,A1,7.6,14.87,OCCUPIED
2026-09-30T04:33:37Z,A1,7.4,17.28,OCCUPIED
2026-09-30T04:33:38Z,A1,6.3,15.00,OCCUPIED
2026-09-30T04:33:39Z,A1,6.8,14.54,OCCUPIED
2026-09-30T04:33:40Z,A1,7.2,9.65,OCCUPIED
2026-09-30T04:33:41Z,A1,39.1,10.59,OCCUPIED
2026-09-30T04:33:42Z,A1,33.7,11.65,FREE
2026-09-30T04:33:47Z,A1,38.7,11.31,FREE
2026-09-30T04:33:48Z,A1,39.4,10.69,FREE
2026-09-30T04:33:50Z,A1,8.4,18.24,FREE
2026-09-30T04:33:54Z,A1,6.9,11.59,OCCUPIED
2026-09-30T04:33:55Z,A1,7.1,9.89,OCCUPIED
2026-09-30T04:33:56Z,A1,5.9,15.81,OCCUPIED
2026-09-30T04:33:57Z,A1,8.1,16.68,OCCUPIED
2026-09-30T04:33:58Z,A1,33.5,16.57,OCCUPIED
2026-09-30T04:33:59Z,A1,36.3,17.74,FREE
2026-09-30T04:34:00Z,A1,37.8,17.41,FREE
2026-09-30T04:34:01Z,A1,36.6,14.98,FREE
2026-09-30T04:34:02Z,A1,38.6,16.11,FREE
2026-09-30T04:34:03Z,A1,36.6,15.70,FREE
2026-09-30T04:34:04Z,A1,2.0,16.89,FREE
2026-09-30T04:34:05Z,A1,34.9,14.31,FREE
2026-09-30T04:34:06Z,A1,5.0,17.13,FREE
2026-09-30T04:34:07Z,A1,5.5,18.09,OCCUPIED
2026-09-30T04:34:08Z,A1,7.4,14.91,OCCUPIED
2026-09-30T04:34:09Z,A1,8.2,14.76,OCCUPIED
2026-09-30T04:34:10Z,A1,5.7,14.61,OCCUPIED
2026-09-30T04:34:11Z,A1,6.4,9.78,OCCUPIED
2026-09-30T04:34:12Z,A1,5.8,9.67,OCCUPIED
2026-09-30T04:34:13Z,A1,400.0,6.11,OCCUPIED
2026-09-30T04:34:14Z,A1,39.0,10.74,OCCUPIED
2026-09-30T04:34:15Z,A1,34.1,11.41,FREE
2026-09-30T04:34:16Z,A1,34.3,15.52,FREE
2026-09-30T04:34:17Z,A1,35.8,14.78,FREE
2026-09-30T04:34:18Z,A1,33.9,15.19,FREE
2026-09-30T04:34:19Z,A1,36.2,14.26,FREE
2026-09-30T04:34:20Z,A1,36.9,16.89,FREE
2026-09-30T04:34:21Z,A1,37.4,15.04,FREE
2026-09-30T04:34:22Z,A1,8.5,16.93,FREE
2026-09-30T04:34:23Z,A1,5.3,18.57,OCCUPIED
2026-09-30T04:34:24Z,A1,6.7,15.24,OCCUPIED
2026-09-30T04:34:25Z,A1,8.3,14.43,OCCUPIED
2026-09-30T04:34:26Z,A1,7.5,12.98,OCCUPIED
2026-09-30T04:34:30Z,A1,34.5,17.93,OCCUPIED
2026-09-30T04:34:31Z,A1,36.6,17.54,FREE
2026-09-30T04:34:32Z,A1,34.0,13.54,FREE
2026-09-30T04:34:33Z,A1,35.2,11.09,FREE
2026-09-30T04:34:34Z,A1,39.0,12.04,FREE
2026-09-30T04:34:37Z,A1,38.6,15.59,FREE
2026-09-30T04:34:38Z,A1,7.4,17.30,FREE
2026-09-30T04:34:39Z,A1,5.5,16.61,OCCUPIED
2026-09-30T04:34:40Z,A1,6.8,15.11,OCCUPIED
2026-09-30T04:34:41Z,A1,7.2,11.87,OCCUPIED
2026-09-30T04:34:42Z,A1,7.4,13.04,OCCUPIED
2026-09-30T04:34:43Z,A1,8.8,12.20,OCCUPIED
2026-09-30T04:34:44Z,A1,5.8,10.67,OCCUPIED
2026-09-30T04:34:45Z,A1,8.6,13.26,OCCUPIED
2026-09-30T04:34:46Z,A1,35.4,14.07,OCCUPIED
2026-09-30T04:34:47Z,A1,33.2,18.85,FREE
2026-09-30T04:34:48Z,A1,35.9,13.87,FREE
2026-09-30T04:34:49Z,A1,38.3,9.72,FREE
2026-09-30T04:34:50Z,A1,34.5,17.17,FREE
2026-09-30T04:34:51Z,A1,37.4,8.63,FREE
2026-09-30T04:34:52Z,A1,0.0,7.17,FREE
2026-09-30T04:34:53Z,A1,0.0,5.74,FREE
2026-09-30T04:34:54Z,A1,8.8,10.35,FREE
2026-09-30T04:34:55Z,A1,6.2,12.33,OCCUPIED
2026-09-30T04:34:56Z,A1,5.3,19.85,OCCUPIED
2026-09-30T04:34:57Z,A1,8.6,12.93,OCCUPIED
2026-09-30T04:34:58Z,A1,7.4,16.50,OCCUPIED
2026-09-30T04:34:59Z,A1,8.1,14.20,OCCUPIED
2026-09-30T04:35:00Z,A1,5.5,16.45,OCCUPIED
2026-09-30T04:35:01Z,A1,8.0,9.87,OCCUPIED
2026-09-30T04:35:02Z,A1,34.1,10.76,OCCUPIED
2026-09-30T04:35:03Z,A1,38.4,12.19,FREE
2026-09-30T04:35:04Z,A1,34.2,9.98,FREE
2026-09-30T04:35:09Z,A1,35.5,14.91,FREE
2026-09-30T04:35:10Z,A1,5.8,14.89,FREE
2026-09-30T04:35:11Z,A1,6.8,11.89,OCCUPIED
2026-09-30T04:35:12Z,A1,5.1,9.70,OCCUPIED
2026-09-30T04:35:13Z,A1,8.5,9.63,OCCUPIED
2026-09-30T04:35:14Z,A1,6.6,9.69,OCCUPIED
2026-09-30T04:35:15Z,A1,5.7,10.41,OCCUPIED
2026-09-30T04:35:16Z,A1,6.6,16.91,OCCUPIED
2026-09-30T04:35:17Z,A1,6.7,14.28,OCCUPIED
2026-09-30T04:35:18Z,A1,36.2,19.15,OCCUPIED
2026-09-30T04:35:19Z,A1,38.1,15.85,FREE
2026-09-30T04:35:20Z,A1,35.2,14.72,FREE
2026-09-30T04:35:21Z,A1,36.5,13.20,FREE
2026-09-30T04:35:22Z,A1,33.7,10.02,FREE
2026-09-30T04:35:23Z,A1,33.8,10.09,FREE
2026-09-30T04:35:24Z,A1,37.8,10.31,FREE
2026-09-30T04:35:25Z,A1,40.0,9.72,FREE
2026-09-30T04:35:26Z,A1,6.0,11.48,FREE
2026-09-30T04:35:27Z,A1,6.6,14.59,OCCUPIED
2026-09-30T04:35:28Z,A1,7.9,16.32,OCCUPIED
2026-09-30T04:35:29Z,A1,7.7,13.05,OCCUPIED
2026-09-30T04:35:30Z,A1,2.0,8.70,OCCUPIED
2026-09-30T04:35:31Z,A1,5.9,10.26,OCCUPIED
2026-09-30T04:35:32Z,A1,6.7,9.81,OCCUPIED
2026-09-30T04:35:33Z,A1,5.2,10.56,OCCUPIED
2026-09-30T04:35:34Z,A1,400.0,6.96,OCCUPIED
2026-09-30T04:35:35Z,A1,39.3,13.96,OCCUPIED
2026-09-30T04:35:36Z,A1,36.0,18.59,FREE
2026-09-30T04:35:37Z,A1,39.0,12.45,FREE
2026-09-30T04:35:38Z,A1,35.6,15.57,FREE
2026-09-30T04:35:39Z,A1,37.9,15.48,FREE
2026-09-30T04:35:40Z,A1,37.6,17.11,FREE
2026-09-30T04:35:41Z,A1,7.8,15.81,FREE
2026-09-30T04:35:46Z,A1,6.0,11.28,OCCUPIED
2026-09-30T04:35:49Z,A1,37.7,18.70,OCCUPIED
2026-09-30T04:35:50Z,A1,33.7,16.22,FREE
2026-09-30T04:35:51Z,A1,35.9,13.00,FREE
2026-09-30T04:35:52Z,A1,33.5,7.44,FREE
2026-09-30T04:35:53Z,A1,38.1,7.37,FREE
2026-09-30T04:35:54Z,A1,34.3,7.35,FREE
2026-09-30T04:35:55Z,A1,36.9,7.41,FREE
2026-09-30T04:35:56Z,A1,35.8,7.13,FREE
2026-09-30T04:35:57Z,A1,7.6,16.98,FREE
2026-09-30T04:35:58Z,A1,7.7,15.91,OCCUPIED
2026-09-30T04:35:59Z,A1,6.9,14.63,OCCUPIED
2026-09-30T04:36:00Z,A1,5.0,13.11,OCCUPIED
2026-09-30T04:36:01Z,A1,5.5,14.46,OCCUPIED
2026-09-30T04:36:02Z,A1,7.4,14.96,OCCUPIED
2026-09-30T04:36:03Z,A1,6.5,14.26,OCCUPIED
2026-09-30T04:36:04Z,A1,8.3,15.17,OCCUPIED
2026-09-30T04:36:05Z,A1,36.5,14.04,OCCUPIED
2026-09-30T04:36:06Z,A1,37.6,17.46,FREE
2026-09-30T04:36:07Z,A1,38.1,13.13,FREE
2026-09-30T04:36:08Z,A1,33.3,13.98,FREE
2026-09-30T04:36:09Z,A1,34.4,13.61,FREE
2026-09-30T04:36:10Z,A1,37.1,14.52,FREE
2026-09-30T04:36:11Z,A1,33.9,12.59,FREE
2026-09-30T04:36:12Z,A1,35.4,14.22,FREE
2026-09-30T04:36:13Z,A1,5.1,17.37,FREE
2026-09-30T04:36:14Z,A1,6.6,16.37,OCCUPIED
2026-09-30T04:36:15Z,A1,8.1,15.72,OCCUPIED
2026-09-30T04:36:16Z,A1,7.9,14.13,OCCUPIED
2026-09-30T04:36:18Z,A1,8.2,15.63,OCCUPIED
2026-09-30T04:36:19Z,A1,6.8,16.52,OCCUPIED
2026-09-30T04:36:20Z,A1,8.4,15.43,OCCUPIED
2026-09-30T04:36:21Z,A1,5.9,14.28,OCCUPIED
2026-09-30T04:36:22Z,A1,34.5,19.24,OCCUPIED
2026-09-30T04:36:24Z,A1,33.0,12.43,FREE
2026-09-30T04:36:25Z,A1,38.0,8.45,FREE
2026-09-30T04:36:26Z,A1,37.6,6.80,FREE
2026-09-30T04:36:27Z,A1,39.3,6.22,FREE
2026-09-30T04:36:28Z,A1,0.0,6.74,FREE
2026-09-30T04:36:29Z,A1,38.4,10.28,FREE
2026-09-30T04:36:30Z,A1,6.9,14.61,FREE
2026-09-30T04:36:31Z,A1,5.2,15.28,OCCUPIED
2026-09-30T04:36:32Z,A1,6.1,9.85,OCCUPIED
2026-09-30T04:36:33Z,A1,5.1,12.41,OCCUPIED
2026-09-30T04:36:35Z,A1,5.6,15.45,OCCUPIED
2026-09-30T04:36:36Z,A1,7.3,16.00,OCCUPIED
2026-09-30T04:36:37Z,A1,33.5,19.83,OCCUPIED
2026-09-30T04:36:38Z,A1,33.2,18.09,FREE
2026-09-30T04:36:39Z,A1,36.4,16.07,FREE
2026-09-30T04:36:40Z,A1,38.8,14.43,FREE
2026-09-30T04:36:41Z,A1,34.2,14.31,FREE
2026-09-30T04:36:42Z,A1,35.9,10.63,FREE
2026-09-30T04:36:43Z,A1,38.4,9.94,FREE
2026-09-30T04:36:44Z,A1,35.5,9.63,FREE
2026-09-30T04:36:45Z,A1,7.8,11.13,FREE
2026-09-30T04:36:46Z,A1,7.1,11.81,OCCUPIED
2026-09-30T04:36:47Z,A1,6.5,15.91,OCCUPIED
2026-09-30T04:36:48Z,A1,5.1,15.57,OCCUPIED
2026-09-30T04:36:49Z,A1,8.5,15.09,OCCUPIED
2026-09-30T04:36:50Z,A1,5.2,14.87,OCCUPIED
2026-09-30T04:36:51Z,A1,8.9,14.52,OCCUPIED
2026-09-30T04:36:52Z,A1,7.8,11.00,OCCUPIED
2026-09-30T04:36:53Z,A1,38.3,11.11,OCCUPIED
2026-09-30T04:36:54Z,A1,34.9,11.54,FREE
2026-09-30T04:36:55Z,A1,35.1,9.70,FREE
2026-09-30T04:36:56Z,A1,34.9,9.76,FREE
2026-09-30T04:36:57Z,A1,400.0,10.37,FREE
2026-09-30T04:36:58Z,A1,36.9,15.43,FREE
2026-09-30T04:36:59Z,A1,35.2,16.24,FREE
2026-09-30T04:37:00Z,A1,38.1,13.94,FREE
2026-09-30T04:37:01Z,A1,5.1,17.17,FREE
2026-09-30T04:37:02Z,A1,5.8,11.48,OCCUPIED
2026-09-30T04:37:03Z,A1,8.3,9.37,OCCUPIED
2026-09-30T04:37:07Z,A1,8.9,10.63,OCCUPIED
2026-09-30T04:37:08Z,A1,9.0,16.33,OCCUPIED
2026-09-30T04:37:09Z,A1,8.2,15.28,OCCUPIED
2026-09-30T04:37:10Z,A1,34.1,10.54,OCCUPIED
2026-09-30T04:37:11Z,A1,38.6,10.69,FREE
2026-09-30T04:37:12Z,A1,34.2,6.78,FREE
2026-09-30T04:37:13Z,A1,33.2,5.96,FREE
2026-09-30T04:37:14Z,A1,33.6,10.35,FREE
2026-09-30T04:37:15Z,A1,37.4,17.07,FREE
2026-09-30T04:37:16Z,A1,35.3,16.91,FREE
2026-09-30T04:37:17Z,A1,38.5,14.72,FREE
2026-09-30T04:37:18Z,A1,7.0,21.00,FREE
2026-09-30T04:37:19Z,A1,6.0,16.37,OCCUPIED
2026-09-30T04:37:20Z,A1,6.8,13.70,OCCUPIED
2026-09-30T04:37:21Z,A1,6.6,14.33,OCCUPIED
2026-09-30T04:37:22Z,A1,6.2,10.06,OCCUPIED
2026-09-30T04:37:23Z,A1,6.5,9.54,OCCUPIED
2026-09-30T04:37:24Z,A1,5.1,9.35,OCCUPIED
2026-09-30T04:37:25Z,A1,34.0,10.67,OCCUPIED
2026-09-30T04:37:26Z,A1,34.5,11.83,FREE
2026-09-30T04:37:27Z,A1,34.0,17.37,FREE
2026-09-30T04:37:28Z,A1,36.9,15.61,FREE
2026-09-30T04:37:29Z,A1,38.4,15.81,FREE
2026-09-30T04:37:30Z,A1,36.3,16.07,FREE
2026-09-30T04:37:31Z,A1,39.5,17.26,FREE
2026-09-30T04:37:32Z,A1,33.5,15.33,FREE
2026-09-30T04:37:33Z,A1,7.9,18.82,FREE
2026-09-30T04:37:34Z,A1,6.4,19.18,OCCUPIED
2026-09-30T04:37:35Z,A1,8.5,17.39,OCCUPIED
2026-09-30T04:37:36Z,A1,6.0,15.15,OCCUPIED
2026-09-30T04:37:37Z,A1,6.4,14.80,OCCUPIED
2026-09-30T04:37:38Z,A1,6.6,15.17,OCCUPIED
2026-09-30T04:37:39Z,A1,8.6,10.13,OCCUPIED
2026-09-30T04:37:40Z,A1,8.5,12.46,OCCUPIED
2026-09-30T04:37:41Z,A1,37.8,17.54,OCCUPIED
2026-09-30T04:37:42Z,A1,37.3,16.07,FREE
2026-09-30T04:37:43Z,A1,34.9,8.54,FREE
2026-09-30T04:37:44Z,A1,36.9,9.02,FREE
2026-09-30T04:37:45Z,A1,37.8,8.04,FREE
2026-09-30T04:37:51Z,A1,6.3,19.63,FREE
2026-09-30T04:37:52Z,A1,8.5,21.89,OCCUPIED
2026-09-30T04:37:53Z,A1,5.2,17.63,OCCUPIED
2026-09-30T04:37:54Z,A1,6.0,10.26,OCCUPIED
2026-09-30T04:37:55Z,A1,6.3,9.72,OCCUPIED
2026-09-30T04:37:56Z,A1,5.5,10.05,OCCUPIED
2026-09-30T04:37:57Z,A1,8.0,10.09,OCCUPIED
2026-09-30T04:37:58Z,A1,35.2,11.91,OCCUPIED
2026-09-30T04:37:59Z,A1,36.5,18.89,FREE
2026-09-30T04:38:00Z,A1,33.6,19.48,FREE
2026-09-30T04:38:01Z,A1,36.2,9.67,FREE
2026-09-30T04:38:02Z,A1,35.5,10.39,FREE
2026-09-30T04:38:03Z,A1,0.0,6.43,FREE
2026-09-30T04:38:04Z,A1,39.3,10.04,FREE
2026-09-30T04:38:05Z,A1,38.5,9.55,FREE
2026-09-30T04:38:06Z,A1,6.6,14.87,FREE
2026-09-30T04:38:07Z,A1,7.2,18.30,OCCUPIED
2026-09-30T04:38:08Z,A1,7.8,16.35,OCCUPIED
2026-09-30T04:38:09Z,A1,7.1,15.17,OCCUPIED
2026-09-30T04:38:10Z,A1,6.2,15.24,OCCUPIED
2026-09-30T04:38:11Z,A1,5.2,16.02,OCCUPIED
2026-09-30T04:38:12Z,A1,6.8,17.57,OCCUPIED
2026-09-30T04:38:13Z,A1,34.1,11.07,OCCUPIED
2026-09-30T04:38:14Z,A1,37.9,12.00,FREE
2026-09-30T04:38:15Z,A1,35.0,9.81,FREE
2026-09-30T04:38:16Z,A1,38.8,10.02,FREE
2026-09-30T04:38:17Z,A1,38.2,8.87,FREE
2026-09-30T04:38:18Z,A1,34.9,15.04,FREE
2026-09-30T04:38:19Z,A1,400.0,9.95,FREE
2026-09-30T04:38:20Z,A1,37.7,16.00,FREE
2026-09-30T04:38:21Z,A1,8.7,16.46,FREE
2026-09-30T04:38:22Z,A1,5.8,13.52,OCCUPIED
2026-09-30T04:38:23Z,A1,7.5,10.07,OCCUPIED
2026-09-30T04:38:24Z,A1,5.3,8.44,OCCUPIED
2026-09-30T04:38:25Z,A1,8.2,8.83,OCCUPIED
2026-09-30T04:38:26Z,A1,6.2,9.09,OCCUPIED
2026-09-30T04:38:27Z,A1,7.8,7.96,OCCUPIED
2026-09-30T04:38:28Z,A1,8.6,13.24,OCCUPIED
2026-09-30T04:38:29Z,A1,34.0,15.22,OCCUPIED
2026-09-30T04:38:30Z,A1,33.9,16.07,FREE
2026-09-30T04:38:31Z,A1,33.9,15.11,FREE
2026-09-30T04:38:32Z,A1,35.7,13.00,FREE
2026-09-30T04:38:33Z,A1,35.3,9.93,FREE
2026-09-30T04:38:34Z,A1,0.0,5.70,FREE
2026-09-30T04:38:35Z,A1,0.0,6.15,FREE
2026-09-30T04:38:36Z,A1,34.1,9.67,FREE
2026-09-30T04:38:37Z,A1,7.9,10.65,FREE
2026-09-30T04:38:38Z,A1,7.7,19.28,OCCUPIED
2026-09-30T04:38:39Z,A1,5.7,14.85,OCCUPIED
2026-09-30T04:38:40Z,A1,6.4,13.59,OCCUPIED
2026-09-30T04:38:41Z,A1,7.7,14.81,OCCUPIED
2026-09-30T04:38:42Z,A1,6.3,13.48,OCCUPIED
2026-09-30T04:38:43Z,A1,8.2,14.65,OCCUPIED
2026-09-30T04:38:44Z,A1,7.4,15.89,OCCUPIED
2026-09-30T04:38:45Z,A1,33.9,15.70,OCCUPIED
2026-09-30T04:38:46Z,A1,35.0,18.44,FREE
2026-09-30T04:38:48Z,A1,36.5,14.30,FREE
2026-09-30T04:38:49Z,A1,38.9,15.07,FREE
2026-09-30T04:38:50Z,A1,39.8,16.35,FREE
2026-09-30T04:38:51Z,A1,36.8,15.30,FREE
2026-09-30T04:38:52Z,A1,39.7,14.65,FREE
2026-09-30T04:38:53Z,A1,34.9,17.69,FREE
2026-09-30T04:38:54Z,A1,7.4,19.63,FREE
2026-09-30T04:38:55Z,A1,8.2,20.48,OCCUPIED
2026-09-30T04:38:56Z,A1,6.5,16.70,OCCUPIED
2026-09-30T04:38:57Z,A1,6.3,17.09,OCCUPIED
2026-09-30T04:39:00Z,A1,8.9,14.93,OCCUPIED
2026-09-30T04:39:01Z,A1,8.0,12.05,OCCUPIED
2026-09-30T04:39:02Z,A1,37.2,18.87,OCCUPIED
2026-09-30T04:39:03Z,A1,39.3,15.78,FREE
2026-09-30T04:39:04Z,A1,34.8,10.28,FREE
2026-09-30T04:39:05Z,A1,36.9,9.85,FREE
2026-09-30T04:39:06Z,A1,33.3,10.28,FREE
2026-09-30T04:39:07Z,A1,33.7,10.00,FREE
2026-09-30T04:39:08Z,A1,400.0,5.98,FREE
2026-09-30T04:39:09Z,A1,39.8,12.80,FREE
2026-09-30T04:39:10Z,A1,7.5,18.37,FREE
2026-09-30T04:39:11Z,A1,7.0,17.89,OCCUPIED
2026-09-30T04:39:12Z,A1,7.3,14.00,OCCUPIED
2026-09-30T04:39:14Z,A1,8.9,15.54,OCCUPIED
2026-09-30T04:39:15Z,A1,7.2,9.85,OCCUPIED
2026-09-30T04:39:16Z,A1,5.3,10.69,OCCUPIED
2026-09-30T04:39:17Z,A1,8.3,9.98,OCCUPIED
2026-09-30T04:39:18Z,A1,33.1,10.95,OCCUPIED
2026-09-30T04:39:19Z,A1,39.8,17.57,FREE
2026-09-30T04:39:20Z,A1,37.1,11.61,FREE
2026-09-30T04:39:21Z,A1,34.3,12.46,FREE
2026-09-30T04:39:22Z,A1,36.8,10.93,FREE
2026-09-30T04:39:23Z,A1,34.2,10.13,FREE
2026-09-30T04:39:24Z,A1,33.7,26.18,FREE
2026-09-30T04:39:30Z,A1,8.5,26.74,FREE
2026-09-30T04:39:31Z,A1,6.6,17.22,OCCUPIED
2026-09-30T04:39:32Z,A1,6.4,7.26,OCCUPIED
2026-09-30T04:39:33Z,A1,8.0,7.46,OCCUPIED
2026-09-30T04:39:34Z,A1,36.2,37.63,OCCUPIED
2026-09-30T04:39:35Z,A1,34.2,9.30,FREE
2026-09-30T04:39:36Z,A1,38.1,6.93,FREE
2026-09-30T04:39:37Z,A1,37.5,14.41,FREE
2026-09-30T04:39:38Z,A1,35.5,10.74,FREE
2026-09-30T04:39:39Z,A1,35.3,11.72,FREE
2026-09-30T04:39:41Z,A1,35.7,15.57,FREE
2026-09-30T04:39:42Z,A1,6.6,17.57,FREE
2026-09-30T04:39:43Z,A1,8.6,19.98,OCCUPIED
2026-09-30T04:39:44Z,A1,5.0,14.22,OCCUPIED
2026-09-30T04:39:45Z,A1,5.4,10.20,OCCUPIED
2026-09-30T04:39:46Z,A1,5.8,10.87,OCCUPIED
2026-09-30T04:39:47Z,A1,6.1,10.24,OCCUPIED
2026-09-30T04:39:48Z,A1,6.0,10.22,OCCUPIED
2026-09-30T04:39:49Z,A1,6.7,9.95,OCCUPIED
2026-09-30T04:39:50Z,A1,33.2,16.63,OCCUPIED
2026-09-30T04:39:51Z,A1,35.0,19.63,FREE
2026-09-30T04:39:52Z,A1,0.0,9.74,FREE
2026-09-30T04:39:53Z,A1,35.5,15.95,FREE
2026-09-30T04:39:54Z,A1,34.0,16.46,FREE
2026-09-30T04:39:55Z,A1,37.0,10.85,FREE
2026-09-30T04:39:56Z,A1,36.1,9.76,FREE
2026-09-30T04:39:57Z,A1,37.9,10.19,FREE
2026-09-30T04:39:58Z,A1,8.3,20.07,FREE
2026-09-30T04:39:59Z,A1,7.4,25.26,OCCUPIED
2026-09-30T04:40:00Z,A1,5.6,15.07,OCCUPIED
2026-09-30T04:40:01Z,A1,5.1,15.13,OCCUPIED
2026-09-30T04:40:02Z,A1,8.8,17.89,OCCUPIED
2026-09-30T04:40:03Z,A1,7.3,15.59,OCCUPIED
2026-09-30T04:40:04Z,A1,8.1,9.83,OCCUPIED
2026-09-30T04:40:05Z,A1,5.6,9.95,OCCUPIED
2026-09-30T04:40:08Z,A1,36.7,11.20,OCCUPIED
2026-09-30T04:40:09Z,A1,38.9,19.63,FREE
2026-09-30T04:40:10Z,A1,33.8,16.41,FREE
2026-09-30T04:40:11Z,A1,35.7,15.93,FREE
2026-09-30T04:40:12Z,A1,35.8,14.28,FREE
2026-09-30T04:40:13Z,A1,34.6,16.46,FREE
2026-09-30T04:40:14Z,A1,8.5,20.00,FREE
2026-09-30T04:40:15Z,A1,5.3,11.28,OCCUPIED
2026-09-30T04:40:16Z,A1,8.5,10.02,OCCUPIED
2026-09-30T04:40:17Z,A1,8.1,10.09,OCCUPIED
2026-09-30T04:40:18Z,A1,8.4,9.69,OCCUPIED
2026-09-30T04:40:19Z,A1,6.0,9.80,OCCUPIED
2026-09-30T04:40:20Z,A1,6.3,16.33,OCCUPIED
2026-09-30T04:40:21Z,A1,8.4,18.30,OCCUPIED
2026-09-30T04:40:22Z,A1,37.9,19.17,OCCUPIED
2026-09-30T04:40:23Z,A1,35.5,21.06,FREE
2026-09-30T04:40:24Z,A1,38.2,15.78,FREE
2026-09-30T04:40:25Z,A1,36.7,15.46,FREE
2026-09-30T04:40:26Z,A1,36.3,16.87,FREE
2026-09-30T04:40:27Z,A1,34.8,16.54,FREE
2026-09-30T04:40:28Z,A1,35.3,17.56,FREE
2026-09-30T04:40:29Z,A1,33.4,18.13,FREE
2026-09-30T04:40:30Z,A1,6.4,17.19,FREE
2026-09-30T04:40:31Z,A1,6.2,17.37,OCCUPIED
2026-09-30T04:40:32Z,A1,8.7,15.02,OCCUPIED
2026-09-30T04:40:33Z,A1,0.0,8.83,OCCUPIED
2026-09-30T04:40:34Z,A1,8.6,15.20,OCCUPIED
2026-09-30T04:40:36Z,A1,5.4,14.09,OCCUPIED
2026-09-30T04:40:37Z,A1,7.8,16.46,OCCUPIED
2026-09-30T04:40:38Z,A1,38.2,19.15,OCCUPIED
2026-09-30T04:40:39Z,A1,37.4,21.96,FREE
2026-09-30T04:40:40Z,A1,38.7,17.02,FREE
2026-09-30T04:40:41Z,A1,35.6,15.78,FREE
2026-09-30T04:40:42Z,A1,36.6,14.81,FREE
2026-09-30T04:40:43Z,A1,37.3,15.39,FREE
2026-09-30T04:40:44Z,A1,39.9,17.70,FREE
2026-09-30T04:40:47Z,A1,7.6,17.17,FREE
2026-09-30T04:40:48Z,A1,5.3,17.96,OCCUPIED
2026-09-30T04:40:49Z,A1,8.5,15.63,OCCUPIED
2026-09-30T04:40:50Z,A1,5.8,15.15,OCCUPIED
2026-09-30T04:40:51Z,A1,7.7,16.11,OCCUPIED
2026-09-30T04:40:52Z,A1,5.5,14.39,OCCUPIED
2026-09-30T04:40:53Z,A1,5.3,14.85,OCCUPIED
2026-09-30T04:40:54Z,A1,39.3,18.19,OCCUPIED
2026-09-30T04:40:55Z,A1,36.7,17.98,FREE
2026-09-30T04:40:56Z,A1,34.0,16.96,FREE
2026-09-30T04:40:57Z,A1,36.1,14.98,FREE
2026-09-30T04:40:58Z,A1,35.9,17.18,FREE
2026-09-30T04:40:59Z,A1,33.9,15.19,FREE
2026-09-30T04:41:00Z,A1,36.4,17.43,FREE
2026-09-30T04:41:01Z,A1,33.5,16.70,FREE
2026-09-30T04:41:02Z,A1,5.3,18.65,FREE
2026-09-30T04:41:03Z,A1,7.3,19.13,OCCUPIED
2026-09-30T04:41:04Z,A1,6.6,10.24,OCCUPIED
2026-09-30T04:41:05Z,A1,8.4,9.89,OCCUPIED
2026-09-30T04:41:06Z,A1,7.6,9.52,OCCUPIED
2026-09-30T04:41:07Z,A1,400.0,6.31,OCCUPIED
2026-09-30T04:41:08Z,A1,7.7,10.22,OCCUPIED
2026-09-30T04:41:09Z,A1,8.8,15.81,OCCUPIED
2026-09-30T04:41:10Z,A1,34.8,18.76,OCCUPIED
2026-09-30T04:41:11Z,A1,37.9,18.98,FREE
2026-09-30T04:41:12Z,A1,33.7,17.35,FREE
2026-09-30T04:41:13Z,A1,39.1,17.69,FREE
2026-09-30T04:41:14Z,A1,35.6,17.63,FREE
2026-09-30T04:41:15Z,A1,33.0,17.78,FREE
2026-09-30T04:41:16Z,A1,38.3,17.46,FREE
2026-09-30T04:41:17Z,A1,38.6,9.70,FREE
2026-09-30T04:41:18Z,A1,6.1,10.55,FREE
2026-09-30T04:41:19Z,A1,6.2,11.33,OCCUPIED
2026-09-30T04:41:20Z,A1,7.5,10.09,OCCUPIED
2026-09-30T04:41:24Z,A1,6.3,19.95,OCCUPIED
2026-09-30T04:41:26Z,A1,35.8,11.65,OCCUPIED
2026-09-30T04:41:27Z,A1,36.1,11.80,FREE
2026-09-30T04:41:28Z,A1,38.4,9.43,FREE
2026-09-30T04:41:29Z,A1,33.8,10.37,FREE
2026-09-30T04:41:30Z,A1,38.2,17.22,FREE
2026-09-30T04:41:31Z,A1,0.0,8.87,FREE
2026-09-30T04:41:32Z,A1,35.9,15.50,FREE
2026-09-30T04:41:33Z,A1,7.4,16.72,FREE
2026-09-30T04:41:34Z,A1,6.7,21.45,OCCUPIED
2026-09-30T04:41:35Z,A1,8.7,15.69,OCCUPIED
2026-09-30T04:41:36Z,A1,7.4,10.28,OCCUPIED
2026-09-30T04:41:37Z,A1,8.3,10.43,OCCUPIED
2026-09-30T04:41:38Z,A1,6.6,9.76,OCCUPIED
2026-09-30T04:41:39Z,A1,8.6,9.67,OCCUPIED
2026-09-30T04:41:40Z,A1,6.4,10.06,OCCUPIED
2026-09-30T04:41:41Z,A1,36.7,19.80,OCCUPIED
2026-09-30T04:41:42Z,A1,35.1,18.61,FREE
2026-09-30T04:41:43Z,A1,38.3,13.52,FREE
2026-09-30T04:41:44Z,A1,35.5,14.44,FREE
2026-09-30T04:41:45Z,A1,35.2,14.13,FREE
2026-09-30T04:41:47Z,A1,34.7,9.59,FREE
2026-09-30T04:41:48Z,A1,33.4,9.59,FREE
2026-09-30T04:41:49Z,A1,35.0,9.72,FREE
2026-09-30T04:41:50Z,A1,6.1,11.39,FREE
2026-09-30T04:41:51Z,A1,5.5,15.00,OCCUPIED
2026-09-30T04:41:52Z,A1,8.0,14.02,OCCUPIED
2026-09-30T04:41:53Z,A1,2.0,12.19,OCCUPIED
2026-09-30T04:41:54Z,A1,5.2,15.13,OCCUPIED
2026-09-30T04:41:55Z,A1,7.6,13.52,OCCUPIED
2026-09-30T04:41:56Z,A1,5.4,9.41,OCCUPIED
2026-09-30T04:41:57Z,A1,5.4,9.72,OCCUPIED
2026-09-30T04:41:58Z,A1,36.2,10.57,OCCUPIED
2026-09-30T04:41:59Z,A1,37.7,12.39,FREE
2026-09-30T04:42:00Z,A1,2.0,10.52,FREE
2026-09-30T04:42:02Z,A1,39.6,10.89,FREE
2026-09-30T04:42:03Z,A1,39.8,17.20,FREE
2026-09-30T04:42:04Z,A1,35.6,12.31,FREE
2026-09-30T04:42:05Z,A1,38.4,28.59,FREE
2026-09-30T04:42:06Z,A1,8.1,14.35,FREE
2026-09-30T04:42:07Z,A1,5.5,10.76,OCCUPIED
2026-09-30T04:42:08Z,A1,7.6,7.61,OCCUPIED
2026-09-30T04:42:09Z,A1,6.2,6.00,OCCUPIED
2026-09-30T04:42:10Z,A1,6.8,6.41,OCCUPIED
2026-09-30T04:42:11Z,A1,5.5,9.74,OCCUPIED
2026-09-30T04:42:12Z,A1,8.2,15.63,OCCUPIED
2026-09-30T04:42:13Z,A1,7.9,16.07,OCCUPIED
2026-09-30T04:42:14Z,A1,38.4,16.45,OCCUPIED
2026-09-30T04:42:15Z,A1,38.8,16.18,FREE
2026-09-30T04:42:16Z,A1,35.5,10.80,FREE
2026-09-30T04:42:17Z,A1,37.4,6.13,FREE
2026-09-30T04:42:18Z,A1,36.5,9.22,FREE
2026-09-30T04:42:19Z,A1,37.1,8.28,FREE
2026-09-30T04:42:20Z,A1,38.5,7.17,FREE
2026-09-30T04:42:21Z,A1,37.9,8.85,FREE
2026-09-30T04:42:26Z,A1,8.5,14.20,FREE
2026-09-30T04:42:27Z,A1,6.0,19.33,OCCUPIED
2026-09-30T04:42:28Z,A1,8.0,14.19,OCCUPIED
2026-09-30T04:42:29Z,A1,7.3,15.91,OCCUPIED
2026-09-30T04:42:30Z,A1,39.9,18.98,OCCUPIED
2026-09-30T04:42:31Z,A1,39.6,17.93,FREE
2026-09-30T04:42:32Z,A1,35.0,15.09,FREE
2026-09-30T04:42:35Z,A1,35.5,16.78,FREE
2026-09-30T04:42:36Z,A1,35.6,18.93,FREE
2026-09-30T04:42:38Z,A1,5.5,18.85,FREE
2026-09-30T04:42:39Z,A1,400.0,8.09,FREE
2026-09-30T04:42:40Z,A1,8.5,17.59,OCCUPIED
2026-09-30T04:42:41Z,A1,7.8,12.45,OCCUPIED
2026-09-30T04:42:42Z,A1,8.6,24.07,OCCUPIED
2026-09-30T04:42:43Z,A1,7.9,10.20,OCCUPIED
2026-09-30T04:42:44Z,A1,7.8,10.06,OCCUPIED
2026-09-30T04:42:45Z,A1,2.0,9.56,OCCUPIED
2026-09-30T04:42:46Z,A1,39.9,10.74,OCCUPIED
2026-09-30T04:42:47Z,A1,38.0,12.37,FREE
2026-09-30T04:42:48Z,A1,38.0,17.52,FREE
2026-09-30T04:42:49Z,A1,34.7,13.41,FREE
2026-09-30T04:42:50Z,A1,39.4,16.11,FREE
2026-09-30T04:42:51Z,A1,35.8,14.70,FREE
2026-09-30T04:42:52Z,A1,36.4,14.43,FREE
2026-09-30T04:42:53Z,A1,5.2,16.18,FREE
2026-09-30T04:42:54Z,A1,8.9,19.06,OCCUPIED
2026-09-30T04:42:55Z,A1,400.0,8.31,OCCUPIED
2026-09-30T04:42:56Z,A1,6.8,15.70,OCCUPIED
2026-09-30T04:42:57Z,A1,5.3,13.48,OCCUPIED
2026-09-30T04:42:58Z,A1,7.8,17.28,OCCUPIED
2026-09-30T04:42:59Z,A1,8.1,14.89,OCCUPIED
2026-09-30T04:43:00Z,A1,8.9,9.56,OCCUPIED
2026-09-30T04:43:01Z,A1,33.4,11.35,OCCUPIED
2026-09-30T04:43:02Z,A1,38.8,11.72,FREE
2026-09-30T04:43:03Z,A1,39.7,10.17,FREE
2026-09-30T04:43:04Z,A1,38.3,10.15,FREE
2026-09-30T04:43:05Z,A1,36.7,15.39,FREE
2026-09-30T04:43:06Z,A1,36.4,12.41,FREE
2026-09-30T04:43:08Z,A1,34.9,9.24,FREE
2026-09-30T04:43:09Z,A1,39.6,9.24,FREE
2026-09-30T04:43:10Z,A1,8.8,10.13,FREE
2026-09-30T04:43:11Z,A1,8.5,9.17,OCCUPIED
2026-09-30T04:43:12Z,A1,8.6,10.69,OCCUPIED
2026-09-30T04:43:13Z,A1,7.6,11.33,OCCUPIED
2026-09-30T04:43:14Z,A1,7.7,11.41,OCCUPIED
2026-09-30T04:43:15Z,A1,7.5,9.67,OCCUPIED
2026-09-30T04:43:16Z,A1,8.9,11.20,OCCUPIED
2026-09-30T04:43:17Z,A1,35.9,15.69,OCCUPIED
2026-09-30T04:43:18Z,A1,35.9,17.18,FREE
2026-09-30T04:43:19Z,A1,37.7,10.02,FREE
2026-09-30T04:43:20Z,A1,35.7,15.74,FREE
2026-09-30T04:43:21Z,A1,0.0,6.09,FREE
2026-09-30T04:43:22Z,A1,38.4,16.70,FREE
2026-09-30T04:43:23Z,A1,36.8,12.31,FREE
2026-09-30T04:43:24Z,A1,39.0,15.80,FREE
2026-09-30T04:43:25Z,A1,6.2,14.57,FREE
2026-09-30T04:43:26Z,A1,6.5,20.70,OCCUPIED
2026-09-30T04:43:27Z,A1,8.4,9.96,OCCUPIED
2026-09-30T04:43:28Z,A1,5.6,9.72,OCCUPIED
2026-09-30T04:43:29Z,A1,8.4,9.93,OCCUPIED
2026-09-30T04:43:30Z,A1,8.8,10.15,OCCUPIED
2026-09-30T04:43:32Z,A1,7.5,9.78,OCCUPIED
2026-09-30T04:43:33Z,A1,5.5,14.65,OCCUPIED
2026-09-30T04:43:34Z,A1,35.6,16.48,OCCUPIED
2026-09-30T04:43:35Z,A1,35.0,16.20,FREE
2026-09-30T04:43:36Z,A1,38.9,12.89,FREE
2026-09-30T04:43:37Z,A1,36.0,12.50,FREE
2026-09-30T04:43:38Z,A1,0.0,4.28,FREE
2026-09-30T04:43:39Z,A1,34.8,7.82,FREE
2026-09-30T04:43:40Z,A1,34.2,8.46,FREE
2026-09-30T04:43:41Z,A1,36.4,8.31,FREE
2026-09-30T04:43:42Z,A1,5.1,9.74,FREE
2026-09-30T04:43:43Z,A1,6.9,16.24,OCCUPIED
2026-09-30T04:43:44Z,A1,5.9,13.05,OCCUPIED
2026-09-30T04:43:45Z,A1,7.0,16.61,OCCUPIED
2026-09-30T04:43:46Z,A1,2.0,10.95,OCCUPIED
2026-09-30T04:43:47Z,A1,6.9,12.93,OCCUPIED
2026-09-30T04:43:48Z,A1,7.3,8.94,OCCUPIED
2026-09-30T04:43:49Z,A1,8.0,9.89,OCCUPIED
2026-09-30T04:43:51Z,A1,39.5,11.39,OCCUPIED
2026-09-30T04:43:52Z,A1,36.7,20.65,FREE
2026-09-30T04:43:53Z,A1,38.6,13.43,FREE
2026-09-30T04:43:54Z,A1,35.5,13.31,FREE
2026-09-30T04:43:55Z,A1,38.6,16.72,FREE
2026-09-30T04:43:56Z,A1,33.8,15.65,FREE
2026-09-30T04:43:57Z,A1,33.3,9.52,FREE
2026-09-30T04:43:58Z,A1,7.1,11.04,FREE
2026-09-30T04:43:59Z,A1,7.9,11.33,OCCUPIED
2026-09-30T04:44:00Z,A1,5.6,10.13,OCCUPIED
2026-09-30T04:44:01Z,A1,7.9,9.81,OCCUPIED
2026-09-30T04:44:02Z,A1,8.2,16.43,OCCUPIED
2026-09-30T04:44:03Z,A1,5.1,16.09,OCCUPIED
2026-09-30T04:44:04Z,A1,8.0,17.91,OCCUPIED
2026-09-30T04:44:05Z,A1,9.0,10.09,OCCUPIED
2026-09-30T04:44:06Z,A1,34.2,11.43,OCCUPIED
2026-09-30T04:44:07Z,A1,40.0,8.00,FREE
2026-09-30T04:44:08Z,A1,38.0,6.85,FREE
2026-09-30T04:44:09Z,A1,39.3,10.83,FREE
2026-09-30T04:44:10Z,A1,33.4,18.26,FREE
2026-09-30T04:44:11Z,A1,36.8,15.89,FREE
2026-09-30T04:44:12Z,A1,34.9,15.98,FREE
2026-09-30T04:44:13Z,A1,5.1,15.81,FREE
2026-09-30T04:44:14Z,A1,7.5,18.95,OCCUPIED
2026-09-30T04:44:15Z,A1,5.8,11.52,OCCUPIED
2026-09-30T04:44:16Z,A1,5.2,12.67,OCCUPIED
2026-09-30T04:44:17Z,A1,7.9,9.87,OCCUPIED
2026-09-30T04:44:18Z,A1,7.0,9.54,OCCUPIED
2026-09-30T04:44:19Z,A1,8.8,9.93,OCCUPIED
2026-09-30T04:44:20Z,A1,6.0,9.87,OCCUPIED
2026-09-30T04:44:21Z,A1,34.6,10.94,OCCUPIED
2026-09-30T04:44:22Z,A1,34.6,20.46,FREE
2026-09-30T04:44:23Z,A1,37.6,10.05,FREE
2026-09-30T04:44:24Z,A1,38.3,10.05,FREE
2026-09-30T04:44:25Z,A1,33.8,15.89,FREE
2026-09-30T04:44:26Z,A1,33.3,9.74,FREE
2026-09-30T04:44:27Z,A1,34.6,10.74,FREE
2026-09-30T04:44:28Z,A1,34.0,5.74,FREE
2026-09-30T04:44:29Z,A1,7.0,10.54,FREE
2026-09-30T04:44:30Z,A1,5.8,11.52,OCCUPIED
2026-09-30T04:44:31Z,A1,7.5,11.35,OCCUPIED
2026-09-30T04:44:32Z,A1,7.2,17.72,OCCUPIED
2026-09-30T04:44:33Z,A1,6.6,16.80,OCCUPIED
2026-09-30T04:44:34Z,A1,8.6,16.04,OCCUPIED
2026-09-30T04:44:37Z,A1,8.6,15.65,OCCUPIED
2026-09-30T04:44:38Z,A1,38.6,17.59,OCCUPIED
2026-09-30T04:44:40Z,A1,37.9,17.22,FREE
2026-09-30T04:44:41Z,A1,34.7,11.28,FREE
2026-09-30T04:44:42Z,A1,35.6,15.69,FREE
2026-09-30T04:44:43Z,A1,40.0,10.24,FREE
2026-09-30T04:44:44Z,A1,38.5,6.41,FREE
2026-09-30T04:44:45Z,A1,35.6,10.48,FREE
2026-09-30T04:44:46Z,A1,6.8,12.63,FREE
2026-09-30T04:44:47Z,A1,5.7,11.19,OCCUPIED
2026-09-30T04:44:48Z,A1,8.8,6.37,OCCUPIED
2026-09-30T04:44:49Z,A1,8.9,10.93,OCCUPIED
2026-09-30T04:44:50Z,A1,7.0,9.70,OCCUPIED
2026-09-30T04:44:51Z,A1,7.8,10.04,OCCUPIED
2026-09-30T04:44:52Z,A1,6.9,10.30,OCCUPIED
2026-09-30T04:44:53Z,A1,5.9,15.39,OCCUPIED
2026-09-30T04:44:54Z,A1,38.7,16.41,OCCUPIED
2026-09-30T04:44:55Z,A1,36.3,12.69,FREE
2026-09-30T04:44:56Z,A1,39.9,8.94,FREE
2026-09-30T04:44:57Z,A1,39.2,6.35,FREE
2026-09-30T04:44:58Z,A1,36.9,10.39,FREE
2026-09-30T04:44:59Z,A1,35.3,17.93,FREE
2026-09-30T04:45:00Z,A1,33.2,15.31,FREE
2026-09-30T04:45:01Z,A1,37.3,15.50,FREE
2026-09-30T04:45:02Z,A1,6.6,17.22,FREE
2026-09-30T04:45:03Z,A1,7.7,17.50,OCCUPIED
2026-09-30T04:45:04Z,A1,0.0,7.26,OCCUPIED
2026-09-30T04:45:05Z,A1,8.1,5.83,OCCUPIED
2026-09-30T04:45:06Z,A1,5.8,6.95,OCCUPIED
2026-09-30T04:45:07Z,A1,400.0,3.85,OCCUPIED
2026-09-30T04:45:08Z,A1,8.7,6.48,OCCUPIED
2026-09-30T04:45:09Z,A1,6.2,10.31,OCCUPIED
2026-09-30T04:45:10Z,A1,34.4,14.22,OCCUPIED
2026-09-30T04:45:11Z,A1,33.8,16.78,FREE
2026-09-30T04:45:12Z,A1,37.9,11.83,FREE
2026-09-30T04:45:13Z,A1,35.5,9.81,FREE
2026-09-30T04:45:21Z,A1,8.9,12.80,FREE
2026-09-30T04:45:22Z,A1,6.6,18.57,OCCUPIED
2026-09-30T04:45:23Z,A1,5.9,13.11,OCCUPIED
2026-09-30T04:45:24Z,A1,6.7,15.80,OCCUPIED
2026-09-30T04:45:25Z,A1,6.9,13.04,OCCUPIED
2026-09-30T04:45:26Z,A1,34.7,18.22,OCCUPIED
2026-09-30T04:45:27Z,A1,38.1,18.59,FREE
2026-09-30T04:45:28Z,A1,0.0,11.35,FREE
2026-09-30T04:45:29Z,A1,2.0,17.28,FREE
2026-09-30T04:45:30Z,A1,39.9,14.22,FREE
2026-09-30T04:45:31Z,A1,400.0,8.61,FREE
2026-09-30T04:45:32Z,A1,38.6,16.91,FREE
2026-09-30T04:45:33Z,A1,36.1,13.44,FREE
2026-09-30T04:45:34Z,A1,7.8,19.43,FREE
2026-09-30T04:45:35Z,A1,6.2,11.63,OCCUPIED
2026-09-30T04:45:36Z,A1,6.7,9.98,OCCUPIED
2026-09-30T04:45:37Z,A1,5.3,9.56,OCCUPIED
2026-09-30T04:45:38Z,A1,7.3,9.37,OCCUPIED
2026-09-30T04:45:39Z,A1,7.1,9.89,OCCUPIED
2026-09-30T04:45:40Z,A1,8.3,16.56,OCCUPIED
2026-09-30T04:45:41Z,A1,8.0,12.52,OCCUPIED
2026-09-30T04:45:42Z,A1,38.2,11.13,OCCUPIED
2026-09-30T04:45:43Z,A1,38.1,11.22,FREE
2026-09-30T04:45:44Z,A1,33.5,11.19,FREE
2026-09-30T04:45:45Z,A1,33.7,10.50,FREE
2026-09-30T04:45:46Z,A1,35.2,10.02,FREE
2026-09-30T04:45:47Z,A1,35.1,12.22,FREE
2026-09-30T04:45:48Z,A1,2.0,19.22,FREE
2026-09-30T04:45:49Z,A1,34.1,12.54,FREE
2026-09-30T04:45:50Z,A1,7.0,15.35,FREE
2026-09-30T04:45:51Z,A1,7.3,16.83,OCCUPIED
2026-09-30T04:45:52Z,A1,8.7,15.93,OCCUPIED
2026-09-30T04:45:53Z,A1,8.2,15.15,OCCUPIED
2026-09-30T04:45:54Z,A1,7.9,14.20,OCCUPIED
2026-09-30T04:45:55Z,A1,8.8,14.46,OCCUPIED
2026-09-30T04:46:04Z,A1,33.4,18.15,OCCUPIED
2026-09-30T04:46:05Z,A1,37.4,20.80,FREE
2026-09-30T04:46:06Z,A1,5.9,21.82,FREE
2026-09-30T04:46:07Z,A1,7.2,19.85,OCCUPIED
2026-09-30T04:46:08Z,A1,7.2,16.20,OCCUPIED
2026-09-30T04:46:09Z,A1,7.7,10.00,OCCUPIED
2026-09-30T04:46:10Z,A1,7.4,16.07,OCCUPIED
2026-09-30T04:46:11Z,A1,5.9,9.87,OCCUPIED
2026-09-30T04:46:12Z,A1,2.0,9.20,OCCUPIED
2026-09-30T04:46:13Z,A1,7.8,10.70,OCCUPIED
2026-09-30T04:46:14Z,A1,37.9,19.18,OCCUPIED
2026-09-30T04:46:15Z,A1,36.5,18.35,FREE
2026-09-30T04:46:16Z,A1,35.7,14.41,FREE
2026-09-30T04:46:17Z,A1,37.3,14.46,FREE
2026-09-30T04:46:18Z,A1,400.0,10.94,FREE
2026-09-30T04:46:19Z,A1,0.0,6.43,FREE
2026-09-30T04:46:20Z,A1,35.6,9.70,FREE
2026-09-30T04:46:21Z,A1,38.2,9.76,FREE
2026-09-30T04:46:22Z,A1,6.7,11.13,FREE
2026-09-30T04:46:23Z,A1,6.5,11.59,OCCUPIED
2026-09-30T04:46:24Z,A1,8.7,15.93,OCCUPIED
2026-09-30T04:46:25Z,A1,8.9,15.76,OCCUPIED
2026-09-30T04:46:26Z,A1,5.4,14.06,OCCUPIED
2026-09-30T04:46:27Z,A1,5.4,16.32,OCCUPIED
2026-09-30T04:46:28Z,A1,7.7,14.85,OCCUPIED
2026-09-30T04:46:29Z,A1,6.6,10.41,OCCUPIED
2026-09-30T04:46:30Z,A1,33.7,10.98,OCCUPIED
2026-09-30T04:46:31Z,A1,36.9,12.37,FREE
2026-09-30T04:46:32Z,A1,35.5,9.78,FREE
2026-09-30T04:46:33Z,A1,0.0,5.96,FREE
2026-09-30T04:46:34Z,A1,36.5,16.89,FREE
2026-09-30T04:46:38Z,A1,7.0,17.26,FREE
2026-09-30T04:46:39Z,A1,5.4,11.59,OCCUPIED
2026-09-30T04:46:42Z,A1,5.9,9.80,OCCUPIED
2026-09-30T04:46:43Z,A1,7.9,9.52,OCCUPIED
2026-09-30T04:46:44Z,A1,6.4,15.15,OCCUPIED
2026-09-30T04:46:46Z,A1,33.6,18.06,OCCUPIED
2026-09-30T04:46:47Z,A1,38.9,17.33,FREE
2026-09-30T04:46:48Z,A1,39.7,14.89,FREE
2026-09-30T04:46:49Z,A1,33.6,12.41,FREE
2026-09-30T04:46:50Z,A1,34.2,16.35,FREE
2026-09-30T04:46:51Z,A1,38.9,13.57,FREE
2026-09-30T04:46:52Z,A1,36.4,14.11,FREE
2026-09-30T04:46:53Z,A1,34.9,15.09,FREE
2026-09-30T04:46:54Z,A1,2.0,15.74,FREE
2026-09-30T04:46:55Z,A1,7.7,20.24,OCCUPIED
2026-09-30T04:46:56Z,A1,5.9,14.69,OCCUPIED
2026-09-30T04:46:57Z,A1,5.6,14.85,OCCUPIED
2026-09-30T04:46:58Z,A1,7.3,15.59,OCCUPIED
2026-09-30T04:46:59Z,A1,6.2,18.22,OCCUPIED
2026-09-30T04:47:00Z,A1,8.1,9.57,OCCUPIED
2026-09-30T04:47:01Z,A1,5.0,9.93,OCCUPIED
2026-09-30T04:47:02Z,A1,39.9,10.74,OCCUPIED
2026-09-30T04:47:03Z,A1,39.6,11.44,FREE
2026-09-30T04:47:04Z,A1,38.0,11.15,FREE
2026-09-30T04:47:05Z,A1,37.2,17.39,FREE
2026-09-30T04:47:06Z,A1,36.1,9.54,FREE
2026-09-30T04:47:07Z,A1,400.0,5.91,FREE
2026-09-30T04:47:08Z,A1,35.0,9.61,FREE
2026-09-30T04:47:09Z,A1,34.5,10.20,FREE
2026-09-30T04:47:10Z,A1,7.8,11.70,FREE
2026-09-30T04:47:11Z,A1,7.3,18.00,OCCUPIED
2026-09-30T04:47:12Z,A1,0.0,10.89,OCCUPIED
2026-09-30T04:47:13Z,A1,5.7,15.56,OCCUPIED
2026-09-30T04:47:14Z,A1,8.8,15.13,OCCUPIED
2026-09-30T04:47:15Z,A1,7.4,14.17,OCCUPIED
2026-09-30T04:47:19Z,A1,36.4,10.98,OCCUPIED
2026-09-30T04:47:20Z,A1,39.1,11.76,FREE
2026-09-30T04:47:21Z,A1,36.1,9.74,FREE
2026-09-30T04:47:22Z,A1,33.1,9.65,FREE
2026-09-30T04:47:23Z,A1,33.0,9.85,FREE
2026-09-30T04:47:24Z,A1,33.1,17.98,FREE
2026-09-30T04:47:25Z,A1,36.7,13.56,FREE
2026-09-30T04:47:26Z,A1,7.9,16.87,FREE
2026-09-30T04:47:27Z,A1,7.1,16.65,OCCUPIED
2026-09-30T04:47:28Z,A1,5.9,16.74,OCCUPIED
2026-09-30T04:47:29Z,A1,6.0,10.45,OCCUPIED
2026-09-30T04:47:31Z,A1,8.3,5.61,OCCUPIED
2026-09-30T04:47:32Z,A1,5.7,8.78,OCCUPIED
2026-09-30T04:47:33Z,A1,7.1,8.70,OCCUPIED
2026-09-30T04:47:34Z,A1,36.9,8.59,OCCUPIED
2026-09-30T04:47:35Z,A1,38.1,14.33,FREE
2026-09-30T04:47:36Z,A1,36.5,14.09,FREE
2026-09-30T04:47:37Z,A1,37.4,12.76,FREE
2026-09-30T04:47:38Z,A1,37.4,10.57,FREE
2026-09-30T04:47:39Z,A1,33.8,11.00,FREE
2026-09-30T04:47:40Z,A1,36.0,12.04,FREE
2026-09-30T04:47:41Z,A1,34.7,14.44,FREE
2026-09-30T04:47:42Z,A1,8.9,15.83,FREE
2026-09-30T04:47:43Z,A1,7.1,10.09,OCCUPIED
2026-09-30T04:47:44Z,A1,7.2,8.04,OCCUPIED
2026-09-30T04:47:45Z,A1,8.4,8.81,OCCUPIED
2026-09-30T04:47:49Z,A1,36.1,16.26,OCCUPIED
2026-09-30T04:47:50Z,A1,33.2,11.37,FREE
2026-09-30T04:47:51Z,A1,39.7,10.54,FREE
2026-09-30T04:47:52Z,A1,36.7,10.13,FREE
2026-09-30T04:47:53Z,A1,39.2,9.96,FREE
2026-09-30T04:47:54Z,A1,37.8,11.13,FREE
2026-09-30T04:47:55Z,A1,34.1,14.26,FREE
2026-09-30T04:48:03Z,A1,6.5,10.78,FREE
2026-09-30T04:48:04Z,A1,8.1,11.44,OCCUPIED
2026-09-30T04:48:05Z,A1,6.5,12.05,OCCUPIED
2026-09-30T04:48:06Z,A1,36.1,16.48,OCCUPIED
2026-09-30T04:48:07Z,A1,33.3,17.33,FREE
2026-09-30T04:48:08Z,A1,38.8,12.78,FREE
2026-09-30T04:48:09Z,A1,40.0,9.78,FREE
2026-09-30T04:48:10Z,A1,36.6,10.56,FREE
2026-09-30T04:48:11Z,A1,34.6,10.50,FREE
2026-09-30T04:48:12Z,A1,33.8,10.20,FREE
2026-09-30T04:48:13Z,A1,39.9,10.89,FREE
2026-09-30T04:48:14Z,A1,8.0,10.52,FREE
2026-09-30T04:48:15Z,A1,6.7,15.76,OCCUPIED
2026-09-30T04:48:16Z,A1,5.2,8.50,OCCUPIED
2026-09-30T04:48:17Z,A1,8.3,10.87,OCCUPIED
2026-09-30T04:48:18Z,A1,6.8,10.78,OCCUPIED
2026-09-30T04:48:19Z,A1,8.5,10.57,OCCUPIED
2026-09-30T04:48:20Z,A1,5.2,7.57,OCCUPIED
2026-09-30T04:48:21Z,A1,2.0,6.96,OCCUPIED
2026-09-30T04:48:22Z,A1,33.3,10.31,OCCUPIED
2026-09-30T04:48:23Z,A1,2.0,8.22,OCCUPIED
2026-09-30T04:48:24Z,A1,39.7,10.02,OCCUPIED
2026-09-30T04:48:29Z,A1,36.2,20.26,FREE
2026-09-30T04:48:30Z,A1,6.0,13.91,FREE
2026-09-30T04:48:31Z,A1,7.2,17.32,OCCUPIED
2026-09-30T04:48:32Z,A1,5.9,18.87,OCCUPIED
2026-09-30T04:48:33Z,A1,6.2,15.52,OCCUPIED
2026-09-30T04:48:34Z,A1,6.8,15.85,OCCUPIED
2026-09-30T04:48:35Z,A1,8.3,14.96,OCCUPIED
2026-09-30T04:48:36Z,A1,8.5,16.83,OCCUPIED
2026-09-30T04:48:37Z,A1,5.8,17.35,OCCUPIED
2026-09-30T04:48:38Z,A1,38.2,17.95,OCCUPIED
2026-09-30T04:48:39Z,A1,400.0,10.26,OCCUPIED
2026-09-30T04:48:41Z,A1,35.2,8.98,FREE
2026-09-30T04:48:42Z,A1,34.1,6.05,FREE
2026-09-30T04:48:43Z,A1,36.8,6.04,FREE
2026-09-30T04:48:44Z,A1,36.6,10.63,FREE
2026-09-30T04:48:45Z,A1,7.2,16.72,FREE
2026-09-30T04:48:46Z,A1,5.0,20.95,OCCUPIED
2026-09-30T04:48:47Z,A1,8.3,11.61,OCCUPIED
2026-09-30T04:48:48Z,A1,7.3,11.24,OCCUPIED
2026-09-30T04:48:49Z,A1,8.0,14.50,OCCUPIED
2026-09-30T04:48:50Z,A1,6.6,9.17,OCCUPIED
2026-09-30T04:48:51Z,A1,7.4,10.67,OCCUPIED
2026-09-30T04:48:52Z,A1,8.3,9.98,OCCUPIED
2026-09-30T04:48:53Z,A1,35.4,11.11,OCCUPIED
2026-09-30T04:48:54Z,A1,36.2,11.94,FREE
2026-09-30T04:48:55Z,A1,38.2,12.11,FREE
2026-09-30T04:48:56Z,A1,39.3,16.19,FREE
2026-09-30T04:48:57Z,A1,36.0,12.61,FREE
2026-09-30T04:48:58Z,A1,36.4,16.54,FREE
2026-09-30T04:48:59Z,A1,39.3,12.74,FREE
2026-09-30T04:49:03Z,A1,6.5,11.87,FREE
2026-09-30T04:49:04Z,A1,5.3,12.33,OCCUPIED
2026-09-30T04:49:05Z,A1,7.9,10.33,OCCUPIED
2026-09-30T04:49:06Z,A1,8.7,10.04,OCCUPIED
2026-09-30T04:49:07Z,A1,5.6,9.74,OCCUPIED
2026-09-30T04:49:08Z,A1,7.9,10.17,OCCUPIED
2026-09-30T04:49:09Z,A1,8.6,10.70,OCCUPIED
2026-09-30T04:49:10Z,A1,37.5,11.93,OCCUPIED
2026-09-30T04:49:11Z,A1,35.0,18.68,FREE
2026-09-30T04:49:12Z,A1,38.1,16.00,FREE
2026-09-30T04:49:13Z,A1,37.8,16.98,FREE
2026-09-30T04:49:14Z,A1,33.8,14.52,FREE
2026-09-30T04:49:15Z,A1,36.9,17.85,FREE
2026-09-30T04:49:20Z,A1,6.4,12.19,FREE
2026-09-30T04:49:21Z,A1,6.5,19.00,OCCUPIED
2026-09-30T04:49:22Z,A1,5.8,15.78,OCCUPIED
2026-09-30T04:49:23Z,A1,8.1,17.41,OCCUPIED
2026-09-30T04:49:24Z,A1,8.7,15.57,OCCUPIED
2026-09-30T04:49:25Z,A1,0.0,9.50,OCCUPIED
2026-09-30T04:49:28Z,A1,36.7,17.20,OCCUPIED
2026-09-30T04:49:29Z,A1,36.9,21.00,FREE
2026-09-30T04:49:30Z,A1,35.5,13.31,FREE
2026-09-30T04:49:31Z,A1,37.3,10.24,FREE
2026-09-30T04:49:32Z,A1,39.1,9.80,FREE
2026-09-30T04:49:33Z,A1,0.0,6.37,FREE
2026-09-30T04:49:34Z,A1,7.9,12.07,FREE
2026-09-30T04:49:35Z,A1,5.9,12.13,OCCUPIED
2026-09-30T04:49:36Z,A1,5.8,17.02,OCCUPIED
2026-09-30T04:49:37Z,A1,5.2,17.28,OCCUPIED
2026-09-30T04:49:38Z,A1,8.6,17.20,OCCUPIED
2026-09-30T04:49:39Z,A1,7.9,16.70,OCCUPIED
2026-09-30T04:49:40Z,A1,8.2,16.50,OCCUPIED
2026-09-30T04:49:41Z,A1,8.4,9.85,OCCUPIED
2026-09-30T04:49:42Z,A1,39.1,11.02,OCCUPIED
2026-09-30T04:49:43Z,A1,38.7,14.07,FREE
2026-09-30T04:49:44Z,A1,38.9,9.96,FREE
2026-09-30T04:49:46Z,A1,39.9,19.33,FREE
2026-09-30T04:49:47Z,A1,34.6,14.46,FREE
2026-09-30T04:49:48Z,A1,35.9,11.35,FREE
2026-09-30T04:49:49Z,A1,7.0,18.63,FREE
2026-09-30T04:49:50Z,A1,7.4,17.41,OCCUPIED
2026-09-30T04:49:51Z,A1,0.0,5.87,OCCUPIED
2026-09-30T04:49:55Z,A1,5.8,10.11,OCCUPIED
2026-09-30T04:49:56Z,A1,7.5,15.78,OCCUPIED
2026-09-30T04:49:57Z,A1,38.1,14.83,OCCUPIED
2026-09-30T04:49:58Z,A1,34.1,21.00,FREE
2026-09-30T04:49:59Z,A1,33.2,13.56,FREE
2026-09-30T04:50:00Z,A1,34.3,17.80,FREE
2026-09-30T04:50:01Z,A1,39.0,12.93,FREE
2026-09-30T04:50:02Z,A1,37.6,14.44,FREE
2026-09-30T04:50:03Z,A1,38.3,12.54,FREE
2026-09-30T04:50:04Z,A1,37.0,17.41,FREE
2026-09-30T04:50:05Z,A1,5.8,15.24,FREE
2026-09-30T04:50:06Z,A1,0.0,11.06,FREE
2026-09-30T04:50:07Z,A1,6.4,16.72,OCCUPIED
2026-09-30T04:50:08Z,A1,6.5,15.67,OCCUPIED
2026-09-30T04:50:09Z,A1,5.1,15.57,OCCUPIED
2026-09-30T04:50:10Z,A1,6.1,18.00,OCCUPIED
2026-09-30T04:50:11Z,A1,6.5,17.65,OCCUPIED
2026-09-30T04:50:12Z,A1,5.8,16.17,OCCUPIED
2026-09-30T04:50:15Z,A1,39.6,17.87,OCCUPIED
2026-09-30T04:50:16Z,A1,38.9,18.76,FREE
2026-09-30T04:50:17Z,A1,36.0,14.76,FREE
2026-09-30T04:50:18Z,A1,38.6,16.02,FREE
2026-09-30T04:50:19Z,A1,35.0,14.96,FREE
2026-09-30T04:50:20Z,A1,37.0,15.83,FREE
2026-09-30T04:50:21Z,A1,39.5,15.33,FREE
2026-09-30T04:50:22Z,A1,6.4,11.78,FREE
2026-09-30T04:50:23Z,A1,400.0,6.26,FREE
2026-09-30T04:50:24Z,A1,6.0,11.56,OCCUPIED
2026-09-30T04:50:25Z,A1,9.0,10.00,OCCUPIED
2026-09-30T04:50:26Z,A1,8.1,11.06,OCCUPIED
2026-09-30T04:50:27Z,A1,8.8,14.48,OCCUPIED
2026-09-30T04:50:31Z,A1,36.6,18.22,OCCUPIED
2026-09-30T04:50:32Z,A1,34.4,11.69,FREE
2026-09-30T04:50:33Z,A1,35.2,6.17,FREE
2026-09-30T04:50:34Z,A1,38.4,8.07,FREE
2026-09-30T04:50:35Z,A1,33.0,17.80,FREE
2026-09-30T04:50:36Z,A1,38.9,11.13,FREE
2026-09-30T04:50:37Z,A1,39.4,14.30,FREE
2026-09-30T04:50:38Z,A1,5.1,14.50,FREE
2026-09-30T04:50:39Z,A1,8.5,17.96,OCCUPIED
2026-09-30T04:50:40Z,A1,6.4,11.02,OCCUPIED
2026-09-30T04:50:41Z,A1,5.1,10.35,OCCUPIED
2026-09-30T04:50:42Z,A1,7.7,10.56,OCCUPIED
2026-09-30T04:50:43Z,A1,7.9,10.19,OCCUPIED
2026-09-30T04:50:44Z,A1,8.4,10.96,OCCUPIED
2026-09-30T04:50:45Z,A1,8.6,10.35,OCCUPIED
2026-09-30T04:50:46Z,A1,33.4,10.61,OCCUPIED
2026-09-30T04:50:47Z,A1,37.5,16.98,FREE
2026-09-30T04:50:48Z,A1,36.1,10.00,FREE
2026-09-30T04:50:49Z,A1,36.7,10.26,FREE
2026-09-30T04:50:50Z,A1,36.2,15.41,FREE
2026-09-30T04:50:51Z,A1,37.7,13.20,FREE
2026-09-30T04:50:52Z,A1,39.8,7.63,FREE
2026-09-30T04:50:53Z,A1,37.6,8.56,FREE
2026-09-30T04:50:54Z,A1,400.0,6.67,FREE
2026-09-30T04:50:55Z,A1,7.5,8.76,FREE
2026-09-30T04:50:56Z,A1,8.5,11.00,OCCUPIED
2026-09-30T04:50:57Z,A1,6.1,14.50,OCCUPIED
2026-09-30T04:50:58Z,A1,7.0,12.54,OCCUPIED
2026-09-30T04:50:59Z,A1,7.5,24.39,OCCUPIED
2026-09-30T04:51:00Z,A1,8.9,8.83,OCCUPIED
2026-09-30T04:51:01Z,A1,6.7,10.61,OCCUPIED
2026-09-30T04:51:02Z,A1,34.4,9.91,OCCUPIED
2026-09-30T04:51:08Z,A1,36.0,22.20,FREE
2026-09-30T04:51:11Z,A1,5.0,12.65,FREE
2026-09-30T04:51:12Z,A1,7.9,13.46,OCCUPIED
2026-09-30T04:51:13Z,A1,0.0,3.98,OCCUPIED
2026-09-30T04:51:14Z,A1,6.2,6.48,OCCUPIED
2026-09-30T04:51:15Z,A1,6.3,10.15,OCCUPIED
2026-09-30T04:51:16Z,A1,5.8,10.35,OCCUPIED
2026-09-30T04:51:17Z,A1,8.1,10.67,OCCUPIED
2026-09-30T04:51:18Z,A1,37.9,16.70,OCCUPIED
2026-09-30T04:51:19Z,A1,37.9,19.48,FREE
2026-09-30T04:51:20Z,A1,34.4,10.52,FREE
2026-09-30T04:51:21Z,A1,37.4,10.63,FREE
2026-09-30T04:51:22Z,A1,39.3,11.46,FREE
2026-09-30T04:51:23Z,A1,33.0,10.31,FREE
2026-09-30T04:51:24Z,A1,34.3,10.37,FREE
2026-09-30T04:51:25Z,A1,39.4,10.17,FREE
2026-09-30T04:51:26Z,A1,5.5,8.04,FREE
2026-09-30T04:51:27Z,A1,8.4,24.83,OCCUPIED
2026-09-30T04:51:28Z,A1,6.8,15.11,OCCUPIED
2026-09-30T04:51:29Z,A1,7.3,13.70,OCCUPIED
2026-09-30T04:51:30Z,A1,8.5,16.43,OCCUPIED
2026-09-30T04:51:31Z,A1,8.6,13.24,OCCUPIED
2026-09-30T04:51:32Z,A1,6.8,15.39,OCCUPIED
2026-09-30T04:51:33Z,A1,39.0,16.89,OCCUPIED
2026-09-30T04:51:34Z,A1,35.0,19.57,FREE
2026-09-30T04:51:35Z,A1,35.6,14.09,FREE
2026-09-30T04:51:36Z,A1,39.9,16.24,FREE
2026-09-30T04:51:37Z,A1,36.0,17.32,FREE
2026-09-30T04:51:38Z,A1,35.4,16.59,FREE
2026-09-30T04:51:39Z,A1,33.2,14.13,FREE
2026-09-30T04:51:40Z,A1,33.5,13.69,FREE
2026-09-30T04:51:44Z,A1,8.2,10.52,FREE
2026-09-30T04:51:45Z,A1,7.3,11.11,OCCUPIED
2026-09-30T04:51:46Z,A1,5.2,10.63,OCCUPIED
2026-09-30T04:51:47Z,A1,8.5,10.87,OCCUPIED
2026-09-30T04:51:48Z,A1,6.8,15.91,OCCUPIED
2026-09-30T04:51:49Z,A1,6.1,15.24,OCCUPIED
2026-09-30T04:51:50Z,A1,36.9,11.15,OCCUPIED
2026-09-30T04:51:51Z,A1,36.7,11.59,FREE
2026-09-30T04:51:52Z,A1,33.0,10.80,FREE
2026-09-30T04:51:53Z,A1,33.2,9.57,FREE
2026-09-30T04:51:54Z,A1,34.6,9.96,FREE
2026-09-30T04:51:55Z,A1,37.6,18.11,FREE
2026-09-30T04:51:56Z,A1,37.4,17.44,FREE
2026-09-30T04:51:57Z,A1,35.1,17.15,FREE
2026-09-30T04:51:58Z,A1,8.5,19.59,FREE
2026-09-30T04:51:59Z,A1,6.8,12.04,OCCUPIED
2026-09-30T04:52:00Z,A1,7.7,10.06,OCCUPIED
2026-09-30T04:52:01Z,A1,5.7,17.04,OCCUPIED
2026-09-30T04:52:03Z,A1,8.7,10.15,OCCUPIED
2026-09-30T04:52:04Z,A1,8.7,10.72,OCCUPIED
2026-09-30T04:52:05Z,A1,8.1,9.85,OCCUPIED
2026-09-30T04:52:06Z,A1,37.1,10.46,OCCUPIED
2026-09-30T04:52:07Z,A1,33.6,8.46,FREE
2026-09-30T04:52:08Z,A1,38.8,10.30,FREE
2026-09-30T04:52:09Z,A1,38.3,14.13,FREE
2026-09-30T04:52:10Z,A1,33.2,14.78,FREE
2026-09-30T04:52:11Z,A1,36.6,13.19,FREE
2026-09-30T04:52:12Z,A1,33.7,14.72,FREE
2026-09-30T04:52:13Z,A1,36.4,10.44,FREE
2026-09-30T04:52:14Z,A1,8.2,11.13,FREE
2026-09-30T04:52:15Z,A1,5.6,9.15,OCCUPIED
2026-09-30T04:52:16Z,A1,6.4,7.48,OCCUPIED
2026-09-30T04:52:30Z,A1,7.7,11.07,OCCUPIED
2026-09-30T04:52:31Z,A1,7.7,9.80,OCCUPIED
2026-09-30T04:52:32Z,A1,5.0,9.85,OCCUPIED
2026-09-30T04:52:33Z,A1,5.4,9.50,OCCUPIED
2026-09-30T04:52:34Z,A1,0.0,5.98,OCCUPIED
2026-09-30T04:52:35Z,A1,7.9,16.02,OCCUPIED
2026-09-30T04:52:36Z,A1,7.1,15.55,OCCUPIED
2026-09-30T04:52:37Z,A1,36.8,8.19,OCCUPIED
2026-09-30T04:52:38Z,A1,33.4,8.20,FREE
2026-09-30T04:52:39Z,A1,34.4,7.57,FREE
2026-09-30T04:52:40Z,A1,36.4,6.80,FREE
2026-09-30T04:52:41Z,A1,39.9,7.33,FREE
2026-09-30T04:52:43Z,A1,2.0,10.89,FREE
2026-09-30T04:52:44Z,A1,36.2,9.91,FREE
2026-09-30T04:52:45Z,A1,7.9,11.28,FREE
2026-09-30T04:52:46Z,A1,7.0,11.80,OCCUPIED
2026-09-30T04:52:47Z,A1,8.3,10.43,OCCUPIED
2026-09-30T04:52:48Z,A1,8.2,15.65,OCCUPIED
2026-09-30T04:52:49Z,A1,8.4,14.72,OCCUPIED
2026-09-30T04:52:50Z,A1,6.6,14.46,OCCUPIED
2026-09-30T04:52:51Z,A1,8.0,13.98,OCCUPIED
2026-09-30T04:52:52Z,A1,5.8,14.17,OCCUPIED
2026-09-30T04:52:53Z,A1,39.4,11.74,OCCUPIED
2026-09-30T04:52:54Z,A1,36.1,12.11,FREE
2026-09-30T04:52:55Z,A1,2.0,11.24,FREE
2026-09-30T04:52:56Z,A1,36.8,18.57,FREE
2026-09-30T04:52:57Z,A1,38.4,10.59,FREE
2026-09-30T04:52:58Z,A1,35.6,15.96,FREE
2026-09-30T04:52:59Z,A1,38.2,15.93,FREE
2026-09-30T04:53:00Z,A1,37.9,9.57,FREE
2026-09-30T04:53:01Z,A1,8.2,11.56,FREE
2026-09-30T04:53:02Z,A1,5.9,11.22,OCCUPIED
2026-09-30T04:53:03Z,A1,5.9,9.72,OCCUPIED
2026-09-30T04:53:04Z,A1,8.1,9.67,OCCUPIED
2026-09-30T04:53:05Z,A1,8.4,14.65,OCCUPIED
2026-09-30T04:53:06Z,A1,6.0,17.32,OCCUPIED
2026-09-30T04:53:08Z,A1,6.4,15.83,OCCUPIED
2026-09-30T04:53:09Z,A1,36.7,11.76,OCCUPIED
2026-09-30T04:53:10Z,A1,39.0,10.59,FREE
2026-09-30T04:53:11Z,A1,35.8,10.81,FREE
2026-09-30T04:53:12Z,A1,38.5,7.65,FREE
2026-09-30T04:53:18Z,A1,7.0,17.46,FREE
2026-09-30T04:53:19Z,A1,9.0,21.65,OCCUPIED
2026-09-30T04:53:20Z,A1,6.1,9.41,OCCUPIED
2026-09-30T04:53:21Z,A1,7.3,10.48,OCCUPIED
2026-09-30T04:53:22Z,A1,6.0,17.17,OCCUPIED
2026-09-30T04:53:23Z,A1,5.8,18.35,OCCUPIED
2026-09-30T04:53:24Z,A1,8.7,9.76,OCCUPIED
2026-09-30T04:53:25Z,A1,8.3,10.15,OCCUPIED
2026-09-30T04:53:26Z,A1,39.8,9.85,OCCUPIED
2026-09-30T04:53:27Z,A1,34.8,10.63,FREE
2026-09-30T04:53:28Z,A1,37.5,5.68,FREE
2026-09-30T04:53:29Z,A1,38.6,16.59,FREE
2026-09-30T04:53:30Z,A1,33.6,14.93,FREE
2026-09-30T04:53:31Z,A1,38.1,17.65,FREE
2026-09-30T04:53:32Z,A1,36.0,17.65,FREE
2026-09-30T04:53:33Z,A1,34.8,16.91,FREE
2026-09-30T04:53:34Z,A1,7.7,11.06,FREE
2026-09-30T04:53:35Z,A1,8.3,11.02,OCCUPIED
2026-09-30T04:53:36Z,A1,7.3,6.15,OCCUPIED
2026-09-30T04:53:37Z,A1,8.2,9.30,OCCUPIED
2026-09-30T04:53:38Z,A1,8.4,9.31,OCCUPIED
2026-09-30T04:53:39Z,A1,7.3,17.18,OCCUPIED
2026-09-30T04:53:40Z,A1,7.6,15.98,OCCUPIED
2026-09-30T04:53:41Z,A1,8.5,17.04,OCCUPIED
2026-09-30T04:53:42Z,A1,36.9,16.22,OCCUPIED
2026-09-30T04:53:43Z,A1,37.1,18.54,FREE
2026-09-30T04:53:44Z,A1,35.6,10.52,FREE
2026-09-30T04:53:45Z,A1,39.3,9.78,FREE
2026-09-30T04:53:46Z,A1,39.6,10.63,FREE
2026-09-30T04:53:47Z,A1,38.2,9.39,FREE
2026-09-30T04:53:48Z,A1,37.3,9.41,FREE
2026-09-30T04:53:49Z,A1,38.7,14.13,FREE
2026-09-30T04:53:50Z,A1,400.0,6.32,FREE
2026-09-30T04:53:51Z,A1,7.2,11.41,FREE
2026-09-30T04:53:54Z,A1,5.6,12.06,OCCUPIED
2026-09-30T04:53:55Z,A1,7.8,11.09,OCCUPIED
2026-09-30T04:53:56Z,A1,6.8,15.56,OCCUPIED
2026-09-30T04:53:57Z,A1,6.9,16.74,OCCUPIED
2026-09-30T04:53:58Z,A1,36.0,16.76,OCCUPIED
2026-09-30T04:53:59Z,A1,0.0,5.65,OCCUPIED
2026-09-30T04:54:00Z,A1,35.1,17.26,FREE
2026-09-30T04:54:01Z,A1,38.9,11.48,FREE
2026-09-30T04:54:02Z,A1,37.0,11.09,FREE
2026-09-30T04:54:03Z,A1,33.3,15.46,FREE
2026-09-30T04:54:04Z,A1,37.2,10.91,FREE
2026-09-30T04:54:05Z,A1,35.1,10.30,FREE
2026-09-30T04:54:06Z,A1,7.9,10.39,FREE
2026-09-30T04:54:07Z,A1,7.2,12.00,OCCUPIED
2026-09-30T04:54:08Z,A1,8.8,5.96,OCCUPIED
2026-09-30T04:54:09Z,A1,5.5,15.13,OCCUPIED
2026-09-30T04:54:10Z,A1,6.7,15.94,OCCUPIED
2026-09-30T04:54:11Z,A1,6.1,15.78,OCCUPIED
2026-09-30T04:54:12Z,A1,5.4,15.13,OCCUPIED
2026-09-30T04:54:13Z,A1,8.2,15.65,OCCUPIED
2026-09-30T04:54:14Z,A1,36.5,10.83,OCCUPIED
2026-09-30T04:54:15Z,A1,38.4,11.72,FREE
2026-09-30T04:54:16Z,A1,33.2,6.61,FREE
2026-09-30T04:54:17Z,A1,33.2,6.20,FREE
2026-09-30T04:54:18Z,A1,37.3,10.24,FREE
2026-09-30T04:54:19Z,A1,35.5,18.18,FREE
2026-09-30T04:54:20Z,A1,37.9,14.57,FREE
2026-09-30T04:54:21Z,A1,36.5,11.39,FREE
2026-09-30T04:54:22Z,A1,6.3,46.19,FREE
2026-09-30T04:54:23Z,A1,7.9,18.61,OCCUPIED
2026-09-30T04:54:24Z,A1,6.7,14.35,OCCUPIED
2026-09-30T04:54:25Z,A1,5.2,10.02,OCCUPIED
2026-09-30T04:54:26Z,A1,8.1,9.45,OCCUPIED
2026-09-30T04:54:27Z,A1,7.9,10.13,OCCUPIED
2026-09-30T04:54:33Z,A1,34.1,17.09,OCCUPIED
2026-09-30T04:54:34Z,A1,38.8,11.52,FREE
2026-09-30T04:54:35Z,A1,39.3,10.24,FREE
2026-09-30T04:54:36Z,A1,36.5,10.19,FREE
2026-09-30T04:54:37Z,A1,8.5,11.00,FREE
2026-09-30T04:54:38Z,A1,400.0,6.22,FREE
2026-09-30T04:54:39Z,A1,7.4,17.32,OCCUPIED
2026-09-30T04:54:40Z,A1,7.0,11.45,OCCUPIED
2026-09-30T04:54:41Z,A1,7.8,17.33,OCCUPIED
2026-09-30T04:54:42Z,A1,6.2,15.65,OCCUPIED
2026-09-30T04:54:43Z,A1,6.8,15.96,OCCUPIED
2026-09-30T04:54:44Z,A1,6.2,9.65,OCCUPIED
2026-09-30T04:54:45Z,A1,36.7,10.80,OCCUPIED
2026-09-30T04:54:46Z,A1,34.2,13.02,FREE
2026-09-30T04:54:47Z,A1,39.5,9.70,FREE
2026-09-30T04:54:48Z,A1,34.8,9.98,FREE
2026-09-30T04:54:49Z,A1,36.4,15.61,FREE
2026-09-30T04:54:50Z,A1,35.9,14.41,FREE
2026-09-30T04:54:51Z,A1,35.4,15.91,FREE
2026-09-30T04:54:52Z,A1,39.9,15.39,FREE
2026-09-30T04:54:53Z,A1,6.5,16.52,FREE
2026-09-30T04:54:54Z,A1,5.6,12.33,OCCUPIED
2026-09-30T04:54:55Z,A1,7.8,10.30,OCCUPIED
2026-09-30T04:54:56Z,A1,6.0,9.55,OCCUPIED
2026-09-30T04:55:00Z,A1,5.9,21.41,OCCUPIED
2026-09-30T04:55:01Z,A1,7.6,13.19,OCCUPIED
2026-09-30T04:55:02Z,A1,39.7,19.17,OCCUPIED
2026-09-30T04:55:03Z,A1,37.2,27.15,FREE
2026-09-30T04:55:04Z,A1,35.0,20.13,FREE
2026-09-30T04:55:05Z,A1,38.1,6.81,FREE
2026-09-30T04:55:06Z,A1,39.3,9.54,FREE
2026-09-30T04:55:07Z,A1,39.8,12.20,FREE
2026-09-30T04:55:08Z,A1,38.6,15.81,FREE
2026-09-30T04:55:14Z,A1,8.8,12.09,FREE
2026-09-30T04:55:15Z,A1,6.0,8.48,OCCUPIED
2026-09-30T04:55:16Z,A1,7.9,9.76,OCCUPIED
2026-09-30T04:55:17Z,A1,5.8,10.69,OCCUPIED
2026-09-30T04:55:18Z,A1,36.0,9.94,OCCUPIED
2026-09-30T04:55:19Z,A1,33.5,21.33,FREE
2026-09-30T04:55:20Z,A1,36.2,9.80,FREE
2026-09-30T04:55:21Z,A1,36.2,17.91,FREE
2026-09-30T04:55:22Z,A1,400.0,7.57,FREE
2026-09-30T04:55:23Z,A1,34.7,15.43,FREE
2026-09-30T04:55:24Z,A1,37.0,16.15,FREE
2026-09-30T04:55:25Z,A1,35.6,9.89,FREE
2026-09-30T04:55:26Z,A1,5.6,10.19,FREE
2026-09-30T04:55:27Z,A1,8.2,11.93,OCCUPIED
2026-09-30T04:55:28Z,A1,8.3,12.35,OCCUPIED
2026-09-30T04:55:29Z,A1,6.6,9.48,OCCUPIED
2026-09-30T04:55:30Z,A1,7.3,15.93,OCCUPIED
2026-09-30T04:55:31Z,A1,6.1,15.39,OCCUPIED
2026-09-30T04:55:32Z,A1,7.1,16.82,OCCUPIED
2026-09-30T04:55:33Z,A1,7.9,15.72,OCCUPIED
2026-09-30T04:55:34Z,A1,40.0,17.80,OCCUPIED
2026-09-30T04:55:35Z,A1,0.0,7.22,OCCUPIED
2026-09-30T04:55:36Z,A1,36.5,10.69,FREE
2026-09-30T04:55:37Z,A1,2.0,8.13,FREE
2026-09-30T04:55:38Z,A1,36.7,9.98,FREE
2026-09-30T04:55:39Z,A1,39.7,10.17,FREE
2026-09-30T04:55:40Z,A1,34.5,17.50,FREE
2026-09-30T04:55:41Z,A1,34.8,15.98,FREE
2026-09-30T04:55:42Z,A1,8.1,16.83,FREE
2026-09-30T04:55:43Z,A1,5.1,18.96,OCCUPIED
2026-09-30T04:55:44Z,A1,8.1,10.55,OCCUPIED
2026-09-30T04:55:45Z,A1,8.0,11.33,OCCUPIED
2026-09-30T04:55:46Z,A1,7.2,10.50,OCCUPIED
2026-09-30T04:55:47Z,A1,6.9,9.72,OCCUPIED
2026-09-30T04:55:50Z,A1,33.6,15.96,OCCUPIED
2026-09-30T04:55:51Z,A1,38.4,17.32,FREE
2026-09-30T04:55:52Z,A1,35.5,9.69,FREE
2026-09-30T04:55:53Z,A1,35.4,10.19,FREE
2026-09-30T04:55:54Z,A1,36.7,14.35,FREE
2026-09-30T04:55:55Z,A1,35.8,12.05,FREE
2026-09-30T04:55:56Z,A1,34.6,10.28,FREE
2026-09-30T04:55:57Z,A1,36.2,10.76,FREE
2026-09-30T04:55:58Z,A1,5.2,10.74,FREE
2026-09-30T04:55:59Z,A1,7.5,11.09,OCCUPIED
2026-09-30T04:56:00Z,A1,8.2,8.96,OCCUPIED
2026-09-30T04:56:01Z,A1,7.9,17.48,OCCUPIED
2026-09-30T04:56:02Z,A1,6.7,14.76,OCCUPIED
2026-09-30T04:56:03Z,A1,6.4,31.82,OCCUPIED
2026-09-30T04:56:04Z,A1,5.4,15.93,OCCUPIED
2026-09-30T04:56:05Z,A1,8.0,15.15,OCCUPIED
2026-09-30T04:56:06Z,A1,34.7,10.81,OCCUPIED
2026-09-30T04:56:07Z,A1,35.0,11.67,FREE
2026-09-30T04:56:08Z,A1,36.9,5.95,FREE
2026-09-30T04:56:09Z,A1,35.8,10.41,FREE
2026-09-30T04:56:10Z,A1,38.8,10.70,FREE
2026-09-30T04:56:11Z,A1,39.8,15.39,FREE
2026-09-30T04:56:12Z,A1,39.7,14.74,FREE
2026-09-30T04:56:13Z,A1,39.1,15.96,FREE
2026-09-30T04:56:14Z,A1,7.3,16.57,FREE
2026-09-30T04:56:15Z,A1,5.0,17.11,OCCUPIED
2026-09-30T04:56:16Z,A1,7.7,9.52,OCCUPIED
2026-09-30T04:56:17Z,A1,7.9,11.70,OCCUPIED
2026-09-30T04:56:18Z,A1,6.4,16.89,OCCUPIED
2026-09-30T04:56:19Z,A1,6.9,17.18,OCCUPIED
2026-09-30T04:56:20Z,A1,5.4,16.72,OCCUPIED
2026-09-30T04:56:21Z,A1,6.9,15.00,OCCUPIED
2026-09-30T04:56:22Z,A1,35.7,14.76,OCCUPIED
2026-09-30T04:56:23Z,A1,37.7,17.24,FREE
2026-09-30T04:56:24Z,A1,34.7,11.28,FREE
2026-09-30T04:56:25Z,A1,39.1,13.02,FREE
2026-09-30T04:56:26Z,A1,37.0,9.85,FREE
2026-09-30T04:56:27Z,A1,36.4,17.00,FREE
2026-09-30T04:56:32Z,A1,7.5,79.56,FREE
2026-09-30T04:56:35Z,A1,7.9,19.11,OCCUPIED
2026-09-30T04:56:36Z,A1,7.3,6.39,OCCUPIED
2026-09-30T04:56:37Z,A1,8.2,5.78,OCCUPIED
2026-09-30T04:56:38Z,A1,33.5,14.78,OCCUPIED
2026-09-30T04:56:39Z,A1,35.8,10.54,FREE
2026-09-30T04:56:40Z,A1,33.5,6.70,FREE
2026-09-30T04:56:42Z,A1,38.7,15.41,FREE
2026-09-30T04:56:43Z,A1,37.9,15.72,FREE
2026-09-30T04:56:44Z,A1,38.4,16.56,FREE
2026-09-30T04:56:45Z,A1,36.2,15.96,FREE
2026-09-30T04:56:46Z,A1,6.8,17.24,FREE
2026-09-30T04:56:47Z,A1,5.1,18.95,OCCUPIED
2026-09-30T04:56:48Z,A1,400.0,9.69,OCCUPIED
2026-09-30T04:56:49Z,A1,5.9,16.13,OCCUPIED
2026-09-30T04:56:50Z,A1,5.2,15.45,OCCUPIED
2026-09-30T04:56:51Z,A1,7.0,15.33,OCCUPIED
2026-09-30T04:56:52Z,A1,5.3,14.63,OCCUPIED
2026-09-30T04:56:53Z,A1,8.5,15.63,OCCUPIED
2026-09-30T04:56:54Z,A1,33.5,17.17,OCCUPIED
2026-09-30T04:56:57Z,A1,38.0,21.02,FREE
2026-09-30T04:56:58Z,A1,37.4,14.13,FREE
2026-09-30T04:56:59Z,A1,37.9,16.61,FREE
2026-09-30T04:57:00Z,A1,39.8,16.93,FREE
2026-09-30T04:57:01Z,A1,33.1,15.87,FREE
2026-09-30T04:57:02Z,A1,7.5,18.00,FREE
2026-09-30T04:57:03Z,A1,5.9,21.22,OCCUPIED
2026-09-30T04:57:04Z,A1,7.9,15.20,OCCUPIED
2026-09-30T04:57:05Z,A1,8.9,15.41,OCCUPIED
2026-09-30T04:57:06Z,A1,7.1,14.81,OCCUPIED
2026-09-30T04:57:07Z,A1,7.6,9.28,OCCUPIED
2026-09-30T04:57:08Z,A1,5.6,9.63,OCCUPIED
2026-09-30T04:57:09Z,A1,5.2,14.87,OCCUPIED
2026-09-30T04:57:10Z,A1,39.8,10.78,OCCUPIED
2026-09-30T04:57:11Z,A1,36.9,14.69,FREE
2026-09-30T04:57:12Z,A1,34.2,11.19,FREE
2026-09-30T04:57:13Z,A1,38.3,12.91,FREE
2026-09-30T04:57:14Z,A1,33.1,10.57,FREE
2026-09-30T04:57:15Z,A1,39.3,15.41,FREE
2026-09-30T04:57:16Z,A1,39.6,11.20,FREE
2026-09-30T04:57:17Z,A1,33.0,10.74,FREE
2026-09-30T04:57:18Z,A1,8.7,10.37,FREE
2026-09-30T04:57:19Z,A1,7.4,12.11,OCCUPIED
2026-09-30T04:57:20Z,A1,8.1,6.57,OCCUPIED
2026-09-30T04:57:21Z,A1,400.0,7.22,OCCUPIED
2026-09-30T04:57:22Z,A1,6.7,15.57,OCCUPIED
2026-09-30T04:57:23Z,A1,8.1,15.07,OCCUPIED
2026-09-30T04:57:24Z,A1,8.9,16.96,OCCUPIED
2026-09-30T04:57:25Z,A1,6.1,16.33,OCCUPIED
2026-09-30T04:57:26Z,A1,36.0,14.02,OCCUPIED
2026-09-30T04:57:27Z,A1,39.0,18.35,FREE
2026-09-30T04:57:28Z,A1,34.0,11.11,FREE
2026-09-30T04:57:29Z,A1,36.7,11.22,FREE
2026-09-30T04:57:30Z,A1,38.8,15.85,FREE
2026-09-30T04:57:31Z,A1,36.1,15.20,FREE
2026-09-30T04:57:32Z,A1,33.9,15.00,FREE
2026-09-30T04:57:33Z,A1,33.7,17.95,FREE
2026-09-30T04:57:34Z,A1,5.6,17.43,FREE
2026-09-30T04:57:35Z,A1,400.0,8.59,FREE
2026-09-30T04:57:36Z,A1,8.0,16.96,OCCUPIED
2026-09-30T04:57:37Z,A1,7.8,10.09,OCCUPIED
2026-09-30T04:57:38Z,A1,6.3,14.83,OCCUPIED
2026-09-30T04:57:39Z,A1,6.4,10.19,OCCUPIED
2026-09-30T04:57:40Z,A1,5.8,8.00,OCCUPIED
2026-09-30T04:57:41Z,A1,33.1,18.85,OCCUPIED
2026-09-30T04:57:42Z,A1,38.5,12.83,FREE
2026-09-30T04:57:43Z,A1,35.2,16.39,FREE
2026-09-30T04:57:44Z,A1,35.0,10.33,FREE
2026-09-30T04:57:45Z,A1,39.4,9.93,FREE
2026-09-30T04:57:48Z,A1,36.8,15.52,FREE
2026-09-30T04:57:49Z,A1,39.0,17.54,FREE
2026-09-30T04:57:50Z,A1,8.5,16.50,FREE
2026-09-30T04:57:51Z,A1,5.5,18.39,OCCUPIED
2026-09-30T04:57:57Z,A1,5.4,15.76,OCCUPIED
2026-09-30T04:58:01Z,A1,37.0,10.72,OCCUPIED
2026-09-30T04:58:02Z,A1,38.4,16.41,FREE
2026-09-30T04:58:03Z,A1,33.4,14.57,FREE
2026-09-30T04:58:04Z,A1,36.1,15.65,FREE
2026-09-30T04:58:05Z,A1,37.1,13.41,FREE
2026-09-30T04:58:06Z,A1,7.8,19.85,FREE
2026-09-30T04:58:07Z,A1,5.9,11.69,OCCUPIED
2026-09-30T04:58:08Z,A1,6.3,10.44,OCCUPIED
2026-09-30T04:58:09Z,A1,8.2,10.87,OCCUPIED
2026-09-30T04:58:10Z,A1,7.4,10.28,OCCUPIED
2026-09-30T04:58:11Z,A1,6.7,9.50,OCCUPIED
2026-09-30T04:58:12Z,A1,7.8,14.09,OCCUPIED
2026-09-30T04:58:13Z,A1,5.4,16.07,OCCUPIED
2026-09-30T04:58:14Z,A1,37.1,16.18,OCCUPIED
2026-09-30T04:58:16Z,A1,34.8,16.52,FREE
2026-09-30T04:58:17Z,A1,35.8,6.48,FREE
2026-09-30T04:58:18Z,A1,35.4,6.56,FREE
2026-09-30T04:58:19Z,A1,35.3,9.46,FREE
2026-09-30T04:58:20Z,A1,34.5,10.94,FREE
2026-09-30T04:58:21Z,A1,36.6,10.39,FREE
2026-09-30T04:58:22Z,A1,6.6,18.54,FREE
2026-09-30T04:58:23Z,A1,5.4,17.09,OCCUPIED
2026-09-30T04:58:24Z,A1,8.6,10.00,OCCUPIED
2026-09-30T04:58:25Z,A1,8.6,10.91,OCCUPIED
2026-09-30T04:58:26Z,A1,7.5,15.70,OCCUPIED
2026-09-30T04:58:27Z,A1,5.8,17.20,OCCUPIED
2026-09-30T04:58:28Z,A1,6.8,17.02,OCCUPIED
2026-09-30T04:58:29Z,A1,6.4,17.04,OCCUPIED
2026-09-30T04:58:30Z,A1,0.0,4.95,OCCUPIED
2026-09-30T04:58:31Z,A1,39.0,10.65,OCCUPIED
2026-09-30T04:58:32Z,A1,38.0,10.74,FREE
2026-09-30T04:58:33Z,A1,36.9,10.67,FREE
2026-09-30T04:58:34Z,A1,37.3,14.98,FREE
2026-09-30T04:58:35Z,A1,34.2,16.43,FREE
2026-09-30T04:58:36Z,A1,37.3,15.22,FREE
2026-09-30T04:58:37Z,A1,37.6,15.19,FREE
2026-09-30T04:58:38Z,A1,7.7,11.02,FREE
2026-09-30T04:58:39Z,A1,6.2,11.55,OCCUPIED
2026-09-30T04:58:40Z,A1,6.2,8.59,OCCUPIED
2026-09-30T04:58:42Z,A1,7.9,14.54,OCCUPIED
2026-09-30T04:58:43Z,A1,7.9,25.17,OCCUPIED
2026-09-30T04:58:44Z,A1,6.5,14.37,OCCUPIED
2026-09-30T04:58:45Z,A1,35.9,17.56,OCCUPIED
2026-09-30T04:58:46Z,A1,33.2,19.26,FREE
2026-09-30T04:58:47Z,A1,33.5,9.72,FREE
2026-09-30T04:58:48Z,A1,2.0,11.05,FREE
2026-09-30T04:58:52Z,A1,33.9,6.93,FREE
2026-09-30T04:58:53Z,A1,38.4,11.02,FREE
2026-09-30T04:58:54Z,A1,8.7,11.87,FREE
2026-09-30T04:58:55Z,A1,8.1,17.26,OCCUPIED
2026-09-30T04:58:56Z,A1,6.4,9.37,OCCUPIED
2026-09-30T04:58:57Z,A1,7.1,10.57,OCCUPIED
2026-09-30T04:59:00Z,A1,7.0,10.17,OCCUPIED
2026-09-30T04:59:01Z,A1,6.6,10.13,OCCUPIED
2026-09-30T04:59:02Z,A1,37.7,11.46,OCCUPIED
2026-09-30T04:59:04Z,A1,39.5,17.68,FREE
2026-09-30T04:59:05Z,A1,39.6,10.45,FREE
2026-09-30T04:59:06Z,A1,38.9,9.72,FREE
2026-09-30T04:59:07Z,A1,400.0,4.45,FREE
2026-09-30T04:59:08Z,A1,35.5,10.31,FREE
2026-09-30T04:59:09Z,A1,0.0,5.11,FREE
2026-09-30T04:59:10Z,A1,7.2,10.04,FREE
2026-09-30T04:59:11Z,A1,8.7,18.28,OCCUPIED
2026-09-30T04:59:12Z,A1,7.2,9.57,OCCUPIED
2026-09-30T04:59:14Z,A1,5.3,12.93,OCCUPIED
2026-09-30T04:59:15Z,A1,7.4,10.74,OCCUPIED
2026-09-30T04:59:16Z,A1,400.0,5.68,OCCUPIED
2026-09-30T04:59:17Z,A1,2.0,13.20,OCCUPIED
2026-09-30T04:59:18Z,A1,33.6,7.87,OCCUPIED
2026-09-30T04:59:30Z,A1,7.6,16.50,OCCUPIED
2026-09-30T04:59:32Z,A1,7.8,14.91,OCCUPIED
2026-09-30T04:59:33Z,A1,36.8,17.18,OCCUPIED
2026-09-30T04:59:34Z,A1,38.2,18.30,FREE
2026-09-30T04:59:35Z,A1,38.8,15.93,FREE
2026-09-30T04:59:36Z,A1,34.3,13.83,FREE
2026-09-30T04:59:40Z,A1,35.9,13.48,FREE
2026-09-30T04:59:41Z,A1,36.0,9.07,FREE
2026-09-30T04:59:42Z,A1,8.3,10.91,FREE
2026-09-30T04:59:43Z,A1,5.2,17.46,OCCUPIED
2026-09-30T04:59:44Z,A1,9.0,8.28,OCCUPIED
2026-09-30T04:59:45Z,A1,6.0,10.63,OCCUPIED
2026-09-30T04:59:46Z,A1,7.8,12.95,OCCUPIED
2026-09-30T04:59:47Z,A1,5.8,16.07,OCCUPIED
2026-09-30T04:59:48Z,A1,7.1,13.33,OCCUPIED
2026-09-30T04:59:49Z,A1,5.0,14.76,OCCUPIED
2026-09-30T04:59:50Z,A1,36.8,13.81,OCCUPIED
2026-09-30T04:59:51Z,A1,38.2,14.24,FREE
2026-09-30T04:59:52Z,A1,2.0,13.67,FREE
2026-09-30T04:59:53Z,A1,39.2,10.06,FREE
2026-09-30T04:59:54Z,A1,38.0,17.11,FREE
2026-09-30T04:59:55Z,A1,35.9,8.96,FREE
2026-09-30T04:59:56Z,A1,34.1,15.57,FREE
2026-09-30T04:59:57Z,A1,36.1,13.46,FREE
2026-09-30T04:59:58Z,A1,5.7,11.30,FREE
2026-09-30T04:59:59Z,A1,5.2,10.96,OCCUPIED
2026-09-30T05:00:00Z,A1,6.6,6.30,OCCUPIED
2026-09-30T05:00:01Z,A1,8.3,6.24,OCCUPIED
2026-09-30T05:00:10Z,A1,37.1,10.80,OCCUPIED
2026-09-30T05:00:11Z,A1,34.4,11.74,FREE
2026-09-30T05:00:12Z,A1,38.9,9.72,FREE
2026-09-30T05:00:13Z,A1,35.9,12.17,FREE
2026-09-30T05:00:14Z,A1,7.2,17.30,FREE
2026-09-30T05:00:15Z,A1,6.9,15.07,OCCUPIED
2026-09-30T05:00:16Z,A1,6.7,15.69,OCCUPIED
2026-09-30T05:00:17Z,A1,5.3,13.94,OCCUPIED
2026-09-30T05:00:19Z,A1,7.3,5.63,OCCUPIED
2026-09-30T05:00:20Z,A1,5.4,10.39,OCCUPIED
2026-09-30T05:00:21Z,A1,7.5,11.13,OCCUPIED
2026-09-30T05:00:22Z,A1,39.1,10.72,OCCUPIED
2026-09-30T05:00:23Z,A1,34.8,11.28,FREE
2026-09-30T05:00:24Z,A1,35.3,9.83,FREE
2026-09-30T05:00:25Z,A1,36.2,16.17,FREE
2026-09-30T05:00:26Z,A1,37.8,15.93,FREE
2026-09-30T05:00:27Z,A1,39.2,10.33,FREE
2026-09-30T05:00:28Z,A1,34.7,9.20,FREE
2026-09-30T05:00:29Z,A1,39.9,9.83,FREE
2026-09-30T05:00:30Z,A1,6.9,11.11,FREE
2026-09-30T05:00:31Z,A1,6.2,11.19,OCCUPIED
2026-09-30T05:00:32Z,A1,7.4,10.87,OCCUPIED
2026-09-30T05:00:33Z,A1,5.2,14.80,OCCUPIED
2026-09-30T05:00:34Z,A1,7.9,15.70,OCCUPIED
2026-09-30T05:00:35Z,A1,6.7,17.70,OCCUPIED
2026-09-30T05:00:36Z,A1,5.5,11.43,OCCUPIED
2026-09-30T05:00:37Z,A1,7.6,10.96,OCCUPIED
2026-09-30T05:00:38Z,A1,34.5,17.56,OCCUPIED
2026-09-30T05:00:39Z,A1,36.0,18.94,FREE
2026-09-30T05:00:40Z,A1,33.6,9.91,FREE
2026-09-30T05:00:41Z,A1,33.1,9.24,FREE
2026-09-30T05:00:42Z,A1,33.8,16.26,FREE
2026-09-30T05:00:43Z,A1,33.5,16.48,FREE
2026-09-30T05:00:44Z,A1,38.8,10.85,FREE
2026-09-30T05:00:45Z,A1,33.4,12.13,FREE
2026-09-30T05:00:46Z,A1,7.7,16.57,FREE
2026-09-30T05:00:47Z,A1,6.9,19.04,OCCUPIED
2026-09-30T05:00:48Z,A1,6.3,10.63,OCCUPIED
2026-09-30T05:00:49Z,A1,5.5,9.35,OCCUPIED
2026-09-30T05:00:50Z,A1,8.8,7.28,OCCUPIED
2026-09-30T05:00:51Z,A1,5.1,10.57,OCCUPIED
2026-09-30T05:00:52Z,A1,6.6,9.65,OCCUPIED
2026-09-30T05:00:53Z,A1,6.5,6.65,OCCUPIED
2026-09-30T05:01:00Z,A1,37.7,12.45,OCCUPIED
2026-09-30T05:01:01Z,A1,36.5,10.91,FREE
2026-09-30T05:01:02Z,A1,8.0,6.83,FREE
2026-09-30T05:01:03Z,A1,6.9,11.35,OCCUPIED
2026-09-30T05:01:04Z,A1,6.1,17.70,OCCUPIED
2026-09-30T05:01:05Z,A1,5.3,13.24,OCCUPIED
2026-09-30T05:01:06Z,A1,6.5,16.24,OCCUPIED
2026-09-30T05:01:07Z,A1,5.2,13.28,OCCUPIED
2026-09-30T05:01:08Z,A1,5.5,15.00,OCCUPIED
2026-09-30T05:01:09Z,A1,7.7,9.33,OCCUPIED
2026-09-30T05:01:10Z,A1,35.0,10.80,OCCUPIED
2026-09-30T05:01:11Z,A1,37.5,10.17,FREE
2026-09-30T05:01:12Z,A1,35.1,6.55,FREE
2026-09-30T05:01:13Z,A1,37.1,7.02,FREE
2026-09-30T05:01:14Z,A1,35.2,16.35,FREE
2026-09-30T05:01:15Z,A1,39.7,17.89,FREE
2026-09-30T05:01:16Z,A1,34.2,17.63,FREE
2026-09-30T05:01:17Z,A1,35.2,18.89,FREE
2026-09-30T05:01:18Z,A1,8.0,17.20,FREE
2026-09-30T05:01:19Z,A1,8.2,10.65,OCCUPIED
2026-09-30T05:01:20Z,A1,8.3,6.17,OCCUPIED
2026-09-30T05:01:21Z,A1,7.0,9.46,OCCUPIED
2026-09-30T05:01:22Z,A1,6.4,10.26,OCCUPIED
2026-09-30T05:01:23Z,A1,5.6,9.89,OCCUPIED
2026-09-30T05:01:24Z,A1,5.5,17.72,OCCUPIED
2026-09-30T05:01:25Z,A1,7.5,15.41,OCCUPIED
2026-09-30T05:01:26Z,A1,35.1,16.85,OCCUPIED
2026-09-30T05:01:27Z,A1,39.3,16.93,FREE
2026-09-30T05:01:28Z,A1,37.0,12.50,FREE
2026-09-30T05:01:29Z,A1,34.0,12.13,FREE
2026-09-30T05:01:30Z,A1,39.0,16.83,FREE
2026-09-30T05:01:31Z,A1,34.6,14.59,FREE
2026-09-30T05:01:33Z,A1,34.1,15.30,FREE
2026-09-30T05:01:34Z,A1,8.3,17.18,FREE
2026-09-30T05:01:35Z,A1,5.2,17.31,OCCUPIED
2026-09-30T05:01:36Z,A1,5.9,14.98,OCCUPIED
2026-09-30T05:01:37Z,A1,8.8,15.19,OCCUPIED
2026-09-30T05:01:38Z,A1,5.7,9.59,OCCUPIED
2026-09-30T05:01:39Z,A1,6.0,17.11,OCCUPIED
2026-09-30T05:01:40Z,A1,6.6,10.22,OCCUPIED
2026-09-30T05:01:41Z,A1,5.8,10.00,OCCUPIED
2026-09-30T05:01:42Z,A1,39.5,11.43,OCCUPIED
2026-09-30T05:01:43Z,A1,34.1,19.09,FREE
2026-09-30T05:01:46Z,A1,34.6,11.09,FREE
2026-09-30T05:01:47Z,A1,37.7,10.48,FREE
2026-09-30T05:01:48Z,A1,38.9,11.69,FREE
2026-09-30T05:01:49Z,A1,38.8,14.91,FREE
2026-09-30T05:01:50Z,A1,6.1,7.50,FREE
2026-09-30T05:01:51Z,A1,6.7,10.76,OCCUPIED
2026-09-30T05:01:52Z,A1,7.4,6.83,OCCUPIED
2026-09-30T05:01:53Z,A1,7.7,10.30,OCCUPIED
2026-09-30T05:01:54Z,A1,6.3,10.54,OCCUPIED
2026-09-30T05:01:55Z,A1,6.3,15.85,OCCUPIED
2026-09-30T05:01:56Z,A1,7.2,12.91,OCCUPIED
2026-09-30T05:01:57Z,A1,5.9,15.78,OCCUPIED
2026-09-30T05:01:58Z,A1,34.1,16.82,OCCUPIED
2026-09-30T05:01:59Z,A1,33.4,15.15,FREE
2026-09-30T05:02:00Z,A1,36.3,6.78,FREE
2026-09-30T05:02:01Z,A1,34.9,5.48,FREE
2026-09-30T05:02:02Z,A1,35.5,11.11,FREE
2026-09-30T05:02:03Z,A1,2.0,10.37,FREE
2026-09-30T05:02:04Z,A1,38.8,10.76,FREE
2026-09-30T05:02:05Z,A1,37.8,15.54,FREE
2026-09-30T05:02:06Z,A1,400.0,7.43,FREE
2026-09-30T05:02:07Z,A1,5.4,15.43,FREE
2026-09-30T05:02:08Z,A1,6.2,17.57,OCCUPIED
2026-09-30T05:02:09Z,A1,6.0,11.31,OCCUPIED
2026-09-30T05:02:10Z,A1,400.0,7.09,OCCUPIED
2026-09-30T05:02:11Z,A1,6.1,10.83,OCCUPIED
2026-09-30T05:02:12Z,A1,0.0,7.54,OCCUPIED
2026-09-30T05:02:13Z,A1,2.0,9.45,OCCUPIED
2026-09-30T05:02:14Z,A1,34.3,14.81,OCCUPIED
2026-09-30T05:02:15Z,A1,35.6,17.44,FREE
2026-09-30T05:02:22Z,A1,5.4,16.44,FREE
2026-09-30T05:02:23Z,A1,5.3,18.65,OCCUPIED
2026-09-30T05:02:24Z,A1,7.6,16.32,OCCUPIED
2026-09-30T05:02:25Z,A1,5.4,14.67,OCCUPIED
2026-09-30T05:02:26Z,A1,8.4,14.76,OCCUPIED
2026-09-30T05:02:28Z,A1,8.7,10.30,OCCUPIED
2026-09-30T05:02:29Z,A1,7.9,9.85,OCCUPIED
2026-09-30T05:02:30Z,A1,38.4,11.83,OCCUPIED
2026-09-30T05:02:31Z,A1,33.2,10.48,FREE
2026-09-30T05:02:32Z,A1,33.3,6.85,FREE
2026-09-30T05:02:33Z,A1,36.8,10.57,FREE
2026-09-30T05:02:34Z,A1,38.3,9.83,FREE
2026-09-30T05:02:35Z,A1,36.2,15.59,FREE
2026-09-30T05:02:36Z,A1,0.0,7.33,FREE
2026-09-30T05:02:37Z,A1,37.4,17.17,FREE
2026-09-30T05:02:38Z,A1,5.9,16.96,FREE
2026-09-30T05:02:39Z,A1,6.3,17.63,OCCUPIED
2026-09-30T05:02:40Z,A1,5.6,7.54,OCCUPIED
2026-09-30T05:02:41Z,A1,6.1,6.80,OCCUPIED
2026-09-30T05:02:42Z,A1,7.6,6.50,OCCUPIED
2026-09-30T05:02:45Z,A1,35.5,17.59,OCCUPIED
2026-09-30T05:02:46Z,A1,34.4,17.28,FREE
2026-09-30T05:02:47Z,A1,37.6,14.28,FREE
2026-09-30T05:02:48Z,A1,34.1,14.50,FREE
2026-09-30T05:02:49Z,A1,33.9,15.61,FREE
2026-09-30T05:02:50Z,A1,34.0,9.65,FREE
2026-09-30T05:02:51Z,A1,39.7,10.35,FREE
2026-09-30T05:02:52Z,A1,34.3,9.52,FREE
2026-09-30T05:02:53Z,A1,7.3,11.80,FREE
2026-09-30T05:02:54Z,A1,5.3,11.63,OCCUPIED
2026-09-30T05:02:55Z,A1,7.4,14.54,OCCUPIED
2026-09-30T05:02:56Z,A1,5.0,15.19,OCCUPIED
2026-09-30T05:02:57Z,A1,5.4,16.24,OCCUPIED
2026-09-30T05:02:58Z,A1,6.7,15.54,OCCUPIED
2026-09-30T05:02:59Z,A1,7.1,16.50,OCCUPIED
2026-09-30T05:03:00Z,A1,5.2,10.11,OCCUPIED
2026-09-30T05:03:01Z,A1,34.4,11.02,OCCUPIED
2026-09-30T05:03:02Z,A1,35.2,11.56,FREE
2026-09-30T05:03:05Z,A1,34.7,6.55,FREE
2026-09-30T05:03:06Z,A1,35.9,8.45,FREE
2026-09-30T05:03:07Z,A1,34.5,15.85,FREE
2026-09-30T05:03:08Z,A1,37.8,16.52,FREE
2026-09-30T05:03:09Z,A1,35.1,14.05,FREE
2026-09-30T05:03:10Z,A1,7.4,18.78,FREE
2026-09-30T05:03:11Z,A1,6.4,10.98,OCCUPIED
2026-09-30T05:03:12Z,A1,7.2,6.63,OCCUPIED
2026-09-30T05:03:13Z,A1,5.4,9.63,OCCUPIED
2026-09-30T05:03:14Z,A1,8.6,10.72,OCCUPIED
2026-09-30T05:03:15Z,A1,5.9,10.35,OCCUPIED
2026-09-30T05:03:16Z,A1,8.8,16.02,OCCUPIED
2026-09-30T05:03:17Z,A1,6.5,15.95,OCCUPIED
2026-09-30T05:03:18Z,A1,36.7,16.35,OCCUPIED
2026-09-30T05:03:19Z,A1,35.5,14.48,FREE
2026-09-30T05:03:20Z,A1,39.0,11.87,FREE
2026-09-30T05:03:21Z,A1,36.9,5.78,FREE
2026-09-30T05:03:22Z,A1,39.7,10.22,FREE
2026-09-30T05:03:23Z,A1,35.5,10.24,FREE
2026-09-30T05:03:24Z,A1,39.4,10.56,FREE
2026-09-30T05:03:25Z,A1,39.7,9.94,FREE
2026-09-30T05:03:26Z,A1,5.1,18.98,FREE
2026-09-30T05:03:27Z,A1,6.5,16.85,OCCUPIED
2026-09-30T05:03:28Z,A1,8.5,12.05,OCCUPIED
2026-09-30T05:03:29Z,A1,8.0,16.20,OCCUPIED
2026-09-30T05:03:30Z,A1,7.4,19.33,OCCUPIED
2026-09-30T05:03:31Z,A1,8.0,10.28,OCCUPIED
2026-09-30T05:03:32Z,A1,5.4,9.69,OCCUPIED
2026-09-30T05:03:33Z,A1,5.4,10.20,OCCUPIED
2026-09-30T05:03:34Z,A1,35.7,10.07,OCCUPIED
2026-09-30T05:03:35Z,A1,33.9,10.98,FREE
2026-09-30T05:03:36Z,A1,35.4,12.07,FREE
2026-09-30T05:03:37Z,A1,38.5,10.04,FREE
2026-09-30T05:03:38Z,A1,34.2,17.83,FREE
2026-09-30T05:03:39Z,A1,35.0,18.72,FREE
2026-09-30T05:03:43Z,A1,5.1,7.17,FREE
2026-09-30T05:03:46Z,A1,7.4,20.45,OCCUPIED
2026-09-30T05:03:47Z,A1,7.3,16.33,OCCUPIED
2026-09-30T05:03:48Z,A1,7.6,15.07,OCCUPIED
2026-09-30T05:03:49Z,A1,0.0,11.17,OCCUPIED
2026-09-30T05:03:50Z,A1,35.5,18.04,OCCUPIED
2026-09-30T05:03:51Z,A1,35.3,11.76,FREE
2026-09-30T05:03:52Z,A1,33.0,10.24,FREE
2026-09-30T05:03:53Z,A1,38.6,10.02,FREE
2026-09-30T05:03:54Z,A1,37.1,9.85,FREE
2026-09-30T05:03:55Z,A1,39.3,9.81,FREE
2026-09-30T05:03:56Z,A1,33.6,18.48,FREE
2026-09-30T05:03:57Z,A1,39.9,17.30,FREE
2026-09-30T05:04:00Z,A1,8.1,17.52,FREE
2026-09-30T05:04:01Z,A1,6.7,20.02,OCCUPIED
2026-09-30T05:04:02Z,A1,8.2,14.57,OCCUPIED
2026-09-30T05:04:03Z,A1,7.6,15.95,OCCUPIED
2026-09-30T05:04:04Z,A1,8.1,14.48,OCCUPIED
2026-09-30T05:04:05Z,A1,8.0,17.95,OCCUPIED
2026-09-30T05:04:06Z,A1,0.0,6.39,OCCUPIED
2026-09-30T05:04:07Z,A1,35.2,11.07,OCCUPIED
2026-09-30T05:04:08Z,A1,39.3,11.07,FREE
2026-09-30T05:04:09Z,A1,38.5,9.83,FREE
2026-09-30T05:04:10Z,A1,37.7,9.41,FREE
2026-09-30T05:04:11Z,A1,34.4,15.83,FREE
2026-09-30T05:04:12Z,A1,34.4,9.65,FREE
2026-09-30T05:04:13Z,A1,35.7,10.31,FREE
2026-09-30T05:04:14Z,A1,5.3,11.33,FREE
2026-09-30T05:04:15Z,A1,5.1,11.56,OCCUPIED
2026-09-30T05:04:16Z,A1,8.8,10.11,OCCUPIED
2026-09-30T05:04:27Z,A1,36.1,17.57,OCCUPIED
2026-09-30T05:04:28Z,A1,35.5,16.80,FREE
2026-09-30T05:04:29Z,A1,34.3,9.52,FREE
2026-09-30T05:04:30Z,A1,5.2,16.87,FREE
2026-09-30T05:04:31Z,A1,7.2,18.59,OCCUPIED
2026-09-30T05:04:32Z,A1,5.3,6.94,OCCUPIED
2026-09-30T05:04:33Z,A1,7.7,6.57,OCCUPIED
2026-09-30T05:04:34Z,A1,7.1,6.89,OCCUPIED
2026-09-30T05:04:35Z,A1,5.8,10.07,OCCUPIED
2026-09-30T05:04:37Z,A1,8.0,15.89,OCCUPIED
2026-09-30T05:04:38Z,A1,39.2,15.15,OCCUPIED
2026-09-30T05:04:39Z,A1,33.0,17.19,FREE
2026-09-30T05:04:40Z,A1,38.8,12.11,FREE
2026-09-30T05:04:41Z,A1,39.4,10.20,FREE
2026-09-30T05:04:42Z,A1,37.4,10.83,FREE
2026-09-30T05:04:43Z,A1,33.5,10.30,FREE
2026-09-30T05:04:44Z,A1,33.9,10.20,FREE
2026-09-30T05:04:45Z,A1,38.2,10.33,FREE
2026-09-30T05:04:46Z,A1,400.0,6.46,FREE
2026-09-30T05:04:47Z,A1,8.5,17.09,FREE
2026-09-30T05:04:48Z,A1,7.0,20.24,OCCUPIED
2026-09-30T05:04:49Z,A1,5.4,11.55,OCCUPIED
2026-09-30T05:04:50Z,A1,6.1,11.15,OCCUPIED
2026-09-30T05:04:51Z,A1,6.2,18.26,OCCUPIED
2026-09-30T05:04:52Z,A1,6.0,10.22,OCCUPIED
2026-09-30T05:04:53Z,A1,6.7,11.30,OCCUPIED
2026-09-30T05:04:54Z,A1,39.4,11.41,OCCUPIED
2026-09-30T05:04:55Z,A1,33.7,12.09,FREE
2026-09-30T05:04:56Z,A1,39.7,7.26,FREE
2026-09-30T05:04:57Z,A1,33.4,15.89,FREE
2026-09-30T05:04:58Z,A1,39.5,16.55,FREE
2026-09-30T05:04:59Z,A1,33.1,17.28,FREE
2026-09-30T05:05:00Z,A1,39.0,16.82,FREE
2026-09-30T05:05:01Z,A1,34.2,17.78,FREE
2026-09-30T05:05:02Z,A1,8.5,17.15,FREE
2026-09-30T05:05:03Z,A1,7.0,8.91,OCCUPIED
2026-09-30T05:05:04Z,A1,5.0,6.22,OCCUPIED
2026-09-30T05:05:06Z,A1,6.2,5.72,OCCUPIED
2026-09-30T05:05:07Z,A1,5.9,9.20,OCCUPIED
2026-09-30T05:05:08Z,A1,5.8,14.67,OCCUPIED
2026-09-30T05:05:09Z,A1,6.3,15.85,OCCUPIED
2026-09-30T05:05:18Z,A1,5.1,6.30,OCCUPIED
2026-09-30T05:05:19Z,A1,9.0,11.13,OCCUPIED
2026-09-30T05:05:20Z,A1,6.1,16.19,OCCUPIED
2026-09-30T05:05:21Z,A1,7.3,16.07,OCCUPIED
2026-09-30T05:05:22Z,A1,6.4,12.09,OCCUPIED
2026-09-30T05:05:23Z,A1,8.8,10.50,OCCUPIED
2026-09-30T05:05:24Z,A1,7.9,10.00,OCCUPIED
2026-09-30T05:05:25Z,A1,6.0,9.93,OCCUPIED
2026-09-30T05:05:26Z,A1,36.2,11.17,OCCUPIED
2026-09-30T05:05:27Z,A1,39.8,13.17,FREE
2026-09-30T05:05:28Z,A1,38.7,11.98,FREE
2026-09-30T05:05:29Z,A1,34.1,15.02,FREE
2026-09-30T05:05:30Z,A1,37.6,16.63,FREE
2026-09-30T05:05:31Z,A1,37.4,15.69,FREE
2026-09-30T05:05:32Z,A1,35.9,12.13,FREE
2026-09-30T05:05:33Z,A1,36.7,10.54,FREE
2026-09-30T05:05:34Z,A1,5.8,10.54,FREE
2026-09-30T05:05:35Z,A1,8.5,12.04,OCCUPIED
2026-09-30T05:05:36Z,A1,6.8,6.45,OCCUPIED
2026-09-30T05:05:37Z,A1,5.1,9.94,OCCUPIED
2026-09-30T05:05:38Z,A1,7.0,16.41,OCCUPIED
2026-09-30T05:05:39Z,A1,7.9,14.63,OCCUPIED
2026-09-30T05:05:40Z,A1,8.6,16.28,OCCUPIED
2026-09-30T05:05:41Z,A1,5.1,10.46,OCCUPIED
2026-09-30T05:05:42Z,A1,36.3,17.30,OCCUPIED
2026-09-30T05:05:43Z,A1,38.2,19.93,FREE
2026-09-30T05:05:44Z,A1,38.0,13.31,FREE
2026-09-30T05:05:45Z,A1,35.0,10.76,FREE
2026-09-30T05:05:46Z,A1,36.3,10.98,FREE
2026-09-30T05:05:47Z,A1,39.0,10.39,FREE
2026-09-30T05:05:48Z,A1,38.9,14.91,FREE
2026-09-30T05:05:49Z,A1,36.9,15.07,FREE
2026-09-30T05:05:58Z,A1,37.6,14.52,FREE
2026-09-30T05:05:59Z,A1,38.6,15.61,FREE
2026-09-30T05:06:00Z,A1,34.9,13.87,FREE
2026-09-30T05:06:01Z,A1,35.2,15.70,FREE
2026-09-30T05:06:02Z,A1,34.7,14.11,FREE
2026-09-30T05:06:03Z,A1,40.0,9.87,FREE
2026-09-30T05:06:04Z,A1,35.0,9.46,FREE
2026-09-30T05:06:05Z,A1,33.8,10.65,FREE
2026-09-30T05:06:06Z,A1,7.7,12.13,FREE
2026-09-30T05:06:07Z,A1,6.3,10.85,OCCUPIED
2026-09-30T05:06:08Z,A1,6.4,10.91,OCCUPIED
2026-09-30T05:06:09Z,A1,5.1,15.96,OCCUPIED
2026-09-30T05:06:10Z,A1,8.6,11.89,OCCUPIED
2026-09-30T05:06:11Z,A1,7.1,16.39,OCCUPIED
2026-09-30T05:06:12Z,A1,7.4,13.26,OCCUPIED
2026-09-30T05:06:13Z,A1,5.2,11.69,OCCUPIED
2026-09-30T05:06:14Z,A1,34.0,11.43,OCCUPIED
2026-09-30T05:06:15Z,A1,34.6,8.31,FREE
2026-09-30T05:06:16Z,A1,36.5,5.55,FREE
2026-09-30T05:06:17Z,A1,36.8,9.85,FREE
2026-09-30T05:06:18Z,A1,34.8,13.85,FREE
2026-09-30T05:06:19Z,A1,35.5,14.74,FREE
2026-09-30T05:06:20Z,A1,37.0,9.31,FREE
2026-09-30T05:06:21Z,A1,36.7,15.70,FREE
2026-09-30T05:06:22Z,A1,6.4,13.54,FREE
2026-09-30T05:06:23Z,A1,8.5,10.20,OCCUPIED
2026-09-30T05:06:24Z,A1,8.1,6.57,OCCUPIED
2026-09-30T05:06:25Z,A1,7.6,9.20,OCCUPIED
2026-09-30T05:06:26Z,A1,7.2,10.43,OCCUPIED
2026-09-30T05:06:27Z,A1,5.9,9.67,OCCUPIED
2026-09-30T05:06:28Z,A1,5.4,14.91,OCCUPIED
2026-09-30T05:06:29Z,A1,5.4,10.46,OCCUPIED
2026-09-30T05:06:30Z,A1,34.0,10.81,OCCUPIED
2026-09-30T05:06:32Z,A1,38.8,8.00,FREE
2026-09-30T05:06:33Z,A1,37.8,5.93,FREE
2026-09-30T05:06:34Z,A1,35.5,9.98,FREE
2026-09-30T05:06:35Z,A1,36.1,16.70,FREE
2026-09-30T05:06:36Z,A1,38.1,11.74,FREE
2026-09-30T05:06:38Z,A1,7.0,18.19,FREE
2026-09-30T05:06:39Z,A1,8.8,18.61,OCCUPIED
2026-09-30T05:06:40Z,A1,5.4,10.02,OCCUPIED
2026-09-30T05:06:41Z,A1,8.3,10.15,OCCUPIED
2026-09-30T05:06:42Z,A1,6.3,16.70,OCCUPIED
2026-09-30T05:06:43Z,A1,5.5,16.18,OCCUPIED
2026-09-30T05:06:44Z,A1,7.8,17.22,OCCUPIED
2026-09-30T05:06:45Z,A1,38.9,13.13,OCCUPIED
2026-09-30T05:06:46Z,A1,38.6,8.81,FREE
2026-09-30T05:06:47Z,A1,34.5,6.24,FREE
2026-09-30T05:06:48Z,A1,39.0,15.43,FREE
2026-09-30T05:06:49Z,A1,37.5,10.78,FREE
2026-09-30T05:06:50Z,A1,39.4,15.07,FREE
2026-09-30T05:06:51Z,A1,34.8,14.76,FREE
2026-09-30T05:06:52Z,A1,39.1,15.85,FREE
2026-09-30T05:06:53Z,A1,7.5,11.00,FREE
2026-09-30T05:06:54Z,A1,8.6,11.07,OCCUPIED
2026-09-30T05:06:55Z,A1,7.1,6.35,OCCUPIED
2026-09-30T05:06:56Z,A1,5.1,10.17,OCCUPIED
2026-09-30T05:06:57Z,A1,7.6,10.55,OCCUPIED
2026-09-30T05:06:58Z,A1,5.4,14.67,OCCUPIED
2026-09-30T05:06:59Z,A1,6.6,15.57,OCCUPIED
2026-09-30T05:07:00Z,A1,5.1,14.91,OCCUPIED
2026-09-30T05:07:01Z,A1,35.7,16.24,OCCUPIED
2026-09-30T05:07:02Z,A1,39.8,17.82,FREE
2026-09-30T05:07:03Z,A1,37.3,5.98,FREE
2026-09-30T05:07:04Z,A1,37.5,6.20,FREE
2026-09-30T05:07:05Z,A1,39.2,9.96,FREE
2026-09-30T05:07:06Z,A1,34.1,9.94,FREE
2026-09-30T05:07:07Z,A1,35.6,10.26,FREE
2026-09-30T05:07:08Z,A1,39.5,15.07,FREE
2026-09-30T05:07:09Z,A1,8.9,17.02,FREE
2026-09-30T05:07:10Z,A1,8.5,14.54,OCCUPIED
2026-09-30T05:07:11Z,A1,7.0,9.43,OCCUPIED
2026-09-30T05:07:20Z,A1,40.0,19.00,OCCUPIED
2026-09-30T05:07:21Z,A1,39.1,20.13,FREE
2026-09-30T05:07:22Z,A1,34.8,16.32,FREE
2026-09-30T05:07:23Z,A1,38.4,16.35,FREE
2026-09-30T05:07:24Z,A1,37.9,14.54,FREE
2026-09-30T05:07:25Z,A1,38.6,16.91,FREE
2026-09-30T05:07:26Z,A1,7.4,17.48,FREE
2026-09-30T05:07:27Z,A1,6.0,18.32,OCCUPIED
2026-09-30T05:07:28Z,A1,400.0,10.83,OCCUPIED
2026-09-30T05:07:29Z,A1,400.0,10.00,OCCUPIED
2026-09-30T05:07:30Z,A1,8.6,15.11,OCCUPIED
2026-09-30T05:07:31Z,A1,6.3,16.61,OCCUPIED
2026-09-30T05:07:33Z,A1,7.5,15.52,OCCUPIED
2026-09-30T05:07:34Z,A1,39.0,14.41,OCCUPIED
2026-09-30T05:07:35Z,A1,33.6,15.85,FREE
2026-09-30T05:07:36Z,A1,37.4,14.91,FREE
2026-09-30T05:07:38Z,A1,38.6,15.11,FREE
2026-09-30T05:07:39Z,A1,38.1,17.41,FREE
2026-09-30T05:07:40Z,A1,39.6,17.63,FREE
2026-09-30T05:07:41Z,A1,35.2,17.26,FREE
2026-09-30T05:07:42Z,A1,8.3,19.00,FREE
2026-09-30T05:07:43Z,A1,5.2,11.96,OCCUPIED
2026-09-30T05:07:44Z,A1,7.9,9.69,OCCUPIED
2026-09-30T05:07:45Z,A1,5.2,9.87,OCCUPIED
2026-09-30T05:07:46Z,A1,9.0,9.78,OCCUPIED
2026-09-30T05:07:47Z,A1,5.1,9.63,OCCUPIED
2026-09-30T05:07:48Z,A1,8.2,15.52,OCCUPIED
2026-09-30T05:07:49Z,A1,5.1,15.44,OCCUPIED
2026-09-30T05:07:50Z,A1,34.9,16.85,OCCUPIED
2026-09-30T05:07:51Z,A1,33.8,18.04,FREE
2026-09-30T05:07:52Z,A1,39.1,14.20,FREE
2026-09-30T05:07:53Z,A1,33.8,13.02,FREE
2026-09-30T05:07:54Z,A1,38.7,9.72,FREE
2026-09-30T05:07:55Z,A1,37.8,9.70,FREE
2026-09-30T05:07:56Z,A1,36.2,9.74,FREE
2026-09-30T05:07:57Z,A1,37.4,9.83,FREE
2026-09-30T05:08:00Z,A1,7.8,13.83,FREE
2026-09-30T05:08:01Z,A1,8.8,19.17,OCCUPIED
2026-09-30T05:08:02Z,A1,6.5,11.35,OCCUPIED
2026-09-30T05:08:03Z,A1,6.0,12.45,OCCUPIED
2026-09-30T05:08:04Z,A1,7.7,11.87,OCCUPIED
2026-09-30T05:08:05Z,A1,6.9,16.76,OCCUPIED
2026-09-30T05:08:06Z,A1,34.2,14.43,OCCUPIED
2026-09-30T05:08:07Z,A1,33.2,17.17,FREE
2026-09-30T05:08:08Z,A1,37.2,9.43,FREE
2026-09-30T05:08:09Z,A1,36.5,9.20,FREE
2026-09-30T05:08:10Z,A1,33.0,15.06,FREE
2026-09-30T05:08:11Z,A1,37.3,15.74,FREE
2026-09-30T05:08:12Z,A1,36.3,15.43,FREE
2026-09-30T05:08:13Z,A1,39.7,14.96,FREE
2026-09-30T05:08:14Z,A1,8.5,16.15,FREE
2026-09-30T05:08:15Z,A1,8.5,17.30,OCCUPIED
2026-09-30T05:08:16Z,A1,8.2,11.20,OCCUPIED
2026-09-30T05:08:17Z,A1,8.7,9.72,OCCUPIED
2026-09-30T05:08:18Z,A1,7.5,15.37,OCCUPIED
2026-09-30T05:08:19Z,A1,8.5,13.85,OCCUPIED
2026-09-30T05:08:20Z,A1,8.9,14.96,OCCUPIED
2026-09-30T05:08:21Z,A1,5.8,15.83,OCCUPIED
2026-09-30T05:08:22Z,A1,35.2,17.06,OCCUPIED
2026-09-30T05:08:23Z,A1,36.6,68.85,FREE
2026-09-30T05:08:24Z,A1,40.0,10.70,FREE
2026-09-30T05:08:25Z,A1,37.2,10.72,FREE
2026-09-30T05:08:26Z,A1,34.9,9.98,FREE
2026-09-30T05:08:27Z,A1,37.9,10.15,FREE
2026-09-30T05:08:28Z,A1,36.3,9.69,FREE
2026-09-30T05:08:29Z,A1,0.0,8.72,FREE
2026-09-30T05:08:30Z,A1,5.1,17.18,FREE
2026-09-30T05:08:31Z,A1,6.5,18.98,OCCUPIED
2026-09-30T05:08:32Z,A1,7.8,16.83,OCCUPIED
2026-09-30T05:08:39Z,A1,36.9,11.98,OCCUPIED
2026-09-30T05:08:40Z,A1,36.6,11.70,FREE
2026-09-30T05:08:41Z,A1,2.0,11.87,FREE
2026-09-30T05:08:42Z,A1,38.7,10.22,FREE
2026-09-30T05:08:43Z,A1,37.6,10.94,FREE
2026-09-30T05:08:44Z,A1,33.8,50.70,FREE
2026-09-30T05:08:47Z,A1,6.9,7.65,FREE
2026-09-30T05:08:48Z,A1,6.4,10.52,OCCUPIED
2026-09-30T05:08:49Z,A1,7.3,6.59,OCCUPIED
2026-09-30T05:08:50Z,A1,0.0,5.89,OCCUPIED
2026-09-30T05:08:51Z,A1,2.0,13.02,OCCUPIED
2026-09-30T05:08:52Z,A1,8.7,10.24,OCCUPIED
2026-09-30T05:08:53Z,A1,6.4,10.09,OCCUPIED
2026-09-30T05:08:54Z,A1,37.4,10.57,OCCUPIED
2026-09-30T05:08:55Z,A1,34.9,11.11,FREE
2026-09-30T05:08:56Z,A1,2.0,7.13,FREE
2026-09-30T05:08:57Z,A1,35.1,11.91,FREE
2026-09-30T05:08:58Z,A1,33.8,16.15,FREE
2026-09-30T05:08:59Z,A1,35.5,62.37,FREE
2026-09-30T05:09:00Z,A1,33.4,14.56,FREE
2026-09-30T05:09:01Z,A1,39.0,16.32,FREE
2026-09-30T05:09:02Z,A1,6.7,15.48,FREE
2026-09-30T05:09:03Z,A1,7.9,17.57,OCCUPIED
2026-09-30T05:09:04Z,A1,7.7,11.81,OCCUPIED
2026-09-30T05:09:05Z,A1,6.5,7.02,OCCUPIED
2026-09-30T05:09:06Z,A1,8.7,5.93,OCCUPIED
2026-09-30T05:09:07Z,A1,7.1,6.18,OCCUPIED
2026-09-30T05:09:08Z,A1,5.2,6.18,OCCUPIED
2026-09-30T05:09:09Z,A1,8.4,6.37,OCCUPIED
2026-09-30T05:09:10Z,A1,36.3,13.93,OCCUPIED
2026-09-30T05:09:13Z,A1,37.5,15.89,FREE
2026-09-30T05:09:14Z,A1,39.8,15.78,FREE
2026-09-30T05:09:15Z,A1,37.5,38.20,FREE
2026-09-30T05:09:17Z,A1,38.2,9.20,FREE
2026-09-30T05:09:18Z,A1,8.6,11.05,FREE
2026-09-30T05:09:19Z,A1,8.1,8.96,OCCUPIED
2026-09-30T05:09:20Z,A1,8.2,15.26,OCCUPIED
2026-09-30T05:09:23Z,A1,6.0,13.50,OCCUPIED
2026-09-30T05:09:24Z,A1,5.0,14.81,OCCUPIED
2026-09-30T05:09:25Z,A1,8.4,11.93,OCCUPIED
2026-09-30T05:09:26Z,A1,37.5,14.02,OCCUPIED
2026-09-30T05:09:27Z,A1,35.7,17.17,FREE
2026-09-30T05:09:28Z,A1,38.2,10.13,FREE
2026-09-30T05:09:29Z,A1,36.2,9.20,FREE
2026-09-30T05:09:30Z,A1,38.4,14.31,FREE
2026-09-30T05:09:31Z,A1,34.3,17.37,FREE
2026-09-30T05:09:32Z,A1,34.7,17.56,FREE
2026-09-30T05:09:33Z,A1,2.0,13.54,FREE
2026-09-30T05:09:34Z,A1,8.3,17.24,OCCUPIED
2026-09-30T05:09:35Z,A1,8.5,8.63,OCCUPIED
2026-09-30T05:09:36Z,A1,6.4,10.65,OCCUPIED
2026-09-30T05:09:37Z,A1,7.1,10.93,OCCUPIED
2026-09-30T05:09:38Z,A1,8.0,18.00,OCCUPIED
2026-09-30T05:09:39Z,A1,5.6,14.19,OCCUPIED
2026-09-30T05:09:40Z,A1,5.5,15.00,OCCUPIED
2026-09-30T05:09:41Z,A1,2.0,11.26,OCCUPIED
2026-09-30T05:09:42Z,A1,34.6,16.83,OCCUPIED
2026-09-30T05:09:43Z,A1,39.2,17.48,FREE
2026-09-30T05:09:44Z,A1,38.5,9.65,FREE
2026-09-30T05:09:45Z,A1,38.0,16.37,FREE
2026-09-30T05:09:46Z,A1,33.6,10.24,FREE
2026-09-30T05:09:47Z,A1,0.0,3.56,FREE
2026-09-30T05:09:48Z,A1,37.2,9.56,FREE
2026-09-30T05:09:49Z,A1,33.1,10.17,FREE
2026-09-30T05:09:50Z,A1,7.1,10.83,FREE
2026-09-30T05:09:51Z,A1,5.7,17.78,OCCUPIED
2026-09-30T05:09:52Z,A1,8.8,10.48,OCCUPIED
2026-09-30T05:09:53Z,A1,7.0,9.94,OCCUPIED
2026-09-30T05:09:54Z,A1,5.4,18.20,OCCUPIED
2026-09-30T05:09:55Z,A1,7.8,14.50,OCCUPIED
2026-09-30T05:09:56Z,A1,6.7,10.69,OCCUPIED
2026-09-30T05:10:04Z,A1,34.4,13.78,OCCUPIED
2026-09-30T05:10:05Z,A1,38.2,13.19,FREE
2026-09-30T05:10:07Z,A1,5.4,8.24,FREE
2026-09-30T05:10:08Z,A1,8.2,10.50,OCCUPIED
2026-09-30T05:10:09Z,A1,6.6,6.33,OCCUPIED
2026-09-30T05:10:10Z,A1,7.8,9.78,OCCUPIED
2026-09-30T05:10:11Z,A1,8.6,10.46,OCCUPIED
2026-09-30T05:10:12Z,A1,7.1,10.70,OCCUPIED
2026-09-30T05:10:13Z,A1,7.5,9.96,OCCUPIED
2026-09-30T05:10:14Z,A1,38.2,11.00,OCCUPIED
2026-09-30T05:10:15Z,A1,37.1,12.41,FREE
2026-09-30T05:10:16Z,A1,36.4,7.28,FREE
2026-09-30T05:10:17Z,A1,35.7,16.13,FREE
2026-09-30T05:10:18Z,A1,33.3,15.80,FREE
2026-09-30T05:10:19Z,A1,39.3,15.76,FREE
2026-09-30T05:10:20Z,A1,33.7,16.43,FREE
2026-09-30T05:10:21Z,A1,37.1,14.43,FREE
2026-09-30T05:10:22Z,A1,6.3,16.85,FREE
2026-09-30T05:10:23Z,A1,6.5,16.59,OCCUPIED
2026-09-30T05:10:24Z,A1,6.6,9.33,OCCUPIED
2026-09-30T05:10:25Z,A1,5.9,9.96,OCCUPIED
2026-09-30T05:10:26Z,A1,5.0,10.07,OCCUPIED
2026-09-30T05:10:27Z,A1,6.9,10.22,OCCUPIED
2026-09-30T05:10:28Z,A1,8.1,10.98,OCCUPIED
2026-09-30T05:10:29Z,A1,5.6,10.02,OCCUPIED
2026-09-30T05:10:30Z,A1,0.0,6.96,OCCUPIED
2026-09-30T05:10:31Z,A1,33.5,12.11,OCCUPIED
2026-09-30T05:10:32Z,A1,37.5,14.28,FREE
2026-09-30T05:10:33Z,A1,40.0,12.93,FREE
2026-09-30T05:10:34Z,A1,38.3,15.85,FREE
2026-09-30T05:10:35Z,A1,34.6,15.96,FREE
2026-09-30T05:10:36Z,A1,33.5,10.07,FREE
2026-09-30T05:10:37Z,A1,34.0,10.19,FREE
2026-09-30T05:10:38Z,A1,8.8,11.15,FREE
2026-09-30T05:10:43Z,A1,5.7,19.39,OCCUPIED
2026-09-30T05:10:44Z,A1,8.1,14.11,OCCUPIED
2026-09-30T05:10:45Z,A1,5.4,15.57,OCCUPIED
2026-09-30T05:10:46Z,A1,38.7,10.94,OCCUPIED
2026-09-30T05:10:47Z,A1,36.3,11.80,FREE
2026-09-30T05:10:48Z,A1,37.4,11.91,FREE
2026-09-30T05:10:49Z,A1,36.9,10.65,FREE
2026-09-30T05:10:50Z,A1,35.5,9.96,FREE
2026-09-30T05:10:51Z,A1,39.7,15.31,FREE
2026-09-30T05:10:52Z,A1,33.4,14.11,FREE
2026-09-30T05:10:53Z,A1,37.5,17.02,FREE
2026-09-30T05:10:56Z,A1,7.5,11.02,FREE
2026-09-30T05:10:57Z,A1,5.4,12.70,OCCUPIED
2026-09-30T05:10:58Z,A1,6.6,10.13,OCCUPIED
2026-09-30T05:10:59Z,A1,7.9,9.78,OCCUPIED
2026-09-30T05:11:00Z,A1,0.0,7.15,OCCUPIED
2026-09-30T05:11:01Z,A1,6.0,17.43,OCCUPIED
2026-09-30T05:11:02Z,A1,35.6,17.46,OCCUPIED
2026-09-30T05:11:03Z,A1,33.1,17.87,FREE
2026-09-30T05:11:04Z,A1,0.0,9.11,FREE
2026-09-30T05:11:05Z,A1,37.6,13.94,FREE
2026-09-30T05:11:06Z,A1,39.8,16.52,FREE
2026-09-30T05:11:07Z,A1,37.9,10.41,FREE
2026-09-30T05:11:08Z,A1,400.0,6.96,FREE
2026-09-30T05:11:09Z,A1,36.5,9.63,FREE
2026-09-30T05:11:10Z,A1,7.4,11.24,FREE
2026-09-30T05:11:11Z,A1,8.8,11.98,OCCUPIED
2026-09-30T05:11:12Z,A1,8.3,14.07,OCCUPIED
2026-09-30T05:11:13Z,A1,5.7,16.39,OCCUPIED
2026-09-30T05:11:14Z,A1,5.8,14.56,OCCUPIED
2026-09-30T05:11:18Z,A1,39.4,10.85,OCCUPIED
2026-09-30T05:11:19Z,A1,37.6,12.52,FREE
2026-09-30T05:11:20Z,A1,0.0,6.30,FREE
2026-09-30T05:11:21Z,A1,33.3,10.20,FREE
2026-09-30T05:11:22Z,A1,34.4,15.65,FREE
2026-09-30T05:11:23Z,A1,35.9,18.26,FREE
2026-09-30T05:11:24Z,A1,35.8,17.59,FREE
2026-09-30T05:11:25Z,A1,34.3,17.54,FREE
2026-09-30T05:11:26Z,A1,7.4,19.74,FREE
2026-09-30T05:11:27Z,A1,6.7,12.69,OCCUPIED
2026-09-30T05:11:28Z,A1,0.0,5.76,OCCUPIED
2026-09-30T05:11:29Z,A1,7.2,9.96,OCCUPIED
2026-09-30T05:11:31Z,A1,0.0,6.70,OCCUPIED
2026-09-30T05:11:32Z,A1,6.5,14.57,OCCUPIED
2026-09-30T05:11:33Z,A1,7.0,14.02,OCCUPIED
2026-09-30T05:11:34Z,A1,39.4,10.46,OCCUPIED
2026-09-30T05:11:35Z,A1,35.2,11.96,FREE
2026-09-30T05:11:36Z,A1,400.0,6.17,FREE
2026-09-30T05:11:37Z,A1,33.0,9.70,FREE
2026-09-30T05:11:38Z,A1,37.4,10.61,FREE
2026-09-30T05:11:39Z,A1,34.6,14.28,FREE
2026-09-30T05:11:40Z,A1,39.1,15.37,FREE
2026-09-30T05:11:41Z,A1,37.7,15.28,FREE
2026-09-30T05:11:42Z,A1,6.4,19.11,FREE
2026-09-30T05:11:43Z,A1,5.4,20.65,OCCUPIED
2026-09-30T05:11:44Z,A1,5.3,14.72,OCCUPIED
2026-09-30T05:11:45Z,A1,6.7,14.89,OCCUPIED
2026-09-30T05:11:46Z,A1,7.1,13.46,OCCUPIED
2026-09-30T05:11:47Z,A1,2.0,9.43,OCCUPIED
2026-09-30T05:11:48Z,A1,6.8,10.33,OCCUPIED
2026-09-30T05:11:49Z,A1,6.9,10.43,OCCUPIED
2026-09-30T05:11:59Z,A1,5.5,11.69,OCCUPIED
2026-09-30T05:12:00Z,A1,5.4,9.87,OCCUPIED
2026-09-30T05:12:01Z,A1,8.1,10.09,OCCUPIED
2026-09-30T05:12:02Z,A1,5.8,16.82,OCCUPIED
2026-09-30T05:12:03Z,A1,5.4,15.78,OCCUPIED
2026-09-30T05:12:04Z,A1,8.0,16.05,OCCUPIED
2026-09-30T05:12:05Z,A1,39.0,17.17,OCCUPIED
2026-09-30T05:12:06Z,A1,38.0,15.63,FREE
2026-09-30T05:12:07Z,A1,35.8,9.17,FREE
2026-09-30T05:12:08Z,A1,33.6,10.07,FREE
2026-09-30T05:12:09Z,A1,39.6,10.05,FREE
2026-09-30T05:12:10Z,A1,35.2,9.91,FREE
2026-09-30T05:12:11Z,A1,33.7,9.93,FREE
2026-09-30T05:12:12Z,A1,36.1,13.13,FREE
2026-09-30T05:12:13Z,A1,6.3,16.28,FREE
2026-09-30T05:12:14Z,A1,6.2,18.05,OCCUPIED
2026-09-30T05:12:15Z,A1,7.2,14.04,OCCUPIED
2026-09-30T05:12:16Z,A1,400.0,9.20,OCCUPIED
2026-09-30T05:12:17Z,A1,6.6,9.52,OCCUPIED
2026-09-30T05:12:18Z,A1,8.1,9.20,OCCUPIED
2026-09-30T05:12:19Z,A1,7.8,9.59,OCCUPIED
2026-09-30T05:12:20Z,A1,8.9,8.94,OCCUPIED
2026-09-30T05:12:21Z,A1,37.5,10.55,OCCUPIED
2026-09-30T05:12:22Z,A1,37.1,17.55,FREE
2026-09-30T05:12:23Z,A1,37.7,15.45,FREE
2026-09-30T05:12:24Z,A1,0.0,8.67,FREE
2026-09-30T05:12:25Z,A1,34.6,15.72,FREE
2026-09-30T05:12:26Z,A1,34.1,15.28,FREE
2026-09-30T05:12:27Z,A1,36.2,9.83,FREE
2026-09-30T05:12:28Z,A1,37.9,9.95,FREE
2026-09-30T05:12:29Z,A1,7.7,13.05,FREE
2026-09-30T05:12:30Z,A1,6.0,11.19,OCCUPIED
2026-09-30T05:12:31Z,A1,5.2,10.13,OCCUPIED
2026-09-30T05:12:37Z,A1,6.7,15.81,OCCUPIED
2026-09-30T05:12:39Z,A1,35.5,10.74,OCCUPIED
2026-09-30T05:12:40Z,A1,38.1,10.83,FREE
2026-09-30T05:12:41Z,A1,37.6,5.13,FREE
2026-09-30T05:12:42Z,A1,35.9,8.72,FREE
2026-09-30T05:12:43Z,A1,36.5,9.67,FREE
2026-09-30T05:12:45Z,A1,38.5,14.44,FREE
2026-09-30T05:12:46Z,A1,8.7,17.48,FREE
2026-09-30T05:12:47Z,A1,5.5,10.70,OCCUPIED
2026-09-30T05:12:48Z,A1,8.2,11.57,OCCUPIED
2026-09-30T05:12:49Z,A1,5.4,15.31,OCCUPIED
2026-09-30T05:12:50Z,A1,8.6,16.18,OCCUPIED
2026-09-30T05:12:51Z,A1,6.3,16.06,OCCUPIED
2026-09-30T05:12:52Z,A1,5.9,15.30,OCCUPIED
2026-09-30T05:12:53Z,A1,7.2,15.85,OCCUPIED
2026-09-30T05:12:54Z,A1,39.9,19.13,OCCUPIED
2026-09-30T05:12:55Z,A1,35.2,15.48,FREE
2026-09-30T05:12:56Z,A1,34.5,11.46,FREE
2026-09-30T05:12:57Z,A1,38.4,11.00,FREE
2026-09-30T05:12:58Z,A1,36.4,10.50,FREE
2026-09-30T05:12:59Z,A1,2.0,10.54,FREE
2026-09-30T05:13:00Z,A1,36.2,10.54,FREE
2026-09-30T05:13:01Z,A1,8.0,9.30,FREE
2026-09-30T05:13:02Z,A1,7.2,13.89,OCCUPIED
2026-09-30T05:13:03Z,A1,2.0,11.56,OCCUPIED
2026-09-30T05:13:07Z,A1,7.4,9.33,OCCUPIED
2026-09-30T05:13:08Z,A1,8.3,9.39,OCCUPIED
2026-09-30T05:13:09Z,A1,7.9,9.69,OCCUPIED
2026-09-30T05:13:17Z,A1,40.0,19.57,OCCUPIED
2026-09-30T05:13:18Z,A1,0.0,10.06,OCCUPIED
2026-09-30T05:13:19Z,A1,8.2,17.24,OCCUPIED
2026-09-30T05:13:20Z,A1,8.2,15.33,OCCUPIED
2026-09-30T05:13:21Z,A1,7.5,13.07,OCCUPIED
2026-09-30T05:13:22Z,A1,6.0,14.45,OCCUPIED
2026-09-30T05:13:23Z,A1,5.0,14.24,OCCUPIED
2026-09-30T05:13:24Z,A1,7.3,15.74,OCCUPIED
2026-09-30T05:13:25Z,A1,6.6,13.55,OCCUPIED
2026-09-30T05:13:26Z,A1,35.6,14.46,OCCUPIED
2026-09-30T05:13:27Z,A1,34.5,18.46,FREE
2026-09-30T05:13:28Z,A1,33.8,9.81,FREE
2026-09-30T05:13:29Z,A1,33.5,10.26,FREE
2026-09-30T05:13:30Z,A1,34.7,9.63,FREE
2026-09-30T05:13:31Z,A1,400.0,6.32,FREE
2026-09-30T05:13:32Z,A1,35.3,9.80,FREE
2026-09-30T05:13:33Z,A1,39.1,15.13,FREE
2026-09-30T05:13:34Z,A1,9.0,17.65,FREE
2026-09-30T05:13:35Z,A1,6.1,18.24,OCCUPIED
2026-09-30T05:13:36Z,A1,6.6,14.13,OCCUPIED
2026-09-30T05:13:37Z,A1,7.8,15.89,OCCUPIED
2026-09-30T05:13:38Z,A1,6.4,9.39,OCCUPIED
2026-09-30T05:13:39Z,A1,8.9,11.15,OCCUPIED
2026-09-30T05:13:40Z,A1,5.4,10.24,OCCUPIED
2026-09-30T05:13:41Z,A1,7.6,9.59,OCCUPIED
2026-09-30T05:13:42Z,A1,35.3,10.89,OCCUPIED
2026-09-30T05:13:43Z,A1,35.4,19.30,FREE
2026-09-30T05:13:44Z,A1,35.0,13.67,FREE
2026-09-30T05:13:45Z,A1,35.5,13.13,FREE
2026-09-30T05:13:46Z,A1,2.0,15.70,FREE
2026-09-30T05:13:47Z,A1,400.0,9.72,FREE
2026-09-30T05:13:48Z,A1,34.1,13.91,FREE
2026-09-30T05:13:49Z,A1,39.0,15.61,FREE
2026-09-30T05:13:53Z,A1,7.0,11.52,FREE
2026-09-30T05:13:54Z,A1,6.1,11.65,OCCUPIED
2026-09-30T05:13:55Z,A1,8.4,9.54,OCCUPIED
2026-09-30T05:13:56Z,A1,8.0,10.28,OCCUPIED
2026-09-30T05:13:57Z,A1,7.6,9.76,OCCUPIED
2026-09-30T05:13:58Z,A1,34.9,17.33,OCCUPIED
2026-09-30T05:13:59Z,A1,34.3,18.18,FREE
2026-09-30T05:14:00Z,A1,36.7,16.32,FREE
2026-09-30T05:14:02Z,A1,37.2,15.57,FREE
2026-09-30T05:14:03Z,A1,38.9,15.74,FREE
2026-09-30T05:14:04Z,A1,38.8,15.78,FREE
2026-09-30T05:14:05Z,A1,34.2,15.91,FREE
2026-09-30T05:14:06Z,A1,5.0,18.24,FREE
2026-09-30T05:14:07Z,A1,5.7,15.37,OCCUPIED
2026-09-30T05:14:08Z,A1,5.7,16.98,OCCUPIED
2026-09-30T05:14:09Z,A1,400.0,6.76,OCCUPIED
2026-09-30T05:14:10Z,A1,8.6,11.63,OCCUPIED
2026-09-30T05:14:11Z,A1,400.0,6.85,OCCUPIED
2026-09-30T05:14:12Z,A1,6.8,9.65,OCCUPIED
2026-09-30T05:14:13Z,A1,5.6,10.37,OCCUPIED
2026-09-30T05:14:14Z,A1,34.9,16.52,OCCUPIED
2026-09-30T05:14:15Z,A1,36.0,17.52,FREE
2026-09-30T05:14:16Z,A1,36.1,12.26,FREE
2026-09-30T05:14:17Z,A1,36.4,15.95,FREE
2026-09-30T05:14:18Z,A1,37.9,14.89,FREE
2026-09-30T05:14:19Z,A1,34.2,8.05,FREE
2026-09-30T05:14:20Z,A1,33.9,8.20,FREE
2026-09-30T05:14:21Z,A1,38.2,6.74,FREE
2026-09-30T05:14:22Z,A1,7.5,10.33,FREE
2026-09-30T05:14:23Z,A1,8.2,9.37,OCCUPIED
2026-09-30T05:14:24Z,A1,5.9,15.80,OCCUPIED
2026-09-30T05:14:25Z,A1,7.0,13.72,OCCUPIED
2026-09-30T05:14:26Z,A1,8.3,13.00,OCCUPIED
2026-09-30T05:14:27Z,A1,6.8,12.81,OCCUPIED
2026-09-30T05:14:33Z,A1,39.8,10.37,OCCUPIED
2026-09-30T05:14:34Z,A1,36.7,17.82,FREE
2026-09-30T05:14:35Z,A1,34.7,15.83,FREE
2026-09-30T05:14:36Z,A1,33.2,15.81,FREE
2026-09-30T05:14:37Z,A1,39.9,17.78,FREE
2026-09-30T05:14:38Z,A1,8.2,17.39,FREE
2026-09-30T05:14:39Z,A1,5.7,11.61,OCCUPIED
2026-09-30T05:14:42Z,A1,7.7,5.61,OCCUPIED
2026-09-30T05:14:43Z,A1,5.8,5.93,OCCUPIED
2026-09-30T05:14:44Z,A1,8.0,14.26,OCCUPIED
2026-09-30T05:14:45Z,A1,9.0,16.67,OCCUPIED
2026-09-30T05:14:48Z,A1,33.6,18.74,OCCUPIED
2026-09-30T05:14:49Z,A1,36.3,10.54,FREE
2026-09-30T05:14:50Z,A1,33.8,6.56,FREE
2026-09-30T05:14:51Z,A1,39.1,6.24,FREE
2026-09-30T05:14:52Z,A1,33.8,10.02,FREE
2026-09-30T05:14:53Z,A1,38.4,10.35,FREE
2026-09-30T05:14:54Z,A1,6.4,20.06,FREE
2026-09-30T05:14:55Z,A1,7.0,15.57,OCCUPIED
2026-09-30T05:14:56Z,A1,5.6,12.63,OCCUPIED
2026-09-30T05:14:57Z,A1,5.6,10.89,OCCUPIED
2026-09-30T05:14:58Z,A1,7.6,14.15,OCCUPIED
2026-09-30T05:14:59Z,A1,8.8,10.09,OCCUPIED
2026-09-30T05:15:00Z,A1,6.8,9.50,OCCUPIED
2026-09-30T05:15:01Z,A1,5.2,10.00,OCCUPIED
2026-09-30T05:15:02Z,A1,34.0,11.28,OCCUPIED
2026-09-30T05:15:03Z,A1,38.0,12.20,FREE
2026-09-30T05:15:04Z,A1,37.0,11.76,FREE
2026-09-30T05:15:05Z,A1,38.5,14.54,FREE
2026-09-30T05:15:06Z,A1,38.6,16.05,FREE
2026-09-30T05:15:07Z,A1,38.5,15.70,FREE
2026-09-30T05:15:08Z,A1,35.5,13.56,FREE
2026-09-30T05:15:09Z,A1,33.3,10.35,FREE
2026-09-30T05:15:11Z,A1,6.8,11.80,FREE
2026-09-30T05:15:12Z,A1,7.9,11.65,OCCUPIED
2026-09-30T05:15:13Z,A1,6.8,6.93,OCCUPIED
2026-09-30T05:15:14Z,A1,5.2,13.96,OCCUPIED
2026-09-30T05:15:15Z,A1,8.9,15.69,OCCUPIED
2026-09-30T05:15:16Z,A1,7.9,14.26,OCCUPIED
2026-09-30T05:15:17Z,A1,7.7,15.59,OCCUPIED
2026-09-30T05:15:20Z,A1,35.6,6.87,OCCUPIED
2026-09-30T05:15:21Z,A1,35.6,9.44,FREE
2026-09-30T05:15:22Z,A1,39.8,5.89,FREE
2026-09-30T05:15:23Z,A1,38.4,6.18,FREE
2026-09-30T05:15:24Z,A1,35.1,17.45,FREE
2026-09-30T05:15:25Z,A1,33.2,14.22,FREE
2026-09-30T05:15:26Z,A1,6.7,15.95,FREE
2026-09-30T05:15:27Z,A1,7.0,19.11,OCCUPIED
2026-09-30T05:15:28Z,A1,5.0,10.48,OCCUPIED
2026-09-30T05:15:29Z,A1,6.2,10.04,OCCUPIED
2026-09-30T05:15:30Z,A1,8.7,5.82,OCCUPIED
2026-09-30T05:15:31Z,A1,8.3,10.43,OCCUPIED
2026-09-30T05:15:32Z,A1,7.7,10.31,OCCUPIED
2026-09-30T05:15:33Z,A1,7.8,6.04,OCCUPIED
2026-09-30T05:15:34Z,A1,0.0,4.72,OCCUPIED
2026-09-30T05:15:35Z,A1,39.9,15.70,OCCUPIED
2026-09-30T05:15:36Z,A1,36.4,17.78,FREE
2026-09-30T05:15:37Z,A1,36.5,10.70,FREE
2026-09-30T05:15:38Z,A1,34.5,9.89,FREE
2026-09-30T05:15:39Z,A1,34.6,15.37,FREE
2026-09-30T05:15:40Z,A1,0.0,5.98,FREE
2026-09-30T05:15:41Z,A1,36.6,9.78,FREE
2026-09-30T05:15:42Z,A1,8.6,11.59,FREE
2026-09-30T05:15:43Z,A1,8.0,11.31,OCCUPIED
2026-09-30T05:15:44Z,A1,5.0,5.89,OCCUPIED
2026-09-30T05:15:45Z,A1,8.5,16.11,OCCUPIED
2026-09-30T05:15:46Z,A1,9.0,17.96,OCCUPIED
2026-09-30T05:15:47Z,A1,5.0,16.15,OCCUPIED
2026-09-30T05:15:48Z,A1,8.9,17.61,OCCUPIED
2026-09-30T05:15:49Z,A1,6.7,15.31,OCCUPIED
2026-09-30T05:15:50Z,A1,2.0,8.59,OCCUPIED
2026-09-30T05:15:51Z,A1,39.3,10.70,OCCUPIED
2026-09-30T05:15:52Z,A1,34.4,7.70,FREE
2026-09-30T05:16:00Z,A1,7.8,11.19,FREE
2026-09-30T05:16:01Z,A1,5.1,11.95,OCCUPIED
2026-09-30T05:16:02Z,A1,8.7,9.33,OCCUPIED
2026-09-30T05:16:03Z,A1,7.6,9.72,OCCUPIED
2026-09-30T05:16:04Z,A1,5.0,9.67,OCCUPIED
2026-09-30T05:16:05Z,A1,7.6,14.24,OCCUPIED
2026-09-30T05:16:06Z,A1,37.3,16.28,OCCUPIED
2026-09-30T05:16:07Z,A1,38.8,18.13,FREE
2026-09-30T05:16:08Z,A1,35.3,13.22,FREE
2026-09-30T05:16:09Z,A1,39.8,16.09,FREE
2026-09-30T05:16:10Z,A1,37.0,11.94,FREE
2026-09-30T05:16:11Z,A1,36.4,11.00,FREE
2026-09-30T05:16:12Z,A1,36.6,9.98,FREE
2026-09-30T05:16:13Z,A1,35.2,9.87,FREE
2026-09-30T05:16:14Z,A1,8.3,12.04,FREE
2026-09-30T05:16:15Z,A1,0.0,9.63,FREE
2026-09-30T05:16:16Z,A1,8.5,18.00,OCCUPIED
2026-09-30T05:16:17Z,A1,8.8,16.85,OCCUPIED
2026-09-30T05:16:18Z,A1,6.8,15.04,OCCUPIED
2026-09-30T05:16:19Z,A1,7.7,16.76,OCCUPIED
2026-09-30T05:16:20Z,A1,6.7,9.50,OCCUPIED
2026-09-30T05:16:21Z,A1,8.3,9.80,OCCUPIED
2026-09-30T05:16:22Z,A1,36.4,11.39,OCCUPIED
2026-09-30T05:16:23Z,A1,33.3,11.67,FREE
2026-09-30T05:16:24Z,A1,37.6,9.83,FREE
2026-09-30T05:16:25Z,A1,36.2,14.89,FREE
2026-09-30T05:16:26Z,A1,35.6,15.76,FREE
2026-09-30T05:16:27Z,A1,33.9,16.04,FREE
2026-09-30T05:16:28Z,A1,33.8,16.11,FREE
2026-09-30T05:16:29Z,A1,36.9,15.37,FREE
2026-09-30T05:16:30Z,A1,8.5,18.76,FREE
2026-09-30T05:16:31Z,A1,8.4,21.02,OCCUPIED
2026-09-30T05:16:32Z,A1,8.7,27.48,OCCUPIED
2026-09-30T05:16:33Z,A1,5.7,14.37,OCCUPIED
2026-09-30T05:16:43Z,A1,37.7,11.24,OCCUPIED
2026-09-30T05:16:44Z,A1,38.7,11.07,FREE
2026-09-30T05:16:45Z,A1,37.5,10.35,FREE
2026-09-30T05:16:46Z,A1,6.6,18.17,FREE
2026-09-30T05:16:47Z,A1,6.9,19.83,OCCUPIED
2026-09-30T05:16:48Z,A1,8.0,16.43,OCCUPIED
2026-09-30T05:16:49Z,A1,7.3,17.30,OCCUPIED
2026-09-30T05:16:50Z,A1,5.6,14.11,OCCUPIED
2026-09-30T05:16:51Z,A1,7.4,9.83,OCCUPIED
2026-09-30T05:16:52Z,A1,8.2,10.30,OCCUPIED
2026-09-30T05:16:53Z,A1,7.9,10.46,OCCUPIED
2026-09-30T05:16:54Z,A1,37.1,10.65,OCCUPIED
2026-09-30T05:16:55Z,A1,37.7,11.09,FREE
2026-09-30T05:16:56Z,A1,36.3,16.13,FREE
2026-09-30T05:16:57Z,A1,33.9,17.72,FREE
2026-09-30T05:16:58Z,A1,37.4,15.26,FREE
2026-09-30T05:16:59Z,A1,35.8,15.80,FREE
2026-09-30T05:17:00Z,A1,39.8,16.93,FREE
2026-09-30T05:17:01Z,A1,36.4,10.09,FREE
2026-09-30T05:17:02Z,A1,6.6,10.78,FREE
2026-09-30T05:17:03Z,A1,5.0,12.13,OCCUPIED
2026-09-30T05:17:04Z,A1,8.8,9.33,OCCUPIED
2026-09-30T05:17:05Z,A1,7.2,17.35,OCCUPIED
2026-09-30T05:17:06Z,A1,8.8,13.13,OCCUPIED
2026-09-30T05:17:07Z,A1,6.0,9.65,OCCUPIED
2026-09-30T05:17:08Z,A1,6.0,10.09,OCCUPIED
2026-09-30T05:17:09Z,A1,35.6,19.06,OCCUPIED
2026-09-30T05:17:10Z,A1,34.0,12.65,FREE
2026-09-30T05:17:11Z,A1,36.3,10.22,FREE
2026-09-30T05:17:12Z,A1,35.6,14.52,FREE
2026-09-30T05:17:13Z,A1,36.1,15.52,FREE
2026-09-30T05:17:16Z,A1,36.7,15.93,FREE
2026-09-30T05:17:17Z,A1,33.6,16.96,FREE
2026-09-30T05:17:18Z,A1,7.6,18.72,FREE
2026-09-30T05:17:19Z,A1,6.3,20.05,OCCUPIED
2026-09-30T05:17:20Z,A1,7.6,10.04,OCCUPIED
2026-09-30T05:17:21Z,A1,8.5,10.28,OCCUPIED
2026-09-30T05:17:22Z,A1,8.9,15.76,OCCUPIED
2026-09-30T05:17:23Z,A1,7.1,15.76,OCCUPIED
2026-09-30T05:17:24Z,A1,7.0,14.63,OCCUPIED
2026-09-30T05:17:25Z,A1,6.3,16.52,OCCUPIED
2026-09-30T05:17:26Z,A1,0.0,7.95,OCCUPIED
2026-09-30T05:17:27Z,A1,34.1,65.26,OCCUPIED
2026-09-30T05:17:28Z,A1,36.4,15.55,FREE
2026-09-30T05:17:29Z,A1,39.2,11.83,FREE
2026-09-30T05:17:30Z,A1,37.8,16.00,FREE
2026-09-30T05:17:31Z,A1,36.0,11.26,FREE
2026-09-30T05:17:32Z,A1,39.6,10.50,FREE
2026-09-30T05:17:33Z,A1,36.2,10.11,FREE
2026-09-30T05:17:34Z,A1,6.6,18.07,FREE
2026-09-30T05:17:35Z,A1,7.0,10.17,OCCUPIED
2026-09-30T05:17:36Z,A1,6.6,15.69,OCCUPIED
2026-09-30T05:17:37Z,A1,5.1,13.17,OCCUPIED
2026-09-30T05:17:38Z,A1,7.1,13.28,OCCUPIED
2026-09-30T05:17:40Z,A1,8.6,16.33,OCCUPIED
2026-09-30T05:17:41Z,A1,38.4,10.70,OCCUPIED
2026-09-30T05:17:42Z,A1,33.4,12.74,FREE
2026-09-30T05:17:43Z,A1,35.4,10.33,FREE
2026-09-30T05:17:46Z,A1,33.7,14.09,FREE
2026-09-30T05:17:47Z,A1,38.2,17.22,FREE
2026-09-30T05:17:48Z,A1,38.7,14.59,FREE
2026-09-30T05:17:49Z,A1,39.7,15.76,FREE
2026-09-30T05:17:52Z,A1,6.9,11.28,FREE
2026-09-30T05:17:53Z,A1,8.1,10.59,OCCUPIED
2026-09-30T05:17:54Z,A1,6.3,6.28,OCCUPIED
2026-09-30T05:17:55Z,A1,6.6,17.46,OCCUPIED
2026-09-30T05:17:56Z,A1,5.7,16.93,OCCUPIED
2026-09-30T05:17:57Z,A1,7.7,15.93,OCCUPIED
2026-09-30T05:17:58Z,A1,34.0,19.06,OCCUPIED
2026-09-30T05:17:59Z,A1,0.0,11.41,OCCUPIED
2026-09-30T05:18:00Z,A1,36.6,16.67,FREE
2026-09-30T05:18:01Z,A1,35.6,5.98,FREE
2026-09-30T05:18:02Z,A1,35.4,5.87,FREE
2026-09-30T05:18:03Z,A1,33.8,9.89,FREE
2026-09-30T05:18:04Z,A1,36.3,10.11,FREE
2026-09-30T05:18:05Z,A1,34.2,9.45,FREE
2026-09-30T05:18:06Z,A1,5.7,11.24,FREE
2026-09-30T05:18:07Z,A1,8.0,10.80,OCCUPIED
2026-09-30T05:18:08Z,A1,6.8,5.72,OCCUPIED
2026-09-30T05:18:09Z,A1,7.3,17.22,OCCUPIED
2026-09-30T05:18:10Z,A1,7.7,10.31,OCCUPIED
2026-09-30T05:18:11Z,A1,6.9,15.83,OCCUPIED
2026-09-30T05:18:12Z,A1,7.7,9.80,OCCUPIED
2026-09-30T05:18:13Z,A1,8.6,10.35,OCCUPIED
2026-09-30T05:18:14Z,A1,34.6,9.70,OCCUPIED
2026-09-30T05:18:15Z,A1,36.7,11.67,FREE
2026-09-30T05:18:16Z,A1,38.7,16.11,FREE
2026-09-30T05:18:17Z,A1,38.5,16.72,FREE
2026-09-30T05:18:18Z,A1,34.3,14.48,FREE
2026-09-30T05:18:19Z,A1,39.8,15.91,FREE
2026-09-30T05:18:20Z,A1,38.6,17.74,FREE
2026-09-30T05:18:21Z,A1,33.3,10.83,FREE
2026-09-30T05:18:22Z,A1,6.7,11.02,FREE
2026-09-30T05:18:23Z,A1,8.6,11.24,OCCUPIED
2026-09-30T05:18:24Z,A1,8.7,10.09,OCCUPIED
2026-09-30T05:18:25Z,A1,6.5,10.22,OCCUPIED
2026-09-30T05:18:26Z,A1,7.3,13.39,OCCUPIED
2026-09-30T05:18:27Z,A1,7.3,14.50,OCCUPIED
2026-09-30T05:18:28Z,A1,6.4,13.39,OCCUPIED
2026-09-30T05:18:29Z,A1,7.5,15.57,OCCUPIED
2026-09-30T05:18:34Z,A1,38.4,11.67,OCCUPIED
2026-09-30T05:18:40Z,A1,5.2,15.65,OCCUPIED
2026-09-30T05:18:41Z,A1,5.4,15.35,OCCUPIED
2026-09-30T05:18:42Z,A1,8.0,10.09,OCCUPIED
2026-09-30T05:18:43Z,A1,8.7,10.02,OCCUPIED
2026-09-30T05:18:44Z,A1,7.2,10.26,OCCUPIED
2026-09-30T05:18:45Z,A1,7.3,9.93,OCCUPIED
2026-09-30T05:18:46Z,A1,38.6,10.69,OCCUPIED
2026-09-30T05:18:47Z,A1,36.7,17.56,FREE
2026-09-30T05:18:48Z,A1,36.8,14.63,FREE
2026-09-30T05:18:49Z,A1,36.1,16.63,FREE
2026-09-30T05:18:50Z,A1,38.0,16.80,FREE
2026-09-30T05:18:51Z,A1,36.3,17.43,FREE
2026-09-30T05:18:52Z,A1,39.1,10.06,FREE
2026-09-30T05:18:55Z,A1,8.4,10.31,FREE
2026-09-30T05:18:56Z,A1,5.8,11.41,OCCUPIED
2026-09-30T05:18:57Z,A1,7.9,15.91,OCCUPIED
2026-09-30T05:18:58Z,A1,8.9,15.61,OCCUPIED
2026-09-30T05:18:59Z,A1,7.2,16.09,OCCUPIED
2026-09-30T05:19:00Z,A1,5.3,15.78,OCCUPIED
2026-09-30T05:19:01Z,A1,5.4,15.24,OCCUPIED
2026-09-30T05:19:02Z,A1,36.8,10.63,OCCUPIED
2026-09-30T05:19:03Z,A1,37.8,10.98,FREE
2026-09-30T05:19:04Z,A1,36.5,10.43,FREE
2026-09-30T05:19:05Z,A1,38.2,9.57,FREE
2026-09-30T05:19:06Z,A1,36.5,9.57,FREE
2026-09-30T05:19:07Z,A1,35.3,14.70,FREE
2026-09-30T05:19:08Z,A1,35.6,12.24,FREE
2026-09-30T05:19:09Z,A1,400.0,8.07,FREE
2026-09-30T05:19:10Z,A1,8.2,18.09,FREE
2026-09-30T05:19:11Z,A1,5.4,18.70,OCCUPIED
2026-09-30T05:19:17Z,A1,8.4,12.89,OCCUPIED
2026-09-30T05:19:18Z,A1,36.7,13.19,OCCUPIED
2026-09-30T05:19:19Z,A1,35.5,18.18,FREE
2026-09-30T05:19:20Z,A1,35.2,11.43,FREE
2026-09-30T05:19:21Z,A1,38.2,11.06,FREE
2026-09-30T05:19:22Z,A1,33.9,15.96,FREE
2026-09-30T05:19:23Z,A1,39.8,79.48,FREE
2026-09-30T05:19:24Z,A1,33.3,17.32,FREE
2026-09-30T05:19:25Z,A1,34.4,17.46,FREE
2026-09-30T05:19:26Z,A1,8.4,18.57,FREE
2026-09-30T05:19:31Z,A1,6.3,13.72,OCCUPIED
2026-09-30T05:19:33Z,A1,8.7,6.67,OCCUPIED
2026-09-30T05:19:34Z,A1,35.0,7.48,OCCUPIED
2026-09-30T05:19:35Z,A1,36.6,7.33,FREE
2026-09-30T05:19:36Z,A1,36.7,6.28,FREE
2026-09-30T05:19:37Z,A1,35.9,11.02,FREE
2026-09-30T05:19:38Z,A1,35.6,15.96,FREE
2026-09-30T05:19:39Z,A1,33.3,15.70,FREE
2026-09-30T05:19:40Z,A1,38.3,15.69,FREE
2026-09-30T05:19:41Z,A1,33.1,18.04,FREE
2026-09-30T05:19:42Z,A1,8.6,19.17,FREE
2026-09-30T05:19:43Z,A1,7.7,11.44,OCCUPIED
2026-09-30T05:19:44Z,A1,5.4,6.32,OCCUPIED
2026-09-30T05:19:45Z,A1,5.6,10.76,OCCUPIED
2026-09-30T05:19:46Z,A1,5.2,9.95,OCCUPIED
2026-09-30T05:19:47Z,A1,5.3,10.07,OCCUPIED
2026-09-30T05:19:48Z,A1,7.7,18.41,OCCUPIED
2026-09-30T05:19:49Z,A1,6.6,16.04,OCCUPIED
2026-09-30T05:19:50Z,A1,34.0,15.28,OCCUPIED
2026-09-30T05:19:51Z,A1,34.1,19.56,FREE
2026-09-30T05:19:52Z,A1,34.6,11.59,FREE
2026-09-30T05:19:53Z,A1,35.8,5.37,FREE
2026-09-30T05:19:54Z,A1,38.0,10.22,FREE
2026-09-30T05:19:55Z,A1,35.2,10.22,FREE
2026-09-30T05:19:56Z,A1,33.1,11.11,FREE
2026-09-30T05:19:57Z,A1,34.0,10.02,FREE
2026-09-30T05:19:58Z,A1,7.7,17.33,FREE
2026-09-30T05:19:59Z,A1,5.7,17.54,OCCUPIED
2026-09-30T05:20:00Z,A1,6.9,12.78,OCCUPIED
2026-09-30T05:20:01Z,A1,8.5,17.43,OCCUPIED
2026-09-30T05:20:02Z,A1,7.8,16.30,OCCUPIED
2026-09-30T05:20:03Z,A1,9.0,18.44,OCCUPIED
2026-09-30T05:20:04Z,A1,7.0,9.80,OCCUPIED
2026-09-30T05:20:05Z,A1,6.3,10.04,OCCUPIED
2026-09-30T05:20:06Z,A1,38.3,10.31,OCCUPIED
2026-09-30T05:20:07Z,A1,37.4,12.63,FREE
2026-09-30T05:20:08Z,A1,38.3,9.91,FREE
2026-09-30T05:20:09Z,A1,39.0,15.89,FREE
2026-09-30T05:20:10Z,A1,400.0,6.96,FREE
2026-09-30T05:20:11Z,A1,38.5,15.67,FREE
2026-09-30T05:20:12Z,A1,35.8,16.13,FREE
2026-09-30T05:20:13Z,A1,33.9,9.91,FREE
2026-09-30T05:20:14Z,A1,6.2,11.06,FREE
2026-09-30T05:20:15Z,A1,7.2,10.80,OCCUPIED
2026-09-30T05:20:16Z,A1,5.8,6.04,OCCUPIED
2026-09-30T05:20:17Z,A1,7.9,10.41,OCCUPIED
2026-09-30T05:20:18Z,A1,7.2,16.50,OCCUPIED
2026-09-30T05:20:19Z,A1,6.8,17.18,OCCUPIED
2026-09-30T05:20:20Z,A1,7.0,16.22,OCCUPIED
2026-09-30T05:20:21Z,A1,8.3,15.70,OCCUPIED
2026-09-30T05:20:22Z,A1,39.8,16.50,OCCUPIED
2026-09-30T05:20:23Z,A1,37.0,11.48,FREE
2026-09-30T05:20:24Z,A1,34.4,6.37,FREE
2026-09-30T05:20:25Z,A1,37.1,5.95,FREE
2026-09-30T05:20:26Z,A1,35.9,10.43,FREE
2026-09-30T05:20:27Z,A1,35.2,12.41,FREE
2026-09-30T05:20:28Z,A1,39.9,17.87,FREE
2026-09-30T05:20:29Z,A1,33.8,15.93,FREE
2026-09-30T05:20:30Z,A1,5.5,16.72,FREE
2026-09-30T05:20:31Z,A1,8.9,19.30,OCCUPIED
2026-09-30T05:20:35Z,A1,8.2,5.85,OCCUPIED
2026-09-30T05:20:36Z,A1,7.4,10.02,OCCUPIED
2026-09-30T05:20:37Z,A1,6.9,10.74,OCCUPIED
2026-09-30T05:20:38Z,A1,2.0,10.91,OCCUPIED
2026-09-30T05:20:39Z,A1,36.4,17.19,OCCUPIED
2026-09-30T05:20:40Z,A1,37.8,18.06,FREE
2026-09-30T05:20:41Z,A1,38.9,10.30,FREE
2026-09-30T05:20:42Z,A1,34.9,9.57,FREE
2026-09-30T05:20:43Z,A1,38.1,11.44,FREE
2026-09-30T05:20:46Z,A1,5.2,10.96,FREE
2026-09-30T05:20:47Z,A1,8.0,11.63,OCCUPIED
2026-09-30T05:20:48Z,A1,7.5,15.30,OCCUPIED
2026-09-30T05:20:49Z,A1,8.3,14.76,OCCUPIED
2026-09-30T05:20:50Z,A1,7.2,15.22,OCCUPIED
2026-09-30T05:20:51Z,A1,8.1,13.09,OCCUPIED
2026-09-30T05:20:52Z,A1,5.5,17.48,OCCUPIED
2026-09-30T05:20:53Z,A1,7.7,9.37,OCCUPIED
2026-09-30T05:20:54Z,A1,33.6,10.52,OCCUPIED
2026-09-30T05:20:55Z,A1,38.6,11.56,FREE
2026-09-30T05:20:56Z,A1,34.9,10.39,FREE
2026-09-30T05:20:57Z,A1,36.8,10.37,FREE
2026-09-30T05:20:58Z,A1,33.9,15.96,FREE
2026-09-30T05:20:59Z,A1,34.0,13.98,FREE
2026-09-30T05:21:00Z,A1,34.0,17.44,FREE
2026-09-30T05:21:01Z,A1,36.3,16.30,FREE
2026-09-30T05:21:02Z,A1,0.0,9.65,FREE
2026-09-30T05:21:03Z,A1,5.2,18.41,FREE
2026-09-30T05:21:04Z,A1,0.0,9.93,FREE
2026-09-30T05:21:05Z,A1,8.2,18.65,OCCUPIED
2026-09-30T05:21:06Z,A1,8.1,15.39,OCCUPIED
2026-09-30T05:21:07Z,A1,5.1,10.15,OCCUPIED
2026-09-30T05:21:15Z,A1,33.1,17.11,OCCUPIED
2026-09-30T05:21:16Z,A1,35.4,18.37,FREE
2026-09-30T05:21:17Z,A1,2.0,17.32,FREE
2026-09-30T05:21:22Z,A1,5.2,18.07,OCCUPIED
2026-09-30T05:21:23Z,A1,7.9,10.45,OCCUPIED
2026-09-30T05:21:24Z,A1,8.9,7.28,OCCUPIED
2026-09-30T05:21:25Z,A1,8.5,5.85,OCCUPIED
2026-09-30T05:21:26Z,A1,34.0,7.56,OCCUPIED
2026-09-30T05:21:27Z,A1,38.2,8.17,FREE
2026-09-30T05:21:28Z,A1,33.7,6.15,FREE
2026-09-30T05:21:29Z,A1,38.7,9.76,FREE
2026-09-30T05:21:30Z,A1,39.9,13.24,FREE
2026-09-30T05:21:31Z,A1,39.7,12.30,FREE
2026-09-30T05:21:32Z,A1,36.1,13.22,FREE
2026-09-30T05:21:33Z,A1,37.8,13.61,FREE
2026-09-30T05:21:34Z,A1,6.1,10.00,FREE
2026-09-30T05:21:35Z,A1,5.9,7.94,OCCUPIED
2026-09-30T05:21:36Z,A1,5.3,7.63,OCCUPIED
2026-09-30T05:21:37Z,A1,8.5,7.32,OCCUPIED
2026-09-30T05:21:38Z,A1,6.5,9.48,OCCUPIED
2026-09-30T05:21:39Z,A1,8.7,12.85,OCCUPIED
2026-09-30T05:21:40Z,A1,5.5,13.15,OCCUPIED
2026-09-30T05:21:41Z,A1,5.3,16.35,OCCUPIED
2026-09-30T05:21:42Z,A1,35.2,13.43,OCCUPIED
2026-09-30T05:21:43Z,A1,33.8,17.48,FREE
2026-09-30T05:21:44Z,A1,36.3,6.33,FREE
2026-09-30T05:21:45Z,A1,34.5,7.93,FREE
2026-09-30T05:21:46Z,A1,38.4,7.22,FREE
2026-09-30T05:21:47Z,A1,35.1,6.59,FREE
2026-09-30T05:21:48Z,A1,400.0,5.80,FREE
2026-09-30T05:21:54Z,A1,6.1,11.13,FREE
2026-09-30T05:21:55Z,A1,8.6,12.48,OCCUPIED
2026-09-30T05:21:56Z,A1,8.7,9.63,OCCUPIED
2026-09-30T05:22:00Z,A1,35.5,11.54,OCCUPIED
2026-09-30T05:22:01Z,A1,34.5,12.52,FREE
2026-09-30T05:22:02Z,A1,37.5,10.61,FREE
2026-09-30T05:22:03Z,A1,38.5,12.04,FREE
2026-09-30T05:22:04Z,A1,33.7,9.57,FREE
2026-09-30T05:22:05Z,A1,35.9,10.57,FREE
2026-09-30T05:22:06Z,A1,6.8,20.02,FREE
2026-09-30T05:22:07Z,A1,7.3,11.04,OCCUPIED
2026-09-30T05:22:08Z,A1,8.8,6.02,OCCUPIED
2026-09-30T05:22:09Z,A1,5.3,5.83,OCCUPIED
2026-09-30T05:22:10Z,A1,8.1,17.35,OCCUPIED
2026-09-30T05:22:11Z,A1,7.7,15.26,OCCUPIED
2026-09-30T05:22:12Z,A1,8.3,15.43,OCCUPIED
2026-09-30T05:22:13Z,A1,8.9,10.06,OCCUPIED
2026-09-30T05:22:14Z,A1,37.0,17.26,OCCUPIED
2026-09-30T05:22:15Z,A1,34.4,19.76,FREE
2026-09-30T05:22:16Z,A1,34.1,6.09,FREE
2026-09-30T05:22:17Z,A1,34.2,6.57,FREE
2026-09-30T05:22:18Z,A1,34.9,5.96,FREE
2026-09-30T05:22:19Z,A1,40.0,10.87,FREE
2026-09-30T05:22:20Z,A1,34.3,17.37,FREE
2026-09-30T05:22:21Z,A1,40.0,17.09,FREE
2026-09-30T05:22:22Z,A1,6.8,20.17,FREE
2026-09-30T05:22:23Z,A1,6.2,18.96,OCCUPIED
2026-09-30T05:22:24Z,A1,5.2,15.22,OCCUPIED
2026-09-30T05:22:25Z,A1,5.9,9.67,OCCUPIED
2026-09-30T05:22:26Z,A1,5.1,9.67,OCCUPIED
2026-09-30T05:22:27Z,A1,6.2,10.33,OCCUPIED
2026-09-30T05:22:28Z,A1,6.1,16.52,OCCUPIED
2026-09-30T05:22:29Z,A1,7.4,15.07,OCCUPIED
2026-09-30T05:22:30Z,A1,39.8,10.98,OCCUPIED
2026-09-30T05:22:31Z,A1,37.5,12.19,FREE
2026-09-30T05:22:32Z,A1,35.0,5.80,FREE
2026-09-30T05:22:33Z,A1,38.7,10.48,FREE
2026-09-30T05:22:34Z,A1,38.2,8.80,FREE
2026-09-30T05:22:35Z,A1,39.2,15.02,FREE
2026-09-30T05:22:36Z,A1,36.3,16.69,FREE
2026-09-30T05:22:37Z,A1,37.0,15.95,FREE
2026-09-30T05:22:38Z,A1,7.9,15.87,FREE
2026-09-30T05:22:39Z,A1,5.2,17.07,OCCUPIED
2026-09-30T05:22:40Z,A1,8.7,11.41,OCCUPIED
2026-09-30T05:22:41Z,A1,6.1,11.00,OCCUPIED
2026-09-30T05:22:42Z,A1,400.0,8.11,OCCUPIED
2026-09-30T05:22:43Z,A1,8.6,11.17,OCCUPIED
2026-09-30T05:22:44Z,A1,5.7,9.87,OCCUPIED
2026-09-30T05:22:45Z,A1,8.0,9.85,OCCUPIED
2026-09-30T05:22:46Z,A1,34.3,11.30,OCCUPIED
2026-09-30T05:22:47Z,A1,34.1,19.11,FREE
2026-09-30T05:22:48Z,A1,38.8,6.20,FREE
2026-09-30T05:22:49Z,A1,0.0,3.35,FREE
2026-09-30T05:22:50Z,A1,36.9,10.26,FREE
2026-09-30T05:22:51Z,A1,37.1,10.95,FREE
2026-09-30T05:22:52Z,A1,39.4,8.95,FREE
2026-09-30T05:22:53Z,A1,34.8,17.28,FREE
2026-09-30T05:22:54Z,A1,8.5,18.67,FREE
2026-09-30T05:22:55Z,A1,7.7,11.63,OCCUPIED
2026-09-30T05:22:56Z,A1,8.9,6.52,OCCUPIED
2026-09-30T05:22:57Z,A1,0.0,3.63,OCCUPIED
2026-09-30T05:22:58Z,A1,8.5,10.17,OCCUPIED
2026-09-30T05:22:59Z,A1,5.2,9.61,OCCUPIED
2026-09-30T05:23:00Z,A1,7.9,15.30,OCCUPIED
2026-09-30T05:23:01Z,A1,8.8,17.11,OCCUPIED
2026-09-30T05:23:02Z,A1,37.4,15.35,OCCUPIED
2026-09-30T05:23:03Z,A1,35.7,16.89,FREE
2026-09-30T05:23:04Z,A1,38.3,12.65,FREE
2026-09-30T05:23:05Z,A1,36.6,11.96,FREE
2026-09-30T05:23:06Z,A1,35.0,10.04,FREE
2026-09-30T05:23:07Z,A1,400.0,6.31,FREE
2026-09-30T05:23:08Z,A1,37.7,9.87,FREE
2026-09-30T05:23:09Z,A1,39.9,10.43,FREE
2026-09-30T05:23:10Z,A1,8.3,15.67,FREE
2026-09-30T05:23:19Z,A1,35.1,17.33,FREE
2026-09-30T05:23:20Z,A1,39.9,17.46,FREE
2026-09-30T05:23:21Z,A1,35.9,16.95,FREE
2026-09-30T05:23:22Z,A1,33.1,16.91,FREE
2026-09-30T05:23:23Z,A1,36.1,15.67,FREE
2026-09-30T05:23:24Z,A1,36.5,17.04,FREE
2026-09-30T05:23:25Z,A1,7.6,11.24,FREE
2026-09-30T05:23:26Z,A1,5.3,11.26,OCCUPIED
2026-09-30T05:23:27Z,A1,8.2,9.63,OCCUPIED
2026-09-30T05:23:28Z,A1,7.4,10.89,OCCUPIED
2026-09-30T05:23:29Z,A1,7.3,9.83,OCCUPIED
2026-09-30T05:23:30Z,A1,7.5,17.30,OCCUPIED
2026-09-30T05:23:31Z,A1,5.2,17.52,OCCUPIED
2026-09-30T05:23:32Z,A1,6.4,16.39,OCCUPIED
2026-09-30T05:23:33Z,A1,37.1,18.68,OCCUPIED
2026-09-30T05:23:34Z,A1,38.4,16.67,FREE
2026-09-30T05:23:35Z,A1,36.2,10.63,FREE
2026-09-30T05:23:36Z,A1,34.0,9.76,FREE
2026-09-30T05:23:37Z,A1,35.2,9.89,FREE
2026-09-30T05:23:38Z,A1,39.9,9.63,FREE
2026-09-30T05:23:39Z,A1,37.2,9.65,FREE
2026-09-30T05:23:40Z,A1,33.8,14.05,FREE
2026-09-30T05:23:41Z,A1,8.2,17.98,FREE
2026-09-30T05:23:42Z,A1,6.9,15.69,OCCUPIED
2026-09-30T05:23:43Z,A1,6.2,13.78,OCCUPIED
2026-09-30T05:23:44Z,A1,7.9,16.52,OCCUPIED
2026-09-30T05:23:47Z,A1,6.4,10.33,OCCUPIED
2026-09-30T05:23:48Z,A1,400.0,7.05,OCCUPIED
2026-09-30T05:23:49Z,A1,6.7,10.59,OCCUPIED
2026-09-30T05:23:50Z,A1,39.0,11.07,OCCUPIED
2026-09-30T05:23:51Z,A1,38.0,18.28,FREE
2026-09-30T05:24:01Z,A1,8.8,12.83,FREE
2026-09-30T05:24:02Z,A1,6.5,11.76,OCCUPIED
2026-09-30T05:24:03Z,A1,5.4,14.24,OCCUPIED
2026-09-30T05:24:04Z,A1,400.0,7.07,OCCUPIED
2026-09-30T05:24:05Z,A1,8.8,15.55,OCCUPIED
2026-09-30T05:24:06Z,A1,35.1,10.83,OCCUPIED
2026-09-30T05:24:07Z,A1,37.9,12.02,FREE
2026-09-30T05:24:08Z,A1,33.1,5.98,FREE
2026-09-30T05:24:09Z,A1,36.5,9.61,FREE
2026-09-30T05:24:10Z,A1,37.7,9.93,FREE
2026-09-30T05:24:11Z,A1,35.0,13.91,FREE
2026-09-30T05:24:12Z,A1,2.0,15.70,FREE
2026-09-30T05:24:13Z,A1,38.9,12.98,FREE
2026-09-30T05:24:14Z,A1,8.4,17.78,FREE
2026-09-30T05:24:15Z,A1,7.0,18.72,OCCUPIED
2026-09-30T05:24:16Z,A1,7.0,5.87,OCCUPIED
2026-09-30T05:24:17Z,A1,7.1,5.39,OCCUPIED
2026-09-30T05:24:18Z,A1,7.7,10.02,OCCUPIED
2026-09-30T05:24:19Z,A1,0.0,6.39,OCCUPIED
2026-09-30T05:24:20Z,A1,5.2,10.65,OCCUPIED
2026-09-30T05:24:21Z,A1,5.5,16.04,OCCUPIED
2026-09-30T05:24:22Z,A1,36.2,18.09,OCCUPIED
2026-09-30T05:24:24Z,A1,36.3,12.91,FREE
2026-09-30T05:24:25Z,A1,36.3,10.85,FREE
2026-09-30T05:24:26Z,A1,35.2,5.32,FREE
2026-09-30T05:24:27Z,A1,37.0,10.57,FREE
2026-09-30T05:24:28Z,A1,33.8,10.76,FREE
2026-09-30T05:24:29Z,A1,38.5,9.89,FREE
2026-09-30T05:24:30Z,A1,7.2,10.59,FREE
2026-09-30T05:24:31Z,A1,5.3,19.09,OCCUPIED
2026-09-30T05:24:32Z,A1,8.9,7.35,OCCUPIED
2026-09-30T05:24:33Z,A1,5.9,6.17,OCCUPIED
2026-09-30T05:24:34Z,A1,8.5,9.74,OCCUPIED
2026-09-30T05:24:35Z,A1,6.3,9.80,OCCUPIED
2026-09-30T05:24:36Z,A1,7.0,9.83,OCCUPIED
2026-09-30T05:24:37Z,A1,400.0,8.67,OCCUPIED
2026-09-30T05:24:38Z,A1,38.8,16.57,OCCUPIED
2026-09-30T05:24:39Z,A1,35.4,17.61,FREE
2026-09-30T05:24:40Z,A1,38.9,11.37,FREE
2026-09-30T05:24:41Z,A1,33.6,11.94,FREE
2026-09-30T05:24:44Z,A1,35.9,11.11,FREE
2026-09-30T05:24:45Z,A1,5.2,15.09,FREE
2026-09-30T05:24:46Z,A1,7.1,8.89,OCCUPIED
2026-09-30T05:24:47Z,A1,6.6,11.87,OCCUPIED
2026-09-30T05:24:48Z,A1,7.0,10.20,OCCUPIED
2026-09-30T05:24:49Z,A1,7.0,6.78,OCCUPIED
2026-09-30T05:24:50Z,A1,5.9,6.13,OCCUPIED
2026-09-30T05:24:51Z,A1,5.7,10.65,OCCUPIED
2026-09-30T05:24:52Z,A1,9.0,9.91,OCCUPIED
2026-09-30T05:24:53Z,A1,36.3,13.15,OCCUPIED
2026-09-30T05:24:54Z,A1,37.2,13.80,FREE
2026-09-30T05:24:55Z,A1,37.7,11.41,FREE
2026-09-30T05:24:56Z,A1,36.5,6.15,FREE
2026-09-30T05:24:57Z,A1,39.4,6.19,FREE
2026-09-30T05:24:58Z,A1,34.5,5.85,FREE
2026-09-30T05:24:59Z,A1,33.2,6.18,FREE
2026-09-30T05:25:00Z,A1,38.8,6.43,FREE
2026-09-30T05:25:01Z,A1,2.0,13.22,FREE
2026-09-30T05:25:02Z,A1,8.8,13.70,OCCUPIED
2026-09-30T05:25:03Z,A1,8.7,11.52,OCCUPIED
2026-09-30T05:25:04Z,A1,7.1,12.83,OCCUPIED
2026-09-30T05:25:06Z,A1,5.5,16.17,OCCUPIED
2026-09-30T05:25:07Z,A1,5.5,15.26,OCCUPIED
2026-09-30T05:25:08Z,A1,8.0,11.30,OCCUPIED
2026-09-30T05:25:09Z,A1,7.0,13.13,OCCUPIED
2026-09-30T05:25:10Z,A1,39.0,17.22,OCCUPIED
2026-09-30T05:25:11Z,A1,37.5,15.39,FREE
2026-09-30T05:25:12Z,A1,36.3,14.33,FREE
2026-09-30T05:25:13Z,A1,35.5,11.41,FREE
2026-09-30T05:25:14Z,A1,34.2,11.09,FREE
2026-09-30T05:25:15Z,A1,35.0,11.20,FREE
2026-09-30T05:25:23Z,A1,8.1,17.67,FREE
2026-09-30T05:25:24Z,A1,7.0,17.91,OCCUPIED
2026-09-30T05:25:25Z,A1,5.2,15.13,OCCUPIED
2026-09-30T05:25:26Z,A1,39.0,17.59,OCCUPIED
2026-09-30T05:25:27Z,A1,400.0,6.87,OCCUPIED
2026-09-30T05:25:28Z,A1,38.3,10.15,FREE
2026-09-30T05:25:29Z,A1,33.6,7.50,FREE
2026-09-30T05:25:30Z,A1,35.3,6.98,FREE
2026-09-30T05:25:31Z,A1,35.1,43.69,FREE
2026-09-30T05:25:32Z,A1,38.8,15.09,FREE
2026-09-30T05:25:33Z,A1,35.6,14.54,FREE
2026-09-30T05:25:34Z,A1,8.5,13.67,FREE
2026-09-30T05:25:35Z,A1,8.4,16.13,OCCUPIED
2026-09-30T05:25:36Z,A1,8.1,12.39,OCCUPIED
2026-09-30T05:25:37Z,A1,5.2,9.81,OCCUPIED
2026-09-30T05:25:38Z,A1,6.8,8.96,OCCUPIED
2026-09-30T05:25:41Z,A1,5.7,14.76,OCCUPIED
2026-09-30T05:25:42Z,A1,39.4,16.87,OCCUPIED
2026-09-30T05:25:43Z,A1,36.9,16.54,FREE
2026-09-30T05:25:44Z,A1,34.7,11.04,FREE
2026-09-30T05:25:45Z,A1,35.9,10.96,FREE
2026-09-30T05:25:46Z,A1,34.2,14.83,FREE
2026-09-30T05:25:47Z,A1,2.0,11.09,FREE
2026-09-30T05:25:48Z,A1,36.8,10.44,FREE
2026-09-30T05:25:49Z,A1,34.8,10.09,FREE
2026-09-30T05:25:50Z,A1,6.4,9.91,FREE
2026-09-30T05:25:51Z,A1,5.8,12.26,OCCUPIED
2026-09-30T05:25:52Z,A1,8.3,15.19,OCCUPIED
2026-09-30T05:25:53Z,A1,6.8,14.39,OCCUPIED
2026-09-30T05:25:54Z,A1,8.0,16.22,OCCUPIED
2026-09-30T05:25:55Z,A1,5.1,14.87,OCCUPIED
2026-09-30T05:25:56Z,A1,8.3,15.37,OCCUPIED
2026-09-30T05:25:57Z,A1,7.9,10.28,OCCUPIED
2026-09-30T05:25:58Z,A1,400.0,6.57,OCCUPIED
2026-09-30T05:25:59Z,A1,37.7,10.50,OCCUPIED
2026-09-30T05:26:00Z,A1,38.1,10.96,FREE
2026-09-30T05:26:01Z,A1,39.4,6.20,FREE
2026-09-30T05:26:02Z,A1,36.6,16.59,FREE
2026-09-30T05:26:03Z,A1,38.5,8.67,FREE
2026-09-30T05:26:04Z,A1,37.7,13.33,FREE
2026-09-30T05:26:05Z,A1,0.0,6.96,FREE
2026-09-30T05:26:06Z,A1,8.5,14.22,FREE
2026-09-30T05:26:07Z,A1,6.3,11.35,OCCUPIED
2026-09-30T05:26:08Z,A1,8.3,5.87,OCCUPIED
2026-09-30T05:26:09Z,A1,8.2,9.83,OCCUPIED
2026-09-30T05:26:10Z,A1,5.8,9.61,OCCUPIED
2026-09-30T05:26:11Z,A1,8.2,10.06,OCCUPIED
2026-09-30T05:26:12Z,A1,6.7,12.72,OCCUPIED
2026-09-30T05:26:13Z,A1,7.4,15.54,OCCUPIED
2026-09-30T05:26:14Z,A1,0.0,6.48,OCCUPIED
2026-09-30T05:26:15Z,A1,34.2,17.78,OCCUPIED
2026-09-30T05:26:16Z,A1,36.9,16.43,FREE
2026-09-30T05:26:17Z,A1,38.0,7.76,FREE
2026-09-30T05:26:18Z,A1,36.3,6.15,FREE
2026-09-30T05:26:19Z,A1,38.1,10.00,FREE
2026-09-30T05:26:20Z,A1,35.4,10.11,FREE
2026-09-30T05:26:21Z,A1,39.1,10.35,FREE
2026-09-30T05:26:22Z,A1,8.1,13.57,FREE
2026-09-30T05:26:23Z,A1,6.9,13.83,OCCUPIED
2026-09-30T05:26:24Z,A1,7.4,9.15,OCCUPIED
2026-09-30T05:26:25Z,A1,5.3,11.46,OCCUPIED
2026-09-30T05:26:26Z,A1,5.5,11.81,OCCUPIED
2026-09-30T05:26:27Z,A1,6.6,9.98,OCCUPIED
2026-09-30T05:26:28Z,A1,7.4,10.81,OCCUPIED
2026-09-30T05:26:29Z,A1,7.4,10.02,OCCUPIED
2026-09-30T05:26:30Z,A1,37.1,7.17,OCCUPIED
2026-09-30T05:26:31Z,A1,33.0,7.72,FREE
2026-09-30T05:26:32Z,A1,0.0,7.02,FREE
2026-09-30T05:26:33Z,A1,34.4,11.93,FREE
2026-09-30T05:26:34Z,A1,36.8,11.35,FREE
2026-09-30T05:26:35Z,A1,38.3,14.02,FREE
2026-09-30T05:26:36Z,A1,36.6,12.76,FREE
2026-09-30T05:26:37Z,A1,8.1,10.26,FREE
2026-09-30T05:26:38Z,A1,8.5,11.33,OCCUPIED
2026-09-30T05:26:39Z,A1,5.7,9.04,OCCUPIED
2026-09-30T05:26:42Z,A1,7.6,9.35,OCCUPIED
2026-09-30T05:26:43Z,A1,6.9,13.85,OCCUPIED
2026-09-30T05:26:44Z,A1,9.0,13.07,OCCUPIED
2026-09-30T05:26:45Z,A1,5.4,15.30,OCCUPIED
2026-09-30T05:26:46Z,A1,39.1,13.41,OCCUPIED
2026-09-30T05:26:47Z,A1,36.0,17.22,FREE
2026-09-30T05:26:48Z,A1,33.3,13.70,FREE
2026-09-30T05:26:49Z,A1,39.1,15.43,FREE
2026-09-30T05:26:50Z,A1,37.8,17.35,FREE
2026-09-30T05:26:51Z,A1,0.0,11.02,FREE
2026-09-30T05:26:53Z,A1,39.5,15.19,FREE
2026-09-30T05:26:54Z,A1,5.3,16.35,FREE
2026-09-30T05:26:55Z,A1,7.5,18.74,OCCUPIED
2026-09-30T05:26:56Z,A1,7.2,11.04,OCCUPIED
2026-09-30T05:26:57Z,A1,6.4,15.39,OCCUPIED
2026-09-30T05:26:58Z,A1,5.6,9.46,OCCUPIED
2026-09-30T05:26:59Z,A1,7.1,9.54,OCCUPIED
2026-09-30T05:27:00Z,A1,8.3,9.28,OCCUPIED
2026-09-30T05:27:01Z,A1,7.1,9.74,OCCUPIED
2026-09-30T05:27:02Z,A1,36.5,10.59,OCCUPIED
2026-09-30T05:27:03Z,A1,35.8,18.24,FREE
2026-09-30T05:27:04Z,A1,37.5,16.11,FREE
2026-09-30T05:27:05Z,A1,39.1,14.24,FREE
2026-09-30T05:27:06Z,A1,37.4,16.09,FREE
2026-09-30T05:27:07Z,A1,33.6,17.46,FREE
2026-09-30T05:27:08Z,A1,38.6,11.54,FREE
2026-09-30T05:27:09Z,A1,39.6,10.52,FREE
2026-09-30T05:27:10Z,A1,6.4,10.98,FREE
2026-09-30T05:27:11Z,A1,8.9,11.02,OCCUPIED
2026-09-30T05:27:12Z,A1,8.9,9.87,OCCUPIED
2026-09-30T05:27:13Z,A1,7.0,17.63,OCCUPIED
2026-09-30T05:27:14Z,A1,6.3,15.94,OCCUPIED
2026-09-30T05:27:15Z,A1,7.0,16.00,OCCUPIED
2026-09-30T05:27:16Z,A1,8.3,14.19,OCCUPIED
2026-09-30T05:27:17Z,A1,6.9,17.02,OCCUPIED
2026-09-30T05:27:18Z,A1,38.1,10.61,OCCUPIED
2026-09-30T05:27:19Z,A1,35.9,11.07,FREE
2026-09-30T05:27:20Z,A1,37.0,9.65,FREE
2026-09-30T05:27:21Z,A1,39.5,11.61,FREE
2026-09-30T05:27:28Z,A1,0.0,5.83,FREE
2026-09-30T05:27:29Z,A1,5.9,10.20,FREE
2026-09-30T05:27:30Z,A1,8.7,11.48,OCCUPIED
2026-09-30T05:27:31Z,A1,5.3,5.85,OCCUPIED
2026-09-30T05:27:32Z,A1,7.4,10.19,OCCUPIED
2026-09-30T05:27:33Z,A1,7.2,15.00,OCCUPIED
2026-09-30T05:27:34Z,A1,35.1,16.06,OCCUPIED
2026-09-30T05:27:35Z,A1,39.8,17.46,FREE
2026-09-30T05:27:36Z,A1,38.1,10.96,FREE
2026-09-30T05:27:37Z,A1,34.3,10.09,FREE
2026-09-30T05:27:38Z,A1,36.9,9.48,FREE
2026-09-30T05:27:39Z,A1,34.5,9.89,FREE
2026-09-30T05:27:40Z,A1,35.8,7.80,FREE
2026-09-30T05:27:41Z,A1,39.4,9.43,FREE
2026-09-30T05:27:42Z,A1,9.0,11.15,FREE
2026-09-30T05:27:43Z,A1,6.9,10.50,OCCUPIED
2026-09-30T05:27:44Z,A1,8.3,9.65,OCCUPIED
2026-09-30T05:27:45Z,A1,7.1,10.69,OCCUPIED
2026-09-30T05:27:46Z,A1,7.1,9.98,OCCUPIED
2026-09-30T05:27:47Z,A1,8.3,9.52,OCCUPIED
2026-09-30T05:27:48Z,A1,400.0,10.35,OCCUPIED
2026-09-30T05:27:49Z,A1,8.8,14.54,OCCUPIED
2026-09-30T05:27:50Z,A1,38.2,14.55,OCCUPIED
2026-09-30T05:27:51Z,A1,33.6,21.17,FREE
2026-09-30T05:27:52Z,A1,33.4,15.74,FREE
2026-09-30T05:27:53Z,A1,38.3,15.24,FREE
2026-09-30T05:27:54Z,A1,40.0,14.39,FREE
2026-09-30T05:27:55Z,A1,39.4,14.00,FREE
2026-09-30T05:27:56Z,A1,37.3,13.98,FREE
2026-09-30T05:27:57Z,A1,34.6,15.69,FREE
2026-09-30T05:27:58Z,A1,5.9,14.02,FREE
2026-09-30T05:28:06Z,A1,0.0,8.11,FREE
2026-09-30T05:28:07Z,A1,38.5,15.59,FREE
2026-09-30T05:28:08Z,A1,38.5,13.55,FREE
2026-09-30T05:28:09Z,A1,37.2,15.89,FREE
2026-09-30T05:28:10Z,A1,36.3,13.31,FREE
2026-09-30T05:28:11Z,A1,33.6,15.87,FREE
2026-09-30T05:28:12Z,A1,35.8,14.39,FREE
2026-09-30T05:28:13Z,A1,6.7,16.74,FREE
2026-09-30T05:28:14Z,A1,6.0,18.28,OCCUPIED
2026-09-30T05:28:15Z,A1,5.3,15.69,OCCUPIED
2026-09-30T05:28:16Z,A1,7.4,15.46,OCCUPIED
2026-09-30T05:28:17Z,A1,5.8,14.06,OCCUPIED
2026-09-30T05:28:18Z,A1,8.1,10.41,OCCUPIED
2026-09-30T05:28:19Z,A1,8.2,9.65,OCCUPIED
2026-09-30T05:28:20Z,A1,6.6,10.20,OCCUPIED
2026-09-30T05:28:21Z,A1,36.0,10.33,OCCUPIED
2026-09-30T05:28:22Z,A1,39.0,11.50,FREE
2026-09-30T05:28:26Z,A1,38.6,10.39,FREE
2026-09-30T05:28:27Z,A1,39.8,10.00,FREE
2026-09-30T05:28:28Z,A1,36.8,13.26,FREE
2026-09-30T05:28:29Z,A1,37.9,9.87,FREE
2026-09-30T05:28:30Z,A1,8.4,10.37,FREE
2026-09-30T05:28:31Z,A1,8.5,11.78,OCCUPIED
2026-09-30T05:28:32Z,A1,5.9,6.48,OCCUPIED
2026-09-30T05:28:33Z,A1,2.0,9.83,OCCUPIED
2026-09-30T05:28:34Z,A1,8.9,14.41,OCCUPIED
2026-09-30T05:28:35Z,A1,5.5,16.35,OCCUPIED
2026-09-30T05:28:36Z,A1,7.0,15.74,OCCUPIED
2026-09-30T05:28:37Z,A1,7.8,16.56,OCCUPIED
2026-09-30T05:28:38Z,A1,36.0,15.24,OCCUPIED
2026-09-30T05:28:39Z,A1,0.0,6.11,OCCUPIED
2026-09-30T05:28:40Z,A1,37.4,11.57,FREE
2026-09-30T05:28:41Z,A1,33.0,6.32,FREE
2026-09-30T05:28:42Z,A1,34.9,10.63,FREE
2026-09-30T05:28:43Z,A1,38.2,11.41,FREE
2026-09-30T05:28:46Z,A1,9.0,13.93,FREE
2026-09-30T05:28:47Z,A1,7.0,19.37,OCCUPIED
2026-09-30T05:28:48Z,A1,6.2,14.13,OCCUPIED
2026-09-30T05:28:49Z,A1,7.9,6.35,OCCUPIED
2026-09-30T05:28:50Z,A1,8.1,6.02,OCCUPIED
2026-09-30T05:28:51Z,A1,6.9,6.93,OCCUPIED
2026-09-30T05:28:52Z,A1,8.1,8.39,OCCUPIED
2026-09-30T05:28:53Z,A1,8.9,6.54,OCCUPIED
2026-09-30T05:28:54Z,A1,38.9,11.65,OCCUPIED
2026-09-30T05:28:55Z,A1,39.5,14.45,FREE
2026-09-30T05:28:56Z,A1,35.4,14.98,FREE
2026-09-30T05:28:57Z,A1,34.8,14.59,FREE
2026-09-30T05:28:58Z,A1,35.4,16.61,FREE
2026-09-30T05:28:59Z,A1,2.0,12.83,FREE
2026-09-30T05:29:00Z,A1,38.3,10.85,FREE
2026-09-30T05:29:01Z,A1,34.2,11.22,FREE
2026-09-30T05:29:02Z,A1,6.3,10.65,FREE
2026-09-30T05:29:03Z,A1,5.3,11.31,OCCUPIED
2026-09-30T05:29:04Z,A1,7.6,10.81,OCCUPIED
2026-09-30T05:29:05Z,A1,5.2,15.33,OCCUPIED
2026-09-30T05:29:06Z,A1,7.6,12.44,OCCUPIED
2026-09-30T05:29:07Z,A1,7.8,15.57,OCCUPIED
2026-09-30T05:29:08Z,A1,5.6,10.13,OCCUPIED
2026-09-30T05:29:09Z,A1,5.1,10.61,OCCUPIED
2026-09-30T05:29:10Z,A1,35.2,9.85,OCCUPIED
2026-09-30T05:29:11Z,A1,37.4,10.91,FREE
2026-09-30T05:29:12Z,A1,33.5,6.35,FREE
2026-09-30T05:29:13Z,A1,34.1,17.50,FREE
2026-09-30T05:29:14Z,A1,38.0,15.72,FREE
2026-09-30T05:29:15Z,A1,33.1,16.06,FREE
2026-09-30T05:29:16Z,A1,33.6,34.13,FREE
2026-09-30T05:29:17Z,A1,33.1,14.06,FREE
2026-09-30T05:29:18Z,A1,7.5,18.09,FREE
2026-09-30T05:29:19Z,A1,8.5,8.41,OCCUPIED
2026-09-30T05:29:20Z,A1,6.4,6.32,OCCUPIED
2026-09-30T05:29:26Z,A1,33.4,19.04,OCCUPIED
2026-09-30T05:29:27Z,A1,37.0,18.78,FREE
2026-09-30T05:29:28Z,A1,36.0,16.96,FREE
2026-09-30T05:29:29Z,A1,36.8,10.52,FREE
2026-09-30T05:29:30Z,A1,35.9,10.98,FREE
2026-09-30T05:29:31Z,A1,35.9,9.59,FREE
2026-09-30T05:29:32Z,A1,37.9,9.83,FREE
2026-09-30T05:29:33Z,A1,37.0,10.11,FREE
2026-09-30T05:29:34Z,A1,8.5,18.52,FREE
2026-09-30T05:29:35Z,A1,6.7,17.15,OCCUPIED
2026-09-30T05:29:36Z,A1,8.3,16.05,OCCUPIED
2026-09-30T05:29:37Z,A1,5.0,13.78,OCCUPIED
2026-09-30T05:29:38Z,A1,5.6,15.65,OCCUPIED
2026-09-30T05:29:39Z,A1,0.0,6.30,OCCUPIED
2026-09-30T05:29:40Z,A1,6.7,10.43,OCCUPIED
2026-09-30T05:29:41Z,A1,7.2,10.09,OCCUPIED
2026-09-30T05:29:42Z,A1,35.1,11.26,OCCUPIED
2026-09-30T05:29:43Z,A1,36.5,12.67,FREE
2026-09-30T05:29:44Z,A1,36.6,14.94,FREE
2026-09-30T05:29:45Z,A1,36.0,12.33,FREE
2026-09-30T05:29:46Z,A1,38.4,16.39,FREE
2026-09-30T05:29:47Z,A1,35.3,12.63,FREE
2026-09-30T05:29:48Z,A1,36.4,14.26,FREE
2026-09-30T05:29:49Z,A1,37.3,9.96,FREE
2026-09-30T05:29:50Z,A1,8.0,11.78,FREE
2026-09-30T05:29:51Z,A1,5.7,11.65,OCCUPIED
2026-09-30T05:29:52Z,A1,6.4,9.76,OCCUPIED
2026-09-30T05:29:53Z,A1,7.1,9.74,OCCUPIED
2026-09-30T05:29:54Z,A1,9.0,16.46,OCCUPIED
2026-09-30T05:29:55Z,A1,8.9,12.96,OCCUPIED
2026-09-30T05:29:56Z,A1,5.7,15.54,OCCUPIED
2026-09-30T05:29:57Z,A1,7.8,12.54,OCCUPIED
2026-09-30T05:30:01Z,A1,36.4,12.15,OCCUPIED
2026-09-30T05:30:02Z,A1,39.7,11.59,FREE
2026-09-30T05:30:03Z,A1,35.7,9.98,FREE
2026-09-30T05:30:04Z,A1,33.7,18.32,FREE
2026-09-30T05:30:05Z,A1,39.4,14.63,FREE
2026-09-30T05:30:06Z,A1,6.9,13.96,FREE
2026-09-30T05:30:07Z,A1,400.0,7.98,FREE
2026-09-30T05:30:08Z,A1,5.7,17.11,OCCUPIED
2026-09-30T05:30:09Z,A1,6.7,9.74,OCCUPIED
2026-09-30T05:30:10Z,A1,6.3,11.20,OCCUPIED
2026-09-30T05:30:11Z,A1,5.5,16.06,OCCUPIED
2026-09-30T05:30:12Z,A1,5.8,16.05,OCCUPIED
2026-09-30T05:30:13Z,A1,6.6,14.87,OCCUPIED
2026-09-30T05:30:14Z,A1,34.5,16.22,OCCUPIED
2026-09-30T05:30:15Z,A1,34.3,17.32,FREE
2026-09-30T05:30:16Z,A1,38.5,10.09,FREE
2026-09-30T05:30:17Z,A1,34.6,10.37,FREE
2026-09-30T05:30:18Z,A1,38.4,14.94,FREE
2026-09-30T05:30:19Z,A1,33.3,16.82,FREE
2026-09-30T05:30:20Z,A1,39.9,9.76,FREE
2026-09-30T05:30:21Z,A1,35.8,10.52,FREE
2026-09-30T05:30:23Z,A1,6.3,10.76,FREE
2026-09-30T05:30:24Z,A1,7.3,11.96,OCCUPIED
2026-09-30T05:30:25Z,A1,6.3,15.02,OCCUPIED
2026-09-30T05:30:26Z,A1,8.4,15.26,OCCUPIED
2026-09-30T05:30:27Z,A1,8.4,15.43,OCCUPIED
2026-09-30T05:30:28Z,A1,8.1,17.15,OCCUPIED
2026-09-30T05:30:29Z,A1,5.3,14.59,OCCUPIED
2026-09-30T05:30:30Z,A1,38.2,17.44,OCCUPIED
2026-09-30T05:30:31Z,A1,33.9,12.17,FREE
2026-09-30T05:30:32Z,A1,40.0,9.81,FREE
2026-09-30T05:30:33Z,A1,35.7,9.78,FREE
2026-09-30T05:30:34Z,A1,37.8,9.96,FREE
2026-09-30T05:30:35Z,A1,35.8,10.43,FREE
2026-09-30T05:30:36Z,A1,37.9,15.33,FREE
2026-09-30T05:30:37Z,A1,33.4,17.37,FREE
2026-09-30T05:30:38Z,A1,8.1,19.18,FREE
2026-09-30T05:30:39Z,A1,8.4,20.24,OCCUPIED
2026-09-30T05:30:40Z,A1,7.1,9.70,OCCUPIED
2026-09-30T05:30:41Z,A1,5.3,9.96,OCCUPIED
2026-09-30T05:30:42Z,A1,7.6,10.50,OCCUPIED
2026-09-30T05:30:43Z,A1,6.7,9.85,OCCUPIED
2026-09-30T05:30:44Z,A1,5.0,10.15,OCCUPIED
2026-09-30T05:30:45Z,A1,5.0,16.32,OCCUPIED
2026-09-30T05:30:51Z,A1,35.2,6.63,OCCUPIED
2026-09-30T05:30:52Z,A1,38.7,10.89,FREE
2026-09-30T05:30:53Z,A1,34.5,10.93,FREE
2026-09-30T05:30:54Z,A1,8.8,10.74,FREE
2026-09-30T05:30:55Z,A1,5.2,20.15,OCCUPIED
2026-09-30T05:30:56Z,A1,8.3,10.24,OCCUPIED
2026-09-30T05:30:57Z,A1,8.1,9.50,OCCUPIED
2026-09-30T05:30:58Z,A1,8.6,15.94,OCCUPIED
2026-09-30T05:30:59Z,A1,6.9,15.91,OCCUPIED
2026-09-30T05:31:00Z,A1,6.5,12.67,OCCUPIED
2026-09-30T05:31:01Z,A1,6.4,15.15,OCCUPIED
2026-09-30T05:31:06Z,A1,35.9,19.56,OCCUPIED
2026-09-30T05:31:07Z,A1,39.3,19.43,FREE
2026-09-30T05:31:08Z,A1,37.1,16.96,FREE
2026-09-30T05:31:09Z,A1,5.4,15.06,FREE
2026-09-30T05:31:10Z,A1,7.9,10.93,OCCUPIED
2026-09-30T05:31:11Z,A1,400.0,3.89,OCCUPIED
2026-09-30T05:31:12Z,A1,8.6,10.89,OCCUPIED
2026-09-30T05:31:13Z,A1,7.1,10.26,OCCUPIED
2026-09-30T05:31:14Z,A1,6.9,11.37,OCCUPIED
2026-09-30T05:31:15Z,A1,7.1,14.28,OCCUPIED
2026-09-30T05:31:16Z,A1,7.4,16.89,OCCUPIED
2026-09-30T05:31:17Z,A1,37.4,14.11,OCCUPIED
2026-09-30T05:31:18Z,A1,38.4,18.32,FREE
2026-09-30T05:31:19Z,A1,2.0,11.91,FREE
2026-09-30T05:31:20Z,A1,37.4,7.00,FREE
2026-09-30T05:31:21Z,A1,36.5,8.26,FREE
2026-09-30T05:31:22Z,A1,36.1,10.46,FREE
2026-09-30T05:31:23Z,A1,38.3,10.07,FREE
2026-09-30T05:31:24Z,A1,38.3,9.80,FREE
2026-09-30T05:31:25Z,A1,8.2,15.63,FREE
2026-09-30T05:31:26Z,A1,6.9,18.39,OCCUPIED
2026-09-30T05:31:29Z,A1,7.3,7.91,OCCUPIED
2026-09-30T05:31:30Z,A1,7.8,9.28,OCCUPIED
2026-09-30T05:31:31Z,A1,7.8,10.89,OCCUPIED
2026-09-30T05:31:32Z,A1,6.2,10.24,OCCUPIED
2026-09-30T05:31:33Z,A1,7.1,9.69,OCCUPIED
2026-09-30T05:31:34Z,A1,34.9,10.91,OCCUPIED
2026-09-30T05:31:35Z,A1,38.9,21.32,FREE
2026-09-30T05:31:36Z,A1,37.4,5.89,FREE
2026-09-30T05:31:37Z,A1,36.3,6.57,FREE
2026-09-30T05:31:38Z,A1,40.0,6.00,FREE
2026-09-30T05:31:39Z,A1,37.2,10.39,FREE
2026-09-30T05:31:40Z,A1,38.7,10.76,FREE
2026-09-30T05:31:41Z,A1,6.4,17.76,FREE
2026-09-30T05:31:42Z,A1,7.2,12.43,OCCUPIED
2026-09-30T05:31:43Z,A1,0.0,6.04,OCCUPIED
2026-09-30T05:31:44Z,A1,6.0,8.87,OCCUPIED
2026-09-30T05:31:45Z,A1,8.6,15.13,OCCUPIED
2026-09-30T05:31:46Z,A1,5.4,11.06,OCCUPIED
2026-09-30T05:31:47Z,A1,6.9,13.67,OCCUPIED
2026-09-30T05:31:48Z,A1,6.2,11.07,OCCUPIED
2026-09-30T05:31:49Z,A1,36.0,16.85,OCCUPIED
2026-09-30T05:31:50Z,A1,38.6,14.41,FREE
2026-09-30T05:31:51Z,A1,38.3,10.72,FREE
2026-09-30T05:31:52Z,A1,39.5,8.74,FREE
2026-09-30T05:31:53Z,A1,34.9,9.70,FREE
2026-09-30T05:31:54Z,A1,37.7,9.26,FREE
2026-09-30T05:31:55Z,A1,37.6,10.63,FREE
2026-09-30T05:31:56Z,A1,33.9,12.54,FREE
2026-09-30T05:31:57Z,A1,7.3,16.54,FREE
2026-09-30T05:31:58Z,A1,7.2,17.82,OCCUPIED
2026-09-30T05:31:59Z,A1,6.5,10.85,OCCUPIED
2026-09-30T05:32:00Z,A1,0.0,6.15,OCCUPIED
2026-09-30T05:32:01Z,A1,5.9,10.70,OCCUPIED
2026-09-30T05:32:02Z,A1,8.3,10.31,OCCUPIED
2026-09-30T05:32:03Z,A1,5.5,9.91,OCCUPIED
2026-09-30T05:32:04Z,A1,7.9,9.43,OCCUPIED
2026-09-30T05:32:10Z,A1,36.8,10.94,OCCUPIED
2026-09-30T05:32:11Z,A1,39.9,18.87,FREE
2026-09-30T05:32:12Z,A1,39.3,13.46,FREE
2026-09-30T05:32:13Z,A1,40.0,15.07,FREE
2026-09-30T05:32:19Z,A1,5.7,17.74,FREE
2026-09-30T05:32:20Z,A1,7.3,19.89,OCCUPIED
2026-09-30T05:32:21Z,A1,6.0,14.74,OCCUPIED
2026-09-30T05:32:22Z,A1,37.9,10.85,OCCUPIED
2026-09-30T05:32:23Z,A1,33.7,12.33,FREE
2026-09-30T05:32:24Z,A1,38.2,10.22,FREE
2026-09-30T05:32:25Z,A1,35.9,10.04,FREE
2026-09-30T05:32:26Z,A1,38.7,10.33,FREE
2026-09-30T05:32:27Z,A1,34.7,15.30,FREE
2026-09-30T05:32:28Z,A1,38.6,18.65,FREE
2026-09-30T05:32:29Z,A1,37.4,15.07,FREE
2026-09-30T05:32:30Z,A1,5.7,18.43,FREE
2026-09-30T05:32:31Z,A1,8.5,18.26,OCCUPIED
2026-09-30T05:32:32Z,A1,6.3,15.33,OCCUPIED
2026-09-30T05:32:33Z,A1,5.8,17.59,OCCUPIED
2026-09-30T05:32:34Z,A1,7.8,16.72,OCCUPIED
2026-09-30T05:32:35Z,A1,8.4,16.87,OCCUPIED
2026-09-30T05:32:36Z,A1,5.8,17.46,OCCUPIED
2026-09-30T05:32:37Z,A1,8.0,15.59,OCCUPIED
2026-09-30T05:32:38Z,A1,35.5,16.91,OCCUPIED
2026-09-30T05:32:39Z,A1,36.9,19.30,FREE
2026-09-30T05:32:40Z,A1,39.7,13.91,FREE
2026-09-30T05:32:41Z,A1,34.0,14.37,FREE
2026-09-30T05:32:42Z,A1,38.5,10.09,FREE
2026-09-30T05:32:43Z,A1,38.3,10.80,FREE
2026-09-30T05:32:44Z,A1,34.3,10.07,FREE
2026-09-30T05:32:45Z,A1,35.5,9.54,FREE
2026-09-30T05:32:46Z,A1,7.8,11.20,FREE
2026-09-30T05:32:47Z,A1,6.5,18.95,OCCUPIED
2026-09-30T05:32:48Z,A1,7.7,15.56,OCCUPIED
2026-09-30T05:32:49Z,A1,7.7,16.26,OCCUPIED
2026-09-30T05:32:53Z,A1,6.1,9.33,OCCUPIED
2026-09-30T05:32:54Z,A1,35.8,11.37,OCCUPIED
2026-09-30T05:32:58Z,A1,33.1,20.78,FREE
2026-09-30T05:32:59Z,A1,34.7,17.24,FREE
2026-09-30T05:33:00Z,A1,34.2,12.35,FREE
2026-09-30T05:33:01Z,A1,37.4,16.85,FREE
2026-09-30T05:33:02Z,A1,6.2,12.33,FREE
2026-09-30T05:33:03Z,A1,7.4,12.15,OCCUPIED
2026-09-30T05:33:04Z,A1,8.8,9.94,OCCUPIED
2026-09-30T05:33:05Z,A1,5.3,9.81,OCCUPIED
2026-09-30T05:33:06Z,A1,8.1,9.50,OCCUPIED
2026-09-30T05:33:07Z,A1,5.6,15.72,OCCUPIED
2026-09-30T05:33:08Z,A1,0.0,12.67,OCCUPIED
2026-09-30T05:33:09Z,A1,6.7,16.04,OCCUPIED
2026-09-30T05:33:10Z,A1,39.5,18.95,OCCUPIED
2026-09-30T05:33:11Z,A1,34.1,19.93,FREE
2026-09-30T05:33:12Z,A1,34.5,10.31,FREE
2026-09-30T05:33:13Z,A1,39.5,10.00,FREE
2026-09-30T05:33:14Z,A1,35.3,10.04,FREE
2026-09-30T05:33:15Z,A1,35.9,9.91,FREE
2026-09-30T05:33:16Z,A1,34.9,10.11,FREE
2026-09-30T05:33:17Z,A1,36.9,15.02,FREE
2026-09-30T05:33:18Z,A1,6.3,17.78,FREE
2026-09-30T05:33:19Z,A1,8.4,19.61,OCCUPIED
2026-09-30T05:33:20Z,A1,8.3,16.07,OCCUPIED
2026-09-30T05:33:21Z,A1,8.9,16.22,OCCUPIED
2026-09-30T05:33:22Z,A1,5.2,9.83,OCCUPIED
2026-09-30T05:33:23Z,A1,8.6,10.55,OCCUPIED
2026-09-30T05:33:24Z,A1,6.1,9.83,OCCUPIED
2026-09-30T05:33:25Z,A1,7.1,9.89,OCCUPIED
2026-09-30T05:33:26Z,A1,33.5,11.33,OCCUPIED
2026-09-30T05:33:27Z,A1,34.2,19.57,FREE
2026-09-30T05:33:28Z,A1,36.7,17.20,FREE
2026-09-30T05:33:29Z,A1,38.1,15.67,FREE
2026-09-30T05:33:30Z,A1,39.9,9.35,FREE
2026-09-30T05:33:31Z,A1,38.9,10.04,FREE
2026-09-30T05:33:40Z,A1,8.3,16.59,FREE
2026-09-30T05:33:41Z,A1,35.5,16.72,FREE
2026-09-30T05:33:42Z,A1,35.1,10.31,FREE
2026-09-30T05:33:43Z,A1,36.7,10.81,FREE
2026-09-30T05:33:44Z,A1,37.9,10.00,FREE
2026-09-30T05:33:45Z,A1,37.3,9.80,FREE
2026-09-30T05:33:46Z,A1,35.7,10.00,FREE
2026-09-30T05:33:47Z,A1,34.0,15.17,FREE
2026-09-30T05:33:48Z,A1,34.9,17.06,FREE
2026-09-30T05:33:49Z,A1,7.8,19.61,FREE
2026-09-30T05:33:50Z,A1,8.7,19.91,OCCUPIED
2026-09-30T05:33:51Z,A1,7.8,14.89,OCCUPIED
2026-09-30T05:33:52Z,A1,5.3,13.24,OCCUPIED
2026-09-30T05:33:53Z,A1,5.1,28.32,OCCUPIED
2026-09-30T05:33:54Z,A1,7.6,14.48,OCCUPIED
2026-09-30T05:33:55Z,A1,8.7,12.65,OCCUPIED
2026-09-30T05:33:56Z,A1,5.9,12.98,OCCUPIED
2026-09-30T05:33:57Z,A1,33.1,16.87,OCCUPIED
2026-09-30T05:33:58Z,A1,36.3,18.91,FREE
2026-09-30T05:33:59Z,A1,37.7,15.57,FREE
2026-09-30T05:34:00Z,A1,35.3,15.74,FREE
2026-09-30T05:34:01Z,A1,34.7,25.07,FREE
2026-09-30T05:34:02Z,A1,39.5,10.76,FREE
2026-09-30T05:34:03Z,A1,34.3,10.28,FREE
2026-09-30T05:34:04Z,A1,39.5,10.31,FREE
2026-09-30T05:34:05Z,A1,8.6,10.85,FREE
2026-09-30T05:34:06Z,A1,8.8,11.24,OCCUPIED
2026-09-30T05:34:07Z,A1,8.4,15.93,OCCUPIED
2026-09-30T05:34:08Z,A1,7.1,15.00,OCCUPIED
2026-09-30T05:34:09Z,A1,8.8,17.32,OCCUPIED
2026-09-30T05:34:10Z,A1,5.3,16.48,OCCUPIED
2026-09-30T05:34:11Z,A1,7.1,15.28,OCCUPIED
2026-09-30T05:34:12Z,A1,6.7,10.61,OCCUPIED
2026-09-30T05:34:13Z,A1,38.6,10.52,OCCUPIED
2026-09-30T05:34:21Z,A1,36.6,18.59,FREE
2026-09-30T05:34:22Z,A1,5.2,12.28,FREE
2026-09-30T05:34:23Z,A1,7.0,11.07,OCCUPIED
2026-09-30T05:34:24Z,A1,7.0,5.98,OCCUPIED
2026-09-30T05:34:25Z,A1,8.7,9.61,OCCUPIED
2026-09-30T05:34:26Z,A1,5.8,9.83,OCCUPIED
2026-09-30T05:34:27Z,A1,8.0,10.11,OCCUPIED
2026-09-30T05:34:28Z,A1,8.1,14.31,OCCUPIED
2026-09-30T05:34:29Z,A1,6.3,14.54,OCCUPIED
2026-09-30T05:34:30Z,A1,38.2,16.59,OCCUPIED
2026-09-30T05:34:31Z,A1,37.2,17.43,FREE
2026-09-30T05:34:32Z,A1,33.9,10.80,FREE
2026-09-30T05:34:33Z,A1,33.9,6.00,FREE
2026-09-30T05:34:34Z,A1,39.3,10.85,FREE
2026-09-30T05:34:35Z,A1,33.1,10.24,FREE
2026-09-30T05:34:36Z,A1,36.1,10.31,FREE
2026-09-30T05:34:37Z,A1,33.8,10.61,FREE
2026-09-30T05:34:38Z,A1,5.5,16.70,FREE
2026-09-30T05:34:39Z,A1,6.1,19.22,OCCUPIED
2026-09-30T05:34:40Z,A1,8.1,9.69,OCCUPIED
2026-09-30T05:34:41Z,A1,7.2,11.07,OCCUPIED
2026-09-30T05:34:42Z,A1,5.5,15.15,OCCUPIED
2026-09-30T05:34:43Z,A1,8.0,16.00,OCCUPIED
2026-09-30T05:34:44Z,A1,6.0,16.63,OCCUPIED
2026-09-30T05:34:45Z,A1,5.5,16.98,OCCUPIED
2026-09-30T05:34:46Z,A1,35.5,17.98,OCCUPIED
2026-09-30T05:34:47Z,A1,34.5,18.26,FREE
2026-09-30T05:34:48Z,A1,39.3,14.50,FREE
2026-09-30T05:34:49Z,A1,35.8,17.74,FREE
2026-09-30T05:34:50Z,A1,35.9,15.33,FREE
2026-09-30T05:34:51Z,A1,34.6,15.89,FREE
2026-09-30T05:34:52Z,A1,39.3,17.68,FREE
2026-09-30T05:34:53Z,A1,400.0,6.39,FREE
2026-09-30T05:34:54Z,A1,6.9,10.74,FREE
2026-09-30T05:34:55Z,A1,8.3,7.96,OCCUPIED
2026-09-30T05:34:56Z,A1,6.0,6.26,OCCUPIED
2026-09-30T05:35:02Z,A1,33.2,17.91,OCCUPIED
2026-09-30T05:35:03Z,A1,36.9,17.37,FREE
2026-09-30T05:35:04Z,A1,33.3,11.83,FREE
2026-09-30T05:35:05Z,A1,36.0,10.54,FREE
2026-09-30T05:35:06Z,A1,33.1,9.83,FREE
2026-09-30T05:35:07Z,A1,33.7,10.04,FREE
2026-09-30T05:35:08Z,A1,39.6,16.52,FREE
2026-09-30T05:35:09Z,A1,33.6,18.00,FREE
2026-09-30T05:35:10Z,A1,5.8,11.39,FREE
2026-09-30T05:35:11Z,A1,7.2,11.26,OCCUPIED
2026-09-30T05:35:12Z,A1,400.0,3.70,OCCUPIED
2026-09-30T05:35:13Z,A1,8.4,10.28,OCCUPIED
2026-09-30T05:35:14Z,A1,7.5,14.56,OCCUPIED
2026-09-30T05:35:15Z,A1,6.8,17.72,OCCUPIED
2026-09-30T05:35:16Z,A1,8.0,14.65,OCCUPIED
2026-09-30T05:35:17Z,A1,6.2,16.45,OCCUPIED
2026-09-30T05:35:18Z,A1,38.8,16.28,OCCUPIED
2026-09-30T05:35:19Z,A1,34.1,17.11,FREE
2026-09-30T05:35:20Z,A1,38.2,11.05,FREE
2026-09-30T05:35:21Z,A1,38.6,10.37,FREE
2026-09-30T05:35:22Z,A1,37.7,15.20,FREE
2026-09-30T05:35:23Z,A1,35.4,16.18,FREE
2026-09-30T05:35:24Z,A1,35.5,13.70,FREE
2026-09-30T05:35:28Z,A1,8.1,17.91,FREE
2026-09-30T05:35:29Z,A1,8.1,18.78,OCCUPIED
2026-09-30T05:35:30Z,A1,7.9,11.41,OCCUPIED
2026-09-30T05:35:31Z,A1,8.2,11.22,OCCUPIED
2026-09-30T05:35:32Z,A1,8.9,14.15,OCCUPIED
2026-09-30T05:35:33Z,A1,7.0,16.24,OCCUPIED
2026-09-30T05:35:34Z,A1,38.5,10.15,OCCUPIED
2026-09-30T05:35:35Z,A1,35.2,10.30,FREE
2026-09-30T05:35:38Z,A1,34.3,10.15,FREE
2026-09-30T05:35:39Z,A1,38.5,16.32,FREE
2026-09-30T05:35:40Z,A1,400.0,8.06,FREE
2026-09-30T05:35:41Z,A1,5.3,17.41,FREE
2026-09-30T05:35:42Z,A1,8.9,18.91,OCCUPIED
2026-09-30T05:35:43Z,A1,5.8,6.02,OCCUPIED
2026-09-30T05:35:44Z,A1,7.5,5.89,OCCUPIED
2026-09-30T05:35:45Z,A1,7.3,9.61,OCCUPIED
2026-09-30T05:35:46Z,A1,5.5,10.00,OCCUPIED
2026-09-30T05:35:47Z,A1,5.8,10.74,OCCUPIED
2026-09-30T05:35:48Z,A1,7.5,14.37,OCCUPIED
2026-09-30T05:35:50Z,A1,36.1,16.96,OCCUPIED
2026-09-30T05:35:51Z,A1,35.5,17.43,FREE
2026-09-30T05:35:52Z,A1,36.4,10.80,FREE
2026-09-30T05:35:53Z,A1,36.5,11.55,FREE
2026-09-30T05:35:54Z,A1,34.2,9.96,FREE
2026-09-30T05:36:01Z,A1,8.7,17.54,FREE
2026-09-30T05:36:02Z,A1,6.9,19.48,OCCUPIED
2026-09-30T05:36:03Z,A1,5.7,9.13,OCCUPIED
2026-09-30T05:36:04Z,A1,5.7,5.65,OCCUPIED
2026-09-30T05:36:05Z,A1,6.0,9.98,OCCUPIED
2026-09-30T05:36:06Z,A1,36.4,9.72,OCCUPIED
2026-09-30T05:36:07Z,A1,36.4,8.33,FREE
2026-09-30T05:36:08Z,A1,36.4,6.35,FREE
2026-09-30T05:36:09Z,A1,33.1,11.13,FREE
2026-09-30T05:36:10Z,A1,37.3,10.80,FREE
2026-09-30T05:36:11Z,A1,36.6,10.67,FREE
2026-09-30T05:36:12Z,A1,40.0,10.41,FREE
2026-09-30T05:36:13Z,A1,0.0,7.32,FREE
2026-09-30T05:36:14Z,A1,8.6,17.48,FREE
2026-09-30T05:36:15Z,A1,5.6,11.19,OCCUPIED
2026-09-30T05:36:16Z,A1,8.5,11.43,OCCUPIED
2026-09-30T05:36:20Z,A1,6.1,16.33,OCCUPIED
2026-09-30T05:36:22Z,A1,35.2,17.11,OCCUPIED
2026-09-30T05:36:23Z,A1,39.2,14.69,FREE
2026-09-30T05:36:24Z,A1,33.6,15.26,FREE
2026-09-30T05:36:25Z,A1,34.5,17.17,FREE
2026-09-30T05:36:26Z,A1,35.6,17.26,FREE
2026-09-30T05:36:27Z,A1,34.1,15.26,FREE
2026-09-30T05:36:28Z,A1,34.5,15.02,FREE
2026-09-30T05:36:29Z,A1,37.6,15.50,FREE
2026-09-30T05:36:30Z,A1,7.8,16.63,FREE
2026-09-30T05:36:31Z,A1,7.7,20.41,OCCUPIED
2026-09-30T05:36:32Z,A1,6.5,14.26,OCCUPIED
2026-09-30T05:36:33Z,A1,6.7,15.65,OCCUPIED
2026-09-30T05:36:34Z,A1,8.5,16.76,OCCUPIED
2026-09-30T05:36:35Z,A1,8.1,10.20,OCCUPIED
2026-09-30T05:36:36Z,A1,7.2,9.89,OCCUPIED
2026-09-30T05:36:37Z,A1,8.7,10.20,OCCUPIED
2026-09-30T05:36:38Z,A1,37.1,11.09,OCCUPIED
2026-09-30T05:36:39Z,A1,37.4,12.04,FREE
2026-09-30T05:36:40Z,A1,34.6,17.67,FREE
2026-09-30T05:36:41Z,A1,36.3,16.41,FREE
2026-09-30T05:36:42Z,A1,35.8,15.06,FREE
2026-09-30T05:36:43Z,A1,35.8,15.43,FREE
2026-09-30T05:36:44Z,A1,37.2,17.65,FREE
2026-09-30T05:36:45Z,A1,39.0,9.26,FREE
2026-09-30T05:36:46Z,A1,2.0,10.67,FREE
2026-09-30T05:36:47Z,A1,7.4,11.41,OCCUPIED
2026-09-30T05:36:48Z,A1,5.1,9.81,OCCUPIED
2026-09-30T05:36:49Z,A1,7.1,9.61,OCCUPIED
2026-09-30T05:36:50Z,A1,8.3,15.04,OCCUPIED
2026-09-30T05:36:51Z,A1,8.0,19.54,OCCUPIED
2026-09-30T05:36:52Z,A1,7.0,17.63,OCCUPIED
2026-09-30T05:36:53Z,A1,6.7,15.15,OCCUPIED
2026-09-30T05:36:54Z,A1,38.7,16.00,OCCUPIED
2026-09-30T05:36:55Z,A1,38.1,20.02,FREE
2026-09-30T05:37:02Z,A1,6.4,7.74,FREE
2026-09-30T05:37:03Z,A1,6.8,15.83,OCCUPIED
2026-09-30T05:37:04Z,A1,5.3,12.87,OCCUPIED
2026-09-30T05:37:05Z,A1,7.7,9.52,OCCUPIED
2026-09-30T05:37:06Z,A1,8.2,9.72,OCCUPIED
2026-09-30T05:37:07Z,A1,2.0,8.72,OCCUPIED
2026-09-30T05:37:08Z,A1,7.3,10.45,OCCUPIED
2026-09-30T05:37:09Z,A1,7.3,9.70,OCCUPIED
2026-09-30T05:37:10Z,A1,34.6,18.57,OCCUPIED
2026-09-30T05:37:11Z,A1,0.0,11.46,OCCUPIED
2026-09-30T05:37:12Z,A1,35.8,20.15,FREE
2026-09-30T05:37:13Z,A1,36.8,10.48,FREE
2026-09-30T05:37:14Z,A1,37.4,10.30,FREE
2026-09-30T05:37:15Z,A1,40.0,10.28,FREE
2026-09-30T05:37:16Z,A1,37.8,10.22,FREE
2026-09-30T05:37:17Z,A1,37.7,9.59,FREE
2026-09-30T05:37:18Z,A1,7.7,12.11,FREE
2026-09-30T05:37:19Z,A1,5.5,11.72,OCCUPIED
2026-09-30T05:37:20Z,A1,8.9,15.80,OCCUPIED
2026-09-30T05:37:21Z,A1,6.0,14.50,OCCUPIED
2026-09-30T05:37:22Z,A1,8.4,14.35,OCCUPIED
2026-09-30T05:37:23Z,A1,5.4,18.20,OCCUPIED
2026-09-30T05:37:24Z,A1,8.4,15.98,OCCUPIED
2026-09-30T05:37:25Z,A1,8.9,16.28,OCCUPIED
2026-09-30T05:37:26Z,A1,35.5,18.80,OCCUPIED
2026-09-30T05:37:27Z,A1,35.3,16.80,FREE
2026-09-30T05:37:28Z,A1,38.3,13.09,FREE
2026-09-30T05:37:29Z,A1,33.2,16.22,FREE
2026-09-30T05:37:30Z,A1,37.5,13.00,FREE
2026-09-30T05:37:31Z,A1,39.4,14.76,FREE
2026-09-30T05:37:32Z,A1,36.6,13.22,FREE
2026-09-30T05:37:33Z,A1,34.9,17.74,FREE
2026-09-30T05:37:34Z,A1,0.0,8.04,FREE
2026-09-30T05:37:35Z,A1,6.1,10.96,FREE
2026-09-30T05:37:36Z,A1,8.6,8.93,OCCUPIED
2026-09-30T05:37:37Z,A1,5.9,9.61,OCCUPIED
2026-09-30T05:37:43Z,A1,37.0,9.57,OCCUPIED
2026-09-30T05:37:44Z,A1,34.7,12.20,FREE
2026-09-30T05:37:45Z,A1,33.6,6.41,FREE
2026-09-30T05:37:46Z,A1,37.2,9.65,FREE
2026-09-30T05:37:47Z,A1,35.8,15.19,FREE
2026-09-30T05:37:48Z,A1,35.6,16.18,FREE
2026-09-30T05:37:49Z,A1,6.9,18.72,FREE
2026-09-30T05:37:50Z,A1,6.9,19.22,OCCUPIED
2026-09-30T05:37:51Z,A1,6.3,10.61,OCCUPIED
2026-09-30T05:37:52Z,A1,6.2,9.48,OCCUPIED
2026-09-30T05:37:53Z,A1,6.4,15.74,OCCUPIED
2026-09-30T05:37:54Z,A1,6.7,14.11,OCCUPIED
2026-09-30T05:37:55Z,A1,7.7,11.35,OCCUPIED
2026-09-30T05:37:56Z,A1,6.5,10.06,OCCUPIED
2026-09-30T05:37:57Z,A1,35.3,10.61,OCCUPIED
2026-09-30T05:37:58Z,A1,34.7,10.56,FREE
2026-09-30T05:37:59Z,A1,38.8,6.04,FREE
2026-09-30T05:38:00Z,A1,38.3,12.85,FREE
2026-09-30T05:38:01Z,A1,36.0,9.76,FREE
2026-09-30T05:38:02Z,A1,38.0,9.98,FREE
2026-09-30T05:38:03Z,A1,36.3,10.24,FREE
2026-09-30T05:38:04Z,A1,400.0,5.87,FREE
2026-09-30T05:38:05Z,A1,6.4,10.89,FREE
2026-09-30T05:38:06Z,A1,6.2,19.39,OCCUPIED
2026-09-30T05:38:07Z,A1,5.1,12.35,OCCUPIED
2026-09-30T05:38:08Z,A1,6.3,10.85,OCCUPIED
2026-09-30T05:38:09Z,A1,5.4,17.80,OCCUPIED
2026-09-30T05:38:11Z,A1,5.3,15.59,OCCUPIED
2026-09-30T05:38:12Z,A1,7.4,9.74,OCCUPIED
2026-09-30T05:38:13Z,A1,5.6,11.13,OCCUPIED
2026-09-30T05:38:14Z,A1,34.8,10.46,OCCUPIED
2026-09-30T05:38:15Z,A1,36.6,11.76,FREE
2026-09-30T05:38:25Z,A1,7.8,14.46,FREE
2026-09-30T05:38:26Z,A1,5.4,8.87,OCCUPIED
2026-09-30T05:38:27Z,A1,8.4,5.80,OCCUPIED
2026-09-30T05:38:28Z,A1,8.1,13.11,OCCUPIED
2026-09-30T05:38:29Z,A1,6.3,19.33,OCCUPIED
2026-09-30T05:38:30Z,A1,39.2,10.00,OCCUPIED
2026-09-30T05:38:31Z,A1,39.7,19.09,FREE
2026-09-30T05:38:32Z,A1,35.9,11.22,FREE
2026-09-30T05:38:33Z,A1,39.7,18.65,FREE
2026-09-30T05:38:34Z,A1,2.0,14.94,FREE
2026-09-30T05:38:35Z,A1,36.5,16.09,FREE
2026-09-30T05:38:36Z,A1,36.8,10.17,FREE
2026-09-30T05:38:37Z,A1,36.2,17.07,FREE
2026-09-30T05:38:38Z,A1,6.5,11.30,FREE
2026-09-30T05:38:39Z,A1,8.2,11.48,OCCUPIED
2026-09-30T05:38:40Z,A1,5.3,6.87,OCCUPIED
2026-09-30T05:38:41Z,A1,5.2,18.11,OCCUPIED
2026-09-30T05:38:42Z,A1,6.8,11.26,OCCUPIED
2026-09-30T05:38:43Z,A1,7.4,9.81,OCCUPIED
2026-09-30T05:38:44Z,A1,5.9,10.09,OCCUPIED
2026-09-30T05:38:45Z,A1,6.8,10.02,OCCUPIED
2026-09-30T05:38:46Z,A1,39.0,10.80,OCCUPIED
2026-09-30T05:38:47Z,A1,34.2,17.43,FREE
2026-09-30T05:38:48Z,A1,35.2,9.89,FREE
2026-09-30T05:38:49Z,A1,39.1,10.09,FREE
2026-09-30T05:38:50Z,A1,36.4,17.93,FREE
2026-09-30T05:38:51Z,A1,33.8,16.19,FREE
2026-09-30T05:38:52Z,A1,38.7,15.87,FREE
2026-09-30T05:38:53Z,A1,34.1,17.67,FREE
2026-09-30T05:38:54Z,A1,8.1,17.09,FREE
2026-09-30T05:38:55Z,A1,5.6,20.94,OCCUPIED
2026-09-30T05:38:56Z,A1,6.7,14.24,OCCUPIED
2026-09-30T05:38:57Z,A1,6.4,12.06,OCCUPIED
2026-09-30T05:38:58Z,A1,6.0,11.98,OCCUPIED
2026-09-30T05:38:59Z,A1,8.5,15.65,OCCUPIED
2026-09-30T05:39:00Z,A1,6.1,10.67,OCCUPIED
2026-09-30T05:39:01Z,A1,2.0,11.83,OCCUPIED
2026-09-30T05:39:02Z,A1,35.5,15.93,OCCUPIED
2026-09-30T05:39:03Z,A1,33.4,13.02,FREE
2026-09-30T05:39:04Z,A1,33.5,14.78,FREE
2026-09-30T05:39:10Z,A1,8.0,10.72,FREE
2026-09-30T05:39:11Z,A1,5.5,18.67,OCCUPIED
2026-09-30T05:39:12Z,A1,7.8,15.69,OCCUPIED
2026-09-30T05:39:13Z,A1,5.5,16.22,OCCUPIED
2026-09-30T05:39:14Z,A1,6.8,14.39,OCCUPIED
2026-09-30T05:39:15Z,A1,5.2,15.69,OCCUPIED
2026-09-30T05:39:16Z,A1,8.1,11.02,OCCUPIED
2026-09-30T05:39:17Z,A1,8.4,9.61,OCCUPIED
2026-09-30T05:39:18Z,A1,37.4,11.22,OCCUPIED
2026-09-30T05:39:19Z,A1,33.1,12.37,FREE
2026-09-30T05:39:20Z,A1,39.3,10.00,FREE
2026-09-30T05:39:21Z,A1,33.9,14.57,FREE
2026-09-30T05:39:22Z,A1,0.0,9.19,FREE
2026-09-30T05:39:23Z,A1,37.6,15.72,FREE
2026-09-30T05:39:24Z,A1,36.6,15.59,FREE
2026-09-30T05:39:25Z,A1,33.6,17.02,FREE
2026-09-30T05:39:26Z,A1,7.3,15.98,FREE
2026-09-30T05:39:27Z,A1,6.9,11.26,OCCUPIED
2026-09-30T05:39:29Z,A1,8.0,6.83,OCCUPIED
2026-09-30T05:39:30Z,A1,8.1,6.06,OCCUPIED
2026-09-30T05:39:31Z,A1,7.8,10.43,OCCUPIED
2026-09-30T05:39:32Z,A1,6.2,15.39,OCCUPIED
2026-09-30T05:39:33Z,A1,6.2,14.70,OCCUPIED
2026-09-30T05:39:34Z,A1,34.4,16.83,OCCUPIED
2026-09-30T05:39:35Z,A1,36.8,17.70,FREE
2026-09-30T05:39:36Z,A1,37.3,8.44,FREE
2026-09-30T05:39:37Z,A1,38.3,5.70,FREE
2026-09-30T05:39:38Z,A1,33.5,11.15,FREE
2026-09-30T05:39:39Z,A1,34.0,17.89,FREE
2026-09-30T05:39:40Z,A1,34.8,10.20,FREE
2026-09-30T05:39:41Z,A1,34.8,9.44,FREE
2026-09-30T05:39:42Z,A1,9.0,17.00,FREE
2026-09-30T05:39:43Z,A1,7.4,14.45,OCCUPIED
2026-09-30T05:39:44Z,A1,7.1,10.61,OCCUPIED
2026-09-30T05:39:45Z,A1,6.0,11.48,OCCUPIED
2026-09-30T05:39:46Z,A1,7.9,15.59,OCCUPIED
2026-09-30T05:39:47Z,A1,5.0,14.65,OCCUPIED
2026-09-30T05:39:48Z,A1,5.4,16.50,OCCUPIED
2026-09-30T05:39:54Z,A1,38.5,16.76,OCCUPIED
2026-09-30T05:40:03Z,A1,6.4,15.56,OCCUPIED
2026-09-30T05:40:04Z,A1,5.3,17.09,OCCUPIED
2026-09-30T05:40:05Z,A1,7.8,15.89,OCCUPIED
2026-09-30T05:40:06Z,A1,400.0,7.18,OCCUPIED
2026-09-30T05:40:07Z,A1,33.8,17.09,OCCUPIED
2026-09-30T05:40:08Z,A1,38.9,18.59,FREE
2026-09-30T05:40:09Z,A1,34.3,10.02,FREE
2026-09-30T05:40:10Z,A1,34.8,10.37,FREE
2026-09-30T05:40:11Z,A1,34.2,10.72,FREE
2026-09-30T05:40:12Z,A1,34.2,11.95,FREE
2026-09-30T05:40:13Z,A1,36.0,14.96,FREE
2026-09-30T05:40:14Z,A1,6.2,16.89,FREE
2026-09-30T05:40:15Z,A1,5.8,17.76,OCCUPIED
2026-09-30T05:40:16Z,A1,7.6,8.78,OCCUPIED
2026-09-30T05:40:17Z,A1,8.4,6.20,OCCUPIED
2026-09-30T05:40:18Z,A1,8.5,9.63,OCCUPIED
2026-09-30T05:40:19Z,A1,5.2,10.00,OCCUPIED
2026-09-30T05:40:20Z,A1,7.0,10.85,OCCUPIED
2026-09-30T05:40:21Z,A1,8.1,9.52,OCCUPIED
2026-09-30T05:40:22Z,A1,0.0,6.45,OCCUPIED
2026-09-30T05:40:23Z,A1,35.2,16.82,OCCUPIED
2026-09-30T05:40:24Z,A1,33.5,17.39,FREE
2026-09-30T05:40:25Z,A1,38.1,11.37,FREE
2026-09-30T05:40:26Z,A1,38.6,10.72,FREE
2026-09-30T05:40:27Z,A1,37.8,9.65,FREE
2026-09-30T05:40:28Z,A1,0.0,4.48,FREE
2026-09-30T05:40:29Z,A1,39.8,9.69,FREE
2026-09-30T05:40:30Z,A1,8.2,11.37,FREE
2026-09-30T05:40:31Z,A1,5.7,11.02,OCCUPIED
2026-09-30T05:40:32Z,A1,6.6,11.65,OCCUPIED
2026-09-30T05:40:33Z,A1,8.2,12.11,OCCUPIED
2026-09-30T05:40:34Z,A1,6.7,16.07,OCCUPIED
2026-09-30T05:40:35Z,A1,8.2,15.45,OCCUPIED
2026-09-30T05:40:36Z,A1,5.6,15.09,OCCUPIED
2026-09-30T05:40:37Z,A1,5.9,9.59,OCCUPIED
2026-09-30T05:40:38Z,A1,34.4,11.41,OCCUPIED
2026-09-30T05:40:41Z,A1,39.8,11.37,FREE
2026-09-30T05:40:42Z,A1,38.1,15.35,FREE
2026-09-30T05:40:43Z,A1,39.9,16.11,FREE
2026-09-30T05:40:44Z,A1,34.3,16.04,FREE
2026-09-30T05:40:45Z,A1,35.7,15.00,FREE
2026-09-30T05:40:46Z,A1,8.4,16.33,FREE
2026-09-30T05:40:47Z,A1,6.5,10.93,OCCUPIED
2026-09-30T05:40:48Z,A1,8.4,5.67,OCCUPIED
2026-09-30T05:40:49Z,A1,6.3,10.65,OCCUPIED
2026-09-30T05:40:50Z,A1,8.4,10.26,OCCUPIED
2026-09-30T05:40:53Z,A1,6.7,11.61,OCCUPIED
2026-09-30T05:40:54Z,A1,35.2,14.28,OCCUPIED
2026-09-30T05:40:55Z,A1,33.6,10.72,FREE
2026-09-30T05:40:56Z,A1,33.5,5.96,FREE
2026-09-30T05:40:59Z,A1,39.0,15.30,FREE
2026-09-30T05:41:00Z,A1,38.9,13.50,FREE
2026-09-30T05:41:01Z,A1,34.2,9.94,FREE
2026-09-30T05:41:02Z,A1,7.7,10.67,FREE
2026-09-30T05:41:03Z,A1,8.4,10.65,OCCUPIED
2026-09-30T05:41:04Z,A1,6.2,5.98,OCCUPIED
2026-09-30T05:41:05Z,A1,7.4,10.74,OCCUPIED
2026-09-30T05:41:06Z,A1,5.7,13.78,OCCUPIED
2026-09-30T05:41:07Z,A1,6.5,10.46,OCCUPIED
2026-09-30T05:41:08Z,A1,8.5,9.95,OCCUPIED
2026-09-30T05:41:09Z,A1,5.9,10.74,OCCUPIED
2026-09-30T05:41:10Z,A1,39.0,10.76,OCCUPIED
2026-09-30T05:41:11Z,A1,33.3,11.24,FREE
2026-09-30T05:41:12Z,A1,39.0,10.06,FREE
2026-09-30T05:41:13Z,A1,39.8,13.69,FREE
2026-09-30T05:41:14Z,A1,34.2,14.19,FREE
2026-09-30T05:41:15Z,A1,400.0,8.17,FREE
2026-09-30T05:41:16Z,A1,39.2,11.70,FREE
2026-09-30T05:41:17Z,A1,33.8,8.56,FREE
2026-09-30T05:41:29Z,A1,36.0,9.91,FREE
2026-09-30T05:41:30Z,A1,35.2,10.48,FREE
2026-09-30T05:41:31Z,A1,38.9,10.70,FREE
2026-09-30T05:41:35Z,A1,8.4,10.30,FREE
2026-09-30T05:41:36Z,A1,5.7,12.11,OCCUPIED
2026-09-30T05:41:37Z,A1,8.6,6.09,OCCUPIED
2026-09-30T05:41:38Z,A1,7.0,14.85,OCCUPIED
2026-09-30T05:41:39Z,A1,8.7,15.22,OCCUPIED
2026-09-30T05:41:40Z,A1,7.8,16.30,OCCUPIED
2026-09-30T05:41:41Z,A1,7.9,13.04,OCCUPIED
2026-09-30T05:41:42Z,A1,33.8,14.98,OCCUPIED
2026-09-30T05:41:43Z,A1,34.5,18.07,FREE
2026-09-30T05:41:44Z,A1,33.9,10.74,FREE
2026-09-30T05:41:45Z,A1,37.7,10.52,FREE
2026-09-30T05:41:46Z,A1,34.7,11.07,FREE
2026-09-30T05:41:47Z,A1,39.5,16.02,FREE
2026-09-30T05:41:48Z,A1,36.9,13.33,FREE
2026-09-30T05:41:49Z,A1,37.0,14.87,FREE
2026-09-30T05:41:50Z,A1,5.2,14.44,FREE
2026-09-30T05:41:51Z,A1,7.0,16.61,OCCUPIED
2026-09-30T05:41:52Z,A1,7.9,14.93,OCCUPIED
2026-09-30T05:41:53Z,A1,6.9,11.76,OCCUPIED
2026-09-30T05:41:54Z,A1,6.5,14.98,OCCUPIED
2026-09-30T05:41:55Z,A1,7.9,11.95,OCCUPIED
2026-09-30T05:41:56Z,A1,6.6,10.59,OCCUPIED
2026-09-30T05:41:57Z,A1,8.3,14.69,OCCUPIED
2026-09-30T05:41:58Z,A1,34.6,7.32,OCCUPIED
2026-09-30T05:41:59Z,A1,33.1,7.48,FREE
2026-09-30T05:42:00Z,A1,39.5,8.96,FREE
2026-09-30T05:42:01Z,A1,37.4,9.02,FREE
2026-09-30T05:42:02Z,A1,39.6,9.13,FREE
2026-09-30T05:42:09Z,A1,7.1,11.59,FREE
2026-09-30T05:42:10Z,A1,8.3,11.54,OCCUPIED
2026-09-30T05:42:11Z,A1,5.2,10.43,OCCUPIED
2026-09-30T05:42:12Z,A1,7.5,9.95,OCCUPIED
2026-09-30T05:42:13Z,A1,8.0,16.11,OCCUPIED
2026-09-30T05:42:14Z,A1,35.8,18.93,OCCUPIED
2026-09-30T05:42:15Z,A1,34.1,19.04,FREE
2026-09-30T05:42:16Z,A1,38.6,18.72,FREE
2026-09-30T05:42:17Z,A1,34.8,16.39,FREE
2026-09-30T05:42:18Z,A1,36.9,14.28,FREE
2026-09-30T05:42:19Z,A1,38.9,15.85,FREE
2026-09-30T05:42:20Z,A1,35.8,15.67,FREE
2026-09-30T05:42:21Z,A1,35.2,18.06,FREE
2026-09-30T05:42:22Z,A1,7.8,18.00,FREE
2026-09-30T05:42:23Z,A1,8.4,18.83,OCCUPIED
2026-09-30T05:42:24Z,A1,8.1,18.15,OCCUPIED
2026-09-30T05:42:25Z,A1,8.2,54.81,OCCUPIED
2026-09-30T05:42:26Z,A1,7.9,16.17,OCCUPIED
2026-09-30T05:42:27Z,A1,7.6,16.83,OCCUPIED
2026-09-30T05:42:28Z,A1,5.9,17.17,OCCUPIED
2026-09-30T05:42:29Z,A1,5.8,14.95,OCCUPIED
2026-09-30T05:42:30Z,A1,35.3,17.76,OCCUPIED
2026-09-30T05:42:31Z,A1,37.0,20.50,FREE
2026-09-30T05:42:32Z,A1,37.7,14.98,FREE
2026-09-30T05:42:33Z,A1,36.5,17.83,FREE
2026-09-30T05:42:34Z,A1,37.0,15.09,FREE
2026-09-30T05:42:35Z,A1,38.7,15.19,FREE
2026-09-30T05:42:36Z,A1,37.7,17.50,FREE
2026-09-30T05:42:37Z,A1,34.8,16.37,FREE
2026-09-30T05:42:38Z,A1,7.8,12.06,FREE
2026-09-30T05:42:39Z,A1,8.1,11.41,OCCUPIED
2026-09-30T05:42:40Z,A1,7.6,10.13,OCCUPIED
2026-09-30T05:42:41Z,A1,7.0,9.76,OCCUPIED
2026-09-30T05:42:45Z,A1,8.9,16.48,OCCUPIED
2026-09-30T05:42:46Z,A1,37.8,11.65,OCCUPIED
2026-09-30T05:42:54Z,A1,6.6,16.85,OCCUPIED
2026-09-30T05:42:55Z,A1,6.0,14.94,OCCUPIED
2026-09-30T05:42:56Z,A1,6.0,14.98,OCCUPIED
2026-09-30T05:42:57Z,A1,5.6,16.95,OCCUPIED
2026-09-30T05:42:58Z,A1,9.0,17.09,OCCUPIED
2026-09-30T05:42:59Z,A1,8.0,17.28,OCCUPIED
2026-09-30T05:43:00Z,A1,5.8,16.30,OCCUPIED
2026-09-30T05:43:01Z,A1,7.6,10.24,OCCUPIED
2026-09-30T05:43:02Z,A1,35.8,10.52,OCCUPIED
2026-09-30T05:43:03Z,A1,39.7,11.67,FREE
2026-09-30T05:43:04Z,A1,38.0,10.33,FREE
2026-09-30T05:43:06Z,A1,33.0,16.82,FREE
2026-09-30T05:43:07Z,A1,35.2,15.37,FREE
2026-09-30T05:43:08Z,A1,38.7,17.50,FREE
2026-09-30T05:43:09Z,A1,37.4,10.31,FREE
2026-09-30T05:43:10Z,A1,7.7,11.70,FREE
2026-09-30T05:43:11Z,A1,5.8,11.83,OCCUPIED
2026-09-30T05:43:12Z,A1,6.7,6.89,OCCUPIED
2026-09-30T05:43:13Z,A1,8.5,6.41,OCCUPIED
2026-09-30T05:43:14Z,A1,6.3,17.89,OCCUPIED
2026-09-30T05:43:15Z,A1,6.5,15.95,OCCUPIED
2026-09-30T05:43:16Z,A1,8.3,10.89,OCCUPIED
2026-09-30T05:43:17Z,A1,5.5,9.95,OCCUPIED
2026-09-30T05:43:18Z,A1,39.4,14.57,OCCUPIED
2026-09-30T05:43:19Z,A1,38.4,8.31,FREE
2026-09-30T05:43:20Z,A1,38.6,6.70,FREE
2026-09-30T05:43:21Z,A1,35.3,8.07,FREE
2026-09-30T05:43:22Z,A1,34.5,10.22,FREE
2026-09-30T05:43:23Z,A1,35.8,10.13,FREE
2026-09-30T05:43:24Z,A1,35.9,18.48,FREE
2026-09-30T05:43:25Z,A1,33.4,16.87,FREE
2026-09-30T05:43:26Z,A1,6.2,20.06,FREE
2026-09-30T05:43:27Z,A1,2.0,13.28,OCCUPIED
2026-09-30T05:43:28Z,A1,5.6,10.72,OCCUPIED
2026-09-30T05:43:29Z,A1,5.1,5.95,OCCUPIED
2026-09-30T05:43:30Z,A1,6.2,6.35,OCCUPIED
2026-09-30T05:43:32Z,A1,6.4,26.56,OCCUPIED
2026-09-30T05:43:33Z,A1,0.0,5.05,OCCUPIED
2026-09-30T05:43:34Z,A1,34.4,15.30,OCCUPIED
2026-09-30T05:43:35Z,A1,33.2,17.63,FREE
2026-09-30T05:43:36Z,A1,35.7,10.31,FREE
2026-09-30T05:43:37Z,A1,37.6,11.30,FREE
2026-09-30T05:43:38Z,A1,34.0,17.59,FREE
2026-09-30T05:43:39Z,A1,34.6,11.44,FREE
2026-09-30T05:43:40Z,A1,36.3,10.48,FREE
2026-09-30T05:43:41Z,A1,37.6,8.57,FREE
2026-09-30T05:43:42Z,A1,5.2,7.93,FREE
2026-09-30T05:43:43Z,A1,8.3,8.07,OCCUPIED
2026-09-30T05:43:44Z,A1,5.2,10.76,OCCUPIED
2026-09-30T05:43:45Z,A1,7.4,13.30,OCCUPIED
2026-09-30T05:43:46Z,A1,5.2,10.02,OCCUPIED
2026-09-30T05:43:47Z,A1,7.8,13.28,OCCUPIED
2026-09-30T05:43:48Z,A1,5.9,10.59,OCCUPIED
2026-09-30T05:43:49Z,A1,5.1,14.44,OCCUPIED
2026-09-30T05:43:50Z,A1,37.7,15.72,OCCUPIED
2026-09-30T05:43:52Z,A1,37.4,18.76,FREE
2026-09-30T05:43:53Z,A1,34.6,17.30,FREE
2026-09-30T05:43:54Z,A1,33.2,18.91,FREE
2026-09-30T05:43:55Z,A1,36.3,72.83,FREE
2026-09-30T05:43:56Z,A1,34.9,14.95,FREE
2026-09-30T05:43:57Z,A1,39.3,17.89,FREE
2026-09-30T05:43:58Z,A1,6.3,20.37,FREE
2026-09-30T05:43:59Z,A1,5.8,11.72,OCCUPIED
2026-09-30T05:44:00Z,A1,8.9,9.80,OCCUPIED
2026-09-30T05:44:03Z,A1,5.3,10.39,OCCUPIED
2026-09-30T05:44:04Z,A1,8.0,9.52,OCCUPIED
2026-09-30T05:44:05Z,A1,6.2,13.65,OCCUPIED
2026-09-30T05:44:06Z,A1,35.0,16.61,OCCUPIED
2026-09-30T05:44:07Z,A1,37.2,21.72,FREE
2026-09-30T05:44:08Z,A1,35.8,15.54,FREE
2026-09-30T05:44:09Z,A1,34.0,17.35,FREE
2026-09-30T05:44:10Z,A1,34.0,15.63,FREE
2026-09-30T05:44:11Z,A1,39.8,18.28,FREE
2026-09-30T05:44:12Z,A1,38.0,16.68,FREE
2026-09-30T05:44:13Z,A1,39.0,17.11,FREE
2026-09-30T05:44:14Z,A1,400.0,9.20,FREE
2026-09-30T05:44:15Z,A1,7.1,16.02,FREE
2026-09-30T05:44:16Z,A1,7.1,20.41,OCCUPIED
2026-09-30T05:44:17Z,A1,6.8,16.59,OCCUPIED
2026-09-30T05:44:18Z,A1,7.4,15.02,OCCUPIED
2026-09-30T05:44:19Z,A1,6.3,16.63,OCCUPIED
2026-09-30T05:44:20Z,A1,5.6,14.65,OCCUPIED
2026-09-30T05:44:21Z,A1,8.2,15.35,OCCUPIED
2026-09-30T05:44:22Z,A1,33.1,17.02,OCCUPIED
2026-09-30T05:44:23Z,A1,36.3,20.20,FREE
2026-09-30T05:44:24Z,A1,0.0,10.35,FREE
2026-09-30T05:44:25Z,A1,34.3,16.82,FREE
2026-09-30T05:44:26Z,A1,38.1,15.89,FREE
2026-09-30T05:44:27Z,A1,37.4,16.04,FREE
2026-09-30T05:44:28Z,A1,38.5,14.98,FREE
2026-09-30T05:44:29Z,A1,35.8,16.39,FREE
2026-09-30T05:44:30Z,A1,0.0,6.83,FREE
2026-09-30T05:44:31Z,A1,6.9,12.35,FREE
2026-09-30T05:44:32Z,A1,6.7,12.52,OCCUPIED
2026-09-30T05:44:33Z,A1,5.5,10.04,OCCUPIED
2026-09-30T05:44:34Z,A1,5.2,10.13,OCCUPIED
2026-09-30T05:44:35Z,A1,7.7,16.13,OCCUPIED
2026-09-30T05:44:36Z,A1,5.5,17.76,OCCUPIED
2026-09-30T05:44:41Z,A1,38.1,20.72,OCCUPIED
2026-09-30T05:44:42Z,A1,37.4,18.09,FREE
2026-09-30T05:44:43Z,A1,34.8,10.28,FREE
2026-09-30T05:44:44Z,A1,38.0,11.74,FREE
2026-09-30T05:44:45Z,A1,34.6,15.76,FREE
2026-09-30T05:44:46Z,A1,8.3,11.59,FREE
2026-09-30T05:44:47Z,A1,7.2,11.63,OCCUPIED
2026-09-30T05:44:48Z,A1,6.1,7.22,OCCUPIED
2026-09-30T05:44:49Z,A1,6.6,6.72,OCCUPIED
2026-09-30T05:44:50Z,A1,6.8,10.56,OCCUPIED
2026-09-30T05:44:51Z,A1,8.8,17.87,OCCUPIED
2026-09-30T05:44:52Z,A1,8.7,16.78,OCCUPIED
2026-09-30T05:44:53Z,A1,7.2,15.72,OCCUPIED
2026-09-30T05:44:54Z,A1,34.4,16.32,OCCUPIED
2026-09-30T05:44:55Z,A1,34.9,19.00,FREE
2026-09-30T05:44:56Z,A1,39.4,10.70,FREE
2026-09-30T05:44:58Z,A1,36.6,14.33,FREE
2026-09-30T05:44:59Z,A1,34.1,11.15,FREE
2026-09-30T05:45:01Z,A1,7.3,18.72,FREE
2026-09-30T05:45:02Z,A1,7.3,16.02,OCCUPIED
2026-09-30T05:45:03Z,A1,7.2,16.45,OCCUPIED
2026-09-30T05:45:04Z,A1,5.5,14.19,OCCUPIED
2026-09-30T05:45:05Z,A1,5.9,16.80,OCCUPIED
2026-09-30T05:45:06Z,A1,7.5,19.37,OCCUPIED
2026-09-30T05:45:07Z,A1,7.4,5.76,OCCUPIED
2026-09-30T05:45:08Z,A1,8.4,6.43,OCCUPIED
2026-09-30T05:45:09Z,A1,35.8,10.93,OCCUPIED
2026-09-30T05:45:10Z,A1,400.0,3.74,OCCUPIED
2026-09-30T05:45:11Z,A1,37.4,7.85,FREE
2026-09-30T05:45:12Z,A1,39.0,9.46,FREE
2026-09-30T05:45:15Z,A1,38.1,15.06,FREE
2026-09-30T05:45:16Z,A1,39.4,12.83,FREE
2026-09-30T05:45:17Z,A1,37.7,9.72,FREE
2026-09-30T05:45:18Z,A1,5.6,15.78,FREE
2026-09-30T05:45:19Z,A1,7.2,17.57,OCCUPIED
2026-09-30T05:45:20Z,A1,5.2,13.28,OCCUPIED
2026-09-30T05:45:21Z,A1,6.1,10.02,OCCUPIED
2026-09-30T05:45:22Z,A1,7.7,11.02,OCCUPIED
2026-09-30T05:45:23Z,A1,5.0,9.96,OCCUPIED
2026-09-30T05:45:24Z,A1,6.5,9.70,OCCUPIED
2026-09-30T05:45:25Z,A1,6.8,10.19,OCCUPIED
2026-09-30T05:45:26Z,A1,39.5,14.39,OCCUPIED
2026-09-30T05:45:27Z,A1,38.8,20.06,FREE
2026-09-30T05:45:28Z,A1,38.9,12.33,FREE
2026-09-30T05:45:29Z,A1,34.3,10.80,FREE
2026-09-30T05:45:30Z,A1,38.8,15.15,FREE
2026-09-30T05:45:31Z,A1,39.6,18.00,FREE
2026-09-30T05:45:32Z,A1,36.9,16.50,FREE
2026-09-30T05:45:33Z,A1,34.7,18.11,FREE
2026-09-30T05:45:36Z,A1,8.4,20.46,FREE
2026-09-30T05:45:37Z,A1,8.8,18.48,OCCUPIED
2026-09-30T05:45:38Z,A1,6.0,15.50,OCCUPIED
2026-09-30T05:45:39Z,A1,5.4,17.11,OCCUPIED
2026-09-30T05:45:40Z,A1,5.9,12.35,OCCUPIED
2026-09-30T05:45:41Z,A1,8.8,17.18,OCCUPIED
2026-09-30T05:45:42Z,A1,33.2,17.22,OCCUPIED
2026-09-30T05:45:43Z,A1,34.4,20.83,FREE
2026-09-30T05:45:44Z,A1,37.0,16.67,FREE
2026-09-30T05:45:45Z,A1,36.2,17.20,FREE
2026-09-30T05:45:46Z,A1,39.3,15.91,FREE
2026-09-30T05:45:47Z,A1,39.1,15.76,FREE
2026-09-30T05:45:48Z,A1,33.8,16.07,FREE
2026-09-30T05:45:53Z,A1,6.0,18.33,FREE
2026-09-30T05:45:54Z,A1,8.8,18.80,OCCUPIED
2026-09-30T05:45:55Z,A1,8.3,15.26,OCCUPIED
2026-09-30T05:45:56Z,A1,7.3,16.35,OCCUPIED
2026-09-30T05:45:57Z,A1,34.6,11.59,OCCUPIED
2026-09-30T05:45:58Z,A1,36.5,14.48,FREE
2026-09-30T05:45:59Z,A1,35.0,11.56,FREE
2026-09-30T05:46:01Z,A1,38.2,10.43,FREE
2026-09-30T05:46:02Z,A1,37.7,10.11,FREE
2026-09-30T05:46:03Z,A1,35.7,10.07,FREE
2026-09-30T05:46:04Z,A1,400.0,6.61,FREE
2026-09-30T05:46:05Z,A1,34.4,16.67,FREE
2026-09-30T05:46:06Z,A1,7.6,18.04,FREE
2026-09-30T05:46:07Z,A1,5.2,11.81,OCCUPIED
2026-09-30T05:46:08Z,A1,7.0,10.20,OCCUPIED
2026-09-30T05:46:09Z,A1,7.7,9.37,OCCUPIED
2026-09-30T05:46:10Z,A1,6.5,9.89,OCCUPIED
2026-09-30T05:46:11Z,A1,8.4,10.00,OCCUPIED
2026-09-30T05:46:12Z,A1,5.8,15.37,OCCUPIED
2026-09-30T05:46:14Z,A1,33.0,17.98,OCCUPIED
2026-09-30T05:46:15Z,A1,35.3,16.33,FREE
2026-09-30T05:46:16Z,A1,34.0,11.61,FREE
2026-09-30T05:46:17Z,A1,33.3,10.15,FREE
2026-09-30T05:46:18Z,A1,36.2,14.50,FREE
2026-09-30T05:46:19Z,A1,33.5,17.06,FREE
2026-09-30T05:46:20Z,A1,37.8,14.50,FREE
2026-09-30T05:46:21Z,A1,33.2,17.07,FREE
2026-09-30T05:46:22Z,A1,7.9,19.68,FREE
2026-09-30T05:46:23Z,A1,6.3,10.54,OCCUPIED
2026-09-30T05:46:24Z,A1,8.3,11.22,OCCUPIED
2026-09-30T05:46:25Z,A1,5.6,17.72,OCCUPIED
2026-09-30T05:46:26Z,A1,7.0,17.50,OCCUPIED
2026-09-30T05:46:27Z,A1,6.4,18.06,OCCUPIED
2026-09-30T05:46:28Z,A1,5.4,37.26,OCCUPIED
2026-09-30T05:46:33Z,A1,36.5,7.13,OCCUPIED
2026-09-30T05:46:34Z,A1,34.4,13.04,FREE
2026-09-30T05:46:35Z,A1,0.0,3.57,FREE
2026-09-30T05:46:36Z,A1,39.6,18.20,FREE
2026-09-30T05:46:37Z,A1,33.8,11.44,FREE
2026-09-30T05:46:38Z,A1,8.5,10.94,FREE
2026-09-30T05:46:39Z,A1,2.0,25.11,OCCUPIED
2026-09-30T05:46:40Z,A1,5.4,11.00,OCCUPIED
2026-09-30T05:46:41Z,A1,7.5,6.54,OCCUPIED
2026-09-30T05:46:42Z,A1,5.3,17.06,OCCUPIED
2026-09-30T05:46:43Z,A1,7.8,16.52,OCCUPIED
2026-09-30T05:46:44Z,A1,7.4,17.24,OCCUPIED
2026-09-30T05:46:45Z,A1,6.2,17.61,OCCUPIED
2026-09-30T05:46:46Z,A1,34.0,13.24,OCCUPIED
2026-09-30T05:46:48Z,A1,35.3,16.37,FREE
2026-09-30T05:46:49Z,A1,36.0,10.44,FREE
2026-09-30T05:46:50Z,A1,0.0,5.63,FREE
2026-09-30T05:46:51Z,A1,39.1,14.04,FREE
2026-09-30T05:46:52Z,A1,34.7,15.24,FREE
2026-09-30T05:46:53Z,A1,37.8,16.02,FREE
2026-09-30T05:46:54Z,A1,8.8,17.59,FREE
2026-09-30T05:46:55Z,A1,5.8,18.52,OCCUPIED
2026-09-30T05:46:56Z,A1,7.4,10.39,OCCUPIED
2026-09-30T05:46:57Z,A1,5.9,9.93,OCCUPIED
2026-09-30T05:46:58Z,A1,8.3,15.57,OCCUPIED
2026-09-30T05:46:59Z,A1,8.9,14.09,OCCUPIED
2026-09-30T05:47:00Z,A1,7.4,15.57,OCCUPIED
2026-09-30T05:47:01Z,A1,8.0,15.65,OCCUPIED
2026-09-30T05:47:02Z,A1,36.5,10.85,OCCUPIED
2026-09-30T05:47:03Z,A1,35.3,11.80,FREE
2026-09-30T05:47:04Z,A1,39.8,6.02,FREE
2026-09-30T05:47:05Z,A1,38.1,10.11,FREE
2026-09-30T05:47:06Z,A1,36.0,10.67,FREE
2026-09-30T05:47:13Z,A1,0.0,3.59,FREE
2026-09-30T05:47:14Z,A1,0.0,4.94,FREE
2026-09-30T05:47:15Z,A1,5.1,11.22,FREE
2026-09-30T05:47:16Z,A1,7.0,20.04,OCCUPIED
2026-09-30T05:47:17Z,A1,7.8,12.95,OCCUPIED
2026-09-30T05:47:18Z,A1,39.7,13.98,OCCUPIED
2026-09-30T05:47:19Z,A1,36.2,19.48,FREE
2026-09-30T05:47:20Z,A1,37.3,11.63,FREE
2026-09-30T05:47:21Z,A1,38.8,10.06,FREE
2026-09-30T05:47:22Z,A1,36.6,9.91,FREE
2026-09-30T05:47:23Z,A1,36.6,10.30,FREE
2026-09-30T05:47:24Z,A1,37.7,8.30,FREE
2026-09-30T05:47:25Z,A1,39.3,7.18,FREE
2026-09-30T05:47:26Z,A1,6.5,9.48,FREE
2026-09-30T05:47:27Z,A1,6.2,13.02,OCCUPIED
2026-09-30T05:47:28Z,A1,7.0,12.41,OCCUPIED
2026-09-30T05:47:29Z,A1,0.0,9.72,OCCUPIED
2026-09-30T05:47:30Z,A1,5.8,13.72,OCCUPIED
2026-09-30T05:47:31Z,A1,5.2,12.00,OCCUPIED
2026-09-30T05:47:32Z,A1,8.4,14.72,OCCUPIED
2026-09-30T05:47:33Z,A1,8.9,12.43,OCCUPIED
2026-09-30T05:47:34Z,A1,35.4,19.35,OCCUPIED
2026-09-30T05:47:35Z,A1,2.0,12.63,OCCUPIED
2026-09-30T05:47:36Z,A1,38.3,16.70,OCCUPIED
2026-09-30T05:47:37Z,A1,36.9,17.68,FREE
2026-09-30T05:47:38Z,A1,33.8,13.63,FREE
2026-09-30T05:47:39Z,A1,33.4,14.61,FREE
2026-09-30T05:47:40Z,A1,37.5,13.91,FREE
2026-09-30T05:47:41Z,A1,33.7,12.89,FREE
2026-09-30T05:47:42Z,A1,7.0,8.56,FREE
2026-09-30T05:47:43Z,A1,7.2,10.96,OCCUPIED
2026-09-30T05:47:49Z,A1,7.7,14.41,OCCUPIED
2026-09-30T05:47:50Z,A1,34.7,20.00,OCCUPIED
2026-09-30T05:47:51Z,A1,36.4,19.05,FREE
2026-09-30T05:47:52Z,A1,39.8,9.98,FREE
2026-09-30T05:47:53Z,A1,34.6,10.45,FREE
2026-09-30T05:47:54Z,A1,37.4,11.04,FREE
2026-09-30T05:47:55Z,A1,35.8,10.13,FREE
2026-09-30T05:47:56Z,A1,38.7,10.91,FREE
2026-09-30T05:47:57Z,A1,38.2,15.91,FREE
2026-09-30T05:47:58Z,A1,8.4,19.65,FREE
2026-09-30T05:47:59Z,A1,8.8,18.11,OCCUPIED
2026-09-30T05:48:00Z,A1,7.3,16.54,OCCUPIED
2026-09-30T05:48:01Z,A1,7.5,15.54,OCCUPIED
2026-09-30T05:48:02Z,A1,7.1,10.33,OCCUPIED
2026-09-30T05:48:04Z,A1,7.1,11.19,OCCUPIED
2026-09-30T05:48:05Z,A1,36.4,18.89,OCCUPIED
2026-09-30T05:48:06Z,A1,34.9,10.37,FREE
2026-09-30T05:48:07Z,A1,38.2,9.37,FREE
2026-09-30T05:48:08Z,A1,37.2,11.20,FREE
2026-09-30T05:48:10Z,A1,35.3,9.89,FREE
2026-09-30T05:48:11Z,A1,34.2,12.98,FREE
2026-09-30T05:48:12Z,A1,37.9,11.20,FREE
2026-09-30T05:48:13Z,A1,33.3,10.63,FREE
2026-09-30T05:48:14Z,A1,400.0,7.48,FREE
2026-09-30T05:48:15Z,A1,6.8,13.56,FREE
2026-09-30T05:48:16Z,A1,5.9,13.70,OCCUPIED
2026-09-30T05:48:17Z,A1,5.2,12.35,OCCUPIED
2026-09-30T05:48:18Z,A1,5.8,12.06,OCCUPIED
2026-09-30T05:48:19Z,A1,7.6,13.85,OCCUPIED
2026-09-30T05:48:20Z,A1,7.4,14.93,OCCUPIED
2026-09-30T05:48:21Z,A1,6.4,17.89,OCCUPIED
2026-09-30T05:48:22Z,A1,33.6,15.20,OCCUPIED
2026-09-30T05:48:23Z,A1,37.3,9.87,FREE
2026-09-30T05:48:28Z,A1,36.2,10.43,FREE
2026-09-30T05:48:29Z,A1,6.3,13.04,FREE
2026-09-30T05:48:30Z,A1,5.7,10.20,OCCUPIED
2026-09-30T05:48:31Z,A1,6.4,10.44,OCCUPIED
2026-09-30T05:48:32Z,A1,6.0,10.41,OCCUPIED
2026-09-30T05:48:33Z,A1,5.5,11.00,OCCUPIED
2026-09-30T05:48:34Z,A1,8.1,8.17,OCCUPIED
2026-09-30T05:48:35Z,A1,8.8,9.41,OCCUPIED
2026-09-30T05:48:36Z,A1,7.3,10.59,OCCUPIED
2026-09-30T05:48:37Z,A1,34.2,18.13,OCCUPIED
2026-09-30T05:48:38Z,A1,37.5,15.35,FREE
2026-09-30T05:48:40Z,A1,36.0,14.33,FREE
2026-09-30T05:48:41Z,A1,37.9,15.91,FREE
2026-09-30T05:48:42Z,A1,400.0,10.31,FREE
2026-09-30T05:48:43Z,A1,36.9,9.94,FREE
2026-09-30T05:48:44Z,A1,39.2,10.11,FREE
2026-09-30T05:48:45Z,A1,400.0,6.50,FREE
2026-09-30T05:48:46Z,A1,8.4,11.54,FREE
2026-09-30T05:48:47Z,A1,7.3,11.93,OCCUPIED
2026-09-30T05:48:48Z,A1,5.6,15.24,OCCUPIED
2026-09-30T05:48:49Z,A1,6.0,15.54,OCCUPIED
2026-09-30T05:48:50Z,A1,7.3,15.26,OCCUPIED
2026-09-30T05:48:51Z,A1,7.7,17.00,OCCUPIED
2026-09-30T05:48:52Z,A1,5.7,14.06,OCCUPIED
2026-09-30T05:48:53Z,A1,7.8,10.46,OCCUPIED
2026-09-30T05:48:54Z,A1,400.0,6.83,OCCUPIED
2026-09-30T05:48:55Z,A1,37.0,10.56,OCCUPIED
2026-09-30T05:48:56Z,A1,38.4,11.30,FREE
2026-09-30T05:48:57Z,A1,34.3,10.46,FREE
2026-09-30T05:48:58Z,A1,36.8,28.28,FREE
2026-09-30T05:48:59Z,A1,37.8,13.67,FREE
2026-09-30T05:49:02Z,A1,5.2,14.52,FREE
2026-09-30T05:49:03Z,A1,8.3,18.00,OCCUPIED
2026-09-30T05:49:04Z,A1,7.8,13.81,OCCUPIED
2026-09-30T05:49:08Z,A1,5.5,14.85,OCCUPIED
2026-09-30T05:49:09Z,A1,8.2,17.09,OCCUPIED
2026-09-30T05:49:10Z,A1,34.0,20.00,OCCUPIED
2026-09-30T05:49:11Z,A1,33.8,18.63,FREE
2026-09-30T05:49:12Z,A1,39.3,14.93,FREE
2026-09-30T05:49:13Z,A1,34.4,9.59,FREE
2026-09-30T05:49:14Z,A1,38.7,10.22,FREE
2026-09-30T05:49:15Z,A1,2.0,10.85,FREE
2026-09-30T05:49:16Z,A1,39.4,9.91,FREE
2026-09-30T05:49:17Z,A1,40.0,10.85,FREE
2026-09-30T05:49:18Z,A1,8.0,16.67,FREE
2026-09-30T05:49:19Z,A1,6.0,18.13,OCCUPIED
2026-09-30T05:49:20Z,A1,8.6,14.95,OCCUPIED
2026-09-30T05:49:23Z,A1,7.3,10.80,OCCUPIED
2026-09-30T05:49:24Z,A1,6.3,9.69,OCCUPIED
2026-09-30T05:49:25Z,A1,8.9,11.78,OCCUPIED
2026-09-30T05:49:26Z,A1,38.6,11.43,OCCUPIED
2026-09-30T05:49:27Z,A1,34.3,12.24,FREE
2026-09-30T05:49:28Z,A1,2.0,9.17,FREE
2026-09-30T05:49:29Z,A1,38.6,10.04,FREE
2026-09-30T05:49:30Z,A1,38.8,10.63,FREE
2026-09-30T05:49:31Z,A1,33.9,7.11,FREE
2026-09-30T05:49:32Z,A1,35.3,10.30,FREE
2026-09-30T05:49:33Z,A1,34.0,15.02,FREE
2026-09-30T05:49:34Z,A1,5.3,15.85,FREE
2026-09-30T05:49:35Z,A1,8.1,17.89,OCCUPIED
2026-09-30T05:49:36Z,A1,8.0,12.41,OCCUPIED
2026-09-30T05:49:37Z,A1,6.5,15.98,OCCUPIED
2026-09-30T05:49:38Z,A1,8.7,14.72,OCCUPIED
2026-09-30T05:49:39Z,A1,8.6,12.61,OCCUPIED
2026-09-30T05:49:40Z,A1,8.4,15.72,OCCUPIED
2026-09-30T05:49:41Z,A1,6.4,15.74,OCCUPIED
2026-09-30T05:49:42Z,A1,36.6,17.65,OCCUPIED
2026-09-30T05:49:43Z,A1,39.7,8.37,FREE
2026-09-30T05:49:44Z,A1,38.9,6.39,FREE
2026-09-30T05:49:45Z,A1,34.1,9.83,FREE
2026-09-30T05:49:46Z,A1,35.9,10.91,FREE
2026-09-30T05:49:47Z,A1,38.4,11.00,FREE
2026-09-30T05:49:50Z,A1,5.9,21.24,FREE
2026-09-30T05:49:51Z,A1,400.0,13.61,FREE
2026-09-30T05:49:52Z,A1,8.0,19.13,OCCUPIED
2026-09-30T05:49:53Z,A1,7.8,12.30,OCCUPIED
2026-09-30T05:49:54Z,A1,7.2,10.50,OCCUPIED
2026-09-30T05:49:55Z,A1,5.9,11.91,OCCUPIED
2026-09-30T05:49:56Z,A1,8.2,10.41,OCCUPIED
2026-09-30T05:49:57Z,A1,39.0,20.02,OCCUPIED
2026-09-30T05:49:58Z,A1,34.6,12.11,FREE
2026-09-30T05:49:59Z,A1,35.8,9.67,FREE
2026-09-30T05:50:00Z,A1,35.9,10.05,FREE
2026-09-30T05:50:01Z,A1,33.2,9.96,FREE
2026-09-30T05:50:02Z,A1,35.6,10.20,FREE
2026-09-30T05:50:03Z,A1,35.1,15.15,FREE
2026-09-30T05:50:04Z,A1,36.2,31.18,FREE
2026-09-30T05:50:05Z,A1,7.9,16.78,FREE
2026-09-30T05:50:06Z,A1,6.2,20.98,OCCUPIED
2026-09-30T05:50:07Z,A1,7.5,16.15,OCCUPIED
2026-09-30T05:50:08Z,A1,5.6,15.22,OCCUPIED
2026-09-30T05:50:09Z,A1,6.3,16.00,OCCUPIED
2026-09-30T05:50:10Z,A1,5.2,15.80,OCCUPIED
2026-09-30T05:50:11Z,A1,8.6,15.91,OCCUPIED
2026-09-30T05:50:12Z,A1,5.2,54.54,OCCUPIED
2026-09-30T05:50:13Z,A1,39.4,18.02,OCCUPIED
2026-09-30T05:50:14Z,A1,34.4,17.33,FREE
2026-09-30T05:50:15Z,A1,35.7,15.52,FREE
2026-09-30T05:50:16Z,A1,39.6,17.57,FREE
2026-09-30T05:50:17Z,A1,37.2,16.76,FREE
2026-09-30T05:50:18Z,A1,0.0,9.83,FREE
2026-09-30T05:50:19Z,A1,36.1,16.91,FREE
2026-09-30T05:50:20Z,A1,37.0,15.87,FREE
2026-09-30T05:50:21Z,A1,6.8,17.72,FREE
2026-09-30T05:50:22Z,A1,6.3,20.91,OCCUPIED
2026-09-30T05:50:23Z,A1,2.0,9.78,OCCUPIED
2026-09-30T05:50:26Z,A1,7.2,17.11,OCCUPIED
2026-09-30T05:50:27Z,A1,6.8,10.41,OCCUPIED
2026-09-30T05:50:28Z,A1,7.5,17.19,OCCUPIED
2026-09-30T05:50:29Z,A1,2.0,10.52,OCCUPIED
2026-09-30T05:50:30Z,A1,36.2,10.28,OCCUPIED
2026-09-30T05:50:31Z,A1,36.9,10.39,FREE
2026-09-30T05:50:32Z,A1,0.0,3.37,FREE
2026-09-30T05:50:33Z,A1,39.6,9.63,FREE
2026-09-30T05:50:34Z,A1,37.3,16.26,FREE
2026-09-30T05:50:35Z,A1,34.3,14.69,FREE
2026-09-30T05:50:36Z,A1,34.5,17.32,FREE
2026-09-30T05:50:37Z,A1,39.3,14.48,FREE
2026-09-30T05:50:38Z,A1,6.3,17.52,FREE
2026-09-30T05:50:39Z,A1,8.8,20.41,OCCUPIED
2026-09-30T05:50:40Z,A1,6.5,12.31,OCCUPIED
2026-09-30T05:50:41Z,A1,8.6,11.13,OCCUPIED
2026-09-30T05:50:42Z,A1,8.1,17.39,OCCUPIED
2026-09-30T05:50:44Z,A1,5.9,5.44,OCCUPIED
2026-09-30T05:50:45Z,A1,8.6,12.39,OCCUPIED
2026-09-30T05:50:46Z,A1,35.0,10.07,OCCUPIED
2026-09-30T05:50:47Z,A1,37.2,11.33,FREE
2026-09-30T05:50:48Z,A1,34.6,6.85,FREE
2026-09-30T05:50:49Z,A1,34.2,15.57,FREE
2026-09-30T05:50:50Z,A1,35.0,11.35,FREE
2026-09-30T05:50:51Z,A1,36.3,16.65,FREE
2026-09-30T05:50:52Z,A1,39.0,15.37,FREE
2026-09-30T05:50:53Z,A1,37.9,15.87,FREE
2026-09-30T05:50:54Z,A1,6.7,10.72,FREE
2026-09-30T05:50:55Z,A1,5.0,8.80,OCCUPIED
2026-09-30T05:50:56Z,A1,6.4,10.57,OCCUPIED
2026-09-30T05:50:57Z,A1,9.0,9.78,OCCUPIED
2026-09-30T05:50:58Z,A1,7.4,17.41,OCCUPIED
2026-09-30T05:50:59Z,A1,6.2,16.94,OCCUPIED
2026-09-30T05:51:00Z,A1,6.0,15.19,OCCUPIED
2026-09-30T05:51:02Z,A1,33.9,15.67,OCCUPIED
2026-09-30T05:51:03Z,A1,39.9,17.72,FREE
2026-09-30T05:51:04Z,A1,35.1,10.85,FREE
2026-09-30T05:51:05Z,A1,36.6,10.17,FREE
2026-09-30T05:51:06Z,A1,33.7,16.30,FREE
2026-09-30T05:51:07Z,A1,0.0,7.11,FREE
2026-09-30T05:51:08Z,A1,34.0,15.80,FREE
2026-09-30T05:51:09Z,A1,33.0,16.41,FREE
2026-09-30T05:51:10Z,A1,5.3,13.19,FREE
2026-09-30T05:51:11Z,A1,7.2,12.70,OCCUPIED
2026-09-30T05:51:12Z,A1,5.1,10.96,OCCUPIED
2026-09-30T05:51:14Z,A1,5.8,10.67,OCCUPIED
2026-09-30T05:51:15Z,A1,6.8,9.67,OCCUPIED
2026-09-30T05:51:16Z,A1,5.5,11.20,OCCUPIED
2026-09-30T05:51:17Z,A1,37.6,10.76,OCCUPIED
2026-09-30T05:51:18Z,A1,33.3,11.85,FREE
2026-09-30T05:51:19Z,A1,36.8,14.19,FREE
2026-09-30T05:51:20Z,A1,33.9,18.41,FREE
2026-09-30T05:51:21Z,A1,34.3,15.72,FREE
2026-09-30T05:51:22Z,A1,36.4,16.93,FREE
2026-09-30T05:51:23Z,A1,33.1,16.54,FREE
2026-09-30T05:51:24Z,A1,36.8,10.94,FREE
2026-09-30T05:51:25Z,A1,8.9,10.89,FREE
2026-09-30T05:51:26Z,A1,5.5,11.61,OCCUPIED
2026-09-30T05:51:27Z,A1,8.1,11.54,OCCUPIED
2026-09-30T05:51:28Z,A1,7.6,16.32,OCCUPIED
2026-09-30T05:51:29Z,A1,6.5,9.46,OCCUPIED
2026-09-30T05:51:30Z,A1,400.0,6.24,OCCUPIED
2026-09-30T05:51:31Z,A1,8.5,10.20,OCCUPIED
2026-09-30T05:51:32Z,A1,5.3,10.54,OCCUPIED
2026-09-30T05:51:33Z,A1,33.0,11.24,OCCUPIED
2026-09-30T05:51:34Z,A1,39.2,17.59,FREE
2026-09-30T05:51:35Z,A1,34.0,11.76,FREE
2026-09-30T05:51:36Z,A1,39.2,10.33,FREE
2026-09-30T05:51:37Z,A1,34.7,16.85,FREE
2026-09-30T05:51:38Z,A1,33.2,16.41,FREE
2026-09-30T05:51:39Z,A1,34.2,15.19,FREE
2026-09-30T05:51:40Z,A1,34.0,16.44,FREE
2026-09-30T05:51:41Z,A1,5.9,15.50,FREE
2026-09-30T05:51:42Z,A1,8.8,20.83,OCCUPIED
2026-09-30T05:51:43Z,A1,5.3,10.41,OCCUPIED
2026-09-30T05:51:44Z,A1,8.9,10.33,OCCUPIED
2026-09-30T05:51:45Z,A1,0.0,6.52,OCCUPIED
2026-09-30T05:51:46Z,A1,5.1,15.57,OCCUPIED
2026-09-30T05:51:50Z,A1,0.0,6.07,OCCUPIED
2026-09-30T05:51:51Z,A1,33.9,59.43,OCCUPIED
2026-09-30T05:51:52Z,A1,39.9,17.35,FREE
2026-09-30T05:51:53Z,A1,39.9,10.70,FREE
2026-09-30T05:51:54Z,A1,36.8,8.06,FREE
2026-09-30T05:51:55Z,A1,35.8,10.48,FREE
2026-09-30T05:51:56Z,A1,33.6,10.69,FREE
2026-09-30T05:51:57Z,A1,37.9,10.19,FREE
2026-09-30T05:51:58Z,A1,6.9,19.39,FREE
2026-09-30T05:51:59Z,A1,8.3,18.63,OCCUPIED
2026-09-30T05:52:00Z,A1,7.7,7.61,OCCUPIED
2026-09-30T05:52:01Z,A1,0.0,7.05,OCCUPIED
2026-09-30T05:52:02Z,A1,8.9,7.54,OCCUPIED
2026-09-30T05:52:03Z,A1,5.4,10.41,OCCUPIED
2026-09-30T05:52:04Z,A1,5.6,6.74,OCCUPIED
2026-09-30T05:52:05Z,A1,8.3,9.80,OCCUPIED
2026-09-30T05:52:08Z,A1,36.3,19.39,OCCUPIED
2026-09-30T05:52:09Z,A1,33.9,12.13,FREE
2026-09-30T05:52:10Z,A1,39.4,9.70,FREE
2026-09-30T05:52:11Z,A1,400.0,5.74,FREE
2026-09-30T05:52:12Z,A1,37.9,10.31,FREE
2026-09-30T05:52:13Z,A1,36.3,10.17,FREE
2026-09-30T05:52:14Z,A1,8.1,11.11,FREE
2026-09-30T05:52:15Z,A1,6.5,19.20,OCCUPIED
2026-09-30T05:52:16Z,A1,6.2,14.50,OCCUPIED
2026-09-30T05:52:17Z,A1,6.3,16.18,OCCUPIED
2026-09-30T05:52:18Z,A1,6.9,15.26,OCCUPIED
2026-09-30T05:52:19Z,A1,6.1,14.31,OCCUPIED
2026-09-30T05:52:20Z,A1,7.9,15.89,OCCUPIED
2026-09-30T05:52:27Z,A1,34.6,7.41,OCCUPIED
2026-09-30T05:52:28Z,A1,37.4,12.06,FREE
2026-09-30T05:52:29Z,A1,400.0,7.17,FREE
2026-09-30T05:52:30Z,A1,8.9,14.93,FREE
2026-09-30T05:52:31Z,A1,5.8,16.72,OCCUPIED
2026-09-30T05:52:32Z,A1,5.7,9.48,OCCUPIED
2026-09-30T05:52:33Z,A1,7.3,11.57,OCCUPIED
2026-09-30T05:52:34Z,A1,7.1,13.04,OCCUPIED
2026-09-30T05:52:35Z,A1,7.2,7.85,OCCUPIED
2026-09-30T05:52:36Z,A1,7.4,6.56,OCCUPIED
2026-09-30T05:52:37Z,A1,33.5,10.48,OCCUPIED
2026-09-30T05:52:38Z,A1,37.3,12.33,FREE
2026-09-30T05:52:39Z,A1,39.2,8.30,FREE
2026-09-30T05:52:40Z,A1,33.7,12.96,FREE
2026-09-30T05:52:41Z,A1,36.9,12.85,FREE
2026-09-30T05:52:42Z,A1,37.5,13.65,FREE
2026-09-30T05:52:46Z,A1,7.7,11.57,FREE
2026-09-30T05:52:47Z,A1,6.0,11.78,OCCUPIED
2026-09-30T05:52:48Z,A1,7.0,17.93,OCCUPIED
2026-09-30T05:52:49Z,A1,5.5,19.33,OCCUPIED
2026-09-30T05:52:50Z,A1,0.0,9.41,OCCUPIED
2026-09-30T05:52:51Z,A1,7.1,17.26,OCCUPIED
2026-09-30T05:52:52Z,A1,6.7,17.68,OCCUPIED
2026-09-30T05:52:53Z,A1,7.8,14.72,OCCUPIED
2026-09-30T05:52:54Z,A1,36.3,18.41,OCCUPIED
2026-09-30T05:52:55Z,A1,39.8,20.33,FREE
2026-09-30T05:52:56Z,A1,33.7,16.07,FREE
2026-09-30T05:52:57Z,A1,400.0,10.02,FREE
2026-09-30T05:52:58Z,A1,37.1,10.63,FREE
2026-09-30T05:53:02Z,A1,7.4,10.67,FREE
2026-09-30T05:53:03Z,A1,8.4,11.55,OCCUPIED
2026-09-30T05:53:05Z,A1,5.8,10.54,OCCUPIED
2026-09-30T05:53:06Z,A1,6.9,11.11,OCCUPIED
2026-09-30T05:53:07Z,A1,7.7,6.59,OCCUPIED
2026-09-30T05:53:08Z,A1,6.8,9.67,OCCUPIED
2026-09-30T05:53:09Z,A1,6.8,17.65,OCCUPIED
2026-09-30T05:53:10Z,A1,39.5,17.82,OCCUPIED
2026-09-30T05:53:11Z,A1,40.0,18.00,FREE
2026-09-30T05:53:12Z,A1,400.0,6.91,FREE
2026-09-30T05:53:13Z,A1,37.9,9.91,FREE
2026-09-30T05:53:14Z,A1,0.0,6.67,FREE
2026-09-30T05:53:15Z,A1,33.6,15.48,FREE
2026-09-30T05:53:16Z,A1,38.4,11.35,FREE
2026-09-30T05:53:17Z,A1,38.6,15.54,FREE
2026-09-30T05:53:18Z,A1,5.3,16.54,FREE
2026-09-30T05:53:19Z,A1,6.1,20.48,OCCUPIED
2026-09-30T05:53:20Z,A1,7.9,12.00,OCCUPIED
2026-09-30T05:53:21Z,A1,5.2,10.91,OCCUPIED
2026-09-30T05:53:22Z,A1,6.9,11.33,OCCUPIED
2026-09-30T05:53:23Z,A1,7.4,18.07,OCCUPIED
2026-09-30T05:53:24Z,A1,6.5,17.85,OCCUPIED
2026-09-30T05:53:25Z,A1,6.1,16.22,OCCUPIED
2026-09-30T05:53:26Z,A1,35.5,11.02,OCCUPIED
2026-09-30T05:53:27Z,A1,38.6,11.13,FREE
2026-09-30T05:53:28Z,A1,39.0,11.91,FREE
2026-09-30T05:53:29Z,A1,33.7,9.96,FREE
2026-09-30T05:53:30Z,A1,39.5,10.41,FREE
2026-09-30T05:53:31Z,A1,34.4,14.61,FREE
2026-09-30T05:53:32Z,A1,34.2,16.09,FREE
2026-09-30T05:53:33Z,A1,33.9,14.70,FREE
2026-09-30T05:53:34Z,A1,0.0,6.30,FREE
2026-09-30T05:53:35Z,A1,7.4,16.52,FREE
2026-09-30T05:53:36Z,A1,7.1,16.18,OCCUPIED
2026-09-30T05:53:37Z,A1,8.7,9.67,OCCUPIED
2026-09-30T05:53:38Z,A1,8.3,14.57,OCCUPIED
2026-09-30T05:53:39Z,A1,7.6,10.06,OCCUPIED
2026-09-30T05:53:40Z,A1,8.4,15.09,OCCUPIED
2026-09-30T05:53:41Z,A1,8.2,16.78,OCCUPIED
2026-09-30T05:53:42Z,A1,35.7,18.39,OCCUPIED
2026-09-30T05:53:43Z,A1,39.7,19.04,FREE
2026-09-30T05:53:44Z,A1,34.7,9.96,FREE
2026-09-30T05:53:45Z,A1,38.9,8.09,FREE
2026-09-30T05:53:46Z,A1,36.0,13.61,FREE
2026-09-30T05:53:47Z,A1,37.8,13.59,FREE
2026-09-30T05:53:48Z,A1,37.1,13.59,FREE
2026-09-30T05:53:49Z,A1,35.0,13.93,FREE
2026-09-30T05:53:52Z,A1,8.1,16.46,FREE
2026-09-30T05:53:53Z,A1,5.5,18.09,OCCUPIED
2026-09-30T05:53:54Z,A1,8.3,15.78,OCCUPIED
2026-09-30T05:53:55Z,A1,6.5,17.55,OCCUPIED
2026-09-30T05:53:56Z,A1,6.3,6.22,OCCUPIED
2026-09-30T05:53:57Z,A1,38.2,13.31,OCCUPIED
2026-09-30T05:53:58Z,A1,39.6,8.93,FREE
2026-09-30T05:53:59Z,A1,40.0,7.07,FREE
2026-09-30T05:54:00Z,A1,39.2,6.68,FREE
2026-09-30T05:54:01Z,A1,33.6,15.33,FREE
2026-09-30T05:54:02Z,A1,39.7,17.20,FREE
2026-09-30T05:54:03Z,A1,34.6,17.68,FREE
2026-09-30T05:54:04Z,A1,38.8,15.05,FREE
2026-09-30T05:54:05Z,A1,6.4,12.28,FREE
2026-09-30T05:54:06Z,A1,7.7,11.33,OCCUPIED
2026-09-30T05:54:07Z,A1,6.3,11.19,OCCUPIED
2026-09-30T05:54:08Z,A1,7.6,10.50,OCCUPIED
2026-09-30T05:54:09Z,A1,7.3,10.05,OCCUPIED
2026-09-30T05:54:10Z,A1,6.1,9.74,OCCUPIED
2026-09-30T05:54:11Z,A1,7.4,11.69,OCCUPIED
2026-09-30T05:54:12Z,A1,8.2,13.33,OCCUPIED
2026-09-30T05:54:13Z,A1,39.3,18.09,OCCUPIED
2026-09-30T05:54:14Z,A1,35.1,18.87,FREE
2026-09-30T05:54:18Z,A1,33.4,17.30,FREE
2026-09-30T05:54:19Z,A1,39.1,14.89,FREE
2026-09-30T05:54:20Z,A1,39.7,16.13,FREE
2026-09-30T05:54:23Z,A1,6.3,17.80,FREE
2026-09-30T05:54:24Z,A1,5.6,21.07,OCCUPIED
2026-09-30T05:54:25Z,A1,5.9,17.59,OCCUPIED
2026-09-30T05:54:26Z,A1,8.9,10.11,OCCUPIED
2026-09-30T05:54:27Z,A1,7.9,10.13,OCCUPIED
2026-09-30T05:54:28Z,A1,8.3,10.00,OCCUPIED
2026-09-30T05:54:29Z,A1,8.5,10.24,OCCUPIED
2026-09-30T05:54:30Z,A1,37.1,10.89,OCCUPIED
2026-09-30T05:54:31Z,A1,36.4,20.02,FREE
2026-09-30T05:54:32Z,A1,2.0,15.85,FREE
2026-09-30T05:54:33Z,A1,37.1,15.98,FREE
2026-09-30T05:54:34Z,A1,2.0,18.39,FREE
2026-09-30T05:54:35Z,A1,33.8,17.68,FREE
2026-09-30T05:54:36Z,A1,39.8,10.67,FREE
2026-09-30T05:54:37Z,A1,38.0,10.31,FREE
2026-09-30T05:54:38Z,A1,7.1,11.59,FREE
2026-09-30T05:54:39Z,A1,7.4,11.76,OCCUPIED
2026-09-30T05:54:40Z,A1,7.6,9.76,OCCUPIED
2026-09-30T05:54:41Z,A1,5.0,18.00,OCCUPIED
2026-09-30T05:54:42Z,A1,6.8,15.91,OCCUPIED
2026-09-30T05:54:43Z,A1,400.0,8.93,OCCUPIED
2026-09-30T05:54:44Z,A1,8.4,16.70,OCCUPIED
2026-09-30T05:54:45Z,A1,8.9,16.33,OCCUPIED
2026-09-30T05:54:46Z,A1,35.9,16.02,OCCUPIED
2026-09-30T05:54:47Z,A1,39.9,21.98,FREE
2026-09-30T05:54:48Z,A1,39.3,17.59,FREE
2026-09-30T05:54:49Z,A1,33.5,15.50,FREE
2026-09-30T05:54:50Z,A1,33.3,17.59,FREE
2026-09-30T05:54:55Z,A1,7.6,19.46,FREE
2026-09-30T05:54:56Z,A1,5.1,21.18,OCCUPIED
2026-09-30T05:54:57Z,A1,6.8,17.20,OCCUPIED
2026-09-30T05:54:58Z,A1,7.5,13.95,OCCUPIED
2026-09-30T05:54:59Z,A1,6.3,9.91,OCCUPIED
2026-09-30T05:55:03Z,A1,38.0,17.28,OCCUPIED
2026-09-30T05:55:04Z,A1,39.3,20.83,FREE
2026-09-30T05:55:05Z,A1,36.2,15.70,FREE
2026-09-30T05:55:06Z,A1,35.0,12.05,FREE
2026-09-30T05:55:07Z,A1,37.7,17.33,FREE
2026-09-30T05:55:08Z,A1,0.0,11.50,FREE
2026-09-30T05:55:09Z,A1,5.9,17.43,FREE
2026-09-30T05:55:10Z,A1,8.8,15.83,OCCUPIED
2026-09-30T05:55:11Z,A1,5.5,17.61,OCCUPIED
2026-09-30T05:55:12Z,A1,7.5,16.04,OCCUPIED
2026-09-30T05:55:13Z,A1,9.0,15.89,OCCUPIED
2026-09-30T05:55:14Z,A1,6.0,15.85,OCCUPIED
2026-09-30T05:55:15Z,A1,6.4,17.09,OCCUPIED
2026-09-30T05:55:16Z,A1,6.1,15.35,OCCUPIED
2026-09-30T05:55:17Z,A1,34.4,11.06,OCCUPIED
2026-09-30T05:55:18Z,A1,36.8,12.00,FREE
2026-09-30T05:55:19Z,A1,37.8,9.98,FREE
2026-09-30T05:55:20Z,A1,38.2,10.44,FREE
2026-09-30T05:55:21Z,A1,37.1,10.89,FREE
2026-09-30T05:55:22Z,A1,35.8,15.98,FREE
2026-09-30T05:55:23Z,A1,33.1,14.41,FREE
2026-09-30T05:55:24Z,A1,34.6,14.89,FREE
2026-09-30T05:55:25Z,A1,7.3,18.35,FREE
2026-09-30T05:55:26Z,A1,6.4,20.39,OCCUPIED
2026-09-30T05:55:27Z,A1,6.2,17.37,OCCUPIED
2026-09-30T05:55:28Z,A1,8.3,17.28,OCCUPIED
2026-09-30T05:55:29Z,A1,8.0,10.33,OCCUPIED
2026-09-30T05:55:30Z,A1,5.5,10.54,OCCUPIED
2026-09-30T05:55:31Z,A1,7.3,17.17,OCCUPIED
2026-09-30T05:55:32Z,A1,8.2,17.96,OCCUPIED
2026-09-30T05:55:33Z,A1,36.6,17.30,OCCUPIED
2026-09-30T05:55:34Z,A1,33.1,18.95,FREE
2026-09-30T05:55:35Z,A1,37.0,17.24,FREE
2026-09-30T05:55:36Z,A1,35.8,15.74,FREE
2026-09-30T05:55:38Z,A1,34.7,17.24,FREE
2026-09-30T05:55:46Z,A1,7.6,17.26,FREE
2026-09-30T05:55:47Z,A1,9.0,17.63,OCCUPIED
2026-09-30T05:55:48Z,A1,5.9,12.11,OCCUPIED
2026-09-30T05:55:49Z,A1,5.9,15.50,OCCUPIED
2026-09-30T05:55:50Z,A1,34.9,19.07,OCCUPIED
2026-09-30T05:55:51Z,A1,38.1,17.57,FREE
2026-09-30T05:55:55Z,A1,36.0,9.00,FREE
2026-09-30T05:55:56Z,A1,38.0,11.33,FREE
2026-09-30T05:55:57Z,A1,7.0,12.87,FREE
2026-09-30T05:55:58Z,A1,7.1,15.19,OCCUPIED
2026-09-30T05:55:59Z,A1,6.1,10.43,OCCUPIED
2026-09-30T05:56:00Z,A1,8.1,10.70,OCCUPIED
2026-09-30T05:56:01Z,A1,8.3,15.45,OCCUPIED
2026-09-30T05:56:02Z,A1,8.0,16.63,OCCUPIED
2026-09-30T05:56:03Z,A1,8.0,14.26,OCCUPIED
2026-09-30T05:56:04Z,A1,7.4,15.20,OCCUPIED
2026-09-30T05:56:05Z,A1,39.6,17.41,OCCUPIED
2026-09-30T05:56:06Z,A1,36.6,17.63,FREE
2026-09-30T05:56:07Z,A1,35.8,6.39,FREE
2026-09-30T05:56:08Z,A1,39.6,7.07,FREE
2026-09-30T05:56:09Z,A1,37.7,8.87,FREE
2026-09-30T05:56:10Z,A1,38.0,8.67,FREE
2026-09-30T05:56:11Z,A1,36.7,7.63,FREE
2026-09-30T05:56:12Z,A1,39.0,13.61,FREE
2026-09-30T05:56:13Z,A1,7.4,16.22,FREE
2026-09-30T05:56:14Z,A1,6.9,14.50,OCCUPIED
2026-09-30T05:56:15Z,A1,5.7,11.63,OCCUPIED
2026-09-30T05:56:16Z,A1,5.6,10.65,OCCUPIED
2026-09-30T05:56:17Z,A1,7.2,7.17,OCCUPIED
2026-09-30T05:56:18Z,A1,5.2,9.24,OCCUPIED
2026-09-30T05:56:19Z,A1,5.7,8.30,OCCUPIED
2026-09-30T05:56:33Z,A1,8.1,11.80,OCCUPIED
2026-09-30T05:56:34Z,A1,7.4,16.83,OCCUPIED
2026-09-30T05:56:35Z,A1,7.2,16.33,OCCUPIED
2026-09-30T05:56:36Z,A1,6.7,37.98,OCCUPIED
2026-09-30T05:56:37Z,A1,5.0,39.45,OCCUPIED
2026-09-30T05:56:38Z,A1,2.0,9.70,OCCUPIED
2026-09-30T05:56:39Z,A1,38.0,11.37,OCCUPIED
2026-09-30T05:56:40Z,A1,37.1,11.56,FREE
2026-09-30T05:56:41Z,A1,400.0,4.05,FREE
2026-09-30T05:56:42Z,A1,35.4,9.83,FREE
2026-09-30T05:56:43Z,A1,37.5,14.06,FREE
2026-09-30T05:56:45Z,A1,38.1,15.54,FREE
2026-09-30T05:56:46Z,A1,7.8,14.89,FREE
2026-09-30T05:56:47Z,A1,6.7,19.68,OCCUPIED
2026-09-30T05:56:48Z,A1,8.5,15.94,OCCUPIED
2026-09-30T05:56:49Z,A1,7.7,14.48,OCCUPIED
2026-09-30T05:56:50Z,A1,5.6,15.33,OCCUPIED
2026-09-30T05:56:51Z,A1,8.3,15.54,OCCUPIED
2026-09-30T05:56:52Z,A1,7.9,15.30,OCCUPIED
2026-09-30T05:56:53Z,A1,6.3,14.67,OCCUPIED
2026-09-30T05:56:54Z,A1,34.3,15.63,OCCUPIED
2026-09-30T05:56:55Z,A1,36.9,18.52,FREE
2026-09-30T05:56:56Z,A1,0.0,9.02,FREE
2026-09-30T05:56:57Z,A1,33.8,15.80,FREE
2026-09-30T05:56:58Z,A1,33.9,10.70,FREE
2026-09-30T05:56:59Z,A1,400.0,6.56,FREE
2026-09-30T05:57:00Z,A1,36.0,9.85,FREE
2026-09-30T05:57:01Z,A1,39.5,10.74,FREE
2026-09-30T05:57:02Z,A1,2.0,11.44,FREE
2026-09-30T05:57:03Z,A1,5.6,18.02,OCCUPIED
2026-09-30T05:57:07Z,A1,6.5,17.35,OCCUPIED
2026-09-30T05:57:11Z,A1,39.7,43.30,OCCUPIED
2026-09-30T05:57:12Z,A1,35.6,12.67,FREE
2026-09-30T05:57:13Z,A1,35.1,14.93,FREE
2026-09-30T05:57:14Z,A1,33.9,21.91,FREE
2026-09-30T05:57:15Z,A1,37.6,17.41,FREE
2026-09-30T05:57:16Z,A1,38.4,16.24,FREE
2026-09-30T05:57:17Z,A1,33.1,13.70,FREE
2026-09-30T05:57:18Z,A1,8.8,11.24,FREE
2026-09-30T05:57:19Z,A1,7.3,11.85,OCCUPIED
2026-09-30T05:57:20Z,A1,8.4,10.98,OCCUPIED
2026-09-30T05:57:21Z,A1,7.1,10.30,OCCUPIED
2026-09-30T05:57:22Z,A1,6.0,9.91,OCCUPIED
2026-09-30T05:57:23Z,A1,6.7,15.35,OCCUPIED
2026-09-30T05:57:24Z,A1,8.9,15.85,OCCUPIED
2026-09-30T05:57:25Z,A1,5.8,17.57,OCCUPIED
2026-09-30T05:57:26Z,A1,36.1,17.54,OCCUPIED
2026-09-30T05:57:27Z,A1,38.5,21.43,FREE
2026-09-30T05:57:28Z,A1,35.1,9.98,FREE
2026-09-30T05:57:31Z,A1,39.6,10.00,FREE
2026-09-30T05:57:32Z,A1,34.0,10.19,FREE
2026-09-30T05:57:33Z,A1,6.6,21.39,FREE
2026-09-30T05:57:35Z,A1,6.8,18.56,OCCUPIED
2026-09-30T05:57:36Z,A1,7.1,14.24,OCCUPIED
2026-09-30T05:57:37Z,A1,5.7,14.95,OCCUPIED
2026-09-30T05:57:38Z,A1,5.3,15.85,OCCUPIED
2026-09-30T05:57:39Z,A1,7.7,17.35,OCCUPIED
2026-09-30T05:57:40Z,A1,8.5,11.07,OCCUPIED
2026-09-30T05:57:41Z,A1,8.5,10.22,OCCUPIED
2026-09-30T05:57:42Z,A1,37.0,10.70,OCCUPIED
2026-09-30T05:57:43Z,A1,35.3,12.54,FREE
2026-09-30T05:57:44Z,A1,33.1,15.70,FREE
2026-09-30T05:57:45Z,A1,38.7,14.70,FREE
2026-09-30T05:57:46Z,A1,37.3,15.76,FREE
2026-09-30T05:57:47Z,A1,38.4,12.65,FREE
2026-09-30T05:57:48Z,A1,36.6,14.93,FREE
2026-09-30T05:57:49Z,A1,38.5,14.20,FREE
2026-09-30T05:57:50Z,A1,8.5,16.80,FREE
2026-09-30T05:57:51Z,A1,6.6,18.70,OCCUPIED
2026-09-30T05:57:52Z,A1,8.8,15.37,OCCUPIED
2026-09-30T05:57:53Z,A1,8.9,14.83,OCCUPIED
2026-09-30T05:57:54Z,A1,7.8,14.06,OCCUPIED
2026-09-30T05:57:55Z,A1,7.4,15.95,OCCUPIED
2026-09-30T05:57:56Z,A1,8.1,16.31,OCCUPIED
2026-09-30T05:57:57Z,A1,8.0,14.15,OCCUPIED
2026-09-30T05:57:58Z,A1,38.6,17.20,OCCUPIED
2026-09-30T05:57:59Z,A1,35.5,11.98,FREE
2026-09-30T05:58:00Z,A1,38.9,10.06,FREE
2026-09-30T05:58:01Z,A1,34.3,9.54,FREE
2026-09-30T05:58:02Z,A1,34.4,10.80,FREE
2026-09-30T05:58:03Z,A1,36.8,10.63,FREE
2026-09-30T05:58:05Z,A1,36.4,15.00,FREE
2026-09-30T05:58:06Z,A1,400.0,6.93,FREE
2026-09-30T05:58:07Z,A1,6.0,12.93,FREE
2026-09-30T05:58:08Z,A1,7.8,10.78,OCCUPIED
2026-09-30T05:58:09Z,A1,8.3,6.48,OCCUPIED
2026-09-30T05:58:10Z,A1,5.6,10.04,OCCUPIED
2026-09-30T05:58:11Z,A1,7.9,10.70,OCCUPIED
2026-09-30T05:58:12Z,A1,6.1,17.50,OCCUPIED
2026-09-30T05:58:13Z,A1,8.1,15.06,OCCUPIED
2026-09-30T05:58:14Z,A1,33.7,17.41,OCCUPIED
2026-09-30T05:58:15Z,A1,37.7,18.39,FREE
2026-09-30T05:58:16Z,A1,37.9,11.55,FREE
2026-09-30T05:58:17Z,A1,34.6,10.13,FREE
2026-09-30T05:58:18Z,A1,33.5,15.83,FREE
2026-09-30T05:58:19Z,A1,35.7,14.30,FREE
2026-09-30T05:58:25Z,A1,8.8,18.22,FREE
2026-09-30T05:58:26Z,A1,8.4,16.52,OCCUPIED
2026-09-30T05:58:27Z,A1,6.2,11.04,OCCUPIED
2026-09-30T05:58:28Z,A1,8.3,12.56,OCCUPIED
2026-09-30T05:58:29Z,A1,6.6,9.87,OCCUPIED
2026-09-30T05:58:30Z,A1,38.5,9.70,OCCUPIED
2026-09-30T05:58:31Z,A1,37.3,11.57,FREE
2026-09-30T05:58:32Z,A1,36.0,5.87,FREE
2026-09-30T05:58:33Z,A1,38.5,9.19,FREE
2026-09-30T05:58:34Z,A1,38.5,9.59,FREE
2026-09-30T05:58:35Z,A1,39.3,15.61,FREE
2026-09-30T05:58:36Z,A1,33.4,12.83,FREE
2026-09-30T05:58:37Z,A1,37.1,16.24,FREE
2026-09-30T05:58:38Z,A1,8.3,16.15,FREE
2026-09-30T05:58:39Z,A1,6.5,11.33,OCCUPIED
2026-09-30T05:58:40Z,A1,7.4,6.32,OCCUPIED
2026-09-30T05:58:41Z,A1,6.3,9.67,OCCUPIED
2026-09-30T05:58:42Z,A1,5.5,11.04,OCCUPIED
2026-09-30T05:58:43Z,A1,6.7,10.61,OCCUPIED
2026-09-30T05:58:44Z,A1,8.2,12.63,OCCUPIED
2026-09-30T05:58:45Z,A1,38.2,14.24,OCCUPIED
2026-09-30T05:58:46Z,A1,34.5,14.96,FREE
2026-09-30T05:58:47Z,A1,39.8,10.17,FREE
2026-09-30T05:58:48Z,A1,33.1,12.65,FREE
2026-09-30T05:58:49Z,A1,36.6,11.45,FREE
2026-09-30T05:58:50Z,A1,39.2,11.09,FREE
2026-09-30T05:58:51Z,A1,38.7,10.59,FREE
2026-09-30T05:58:52Z,A1,37.2,10.46,FREE
2026-09-30T05:58:53Z,A1,8.2,10.76,FREE
2026-09-30T05:58:54Z,A1,6.4,15.96,OCCUPIED
2026-09-30T05:58:55Z,A1,7.4,11.63,OCCUPIED
2026-09-30T05:58:56Z,A1,5.4,17.00,OCCUPIED
2026-09-30T05:58:57Z,A1,8.8,16.85,OCCUPIED
2026-09-30T05:58:59Z,A1,7.1,15.22,OCCUPIED
2026-09-30T05:59:00Z,A1,2.0,15.50,OCCUPIED
2026-09-30T05:59:01Z,A1,6.5,14.72,OCCUPIED
2026-09-30T05:59:03Z,A1,37.7,18.15,OCCUPIED
2026-09-30T05:59:04Z,A1,36.2,20.89,FREE
2026-09-30T05:59:05Z,A1,37.4,14.48,FREE
2026-09-30T05:59:06Z,A1,39.8,13.72,FREE
2026-09-30T05:59:07Z,A1,37.2,10.61,FREE
2026-09-30T05:59:08Z,A1,39.1,10.02,FREE
2026-09-30T05:59:09Z,A1,33.5,10.22,FREE
2026-09-30T05:59:10Z,A1,6.7,11.83,FREE
2026-09-30T05:59:11Z,A1,6.6,11.74,OCCUPIED
2026-09-30T05:59:12Z,A1,5.9,17.83,OCCUPIED
2026-09-30T05:59:13Z,A1,8.6,16.32,OCCUPIED
2026-09-30T05:59:14Z,A1,8.8,14.15,OCCUPIED
2026-09-30T05:59:15Z,A1,6.9,13.95,OCCUPIED
2026-09-30T05:59:16Z,A1,6.3,14.89,OCCUPIED
2026-09-30T05:59:17Z,A1,8.4,13.80,OCCUPIED
2026-09-30T05:59:18Z,A1,39.2,15.57,OCCUPIED
2026-09-30T05:59:19Z,A1,37.4,17.89,FREE
2026-09-30T05:59:20Z,A1,35.4,13.54,FREE
2026-09-30T05:59:21Z,A1,37.8,15.00,FREE
2026-09-30T05:59:22Z,A1,38.0,13.30,FREE
2026-09-30T05:59:23Z,A1,38.0,13.39,FREE
2026-09-30T05:59:24Z,A1,35.9,14.04,FREE
2026-09-30T05:59:25Z,A1,34.8,13.46,FREE
2026-09-30T05:59:26Z,A1,7.8,15.61,FREE
2026-09-30T05:59:27Z,A1,8.8,16.24,OCCUPIED
2026-09-30T05:59:28Z,A1,7.3,14.37,OCCUPIED
2026-09-30T05:59:29Z,A1,5.2,12.87,OCCUPIED
2026-09-30T05:59:30Z,A1,8.2,9.81,OCCUPIED
2026-09-30T05:59:31Z,A1,7.4,10.11,OCCUPIED
2026-09-30T05:59:32Z,A1,7.0,10.69,OCCUPIED
2026-09-30T05:59:33Z,A1,8.8,10.00,OCCUPIED
2026-09-30T05:59:34Z,A1,37.5,11.33,OCCUPIED
2026-09-30T05:59:35Z,A1,39.4,18.67,FREE
2026-09-30T05:59:36Z,A1,38.2,18.78,FREE
2026-09-30T05:59:39Z,A1,39.2,16.07,FREE
2026-09-30T05:59:40Z,A1,37.5,11.72,FREE
2026-09-30T05:59:41Z,A1,8.8,11.20,FREE
2026-09-30T05:59:42Z,A1,6.0,12.57,OCCUPIED
2026-09-30T05:59:43Z,A1,9.0,10.33,OCCUPIED
2026-09-30T05:59:44Z,A1,7.8,10.93,OCCUPIED
2026-09-30T05:59:45Z,A1,8.0,14.33,OCCUPIED
2026-09-30T05:59:46Z,A1,7.5,13.96,OCCUPIED
2026-09-30T05:59:47Z,A1,7.6,15.37,OCCUPIED
2026-09-30T05:59:48Z,A1,5.3,14.07,OCCUPIED
2026-09-30T05:59:49Z,A1,0.0,10.11,OCCUPIED
2026-09-30T05:59:50Z,A1,35.3,11.65,OCCUPIED
2026-09-30T05:59:51Z,A1,37.8,11.91,FREE
2026-09-30T05:59:52Z,A1,38.1,10.13,FREE
2026-09-30T05:59:53Z,A1,38.0,10.05,FREE
2026-09-30T05:59:54Z,A1,38.7,10.74,FREE
2026-09-30T05:59:55Z,A1,35.0,14.52,FREE
2026-09-30T05:59:56Z,A1,39.8,13.80,FREE
2026-09-30T05:59:57Z,A1,8.9,17.67,FREE
2026-09-30T05:59:58Z,A1,5.3,16.59,OCCUPIED
2026-09-30T05:59:59Z,A1,8.6,14.74,OCCUPIED
2026-09-30T06:00:00Z,A1,8.1,10.35,OCCUPIED
2026-09-30T06:00:01Z,A1,7.2,10.39,OCCUPIED
2026-09-30T06:00:02Z,A1,5.6,10.98,OCCUPIED
2026-09-30T06:00:03Z,A1,5.4,9.52,OCCUPIED
2026-09-30T06:00:04Z,A1,6.3,10.37,OCCUPIED
2026-09-30T06:00:05Z,A1,39.1,11.37,OCCUPIED
2026-09-30T06:00:06Z,A1,35.6,12.30,FREE
2026-09-30T06:00:07Z,A1,36.0,10.09,FREE
2026-09-30T06:00:08Z,A1,37.6,10.30,FREE
2026-09-30T06:00:09Z,A1,39.1,9.55,FREE
2026-09-30T06:00:10Z,A1,37.9,15.07,FREE
2026-09-30T06:00:11Z,A1,35.1,16.33,FREE
2026-09-30T06:00:16Z,A1,6.5,18.56,FREE
2026-09-30T06:00:17Z,A1,7.0,21.91,OCCUPIED
2026-09-30T06:00:18Z,A1,8.6,17.56,OCCUPIED
2026-09-30T06:00:19Z,A1,8.5,14.91,OCCUPIED
2026-09-30T06:00:20Z,A1,7.5,9.83,OCCUPIED
2026-09-30T06:00:21Z,A1,37.8,11.46,OCCUPIED
2026-09-30T06:00:22Z,A1,33.4,12.26,FREE
2026-09-30T06:00:23Z,A1,38.6,9.67,FREE
2026-09-30T06:00:24Z,A1,37.6,10.13,FREE
2026-09-30T06:00:25Z,A1,36.5,17.20,FREE
2026-09-30T06:00:26Z,A1,36.3,16.07,FREE
2026-09-30T06:00:27Z,A1,39.9,14.31,FREE
2026-09-30T06:00:28Z,A1,38.5,17.09,FREE
2026-09-30T06:00:29Z,A1,9.0,16.95,FREE
2026-09-30T06:00:30Z,A1,5.7,11.48,OCCUPIED
2026-09-30T06:00:31Z,A1,7.0,10.24,OCCUPIED
2026-09-30T06:00:32Z,A1,7.1,10.24,OCCUPIED
2026-09-30T06:00:33Z,A1,6.6,10.04,OCCUPIED
2026-09-30T06:00:34Z,A1,8.0,9.57,OCCUPIED
2026-09-30T06:00:35Z,A1,7.5,20.63,OCCUPIED
2026-09-30T06:00:36Z,A1,8.7,10.56,OCCUPIED
2026-09-30T06:00:37Z,A1,38.8,11.67,OCCUPIED
2026-09-30T06:00:38Z,A1,400.0,6.68,OCCUPIED
2026-09-30T06:00:39Z,A1,37.6,12.46,FREE
2026-09-30T06:00:40Z,A1,39.0,14.95,FREE
2026-09-30T06:00:41Z,A1,33.7,15.65,FREE
2026-09-30T06:00:42Z,A1,35.9,14.78,FREE
2026-09-30T06:00:43Z,A1,2.0,19.89,FREE
2026-09-30T06:00:44Z,A1,39.5,16.96,FREE
2026-09-30T06:00:45Z,A1,6.5,18.85,FREE
2026-09-30T06:00:46Z,A1,6.4,20.26,OCCUPIED
2026-09-30T06:00:47Z,A1,8.5,15.93,OCCUPIED
2026-09-30T06:00:48Z,A1,6.1,16.15,OCCUPIED
2026-09-30T06:00:52Z,A1,6.9,10.52,OCCUPIED
2026-09-30T06:00:53Z,A1,38.0,11.67,OCCUPIED
2026-09-30T06:00:54Z,A1,33.3,11.30,FREE
2026-09-30T06:00:55Z,A1,35.4,15.76,FREE
2026-09-30T06:00:56Z,A1,34.1,15.48,FREE
2026-09-30T06:00:57Z,A1,33.2,14.41,FREE
2026-09-30T06:00:58Z,A1,37.4,15.07,FREE
2026-09-30T06:00:59Z,A1,39.6,15.52,FREE
2026-09-30T06:01:00Z,A1,36.6,9.72,FREE
2026-09-30T06:01:01Z,A1,6.7,11.04,FREE
2026-09-30T06:01:02Z,A1,7.9,12.05,OCCUPIED
2026-09-30T06:01:03Z,A1,6.5,9.93,OCCUPIED
2026-09-30T06:01:04Z,A1,6.0,10.55,OCCUPIED
2026-09-30T06:01:05Z,A1,8.7,17.17,OCCUPIED
2026-09-30T06:01:06Z,A1,5.3,15.43,OCCUPIED
2026-09-30T06:01:07Z,A1,8.2,14.02,OCCUPIED
2026-09-30T06:01:08Z,A1,7.0,15.78,OCCUPIED
2026-09-30T06:01:09Z,A1,39.0,17.96,OCCUPIED
2026-09-30T06:01:10Z,A1,35.0,18.04,FREE
2026-09-30T06:01:11Z,A1,37.2,9.85,FREE
2026-09-30T06:01:12Z,A1,33.6,10.57,FREE
2026-09-30T06:01:13Z,A1,33.3,10.48,FREE
2026-09-30T06:01:14Z,A1,38.5,10.02,FREE
2026-09-30T06:01:15Z,A1,38.4,10.11,FREE
2026-09-30T06:01:16Z,A1,39.3,14.61,FREE
2026-09-30T06:01:17Z,A1,5.7,17.56,FREE
2026-09-30T06:01:18Z,A1,5.7,18.82,OCCUPIED
2026-09-30T06:01:19Z,A1,6.4,14.20,OCCUPIED
2026-09-30T06:01:20Z,A1,7.8,15.28,OCCUPIED
2026-09-30T06:01:21Z,A1,5.1,10.43,OCCUPIED
2026-09-30T06:01:22Z,A1,5.2,9.96,OCCUPIED
2026-09-30T06:01:26Z,A1,33.3,18.83,OCCUPIED
2026-09-30T06:01:27Z,A1,33.6,17.28,FREE
2026-09-30T06:01:28Z,A1,37.1,10.30,FREE
2026-09-30T06:01:37Z,A1,6.8,6.48,FREE
2026-09-30T06:01:38Z,A1,6.6,14.20,OCCUPIED
2026-09-30T06:01:39Z,A1,5.8,10.93,OCCUPIED
2026-09-30T06:01:40Z,A1,5.5,6.50,OCCUPIED
2026-09-30T06:01:41Z,A1,8.9,16.15,OCCUPIED
2026-09-30T06:01:42Z,A1,39.3,16.72,OCCUPIED
2026-09-30T06:01:43Z,A1,38.3,17.39,FREE
2026-09-30T06:01:44Z,A1,37.6,10.65,FREE
2026-09-30T06:01:45Z,A1,36.8,9.72,FREE
2026-09-30T06:01:46Z,A1,34.1,16.70,FREE
2026-09-30T06:01:47Z,A1,35.5,9.93,FREE
2026-09-30T06:01:48Z,A1,34.0,11.89,FREE
2026-09-30T06:01:49Z,A1,34.1,9.43,FREE
2026-09-30T06:01:50Z,A1,7.0,13.70,FREE
2026-09-30T06:01:51Z,A1,5.0,8.19,OCCUPIED
2026-09-30T06:01:52Z,A1,6.3,5.76,OCCUPIED
2026-09-30T06:01:53Z,A1,6.5,6.11,OCCUPIED
2026-09-30T06:01:54Z,A1,8.0,5.74,OCCUPIED
2026-09-30T06:01:55Z,A1,8.6,5.65,OCCUPIED
2026-09-30T06:01:56Z,A1,7.2,15.63,OCCUPIED
2026-09-30T06:01:57Z,A1,6.7,16.70,OCCUPIED
2026-09-30T06:01:58Z,A1,35.1,15.74,OCCUPIED
2026-09-30T06:01:59Z,A1,39.3,18.18,FREE
2026-09-30T06:02:00Z,A1,36.1,11.15,FREE
2026-09-30T06:02:01Z,A1,35.3,15.85,FREE
2026-09-30T06:02:02Z,A1,33.1,10.65,FREE
2026-09-30T06:02:03Z,A1,34.0,10.04,FREE
2026-09-30T06:02:04Z,A1,36.5,10.02,FREE
2026-09-30T06:02:05Z,A1,37.0,17.56,FREE
2026-09-30T06:02:06Z,A1,5.8,11.94,FREE
2026-09-30T06:02:07Z,A1,6.1,10.54,OCCUPIED
2026-09-30T06:02:08Z,A1,5.7,5.87,OCCUPIED
2026-09-30T06:02:09Z,A1,8.3,9.59,OCCUPIED
2026-09-30T06:02:10Z,A1,7.1,10.28,OCCUPIED
2026-09-30T06:02:11Z,A1,7.7,10.69,OCCUPIED
2026-09-30T06:02:12Z,A1,6.2,16.68,OCCUPIED
2026-09-30T06:02:13Z,A1,6.0,15.04,OCCUPIED
2026-09-30T06:02:14Z,A1,35.6,17.07,OCCUPIED
2026-09-30T06:02:15Z,A1,33.4,17.41,FREE
2026-09-30T06:02:16Z,A1,34.1,9.91,FREE
2026-09-30T06:02:17Z,A1,39.2,12.74,FREE
2026-09-30T06:02:18Z,A1,38.8,15.50,FREE
2026-09-30T06:02:19Z,A1,35.1,14.24,FREE
2026-09-30T06:02:20Z,A1,36.4,14.02,FREE
2026-09-30T06:02:21Z,A1,35.8,52.96,FREE
2026-09-30T06:02:22Z,A1,8.0,17.80,FREE
2026-09-30T06:02:23Z,A1,8.5,16.69,OCCUPIED
2026-09-30T06:02:24Z,A1,8.1,10.74,OCCUPIED
2026-09-30T06:02:25Z,A1,5.3,9.67,OCCUPIED
2026-09-30T06:02:26Z,A1,8.9,15.31,OCCUPIED
2026-09-30T06:02:27Z,A1,6.9,16.28,OCCUPIED
2026-09-30T06:02:28Z,A1,6.2,14.65,OCCUPIED
2026-09-30T06:02:29Z,A1,8.3,16.11,OCCUPIED
2026-09-30T06:02:30Z,A1,37.6,17.17,OCCUPIED
2026-09-30T06:02:31Z,A1,39.1,18.55,FREE
2026-09-30T06:02:32Z,A1,36.1,6.80,FREE
2026-09-30T06:02:33Z,A1,36.1,6.63,FREE
2026-09-30T06:02:34Z,A1,36.2,7.02,FREE
2026-09-30T06:02:35Z,A1,39.0,17.33,FREE
2026-09-30T06:02:36Z,A1,37.9,14.15,FREE
2026-09-30T06:02:37Z,A1,35.2,16.63,FREE
2026-09-30T06:02:38Z,A1,7.6,18.72,FREE
2026-09-30T06:02:39Z,A1,5.3,17.48,OCCUPIED
2026-09-30T06:02:40Z,A1,6.1,10.33,OCCUPIED
2026-09-30T06:02:41Z,A1,5.8,10.09,OCCUPIED
2026-09-30T06:02:42Z,A1,5.7,12.69,OCCUPIED
2026-09-30T06:02:43Z,A1,7.4,10.13,OCCUPIED
2026-09-30T06:02:44Z,A1,7.2,10.41,OCCUPIED
2026-09-30T06:02:45Z,A1,6.3,10.24,OCCUPIED
2026-09-30T06:02:46Z,A1,34.9,7.78,OCCUPIED
2026-09-30T06:02:47Z,A1,35.7,17.85,FREE
2026-09-30T06:02:48Z,A1,33.7,11.09,FREE
2026-09-30T06:02:49Z,A1,33.9,8.67,FREE
2026-09-30T06:02:50Z,A1,2.0,12.81,FREE
2026-09-30T06:02:51Z,A1,35.5,14.67,FREE
2026-09-30T06:02:54Z,A1,8.7,10.98,FREE
2026-09-30T06:02:57Z,A1,5.6,18.54,OCCUPIED
2026-09-30T06:02:58Z,A1,6.4,17.52,OCCUPIED
2026-09-30T06:03:01Z,A1,8.7,9.61,OCCUPIED
2026-09-30T06:03:02Z,A1,34.5,11.17,OCCUPIED
2026-09-30T06:03:03Z,A1,38.9,12.31,FREE
2026-09-30T06:03:04Z,A1,36.6,6.37,FREE
2026-09-30T06:03:05Z,A1,38.3,17.91,FREE
2026-09-30T06:03:06Z,A1,39.2,17.18,FREE
2026-09-30T06:03:07Z,A1,34.3,16.35,FREE
2026-09-30T06:03:08Z,A1,37.2,16.76,FREE
2026-09-30T06:03:09Z,A1,35.6,15.19,FREE
2026-09-30T06:03:10Z,A1,6.4,14.63,FREE
2026-09-30T06:03:11Z,A1,7.3,14.04,OCCUPIED
2026-09-30T06:03:12Z,A1,5.5,5.83,OCCUPIED
2026-09-30T06:03:13Z,A1,8.0,6.37,OCCUPIED
2026-09-30T06:03:14Z,A1,8.3,10.81,OCCUPIED
2026-09-30T06:03:15Z,A1,0.0,6.02,OCCUPIED
2026-09-30T06:03:16Z,A1,7.5,29.50,OCCUPIED
2026-09-30T06:03:17Z,A1,5.8,17.28,OCCUPIED
2026-09-30T06:03:18Z,A1,37.4,10.89,OCCUPIED
2026-09-30T06:03:19Z,A1,33.2,10.87,FREE
2026-09-30T06:03:20Z,A1,33.1,6.43,FREE
2026-09-30T06:03:21Z,A1,38.1,6.39,FREE
2026-09-30T06:03:22Z,A1,38.0,16.30,FREE
2026-09-30T06:03:23Z,A1,34.7,16.78,FREE
2026-09-30T06:03:24Z,A1,34.0,17.30,FREE
2026-09-30T06:03:25Z,A1,2.0,12.98,FREE
2026-09-30T06:03:27Z,A1,8.5,17.45,OCCUPIED
2026-09-30T06:03:28Z,A1,6.6,12.52,OCCUPIED
2026-09-30T06:03:29Z,A1,7.6,9.78,OCCUPIED
2026-09-30T06:03:30Z,A1,8.2,15.80,OCCUPIED
2026-09-30T06:03:31Z,A1,5.3,17.44,OCCUPIED
2026-09-30T06:03:32Z,A1,5.8,15.83,OCCUPIED
2026-09-30T06:03:33Z,A1,0.0,6.46,OCCUPIED
2026-09-30T06:03:34Z,A1,33.2,16.63,OCCUPIED
2026-09-30T06:03:35Z,A1,34.6,17.17,FREE
2026-09-30T06:03:36Z,A1,36.4,9.78,FREE
2026-09-30T06:03:39Z,A1,35.9,10.69,FREE
2026-09-30T06:03:40Z,A1,36.4,13.89,FREE
2026-09-30T06:03:41Z,A1,6.0,14.26,FREE
2026-09-30T06:03:42Z,A1,7.8,15.19,OCCUPIED
2026-09-30T06:03:43Z,A1,8.3,9.96,OCCUPIED
2026-09-30T06:03:44Z,A1,5.3,13.24,OCCUPIED
2026-09-30T06:03:45Z,A1,5.6,12.35,OCCUPIED
2026-09-30T06:03:46Z,A1,6.2,15.19,OCCUPIED
2026-09-30T06:03:47Z,A1,5.9,14.93,OCCUPIED
2026-09-30T06:03:48Z,A1,7.0,14.33,OCCUPIED
2026-09-30T06:03:49Z,A1,38.5,15.09,OCCUPIED
2026-09-30T06:03:50Z,A1,37.6,17.35,FREE
2026-09-30T06:03:51Z,A1,39.1,15.33,FREE
2026-09-30T06:03:52Z,A1,400.0,6.72,FREE
2026-09-30T06:03:53Z,A1,38.3,9.80,FREE
2026-09-30T06:03:54Z,A1,38.2,13.70,FREE
2026-09-30T06:03:55Z,A1,34.8,9.80,FREE
2026-09-30T06:03:56Z,A1,37.2,10.98,FREE
2026-09-30T06:03:57Z,A1,6.2,14.26,FREE
2026-09-30T06:03:58Z,A1,7.9,18.05,OCCUPIED
2026-09-30T06:03:59Z,A1,7.1,11.00,OCCUPIED
2026-09-30T06:04:00Z,A1,8.8,10.93,OCCUPIED
2026-09-30T06:04:01Z,A1,5.6,16.13,OCCUPIED
2026-09-30T06:04:04Z,A1,6.0,9.93,OCCUPIED
2026-09-30T06:04:05Z,A1,34.1,18.33,OCCUPIED
2026-09-30T06:04:06Z,A1,36.6,11.11,FREE
2026-09-30T06:04:07Z,A1,33.5,17.52,FREE
2026-09-30T06:04:08Z,A1,2.0,18.07,FREE
2026-09-30T06:04:09Z,A1,0.0,9.22,FREE
2026-09-30T06:04:10Z,A1,33.5,15.57,FREE
2026-09-30T06:04:11Z,A1,38.1,16.95,FREE
2026-09-30T06:04:15Z,A1,8.1,12.22,FREE
2026-09-30T06:04:16Z,A1,8.3,11.67,OCCUPIED
2026-09-30T06:04:17Z,A1,6.6,11.80,OCCUPIED
2026-09-30T06:04:18Z,A1,7.7,14.63,OCCUPIED
2026-09-30T06:04:19Z,A1,7.6,14.87,OCCUPIED
2026-09-30T06:04:20Z,A1,5.3,13.74,OCCUPIED
2026-09-30T06:04:21Z,A1,6.8,14.41,OCCUPIED
2026-09-30T06:04:22Z,A1,2.0,12.89,OCCUPIED
2026-09-30T06:04:23Z,A1,34.5,11.26,OCCUPIED
2026-09-30T06:04:24Z,A1,39.3,11.70,FREE
2026-09-30T06:04:25Z,A1,33.7,10.09,FREE
2026-09-30T06:04:26Z,A1,37.9,10.30,FREE
2026-09-30T06:04:27Z,A1,38.5,9.70,FREE
2026-09-30T06:04:28Z,A1,37.0,15.37,FREE
2026-09-30T06:04:29Z,A1,33.9,15.15,FREE
2026-09-30T06:04:30Z,A1,7.5,10.96,FREE
2026-09-30T06:04:31Z,A1,7.8,12.48,OCCUPIED
2026-09-30T06:04:32Z,A1,6.5,9.80,OCCUPIED
2026-09-30T06:04:33Z,A1,6.6,9.93,OCCUPIED
2026-09-30T06:04:34Z,A1,9.0,10.11,OCCUPIED
2026-09-30T06:04:35Z,A1,7.5,17.19,OCCUPIED
2026-09-30T06:04:36Z,A1,400.0,11.28,OCCUPIED
2026-09-30T06:04:37Z,A1,400.0,12.74,OCCUPIED
2026-09-30T06:04:38Z,A1,38.9,18.32,OCCUPIED
2026-09-30T06:04:39Z,A1,36.9,18.24,FREE
2026-09-30T06:04:40Z,A1,37.1,16.07,FREE
2026-09-30T06:04:41Z,A1,35.4,15.78,FREE
2026-09-30T06:04:42Z,A1,34.9,15.48,FREE
2026-09-30T06:04:43Z,A1,37.5,10.48,FREE
2026-09-30T06:04:45Z,A1,400.0,3.83,FREE
2026-09-30T06:04:46Z,A1,6.6,10.70,FREE
2026-09-30T06:04:47Z,A1,8.2,10.83,OCCUPIED
2026-09-30T06:04:51Z,A1,8.1,7.17,OCCUPIED
2026-09-30T06:04:52Z,A1,8.1,8.11,OCCUPIED
2026-09-30T06:04:53Z,A1,35.0,11.74,OCCUPIED
2026-09-30T06:04:54Z,A1,36.3,10.39,FREE
2026-09-30T06:04:55Z,A1,35.5,10.85,FREE
2026-09-30T06:04:56Z,A1,34.8,16.80,FREE
2026-09-30T06:04:57Z,A1,35.4,12.67,FREE
2026-09-30T06:04:58Z,A1,39.4,13.76,FREE
2026-09-30T06:04:59Z,A1,38.2,11.96,FREE
2026-09-30T06:05:00Z,A1,38.5,10.80,FREE
2026-09-30T06:05:01Z,A1,7.8,15.59,FREE
2026-09-30T06:05:02Z,A1,8.4,19.50,OCCUPIED
2026-09-30T06:05:03Z,A1,6.2,15.93,OCCUPIED
2026-09-30T06:05:04Z,A1,7.5,15.83,OCCUPIED
2026-09-30T06:05:05Z,A1,5.1,16.87,OCCUPIED
2026-09-30T06:05:07Z,A1,6.3,17.13,OCCUPIED
2026-09-30T06:05:08Z,A1,5.9,14.44,OCCUPIED
2026-09-30T06:05:09Z,A1,5.5,16.50,OCCUPIED
2026-09-30T06:05:10Z,A1,37.7,19.78,OCCUPIED
2026-09-30T06:05:11Z,A1,33.7,12.13,FREE
2026-09-30T06:05:12Z,A1,0.0,6.45,FREE
2026-09-30T06:05:13Z,A1,35.5,10.54,FREE
2026-09-30T06:05:14Z,A1,37.0,10.11,FREE
2026-09-30T06:05:15Z,A1,36.8,9.41,FREE
2026-09-30T06:05:16Z,A1,38.0,16.20,FREE
2026-09-30T06:05:18Z,A1,8.6,12.09,FREE
2026-09-30T06:05:19Z,A1,5.5,16.00,OCCUPIED
2026-09-30T06:05:20Z,A1,5.0,9.59,OCCUPIED
2026-09-30T06:05:21Z,A1,7.0,10.81,OCCUPIED
2026-09-30T06:05:22Z,A1,6.0,15.13,OCCUPIED
2026-09-30T06:05:23Z,A1,5.5,15.30,OCCUPIED
2026-09-30T06:05:24Z,A1,8.9,10.13,OCCUPIED
2026-09-30T06:05:25Z,A1,5.4,7.65,OCCUPIED
2026-09-30T06:05:26Z,A1,39.1,9.24,OCCUPIED
2026-09-30T06:05:31Z,A1,39.8,18.11,FREE
2026-09-30T06:05:32Z,A1,33.7,17.52,FREE
2026-09-30T06:05:33Z,A1,39.4,16.43,FREE
2026-09-30T06:05:34Z,A1,5.7,15.76,FREE
2026-09-30T06:05:35Z,A1,6.2,18.37,OCCUPIED
2026-09-30T06:05:36Z,A1,8.3,16.04,OCCUPIED
2026-09-30T06:05:37Z,A1,6.8,18.11,OCCUPIED
2026-09-30T06:05:38Z,A1,5.8,17.41,OCCUPIED
2026-09-30T06:05:39Z,A1,6.3,16.28,OCCUPIED
2026-09-30T06:05:40Z,A1,6.2,16.28,OCCUPIED
2026-09-30T06:05:41Z,A1,6.9,15.26,OCCUPIED
2026-09-30T06:05:42Z,A1,39.5,16.37,OCCUPIED
2026-09-30T06:05:43Z,A1,33.0,19.59,FREE
2026-09-30T06:05:44Z,A1,38.8,9.72,FREE
2026-09-30T06:05:45Z,A1,35.4,9.95,FREE
2026-09-30T06:05:46Z,A1,37.4,10.26,FREE
2026-09-30T06:05:47Z,A1,36.1,10.50,FREE
2026-09-30T06:05:48Z,A1,38.8,10.54,FREE
2026-09-30T06:05:49Z,A1,33.7,14.74,FREE
2026-09-30T06:05:50Z,A1,6.4,17.07,FREE
2026-09-30T06:05:51Z,A1,7.8,17.54,OCCUPIED
2026-09-30T06:05:52Z,A1,8.2,16.70,OCCUPIED
2026-09-30T06:05:53Z,A1,6.3,15.28,OCCUPIED
2026-09-30T06:05:54Z,A1,5.2,17.96,OCCUPIED
2026-09-30T06:05:56Z,A1,8.4,12.67,OCCUPIED
2026-09-30T06:05:57Z,A1,2.0,10.98,OCCUPIED
2026-09-30T06:05:58Z,A1,35.0,18.65,OCCUPIED
2026-09-30T06:05:59Z,A1,34.4,17.43,FREE
2026-09-30T06:06:00Z,A1,35.4,8.15,FREE
2026-09-30T06:06:01Z,A1,33.9,9.72,FREE
2026-09-30T06:06:02Z,A1,34.4,14.39,FREE
2026-09-30T06:06:07Z,A1,6.2,7.00,FREE
2026-09-30T06:06:08Z,A1,6.8,7.89,OCCUPIED
2026-09-30T06:06:11Z,A1,8.4,11.00,OCCUPIED
2026-09-30T06:06:12Z,A1,6.0,11.19,OCCUPIED
2026-09-30T06:06:13Z,A1,8.4,13.26,OCCUPIED
2026-09-30T06:06:14Z,A1,39.9,13.33,OCCUPIED
2026-09-30T06:06:15Z,A1,36.3,10.59,FREE
2026-09-30T06:06:16Z,A1,35.2,5.87,FREE
2026-09-30T06:06:17Z,A1,37.0,9.28,FREE
2026-09-30T06:06:18Z,A1,36.0,10.24,FREE
2026-09-30T06:06:19Z,A1,0.0,8.63,FREE
2026-09-30T06:06:20Z,A1,35.4,17.22,FREE
2026-09-30T06:06:21Z,A1,5.5,17.22,FREE
2026-09-30T06:06:22Z,A1,8.1,16.87,OCCUPIED
2026-09-30T06:06:23Z,A1,5.7,10.93,OCCUPIED
2026-09-30T06:06:24Z,A1,5.9,5.96,OCCUPIED
2026-09-30T06:06:25Z,A1,0.0,3.54,OCCUPIED
2026-09-30T06:06:26Z,A1,2.0,5.59,OCCUPIED
2026-09-30T06:06:27Z,A1,8.1,18.20,OCCUPIED
2026-09-30T06:06:28Z,A1,8.9,14.85,OCCUPIED
2026-09-30T06:06:29Z,A1,33.9,16.94,OCCUPIED
2026-09-30T06:06:30Z,A1,34.3,18.80,FREE
2026-09-30T06:06:31Z,A1,34.9,11.11,FREE
2026-09-30T06:06:32Z,A1,35.7,13.85,FREE
2026-09-30T06:06:33Z,A1,38.3,15.37,FREE
2026-09-30T06:06:34Z,A1,34.3,16.48,FREE
2026-09-30T06:06:35Z,A1,39.3,16.33,FREE
2026-09-30T06:06:36Z,A1,37.9,17.93,FREE
2026-09-30T06:06:37Z,A1,5.5,17.07,FREE
2026-09-30T06:06:38Z,A1,5.8,17.89,OCCUPIED
2026-09-30T06:06:39Z,A1,0.0,6.54,OCCUPIED
2026-09-30T06:06:40Z,A1,5.1,11.69,OCCUPIED
2026-09-30T06:06:41Z,A1,7.7,15.61,OCCUPIED
2026-09-30T06:06:45Z,A1,7.9,18.78,OCCUPIED
2026-09-30T06:06:46Z,A1,37.3,18.72,OCCUPIED
2026-09-30T06:06:48Z,A1,33.2,18.30,FREE
2026-09-30T06:06:49Z,A1,36.5,9.81,FREE
2026-09-30T06:06:50Z,A1,33.9,11.33,FREE
2026-09-30T06:06:51Z,A1,35.1,18.59,FREE
2026-09-30T06:06:52Z,A1,38.1,17.54,FREE
2026-09-30T06:06:53Z,A1,34.1,15.83,FREE
2026-09-30T06:06:54Z,A1,5.9,16.39,FREE
2026-09-30T06:06:55Z,A1,8.6,11.17,OCCUPIED
2026-09-30T06:06:56Z,A1,7.5,5.80,OCCUPIED
2026-09-30T06:06:57Z,A1,7.4,10.85,OCCUPIED
2026-09-30T06:06:58Z,A1,5.1,19.11,OCCUPIED
2026-09-30T06:06:59Z,A1,8.4,10.06,OCCUPIED
2026-09-30T06:07:00Z,A1,2.0,11.44,OCCUPIED
2026-09-30T06:07:01Z,A1,5.3,14.09,OCCUPIED
2026-09-30T06:07:02Z,A1,39.2,16.87,OCCUPIED
2026-09-30T06:07:03Z,A1,38.0,15.59,FREE
2026-09-30T06:07:04Z,A1,39.9,33.15,FREE
2026-09-30T06:07:05Z,A1,36.0,12.54,FREE
2026-09-30T06:07:06Z,A1,2.0,9.74,FREE
2026-09-30T06:07:07Z,A1,35.7,6.61,FREE
2026-09-30T06:07:08Z,A1,33.6,10.06,FREE
2026-09-30T06:07:09Z,A1,39.4,18.07,FREE
2026-09-30T06:07:10Z,A1,8.9,19.04,FREE
2026-09-30T06:07:11Z,A1,6.3,11.65,OCCUPIED
2026-09-30T06:07:12Z,A1,7.7,6.20,OCCUPIED
2026-09-30T06:07:13Z,A1,6.2,10.80,OCCUPIED
2026-09-30T06:07:14Z,A1,5.4,7.37,OCCUPIED
2026-09-30T06:07:15Z,A1,6.9,5.72,OCCUPIED
2026-09-30T06:07:16Z,A1,5.8,14.87,OCCUPIED
2026-09-30T06:07:17Z,A1,6.8,17.59,OCCUPIED
2026-09-30T06:07:18Z,A1,39.6,17.65,OCCUPIED
2026-09-30T06:07:25Z,A1,5.6,9.94,OCCUPIED
2026-09-30T06:07:26Z,A1,6.6,10.87,OCCUPIED
2026-09-30T06:07:27Z,A1,8.5,17.32,OCCUPIED
2026-09-30T06:07:28Z,A1,8.3,18.17,OCCUPIED
2026-09-30T06:07:29Z,A1,8.5,10.33,OCCUPIED
2026-09-30T06:07:30Z,A1,7.6,14.20,OCCUPIED
2026-09-30T06:07:31Z,A1,6.9,15.20,OCCUPIED
2026-09-30T06:07:32Z,A1,7.5,16.18,OCCUPIED
2026-09-30T06:07:33Z,A1,34.6,16.87,OCCUPIED
2026-09-30T06:07:34Z,A1,34.5,19.46,FREE
2026-09-30T06:07:35Z,A1,38.3,9.91,FREE
2026-09-30T06:07:36Z,A1,38.4,10.48,FREE
2026-09-30T06:07:37Z,A1,39.8,10.24,FREE
2026-09-30T06:07:38Z,A1,35.7,10.37,FREE
2026-09-30T06:07:39Z,A1,33.4,17.70,FREE
2026-09-30T06:07:40Z,A1,33.3,13.72,FREE
2026-09-30T06:07:41Z,A1,5.4,11.11,FREE
2026-09-30T06:07:42Z,A1,8.3,12.67,OCCUPIED
2026-09-30T06:07:43Z,A1,5.7,10.11,OCCUPIED
2026-09-30T06:07:44Z,A1,5.6,9.87,OCCUPIED
2026-09-30T06:07:45Z,A1,8.4,14.83,OCCUPIED
2026-09-30T06:07:46Z,A1,0.0,9.06,OCCUPIED
2026-09-30T06:07:47Z,A1,8.5,14.19,OCCUPIED
2026-09-30T06:07:48Z,A1,6.7,17.37,OCCUPIED
2026-09-30T06:07:49Z,A1,37.0,18.20,OCCUPIED
2026-09-30T06:07:50Z,A1,36.5,20.67,FREE
2026-09-30T06:07:51Z,A1,400.0,10.56,FREE
2026-09-30T06:07:52Z,A1,33.9,15.04,FREE
2026-09-30T06:07:53Z,A1,37.4,15.28,FREE
2026-09-30T06:07:54Z,A1,34.2,15.83,FREE
2026-09-30T06:07:55Z,A1,35.9,10.74,FREE
2026-09-30T06:07:56Z,A1,33.1,10.30,FREE
2026-09-30T06:07:57Z,A1,0.0,11.59,FREE
2026-09-30T06:07:58Z,A1,5.8,18.69,FREE
2026-09-30T06:07:59Z,A1,8.2,11.00,OCCUPIED
2026-09-30T06:08:00Z,A1,6.9,14.41,OCCUPIED
2026-09-30T06:08:01Z,A1,5.5,14.91,OCCUPIED
2026-09-30T06:08:07Z,A1,33.4,17.04,OCCUPIED
2026-09-30T06:08:08Z,A1,34.8,19.95,FREE
2026-09-30T06:08:09Z,A1,36.0,10.30,FREE
2026-09-30T06:08:10Z,A1,34.3,15.04,FREE
2026-09-30T06:08:11Z,A1,37.4,17.24,FREE
2026-09-30T06:08:12Z,A1,34.2,17.33,FREE
2026-09-30T06:08:13Z,A1,35.8,19.06,FREE
2026-09-30T06:08:14Z,A1,8.6,17.68,FREE
2026-09-30T06:08:15Z,A1,5.1,16.09,OCCUPIED
2026-09-30T06:08:16Z,A1,5.1,5.65,OCCUPIED
2026-09-30T06:08:17Z,A1,6.3,5.95,OCCUPIED
2026-09-30T06:08:18Z,A1,5.3,6.56,OCCUPIED
2026-09-30T06:08:19Z,A1,8.6,9.35,OCCUPIED
2026-09-30T06:08:20Z,A1,6.5,7.50,OCCUPIED
2026-09-30T06:08:21Z,A1,8.0,10.81,OCCUPIED
2026-09-30T06:08:22Z,A1,39.1,10.17,OCCUPIED
2026-09-30T06:08:25Z,A1,39.2,11.57,FREE
2026-09-30T06:08:26Z,A1,37.4,10.26,FREE
2026-09-30T06:08:27Z,A1,34.4,17.02,FREE
2026-09-30T06:08:28Z,A1,35.5,32.70,FREE
2026-09-30T06:08:29Z,A1,37.9,16.52,FREE
2026-09-30T06:08:30Z,A1,7.2,17.43,FREE
2026-09-30T06:08:31Z,A1,6.1,18.83,OCCUPIED
2026-09-30T06:08:32Z,A1,6.9,6.70,OCCUPIED
2026-09-30T06:08:33Z,A1,6.3,37.98,OCCUPIED
2026-09-30T06:08:34Z,A1,6.7,10.09,OCCUPIED
2026-09-30T06:08:35Z,A1,5.8,11.70,OCCUPIED
2026-09-30T06:08:36Z,A1,8.7,10.33,OCCUPIED
2026-09-30T06:08:37Z,A1,8.0,12.65,OCCUPIED
2026-09-30T06:08:38Z,A1,400.0,7.98,OCCUPIED
2026-09-30T06:08:39Z,A1,35.9,16.80,OCCUPIED
2026-09-30T06:08:40Z,A1,34.4,17.00,FREE
2026-09-30T06:08:41Z,A1,34.6,15.61,FREE
2026-09-30T06:08:42Z,A1,35.1,15.87,FREE
2026-09-30T06:08:43Z,A1,33.9,16.74,FREE
2026-09-30T06:08:44Z,A1,37.7,14.80,FREE
2026-09-30T06:08:45Z,A1,34.5,13.06,FREE
2026-09-30T06:08:46Z,A1,8.4,15.28,FREE
2026-09-30T06:08:47Z,A1,5.8,18.32,OCCUPIED
2026-09-30T06:08:48Z,A1,8.0,13.24,OCCUPIED
2026-09-30T06:08:49Z,A1,7.1,15.74,OCCUPIED
2026-09-30T06:08:50Z,A1,8.5,13.37,OCCUPIED
2026-09-30T06:08:51Z,A1,5.4,17.05,OCCUPIED
2026-09-30T06:08:52Z,A1,6.6,17.37,OCCUPIED
2026-09-30T06:08:53Z,A1,6.2,15.52,OCCUPIED
2026-09-30T06:08:54Z,A1,33.3,17.68,OCCUPIED
2026-09-30T06:08:55Z,A1,39.3,18.33,FREE
2026-09-30T06:08:56Z,A1,35.4,9.61,FREE
2026-09-30T06:08:57Z,A1,35.4,16.33,FREE
2026-09-30T06:09:00Z,A1,38.2,10.50,FREE
2026-09-30T06:09:01Z,A1,35.4,9.89,FREE
2026-09-30T06:09:02Z,A1,8.2,19.17,FREE
2026-09-30T06:09:03Z,A1,5.8,19.28,OCCUPIED
2026-09-30T06:09:04Z,A1,6.8,14.67,OCCUPIED
2026-09-30T06:09:05Z,A1,6.0,14.59,OCCUPIED
2026-09-30T06:09:06Z,A1,6.1,16.20,OCCUPIED
2026-09-30T06:09:07Z,A1,5.8,6.61,OCCUPIED
2026-09-30T06:09:08Z,A1,5.9,5.80,OCCUPIED
2026-09-30T06:09:14Z,A1,33.5,12.30,OCCUPIED
2026-09-30T06:09:15Z,A1,36.4,18.28,FREE
2026-09-30T06:09:16Z,A1,37.2,6.26,FREE
2026-09-30T06:09:17Z,A1,38.9,6.17,FREE
2026-09-30T06:09:18Z,A1,5.2,7.18,FREE
2026-09-30T06:09:19Z,A1,8.1,7.87,OCCUPIED
2026-09-30T06:09:20Z,A1,5.4,6.17,OCCUPIED
2026-09-30T06:09:21Z,A1,6.5,10.59,OCCUPIED
2026-09-30T06:09:22Z,A1,6.1,10.00,OCCUPIED
2026-09-30T06:09:23Z,A1,8.5,16.05,OCCUPIED
2026-09-30T06:09:24Z,A1,7.0,16.35,OCCUPIED
2026-09-30T06:09:26Z,A1,35.0,12.61,OCCUPIED
2026-09-30T06:09:27Z,A1,36.6,11.89,FREE
2026-09-30T06:09:28Z,A1,37.6,14.02,FREE
2026-09-30T06:09:29Z,A1,36.4,5.78,FREE
2026-09-30T06:09:30Z,A1,36.6,6.43,FREE
2026-09-30T06:09:31Z,A1,35.9,10.43,FREE
2026-09-30T06:09:32Z,A1,39.7,14.91,FREE
2026-09-30T06:09:33Z,A1,33.0,14.61,FREE
2026-09-30T06:09:34Z,A1,6.3,16.63,FREE
2026-09-30T06:09:35Z,A1,5.1,19.43,OCCUPIED
2026-09-30T06:09:36Z,A1,8.7,17.74,OCCUPIED
2026-09-30T06:09:37Z,A1,6.6,5.76,OCCUPIED
2026-09-30T06:09:38Z,A1,8.8,10.26,OCCUPIED
2026-09-30T06:09:39Z,A1,8.5,16.80,OCCUPIED
2026-09-30T06:09:40Z,A1,6.7,15.04,OCCUPIED
2026-09-30T06:09:41Z,A1,5.3,10.22,OCCUPIED
2026-09-30T06:09:42Z,A1,33.4,15.56,OCCUPIED
2026-09-30T06:09:43Z,A1,39.3,17.83,FREE
2026-09-30T06:09:44Z,A1,34.5,12.61,FREE
2026-09-30T06:09:45Z,A1,36.6,12.95,FREE
2026-09-30T06:09:46Z,A1,33.4,15.70,FREE
2026-09-30T06:09:57Z,A1,8.4,11.06,FREE
2026-09-30T06:09:58Z,A1,37.5,17.04,FREE
2026-09-30T06:09:59Z,A1,35.4,18.61,FREE
2026-09-30T06:10:00Z,A1,39.0,15.72,FREE
2026-09-30T06:10:01Z,A1,34.3,15.35,FREE
2026-09-30T06:10:02Z,A1,39.3,15.33,FREE
2026-09-30T06:10:03Z,A1,37.2,15.98,FREE
2026-09-30T06:10:04Z,A1,33.1,15.80,FREE
2026-09-30T06:10:05Z,A1,39.3,16.85,FREE
2026-09-30T06:10:06Z,A1,6.8,13.78,FREE
2026-09-30T06:10:07Z,A1,5.5,10.28,OCCUPIED
2026-09-30T06:10:08Z,A1,6.7,10.04,OCCUPIED
2026-09-30T06:10:09Z,A1,6.7,10.59,OCCUPIED
2026-09-30T06:10:10Z,A1,8.3,10.11,OCCUPIED
2026-09-30T06:10:11Z,A1,0.0,5.78,OCCUPIED
2026-09-30T06:10:12Z,A1,5.6,15.44,OCCUPIED
2026-09-30T06:10:16Z,A1,35.0,17.30,OCCUPIED
2026-09-30T06:10:17Z,A1,34.9,15.28,FREE
2026-09-30T06:10:18Z,A1,35.4,5.76,FREE
2026-09-30T06:10:19Z,A1,36.9,11.13,FREE
2026-09-30T06:10:20Z,A1,34.0,12.39,FREE
2026-09-30T06:10:21Z,A1,8.2,17.13,FREE
2026-09-30T06:10:22Z,A1,7.6,18.43,OCCUPIED
2026-09-30T06:10:23Z,A1,7.9,9.57,OCCUPIED
2026-09-30T06:10:24Z,A1,7.5,12.22,OCCUPIED
2026-09-30T06:10:25Z,A1,8.4,10.72,OCCUPIED
2026-09-30T06:10:26Z,A1,7.9,10.22,OCCUPIED
2026-09-30T06:10:27Z,A1,5.1,11.48,OCCUPIED
2026-09-30T06:10:32Z,A1,37.0,15.69,OCCUPIED
2026-09-30T06:10:33Z,A1,33.8,16.87,FREE
2026-09-30T06:10:34Z,A1,36.0,9.89,FREE
2026-09-30T06:10:35Z,A1,34.3,11.02,FREE
2026-09-30T06:10:36Z,A1,39.1,10.04,FREE
2026-09-30T06:10:37Z,A1,7.9,14.55,FREE
2026-09-30T06:10:38Z,A1,8.4,13.11,OCCUPIED
2026-09-30T06:10:39Z,A1,6.4,11.33,OCCUPIED
2026-09-30T06:10:40Z,A1,400.0,7.13,OCCUPIED
2026-09-30T06:10:41Z,A1,8.8,10.11,OCCUPIED
2026-09-30T06:10:42Z,A1,8.1,17.24,OCCUPIED
2026-09-30T06:10:44Z,A1,0.0,6.93,OCCUPIED
2026-09-30T06:10:45Z,A1,6.2,9.48,OCCUPIED
2026-09-30T06:10:46Z,A1,37.8,15.63,OCCUPIED
2026-09-30T06:10:47Z,A1,34.1,15.72,FREE
2026-09-30T06:10:48Z,A1,33.5,10.95,FREE
2026-09-30T06:10:50Z,A1,33.0,17.41,FREE
2026-09-30T06:10:51Z,A1,33.7,14.81,FREE
2026-09-30T06:10:52Z,A1,35.9,12.50,FREE
2026-09-30T06:10:53Z,A1,36.3,16.15,FREE
2026-09-30T06:10:54Z,A1,9.0,17.32,FREE
2026-09-30T06:10:55Z,A1,6.6,20.41,OCCUPIED
2026-09-30T06:10:56Z,A1,5.2,11.98,OCCUPIED
2026-09-30T06:10:57Z,A1,7.2,8.59,OCCUPIED
2026-09-30T06:10:58Z,A1,8.2,15.89,OCCUPIED
2026-09-30T06:10:59Z,A1,6.6,17.96,OCCUPIED
2026-09-30T06:11:00Z,A1,8.0,18.43,OCCUPIED
2026-09-30T06:11:01Z,A1,7.2,15.41,OCCUPIED
2026-09-30T06:11:02Z,A1,37.8,15.76,OCCUPIED
2026-09-30T06:11:03Z,A1,39.7,18.83,FREE
2026-09-30T06:11:04Z,A1,34.5,12.81,FREE
2026-09-30T06:11:05Z,A1,34.6,11.54,FREE
2026-09-30T06:11:06Z,A1,33.4,15.74,FREE
2026-09-30T06:11:07Z,A1,38.9,17.83,FREE
2026-09-30T06:11:08Z,A1,37.1,10.61,FREE
2026-09-30T06:11:13Z,A1,5.0,13.69,FREE
2026-09-30T06:11:14Z,A1,6.3,16.68,OCCUPIED
2026-09-30T06:11:15Z,A1,5.6,10.95,OCCUPIED
2026-09-30T06:11:16Z,A1,7.1,11.22,OCCUPIED
2026-09-30T06:11:17Z,A1,8.5,10.52,OCCUPIED
2026-09-30T06:11:18Z,A1,39.4,11.89,OCCUPIED
2026-09-30T06:11:19Z,A1,35.0,14.45,FREE
2026-09-30T06:11:20Z,A1,35.5,13.48,FREE
2026-09-30T06:11:21Z,A1,39.7,14.35,FREE
2026-09-30T06:11:22Z,A1,33.7,12.59,FREE
2026-09-30T06:11:23Z,A1,39.0,12.41,FREE
2026-09-30T06:11:24Z,A1,35.9,11.69,FREE
2026-09-30T06:11:25Z,A1,33.6,12.13,FREE
2026-09-30T06:11:26Z,A1,7.2,16.63,FREE
2026-09-30T06:11:27Z,A1,8.3,17.43,OCCUPIED
2026-09-30T06:11:28Z,A1,5.3,15.85,OCCUPIED
2026-09-30T06:11:29Z,A1,8.6,14.70,OCCUPIED
2026-09-30T06:11:30Z,A1,5.4,18.39,OCCUPIED
2026-09-30T06:11:31Z,A1,6.1,16.85,OCCUPIED
2026-09-30T06:11:32Z,A1,7.5,15.19,OCCUPIED
2026-09-30T06:11:33Z,A1,7.0,72.09,OCCUPIED
2026-09-30T06:11:34Z,A1,35.1,15.41,OCCUPIED
2026-09-30T06:11:35Z,A1,34.5,14.45,FREE
2026-09-30T06:11:36Z,A1,34.7,16.63,FREE
2026-09-30T06:11:37Z,A1,34.4,12.46,FREE
2026-09-30T06:11:38Z,A1,37.1,7.28,FREE
2026-09-30T06:11:39Z,A1,39.1,9.09,FREE
2026-09-30T06:11:40Z,A1,39.3,8.43,FREE
2026-09-30T06:11:41Z,A1,0.0,5.26,FREE
2026-09-30T06:11:42Z,A1,5.6,10.48,FREE
2026-09-30T06:11:43Z,A1,7.6,15.50,OCCUPIED
2026-09-30T06:11:44Z,A1,6.6,10.09,OCCUPIED
2026-09-30T06:11:45Z,A1,6.2,11.85,OCCUPIED
2026-09-30T06:11:46Z,A1,5.7,16.11,OCCUPIED
2026-09-30T06:11:47Z,A1,6.6,12.02,OCCUPIED
2026-09-30T06:11:48Z,A1,0.0,9.74,OCCUPIED
2026-09-30T06:11:49Z,A1,7.7,12.17,OCCUPIED
2026-09-30T06:11:54Z,A1,38.4,17.59,OCCUPIED
2026-09-30T06:11:57Z,A1,36.0,16.13,FREE
2026-09-30T06:11:58Z,A1,8.2,9.20,FREE
2026-09-30T06:11:59Z,A1,5.5,27.41,OCCUPIED
2026-09-30T06:12:00Z,A1,2.0,7.63,OCCUPIED
2026-09-30T06:12:02Z,A1,7.9,15.09,OCCUPIED
2026-09-30T06:12:03Z,A1,5.2,16.13,OCCUPIED
2026-09-30T06:12:04Z,A1,8.4,16.43,OCCUPIED
2026-09-30T06:12:05Z,A1,7.8,15.02,OCCUPIED
2026-09-30T06:12:06Z,A1,2.0,11.28,OCCUPIED
2026-09-30T06:12:07Z,A1,34.0,16.56,OCCUPIED
2026-09-30T06:12:08Z,A1,36.7,11.05,FREE
2026-09-30T06:12:09Z,A1,36.9,6.09,FREE
2026-09-30T06:12:10Z,A1,39.8,7.35,FREE
2026-09-30T06:12:11Z,A1,37.7,9.98,FREE
2026-09-30T06:12:12Z,A1,39.0,10.50,FREE
2026-09-30T06:12:13Z,A1,400.0,6.76,FREE
2026-09-30T06:12:14Z,A1,0.0,7.80,FREE
2026-09-30T06:12:15Z,A1,8.7,19.43,FREE
2026-09-30T06:12:16Z,A1,8.1,20.09,OCCUPIED
2026-09-30T06:12:17Z,A1,7.7,7.26,OCCUPIED
2026-09-30T06:12:18Z,A1,5.5,8.70,OCCUPIED
2026-09-30T06:12:19Z,A1,8.4,8.70,OCCUPIED
2026-09-30T06:12:20Z,A1,7.4,9.02,OCCUPIED
2026-09-30T06:12:21Z,A1,7.2,8.78,OCCUPIED
2026-09-30T06:12:22Z,A1,36.4,16.57,OCCUPIED
2026-09-30T06:12:24Z,A1,39.7,20.89,FREE
2026-09-30T06:12:25Z,A1,33.3,17.46,FREE
2026-09-30T06:12:26Z,A1,37.2,18.02,FREE
2026-09-30T06:12:27Z,A1,35.4,17.78,FREE
2026-09-30T06:12:28Z,A1,36.0,16.07,FREE
2026-09-30T06:12:33Z,A1,5.4,10.61,FREE
2026-09-30T06:12:34Z,A1,7.8,18.93,OCCUPIED
2026-09-30T06:12:35Z,A1,5.4,14.33,OCCUPIED
2026-09-30T06:12:36Z,A1,6.7,13.96,OCCUPIED
2026-09-30T06:12:37Z,A1,7.2,15.55,OCCUPIED
2026-09-30T06:12:38Z,A1,35.7,17.89,OCCUPIED
2026-09-30T06:12:39Z,A1,36.4,21.06,FREE
2026-09-30T06:12:40Z,A1,33.0,9.78,FREE
2026-09-30T06:12:41Z,A1,37.4,9.83,FREE
2026-09-30T06:12:42Z,A1,35.4,9.96,FREE
2026-09-30T06:12:43Z,A1,39.9,10.33,FREE
2026-09-30T06:12:44Z,A1,38.3,15.91,FREE
2026-09-30T06:12:45Z,A1,33.9,13.22,FREE
2026-09-30T06:12:46Z,A1,8.5,15.96,FREE
2026-09-30T06:12:47Z,A1,8.2,18.28,OCCUPIED
2026-09-30T06:12:48Z,A1,5.5,18.11,OCCUPIED
2026-09-30T06:12:49Z,A1,6.9,10.43,OCCUPIED
2026-09-30T06:12:50Z,A1,8.0,17.18,OCCUPIED
2026-09-30T06:12:51Z,A1,5.9,32.17,OCCUPIED
2026-09-30T06:12:52Z,A1,8.1,9.63,OCCUPIED
2026-09-30T06:12:53Z,A1,6.2,9.91,OCCUPIED
2026-09-30T06:12:54Z,A1,34.7,18.98,OCCUPIED
2026-09-30T06:12:55Z,A1,38.0,18.24,FREE
2026-09-30T06:12:56Z,A1,38.7,15.70,FREE
2026-09-30T06:12:57Z,A1,36.6,15.13,FREE
2026-09-30T06:12:58Z,A1,37.3,15.50,FREE
2026-09-30T06:12:59Z,A1,34.3,10.28,FREE
2026-09-30T06:13:00Z,A1,38.1,10.45,FREE
2026-09-30T06:13:01Z,A1,38.2,9.98,FREE
2026-09-30T06:13:02Z,A1,8.4,10.78,FREE
2026-09-30T06:13:03Z,A1,5.0,11.24,OCCUPIED
2026-09-30T06:13:07Z,A1,6.8,16.68,OCCUPIED
2026-09-30T06:13:13Z,A1,36.5,18.26,OCCUPIED
2026-09-30T06:13:14Z,A1,37.3,19.28,FREE
2026-09-30T06:13:15Z,A1,34.7,15.44,FREE
2026-09-30T06:13:16Z,A1,35.7,16.94,FREE
2026-09-30T06:13:17Z,A1,36.4,16.70,FREE
2026-09-30T06:13:18Z,A1,6.4,17.52,FREE
2026-09-30T06:13:19Z,A1,5.1,10.94,OCCUPIED
2026-09-30T06:13:20Z,A1,8.8,9.93,OCCUPIED
2026-09-30T06:13:21Z,A1,5.5,9.85,OCCUPIED
2026-09-30T06:13:22Z,A1,7.2,9.89,OCCUPIED
2026-09-30T06:13:23Z,A1,7.2,10.26,OCCUPIED
2026-09-30T06:13:24Z,A1,6.5,15.07,OCCUPIED
2026-09-30T06:13:25Z,A1,8.2,48.76,OCCUPIED
2026-09-30T06:13:26Z,A1,36.3,19.65,OCCUPIED
2026-09-30T06:13:27Z,A1,34.7,18.30,FREE
2026-09-30T06:13:28Z,A1,34.4,16.76,FREE
2026-09-30T06:13:29Z,A1,33.1,9.81,FREE
2026-09-30T06:13:31Z,A1,2.0,6.78,FREE
2026-09-30T06:13:32Z,A1,36.8,10.04,FREE
2026-09-30T06:13:33Z,A1,33.1,9.43,FREE
2026-09-30T06:13:34Z,A1,8.7,16.09,FREE
2026-09-30T06:13:35Z,A1,8.8,15.70,OCCUPIED
2026-09-30T06:13:36Z,A1,9.0,11.74,OCCUPIED
2026-09-30T06:13:37Z,A1,6.4,11.02,OCCUPIED
2026-09-30T06:13:38Z,A1,7.6,15.11,OCCUPIED
2026-09-30T06:13:39Z,A1,7.1,11.09,OCCUPIED
2026-09-30T06:13:40Z,A1,5.9,6.20,OCCUPIED
2026-09-30T06:13:41Z,A1,6.8,5.52,OCCUPIED
2026-09-30T06:13:42Z,A1,400.0,3.39,OCCUPIED
2026-09-30T06:13:43Z,A1,35.5,10.28,OCCUPIED
2026-09-30T06:13:44Z,A1,33.8,9.85,FREE
2026-09-30T06:13:45Z,A1,38.7,16.41,FREE
2026-09-30T06:13:46Z,A1,39.9,13.50,FREE
2026-09-30T06:13:47Z,A1,39.4,14.87,FREE
2026-09-30T06:13:48Z,A1,35.6,13.48,FREE
2026-09-30T06:13:49Z,A1,35.7,11.85,FREE
2026-09-30T06:13:50Z,A1,6.2,10.95,FREE
2026-09-30T06:13:51Z,A1,6.4,10.78,OCCUPIED
2026-09-30T06:13:52Z,A1,8.4,8.31,OCCUPIED
2026-09-30T06:13:53Z,A1,8.0,10.31,OCCUPIED
2026-09-30T06:13:54Z,A1,6.5,9.59,OCCUPIED
2026-09-30T06:13:55Z,A1,6.7,11.85,OCCUPIED
2026-09-30T06:13:56Z,A1,8.1,14.11,OCCUPIED
2026-09-30T06:13:57Z,A1,7.8,12.76,OCCUPIED
2026-09-30T06:13:58Z,A1,33.8,14.80,OCCUPIED
2026-09-30T06:13:59Z,A1,37.2,16.22,FREE
2026-09-30T06:14:00Z,A1,37.9,6.41,FREE
2026-09-30T06:14:01Z,A1,39.3,6.32,FREE
2026-09-30T06:14:02Z,A1,38.9,7.30,FREE
2026-09-30T06:14:03Z,A1,39.7,7.20,FREE
2026-09-30T06:14:04Z,A1,35.1,9.57,FREE
2026-09-30T06:14:05Z,A1,33.0,12.50,FREE
2026-09-30T06:14:06Z,A1,6.2,16.52,FREE
2026-09-30T06:14:07Z,A1,6.1,16.20,OCCUPIED
2026-09-30T06:14:08Z,A1,5.6,11.11,OCCUPIED
2026-09-30T06:14:09Z,A1,7.3,15.57,OCCUPIED
2026-09-30T06:14:10Z,A1,6.4,7.35,OCCUPIED
2026-09-30T06:14:11Z,A1,6.7,7.17,OCCUPIED
2026-09-30T06:14:12Z,A1,8.0,10.87,OCCUPIED
2026-09-30T06:14:13Z,A1,6.6,6.65,OCCUPIED
2026-09-30T06:14:14Z,A1,33.4,8.63,OCCUPIED
2026-09-30T06:14:15Z,A1,36.7,15.59,FREE
2026-09-30T06:14:16Z,A1,35.6,11.37,FREE
2026-09-30T06:14:17Z,A1,39.6,56.07,FREE
2026-09-30T06:14:18Z,A1,33.9,9.26,FREE
2026-09-30T06:14:19Z,A1,33.6,14.91,FREE
2026-09-30T06:14:20Z,A1,0.0,7.17,FREE
2026-09-30T06:14:21Z,A1,35.3,14.63,FREE
2026-09-30T06:14:22Z,A1,6.8,14.11,FREE
2026-09-30T06:14:23Z,A1,8.4,14.17,OCCUPIED
2026-09-30T06:14:24Z,A1,6.9,13.35,OCCUPIED
2026-09-30T06:14:29Z,A1,5.2,14.50,OCCUPIED
2026-09-30T06:14:30Z,A1,37.2,11.48,OCCUPIED
2026-09-30T06:14:31Z,A1,34.1,12.07,FREE
2026-09-30T06:14:32Z,A1,37.0,10.81,FREE
2026-09-30T06:14:33Z,A1,37.6,10.06,FREE
2026-09-30T06:14:34Z,A1,33.7,9.78,FREE
2026-09-30T06:14:35Z,A1,34.6,15.20,FREE
2026-09-30T06:14:38Z,A1,8.3,20.19,FREE
2026-09-30T06:14:39Z,A1,6.9,17.22,OCCUPIED
2026-09-30T06:14:40Z,A1,7.7,10.39,OCCUPIED
2026-09-30T06:14:41Z,A1,8.5,10.80,OCCUPIED
2026-09-30T06:14:42Z,A1,6.3,10.28,OCCUPIED
2026-09-30T06:14:43Z,A1,8.4,10.41,OCCUPIED
2026-09-30T06:14:44Z,A1,8.3,10.28,OCCUPIED
2026-09-30T06:14:45Z,A1,7.0,14.63,OCCUPIED
2026-09-30T06:14:46Z,A1,33.8,18.59,OCCUPIED
2026-09-30T06:14:47Z,A1,33.7,19.78,FREE
2026-09-30T06:14:48Z,A1,37.9,17.30,FREE
2026-09-30T06:14:49Z,A1,2.0,14.63,FREE
2026-09-30T06:14:50Z,A1,36.7,9.89,FREE
2026-09-30T06:14:51Z,A1,36.7,10.02,FREE
2026-09-30T06:14:52Z,A1,36.3,10.26,FREE
2026-09-30T06:14:53Z,A1,36.1,9.65,FREE
2026-09-30T06:14:54Z,A1,6.2,10.43,FREE
2026-09-30T06:14:55Z,A1,5.3,17.93,OCCUPIED
2026-09-30T06:14:56Z,A1,8.4,17.65,OCCUPIED
2026-09-30T06:14:57Z,A1,5.5,15.56,OCCUPIED
2026-09-30T06:14:58Z,A1,6.9,16.06,OCCUPIED
2026-09-30T06:14:59Z,A1,6.4,13.63,OCCUPIED
2026-09-30T06:15:00Z,A1,7.7,13.22,OCCUPIED
2026-09-30T06:15:01Z,A1,5.1,14.93,OCCUPIED
2026-09-30T06:15:02Z,A1,39.4,19.61,OCCUPIED
2026-09-30T06:15:03Z,A1,0.0,8.80,OCCUPIED
2026-09-30T06:15:04Z,A1,39.9,18.48,FREE
2026-09-30T06:15:05Z,A1,34.3,16.00,FREE
2026-09-30T06:15:06Z,A1,34.9,15.09,FREE
2026-09-30T06:15:07Z,A1,37.5,15.83,FREE
2026-09-30T06:15:08Z,A1,34.8,15.81,FREE
2026-09-30T06:15:09Z,A1,35.2,15.15,FREE
2026-09-30T06:15:10Z,A1,8.0,12.65,FREE
2026-09-30T06:15:12Z,A1,5.6,22.46,OCCUPIED
2026-09-30T06:15:13Z,A1,5.5,12.80,OCCUPIED
2026-09-30T06:15:14Z,A1,7.4,9.93,OCCUPIED
2026-09-30T06:15:15Z,A1,5.5,11.33,OCCUPIED
2026-09-30T06:15:16Z,A1,8.3,9.69,OCCUPIED
2026-09-30T06:15:17Z,A1,6.9,13.56,OCCUPIED
2026-09-30T06:15:18Z,A1,38.6,9.09,OCCUPIED
2026-09-30T06:15:19Z,A1,39.4,10.15,FREE
2026-09-30T06:15:20Z,A1,36.4,11.41,FREE
2026-09-30T06:15:21Z,A1,38.3,13.74,FREE
2026-09-30T06:15:22Z,A1,37.7,5.98,FREE
2026-09-30T06:15:23Z,A1,37.9,9.46,FREE
2026-09-30T06:15:24Z,A1,35.1,10.76,FREE
2026-09-30T06:15:25Z,A1,33.1,10.81,FREE
2026-09-30T06:15:26Z,A1,6.3,12.69,FREE
2026-09-30T06:15:27Z,A1,8.5,17.30,OCCUPIED
2026-09-30T06:15:28Z,A1,7.1,10.67,OCCUPIED
2026-09-30T06:15:29Z,A1,6.7,8.07,OCCUPIED
2026-09-30T06:15:30Z,A1,7.6,7.00,OCCUPIED
2026-09-30T06:15:31Z,A1,7.3,6.57,OCCUPIED
2026-09-30T06:15:34Z,A1,39.7,17.13,OCCUPIED
2026-09-30T06:15:35Z,A1,34.2,20.61,FREE
2026-09-30T06:15:36Z,A1,33.1,17.48,FREE
2026-09-30T06:15:37Z,A1,38.9,10.24,FREE
2026-09-30T06:15:38Z,A1,33.6,16.82,FREE
2026-09-30T06:15:39Z,A1,39.8,12.31,FREE
2026-09-30T06:15:40Z,A1,400.0,9.09,FREE
2026-09-30T06:15:41Z,A1,35.2,10.26,FREE
2026-09-30T06:15:42Z,A1,5.4,11.89,FREE
2026-09-30T06:15:43Z,A1,5.7,11.72,OCCUPIED
2026-09-30T06:15:44Z,A1,6.8,9.61,OCCUPIED
2026-09-30T06:15:57Z,A1,37.0,17.57,OCCUPIED
2026-09-30T06:15:58Z,A1,7.8,13.00,OCCUPIED
2026-09-30T06:15:59Z,A1,0.0,9.04,OCCUPIED
2026-09-30T06:16:00Z,A1,5.3,13.05,OCCUPIED
2026-09-30T06:16:01Z,A1,8.7,16.15,OCCUPIED
2026-09-30T06:16:02Z,A1,7.8,14.22,OCCUPIED
2026-09-30T06:16:04Z,A1,8.0,15.83,OCCUPIED
2026-09-30T06:16:05Z,A1,6.9,14.15,OCCUPIED
2026-09-30T06:16:06Z,A1,36.0,17.87,OCCUPIED
2026-09-30T06:16:07Z,A1,34.9,17.43,FREE
2026-09-30T06:16:08Z,A1,33.9,15.41,FREE
2026-09-30T06:16:09Z,A1,35.0,16.02,FREE
2026-09-30T06:16:10Z,A1,38.8,16.26,FREE
2026-09-30T06:16:11Z,A1,38.9,15.87,FREE
2026-09-30T06:16:12Z,A1,38.6,9.39,FREE
2026-09-30T06:16:13Z,A1,36.8,10.02,FREE
2026-09-30T06:16:14Z,A1,6.6,10.37,FREE
2026-09-30T06:16:15Z,A1,7.2,11.09,OCCUPIED
2026-09-30T06:16:16Z,A1,5.4,10.31,OCCUPIED
2026-09-30T06:16:17Z,A1,6.5,16.45,OCCUPIED
2026-09-30T06:16:18Z,A1,6.7,15.33,OCCUPIED
2026-09-30T06:16:19Z,A1,8.1,15.72,OCCUPIED
2026-09-30T06:16:20Z,A1,5.4,12.91,OCCUPIED
2026-09-30T06:16:21Z,A1,35.5,11.19,OCCUPIED
2026-09-30T06:16:22Z,A1,35.6,12.31,FREE
2026-09-30T06:16:23Z,A1,38.7,10.76,FREE
2026-09-30T06:16:24Z,A1,37.5,10.15,FREE
2026-09-30T06:16:25Z,A1,400.0,3.56,FREE
2026-09-30T06:16:26Z,A1,38.6,16.80,FREE
2026-09-30T06:16:27Z,A1,39.7,18.18,FREE
2026-09-30T06:16:28Z,A1,0.0,8.72,FREE
2026-09-30T06:16:29Z,A1,6.8,16.28,FREE
2026-09-30T06:16:37Z,A1,5.8,12.69,OCCUPIED
2026-09-30T06:16:38Z,A1,39.5,12.20,OCCUPIED
2026-09-30T06:16:39Z,A1,33.4,19.45,FREE
2026-09-30T06:16:40Z,A1,34.0,10.20,FREE
2026-09-30T06:16:41Z,A1,36.8,9.98,FREE
2026-09-30T06:16:42Z,A1,39.6,6.24,FREE
2026-09-30T06:16:43Z,A1,38.4,7.43,FREE
2026-09-30T06:16:44Z,A1,36.5,9.19,FREE
2026-09-30T06:16:45Z,A1,39.1,8.48,FREE
2026-09-30T06:16:46Z,A1,5.7,9.76,FREE
2026-09-30T06:16:47Z,A1,8.2,18.11,OCCUPIED
2026-09-30T06:16:48Z,A1,5.4,15.95,OCCUPIED
2026-09-30T06:16:50Z,A1,7.2,10.22,OCCUPIED
2026-09-30T06:16:51Z,A1,5.0,13.95,OCCUPIED
2026-09-30T06:16:52Z,A1,7.0,9.24,OCCUPIED
2026-09-30T06:16:53Z,A1,8.3,9.74,OCCUPIED
2026-09-30T06:16:54Z,A1,38.9,9.81,OCCUPIED
2026-09-30T06:16:55Z,A1,38.9,11.52,FREE
2026-09-30T06:16:56Z,A1,38.2,6.59,FREE
2026-09-30T06:16:57Z,A1,39.6,13.15,FREE
2026-09-30T06:16:58Z,A1,39.0,8.83,FREE
2026-09-30T06:16:59Z,A1,36.4,13.98,FREE
2026-09-30T06:17:00Z,A1,39.8,13.13,FREE
2026-09-30T06:17:01Z,A1,35.4,14.54,FREE
2026-09-30T06:17:02Z,A1,8.0,11.15,FREE
2026-09-30T06:17:03Z,A1,6.5,11.48,OCCUPIED
2026-09-30T06:17:04Z,A1,5.3,6.11,OCCUPIED
2026-09-30T06:17:05Z,A1,7.3,6.43,OCCUPIED
2026-09-30T06:17:06Z,A1,2.0,5.39,OCCUPIED
2026-09-30T06:17:07Z,A1,8.5,13.19,OCCUPIED
2026-09-30T06:17:08Z,A1,6.3,13.44,OCCUPIED
2026-09-30T06:17:12Z,A1,34.1,10.81,OCCUPIED
2026-09-30T06:17:13Z,A1,38.6,11.85,FREE
2026-09-30T06:17:14Z,A1,38.2,10.28,FREE
2026-09-30T06:17:15Z,A1,39.9,10.20,FREE
2026-09-30T06:17:16Z,A1,33.0,10.04,FREE
2026-09-30T06:17:17Z,A1,33.6,15.00,FREE
2026-09-30T06:17:18Z,A1,7.2,17.68,FREE
2026-09-30T06:17:19Z,A1,8.0,12.31,OCCUPIED
2026-09-30T06:17:20Z,A1,7.1,6.39,OCCUPIED
2026-09-30T06:17:21Z,A1,6.5,6.30,OCCUPIED
2026-09-30T06:17:21Z,A1,38.4,9.00,FREE
2026-09-30T06:17:22Z,A1,6.8,5.89,OCCUPIED
2026-09-30T06:17:22Z,A1,35.4,13.07,FREE
2026-09-30T06:17:23Z,A1,5.3,7.59,OCCUPIED
2026-09-30T06:17:23Z,A1,38.2,9.02,FREE
2026-09-30T06:17:25Z,A1,7.2,15.95,OCCUPIED
2026-09-30T06:17:25Z,A1,37.7,10.81,FREE
2026-09-30T06:17:26Z,A1,33.2,14.89,FREE
2026-09-30T06:17:26Z,A1,36.4,14.98,OCCUPIED
2026-09-30T06:17:27Z,A1,34.2,16.56,FREE
2026-09-30T06:17:27Z,A1,34.4,13.20,FREE
2026-09-30T06:17:28Z,A1,33.5,15.02,FREE
2026-09-30T06:17:28Z,A1,36.4,9.57,FREE
2026-09-30T06:17:29Z,A1,34.8,11.06,FREE
2026-09-30T06:17:29Z,A1,36.0,6.48,FREE
2026-09-30T06:17:30Z,A1,5.4,13.85,FREE
2026-09-30T06:17:30Z,A1,36.0,6.63,FREE
2026-09-30T06:17:31Z,A1,5.6,17.72,OCCUPIED
2026-09-30T06:17:31Z,A1,36.0,7.11,FREE
2026-09-30T06:17:32Z,A1,7.0,10.54,OCCUPIED
2026-09-30T06:17:32Z,A1,35.3,5.65,FREE
2026-09-30T06:17:33Z,A1,5.9,12.22,OCCUPIED
2026-09-30T06:17:33Z,A1,33.7,5.81,FREE
2026-09-30T06:17:34Z,A1,8.7,16.94,FREE
2026-09-30T06:17:34Z,A1,6.1,12.39,OCCUPIED
2026-09-30T06:17:35Z,A1,8.5,16.48,OCCUPIED
2026-09-30T06:17:35Z,A1,7.9,12.30,OCCUPIED
2026-09-30T06:17:36Z,A1,8.8,16.82,OCCUPIED
2026-09-30T06:17:36Z,A1,7.2,15.65,OCCUPIED
2026-09-30T06:17:37Z,A1,8.2,16.83,OCCUPIED
2026-09-30T06:17:37Z,A1,7.4,17.46,OCCUPIED
2026-09-30T06:17:38Z,A1,36.8,17.87,OCCUPIED
2026-09-30T06:17:38Z,A1,8.0,14.70,OCCUPIED
2026-09-30T06:17:39Z,A1,36.7,17.78,FREE
2026-09-30T06:17:39Z,A1,5.9,14.09,OCCUPIED
2026-09-30T06:17:40Z,A1,5.2,18.33,OCCUPIED
2026-09-30T06:17:40Z,A1,37.7,15.17,FREE
2026-09-30T06:17:41Z,A1,0.0,9.72,OCCUPIED
2026-09-30T06:17:41Z,A1,37.0,13.02,FREE
2026-09-30T06:17:42Z,A1,2.0,14.54,OCCUPIED
2026-09-30T06:17:42Z,A1,36.1,11.04,FREE
2026-09-30T06:17:43Z,A1,37.1,11.98,OCCUPIED
2026-09-30T06:17:43Z,A1,34.1,7.15,FREE
2026-09-30T06:17:44Z,A1,33.1,12.07,FREE
2026-09-30T06:17:44Z,A1,39.6,6.50,FREE
2026-09-30T06:17:45Z,A1,36.6,7.83,FREE
2026-09-30T06:17:45Z,A1,400.0,7.07,FREE
2026-09-30T06:17:46Z,A1,6.2,10.09,FREE
2026-09-30T06:17:46Z,A1,35.2,9.63,FREE
2026-09-30T06:17:47Z,A1,7.5,10.74,OCCUPIED
2026-09-30T06:17:47Z,A1,38.7,9.57,FREE
2026-09-30T06:17:48Z,A1,35.8,15.28,FREE
2026-09-30T06:17:48Z,A1,6.8,11.80,OCCUPIED
2026-09-30T06:17:49Z,A1,39.1,15.50,FREE
2026-09-30T06:17:49Z,A1,7.9,16.18,OCCUPIED
2026-09-30T06:17:57Z,A1,36.0,18.93,OCCUPIED
2026-09-30T06:17:57Z,A1,8.2,18.72,FREE
2026-09-30T06:17:58Z,A1,38.4,15.70,FREE
2026-09-30T06:17:58Z,A1,34.2,17.68,FREE
2026-09-30T06:17:59Z,A1,36.6,15.56,FREE
2026-09-30T06:17:59Z,A1,35.9,11.13,FREE
2026-09-30T06:18:00Z,A1,38.6,15.22,FREE
2026-09-30T06:18:00Z,A1,34.7,11.28,FREE
2026-09-30T06:18:01Z,A1,33.9,15.96,FREE
2026-09-30T06:18:01Z,A1,8.5,14.35,FREE
2026-09-30T06:18:02Z,A1,37.1,14.78,FREE
2026-09-30T06:18:02Z,A1,8.0,13.96,OCCUPIED
2026-09-30T06:18:03Z,A1,38.1,16.68,FREE
2026-09-30T06:18:03Z,A1,7.9,13.09,OCCUPIED
2026-09-30T06:18:04Z,A1,38.5,9.72,FREE
2026-09-30T06:18:04Z,A1,5.2,6.48,OCCUPIED
2026-09-30T06:18:05Z,A1,33.6,16.00,FREE
2026-09-30T06:18:05Z,A1,6.2,12.41,OCCUPIED
2026-09-30T06:18:06Z,A1,5.7,19.13,FREE
2026-09-30T06:18:06Z,A1,8.2,12.19,OCCUPIED
2026-09-30T06:18:07Z,A1,6.8,11.61,OCCUPIED
2026-09-30T06:18:07Z,A1,0.0,4.09,OCCUPIED
2026-09-30T06:18:08Z,A1,7.4,16.35,OCCUPIED
2026-09-30T06:18:08Z,A1,8.2,11.72,OCCUPIED
2026-09-30T06:18:09Z,A1,39.3,19.02,OCCUPIED
2026-09-30T06:18:09Z,A1,7.2,15.30,OCCUPIED
2026-09-30T06:18:10Z,A1,34.4,18.87,FREE
2026-09-30T06:18:10Z,A1,6.7,11.41,OCCUPIED
2026-09-30T06:18:11Z,A1,38.2,15.22,FREE
2026-09-30T06:18:11Z,A1,5.0,13.70,OCCUPIED
2026-09-30T06:18:12Z,A1,36.6,13.76,FREE
2026-09-30T06:18:12Z,A1,8.8,11.26,OCCUPIED
2026-09-30T06:18:13Z,A1,37.3,9.70,FREE
2026-09-30T06:18:13Z,A1,8.4,10.07,OCCUPIED
2026-09-30T06:18:14Z,A1,37.8,8.41,FREE
2026-09-30T06:18:14Z,A1,37.5,10.17,OCCUPIED
2026-09-30T06:18:15Z,A1,34.8,10.96,FREE
2026-09-30T06:18:15Z,A1,34.2,11.63,FREE
2026-09-30T06:18:16Z,A1,34.3,11.11,FREE
2026-09-30T06:18:16Z,A1,34.4,8.65,FREE
2026-09-30T06:18:17Z,A1,6.6,12.80,FREE
2026-09-30T06:18:17Z,A1,400.0,6.33,FREE
2026-09-30T06:18:18Z,A1,5.3,19.18,OCCUPIED
2026-09-30T06:18:18Z,A1,35.7,13.98,FREE
2026-09-30T06:18:19Z,A1,2.0,15.26,OCCUPIED
2026-09-30T06:18:19Z,A1,33.1,16.63,FREE
2026-09-30T06:18:20Z,A1,8.3,16.67,OCCUPIED
2026-09-30T06:18:20Z,A1,36.3,12.83,FREE
2026-09-30T06:18:21Z,A1,2.0,13.76,OCCUPIED
2026-09-30T06:18:21Z,A1,39.0,15.13,FREE
2026-09-30T06:18:22Z,A1,6.0,16.35,OCCUPIED
2026-09-30T06:18:22Z,A1,5.8,16.26,FREE
2026-09-30T06:18:23Z,A1,8.6,9.96,OCCUPIED
2026-09-30T06:18:23Z,A1,5.2,10.22,OCCUPIED
2026-09-30T06:18:24Z,A1,7.4,10.57,OCCUPIED
2026-09-30T06:18:24Z,A1,0.0,6.04,OCCUPIED
2026-09-30T06:18:25Z,A1,39.0,12.94,OCCUPIED
2026-09-30T06:18:25Z,A1,7.3,9.33,OCCUPIED
2026-09-30T06:18:26Z,A1,33.7,12.95,FREE
2026-09-30T06:18:26Z,A1,7.5,7.20,OCCUPIED
2026-09-30T06:18:27Z,A1,33.1,10.44,FREE
2026-09-30T06:18:27Z,A1,400.0,10.35,OCCUPIED
2026-09-30T06:18:28Z,A1,39.2,20.94,FREE
2026-09-30T06:18:28Z,A1,5.6,10.39,OCCUPIED
2026-09-30T06:18:29Z,A1,36.4,9.70,FREE
2026-09-30T06:18:29Z,A1,7.5,10.00,OCCUPIED
2026-09-30T06:18:30Z,A1,38.0,10.55,FREE
2026-09-30T06:18:30Z,A1,33.8,11.35,OCCUPIED
2026-09-30T06:18:31Z,A1,34.1,9.81,FREE
2026-09-30T06:18:31Z,A1,39.2,11.80,FREE
2026-09-30T06:18:32Z,A1,38.5,10.33,FREE
2026-09-30T06:18:32Z,A1,37.0,10.33,FREE
2026-09-30T06:18:33Z,A1,7.4,18.91,FREE
2026-09-30T06:18:49Z,A1,36.6,15.93,FREE
2026-09-30T06:18:50Z,A1,33.0,9.87,FREE
2026-09-30T06:18:51Z,A1,33.4,9.89,FREE
2026-09-30T06:18:52Z,A1,2.0,10.52,FREE
2026-09-30T06:18:53Z,A1,36.3,10.80,FREE
2026-09-30T06:18:54Z,A1,5.0,11.67,FREE
2026-09-30T06:18:55Z,A1,5.2,18.46,OCCUPIED
2026-09-30T06:18:56Z,A1,8.8,17.18,OCCUPIED
2026-09-30T06:18:57Z,A1,7.5,15.26,OCCUPIED
2026-09-30T06:18:58Z,A1,8.4,14.83,OCCUPIED
2026-09-30T06:18:59Z,A1,8.9,15.57,OCCUPIED
2026-09-30T06:19:01Z,A1,7.3,14.33,OCCUPIED
2026-09-30T06:19:02Z,A1,39.3,17.24,OCCUPIED
2026-09-30T06:19:03Z,A1,33.9,14.37,FREE
2026-09-30T06:19:04Z,A1,39.3,15.70,FREE
2026-09-30T06:19:05Z,A1,38.5,17.98,FREE
2026-09-30T06:19:06Z,A1,35.9,15.78,FREE
2026-09-30T06:19:07Z,A1,39.3,15.22,FREE
2026-09-30T06:19:08Z,A1,37.4,15.33,FREE
2026-09-30T06:19:09Z,A1,37.8,14.45,FREE
2026-09-30T06:19:10Z,A1,6.4,17.09,FREE
2026-09-30T06:19:11Z,A1,6.2,18.13,OCCUPIED
2026-09-30T06:19:12Z,A1,5.9,15.15,OCCUPIED
2026-09-30T06:19:13Z,A1,5.2,9.48,OCCUPIED
2026-09-30T06:19:14Z,A1,8.0,10.26,OCCUPIED
2026-09-30T06:19:15Z,A1,5.7,9.95,OCCUPIED
2026-09-30T06:19:16Z,A1,7.1,9.76,OCCUPIED
2026-09-30T06:19:17Z,A1,7.4,9.37,OCCUPIED
2026-09-30T06:19:18Z,A1,37.2,17.32,OCCUPIED
2026-09-30T06:19:19Z,A1,33.6,18.48,FREE
2026-09-30T06:19:22Z,A1,36.7,9.65,FREE
2026-09-30T06:19:23Z,A1,34.1,16.48,FREE
2026-09-30T06:19:23Z,A1,400.0,12.81,FREE
2026-09-30T06:19:27Z,A1,5.4,20.02,FREE
2026-09-30T06:19:28Z,A1,8.2,17.07,OCCUPIED
2026-09-30T06:19:29Z,A1,6.8,10.24,OCCUPIED
2026-09-30T06:19:30Z,A1,6.9,9.87,OCCUPIED
2026-09-30T06:19:31Z,A1,400.0,5.96,OCCUPIED
2026-09-30T06:19:32Z,A1,5.6,10.02,OCCUPIED
2026-09-30T06:19:33Z,A1,6.2,15.37,OCCUPIED
2026-09-30T06:19:34Z,A1,39.7,15.80,OCCUPIED
2026-09-30T06:19:35Z,A1,35.1,19.00,FREE
2026-09-30T06:19:36Z,A1,38.2,13.54,FREE
2026-09-30T06:19:37Z,A1,38.9,13.24,FREE
2026-09-30T06:19:38Z,A1,38.1,14.37,FREE
2026-09-30T06:19:39Z,A1,37.2,15.61,FREE
2026-09-30T06:19:40Z,A1,38.4,13.67,FREE
2026-09-30T06:19:41Z,A1,35.6,15.02,FREE
2026-09-30T06:19:42Z,A1,6.2,14.50,FREE
2026-09-30T06:19:43Z,A1,8.4,12.69,OCCUPIED
2026-09-30T06:19:44Z,A1,7.2,10.00,OCCUPIED
2026-09-30T06:19:45Z,A1,5.7,10.26,OCCUPIED
2026-09-30T06:19:46Z,A1,5.6,10.24,OCCUPIED
2026-09-30T06:19:47Z,A1,7.2,9.59,OCCUPIED
2026-09-30T06:19:48Z,A1,8.9,13.46,OCCUPIED
2026-09-30T06:19:49Z,A1,6.6,15.31,OCCUPIED
2026-09-30T06:19:50Z,A1,33.9,14.83,OCCUPIED
2026-09-30T06:19:51Z,A1,37.1,20.78,FREE
2026-09-30T06:19:53Z,A1,35.9,10.28,FREE
2026-09-30T06:19:54Z,A1,39.9,9.59,FREE
2026-09-30T06:19:55Z,A1,39.1,10.17,FREE
2026-09-30T06:19:56Z,A1,35.2,10.37,FREE
2026-09-30T06:19:57Z,A1,6.3,18.43,FREE
2026-09-30T06:19:58Z,A1,8.7,12.33,OCCUPIED
2026-09-30T06:19:59Z,A1,6.7,9.35,OCCUPIED
2026-09-30T06:20:00Z,A1,5.2,9.91,OCCUPIED
2026-09-30T06:20:01Z,A1,7.4,9.95,OCCUPIED
2026-09-30T06:20:02Z,A1,8.7,10.33,OCCUPIED
2026-09-30T06:20:03Z,A1,5.8,14.80,OCCUPIED
2026-09-30T06:20:04Z,A1,6.4,14.17,OCCUPIED
2026-09-30T06:20:05Z,A1,35.1,17.74,OCCUPIED
2026-09-30T06:20:07Z,A1,37.1,14.81,FREE
2026-09-30T06:20:08Z,A1,39.1,10.00,FREE
2026-09-30T06:20:09Z,A1,38.6,10.39,FREE
2026-09-30T06:20:10Z,A1,33.8,10.00,FREE
2026-09-30T06:20:11Z,A1,34.0,11.41,FREE
2026-09-30T06:20:12Z,A1,33.2,11.76,FREE
2026-09-30T06:20:13Z,A1,39.8,13.41,FREE
2026-09-30T06:20:14Z,A1,6.6,19.18,FREE
2026-09-30T06:20:15Z,A1,5.4,17.67,OCCUPIED
2026-09-30T06:20:16Z,A1,8.3,8.72,OCCUPIED
2026-09-30T06:20:17Z,A1,6.2,11.35,OCCUPIED
2026-09-30T06:20:18Z,A1,6.2,14.95,OCCUPIED
2026-09-30T06:20:19Z,A1,8.5,14.72,OCCUPIED
2026-09-30T06:20:20Z,A1,6.9,15.43,OCCUPIED
2026-09-30T06:20:21Z,A1,5.9,14.72,OCCUPIED
2026-09-30T06:20:22Z,A1,33.2,12.30,OCCUPIED
2026-09-30T06:20:23Z,A1,34.5,17.22,FREE
2026-09-30T06:20:24Z,A1,34.8,6.09,FREE
2026-09-30T06:20:25Z,A1,39.2,5.68,FREE
2026-09-30T06:20:26Z,A1,33.8,7.06,FREE
2026-09-30T06:20:27Z,A1,36.4,10.89,FREE
2026-09-30T06:20:28Z,A1,35.2,16.39,FREE
2026-09-30T06:20:29Z,A1,36.4,14.70,FREE
2026-09-30T06:20:30Z,A1,5.9,8.02,FREE
2026-09-30T06:20:31Z,A1,0.0,4.02,FREE
2026-09-30T06:20:32Z,A1,6.1,10.81,OCCUPIED
2026-09-30T06:20:33Z,A1,8.7,9.09,OCCUPIED
2026-09-30T06:20:34Z,A1,7.4,15.13,OCCUPIED
2026-09-30T06:20:35Z,A1,5.2,9.65,OCCUPIED
2026-09-30T06:20:36Z,A1,6.0,7.80,OCCUPIED
2026-09-30T06:20:37Z,A1,7.4,7.02,OCCUPIED
2026-09-30T06:20:38Z,A1,33.7,16.55,OCCUPIED
2026-09-30T06:20:39Z,A1,36.4,12.72,FREE
2026-09-30T06:20:40Z,A1,36.7,9.96,FREE
2026-09-30T06:20:41Z,A1,400.0,4.09,FREE
2026-09-30T06:20:45Z,A1,35.9,10.52,FREE
2026-09-30T06:20:46Z,A1,8.5,15.50,FREE
2026-09-30T06:20:47Z,A1,6.8,16.89,OCCUPIED
2026-09-30T06:20:48Z,A1,5.5,9.09,OCCUPIED
2026-09-30T06:20:49Z,A1,8.7,9.61,OCCUPIED
2026-09-30T06:20:50Z,A1,8.8,13.33,OCCUPIED
2026-09-30T06:20:51Z,A1,8.4,14.89,OCCUPIED
2026-09-30T06:20:52Z,A1,7.9,13.72,OCCUPIED
2026-09-30T06:20:53Z,A1,7.5,15.78,OCCUPIED
2026-09-30T06:20:54Z,A1,35.6,11.54,OCCUPIED
2026-09-30T06:20:55Z,A1,36.2,11.13,FREE
2026-09-30T06:20:56Z,A1,37.6,7.07,FREE
2026-09-30T06:21:00Z,A1,0.0,6.00,FREE
2026-09-30T06:21:01Z,A1,38.5,11.07,FREE
2026-09-30T06:21:02Z,A1,7.2,11.57,FREE
2026-09-30T06:21:03Z,A1,8.1,11.06,OCCUPIED
2026-09-30T06:21:04Z,A1,8.0,10.55,OCCUPIED
2026-09-30T06:21:05Z,A1,6.8,15.59,OCCUPIED
2026-09-30T06:21:06Z,A1,8.9,15.00,OCCUPIED
2026-09-30T06:21:07Z,A1,6.9,15.35,OCCUPIED
2026-09-30T06:21:08Z,A1,5.6,17.52,OCCUPIED
2026-09-30T06:21:09Z,A1,6.9,13.67,OCCUPIED
2026-09-30T06:21:10Z,A1,37.1,17.43,OCCUPIED
2026-09-30T06:21:11Z,A1,33.9,18.67,FREE
2026-09-30T06:21:12Z,A1,35.4,16.22,FREE
2026-09-30T06:21:13Z,A1,37.2,14.87,FREE
2026-09-30T06:21:14Z,A1,34.8,13.91,FREE
2026-09-30T06:21:15Z,A1,37.5,15.50,FREE
2026-09-30T06:21:16Z,A1,38.6,15.56,FREE
2026-09-30T06:21:17Z,A1,0.0,9.20,FREE
2026-09-30T06:21:18Z,A1,6.5,18.26,FREE
2026-09-30T06:21:19Z,A1,2.0,18.07,OCCUPIED
2026-09-30T06:21:20Z,A1,5.3,15.50,OCCUPIED
2026-09-30T06:21:23Z,A1,8.4,15.24,OCCUPIED
2026-09-30T06:21:24Z,A1,7.4,14.30,OCCUPIED
2026-09-30T06:21:27Z,A1,33.4,10.15,OCCUPIED
2026-09-30T06:21:28Z,A1,36.1,20.37,FREE
2026-09-30T06:21:29Z,A1,400.0,6.24,FREE
2026-09-30T06:21:30Z,A1,37.2,5.50,FREE
2026-09-30T06:21:31Z,A1,34.9,5.57,FREE
2026-09-30T06:21:32Z,A1,39.6,6.05,FREE
2026-09-30T06:21:33Z,A1,39.8,6.96,FREE
2026-09-30T06:21:34Z,A1,6.0,9.06,FREE
2026-09-30T06:21:36Z,A1,8.0,16.83,OCCUPIED
2026-09-30T06:21:37Z,A1,5.1,15.41,OCCUPIED
2026-09-30T06:21:38Z,A1,8.7,13.93,OCCUPIED
2026-09-30T06:21:39Z,A1,6.0,18.46,OCCUPIED
2026-09-30T06:21:40Z,A1,6.9,14.57,OCCUPIED
2026-09-30T06:21:41Z,A1,37.0,17.09,OCCUPIED
2026-09-30T06:21:42Z,A1,33.1,17.82,FREE
2026-09-30T06:21:43Z,A1,34.8,15.13,FREE
2026-09-30T06:21:44Z,A1,400.0,8.67,FREE
2026-09-30T06:21:45Z,A1,37.4,16.93,FREE
2026-09-30T06:21:46Z,A1,39.2,15.35,FREE
2026-09-30T06:21:47Z,A1,36.5,16.20,FREE
2026-09-30T06:21:48Z,A1,39.7,14.28,FREE
2026-09-30T06:21:49Z,A1,8.2,17.43,FREE
2026-09-30T06:21:50Z,A1,8.6,16.59,OCCUPIED
2026-09-30T06:21:51Z,A1,7.5,15.76,OCCUPIED
2026-09-30T06:21:52Z,A1,8.9,11.87,OCCUPIED
2026-09-30T06:21:53Z,A1,8.8,14.04,OCCUPIED
2026-09-30T06:21:54Z,A1,7.1,15.98,OCCUPIED
2026-09-30T06:21:55Z,A1,5.6,10.81,OCCUPIED
2026-09-30T06:21:56Z,A1,7.2,9.50,OCCUPIED
2026-09-30T06:22:03Z,A1,37.3,12.55,OCCUPIED
2026-09-30T06:22:04Z,A1,34.1,13.48,FREE
2026-09-30T06:22:05Z,A1,35.7,6.82,FREE
2026-09-30T06:22:06Z,A1,7.9,7.20,FREE
2026-09-30T06:22:07Z,A1,7.0,7.11,OCCUPIED
2026-09-30T06:22:08Z,A1,7.4,5.50,OCCUPIED
2026-09-30T06:22:10Z,A1,6.4,15.98,OCCUPIED
2026-09-30T06:22:11Z,A1,6.2,16.26,OCCUPIED
2026-09-30T06:22:12Z,A1,7.5,16.83,OCCUPIED
2026-09-30T06:22:13Z,A1,6.7,12.54,OCCUPIED
2026-09-30T06:22:14Z,A1,34.2,13.67,OCCUPIED
2026-09-30T06:22:15Z,A1,36.0,7.83,FREE
2026-09-30T06:22:16Z,A1,36.6,7.37,FREE
2026-09-30T06:22:17Z,A1,34.0,5.82,FREE
2026-09-30T06:22:18Z,A1,35.9,7.20,FREE
2026-09-30T06:22:19Z,A1,37.7,6.41,FREE
2026-09-30T06:22:20Z,A1,38.5,11.50,FREE
2026-09-30T06:22:21Z,A1,36.9,16.20,FREE
2026-09-30T06:22:22Z,A1,5.1,16.85,FREE
2026-09-30T06:22:23Z,A1,7.4,18.00,OCCUPIED
2026-09-30T06:22:24Z,A1,6.7,8.89,OCCUPIED
2026-09-30T06:22:25Z,A1,2.0,11.87,OCCUPIED
2026-09-30T06:22:26Z,A1,0.0,6.96,OCCUPIED
2026-09-30T06:22:27Z,A1,7.2,13.91,OCCUPIED
2026-09-30T06:22:28Z,A1,7.1,12.93,OCCUPIED
2026-09-30T06:22:29Z,A1,7.5,14.98,OCCUPIED
2026-09-30T06:22:30Z,A1,34.7,14.37,OCCUPIED
2026-09-30T06:22:31Z,A1,35.1,18.18,FREE
2026-09-30T06:22:32Z,A1,37.2,12.98,FREE
2026-09-30T06:22:33Z,A1,33.6,16.22,FREE
2026-09-30T06:22:34Z,A1,33.3,13.33,FREE
2026-09-30T06:22:35Z,A1,38.2,15.13,FREE
2026-09-30T06:22:36Z,A1,39.6,12.98,FREE
2026-09-30T06:22:37Z,A1,36.3,15.54,FREE
2026-09-30T06:22:38Z,A1,8.2,15.83,FREE
2026-09-30T06:22:39Z,A1,2.0,10.83,OCCUPIED
2026-09-30T06:22:40Z,A1,8.0,11.02,OCCUPIED
2026-09-30T06:22:41Z,A1,6.3,10.24,OCCUPIED
2026-09-30T06:22:52Z,A1,34.0,15.74,OCCUPIED
2026-09-30T06:22:53Z,A1,33.2,16.09,FREE
2026-09-30T06:22:54Z,A1,5.0,12.70,FREE
2026-09-30T06:22:55Z,A1,6.1,17.17,OCCUPIED
2026-09-30T06:22:57Z,A1,2.0,6.70,OCCUPIED
2026-09-30T06:22:58Z,A1,6.6,13.41,OCCUPIED
2026-09-30T06:22:59Z,A1,0.0,2.91,OCCUPIED
2026-09-30T06:23:00Z,A1,8.8,6.35,OCCUPIED
2026-09-30T06:23:01Z,A1,6.2,11.30,OCCUPIED
2026-09-30T06:23:02Z,A1,36.8,15.50,OCCUPIED
2026-09-30T06:23:03Z,A1,33.8,18.67,FREE
2026-09-30T06:23:04Z,A1,39.2,11.19,FREE
2026-09-30T06:23:05Z,A1,37.4,9.19,FREE
2026-09-30T06:23:06Z,A1,40.0,6.02,FREE
2026-09-30T06:23:07Z,A1,39.5,6.28,FREE
2026-09-30T06:23:08Z,A1,39.8,9.80,FREE
2026-09-30T06:23:09Z,A1,6.1,10.85,FREE
2026-09-30T06:23:10Z,A1,6.3,20.46,OCCUPIED
2026-09-30T06:23:11Z,A1,7.8,15.94,OCCUPIED
2026-09-30T06:23:12Z,A1,8.2,14.54,OCCUPIED
2026-09-30T06:23:14Z,A1,6.9,15.30,OCCUPIED
2026-09-30T06:23:15Z,A1,6.1,9.52,OCCUPIED
2026-09-30T06:23:16Z,A1,8.6,9.83,OCCUPIED
2026-09-30T06:23:17Z,A1,36.3,10.59,OCCUPIED
2026-09-30T06:23:19Z,A1,35.5,11.63,FREE
2026-09-30T06:23:20Z,A1,39.5,9.63,FREE
2026-09-30T06:23:21Z,A1,39.8,15.57,FREE
2026-09-30T06:23:22Z,A1,38.9,15.15,FREE
2026-09-30T06:23:23Z,A1,39.8,15.96,FREE
2026-09-30T06:23:24Z,A1,34.3,15.15,FREE
2026-09-30T06:23:25Z,A1,7.0,16.82,FREE
2026-09-30T06:23:26Z,A1,2.0,10.89,OCCUPIED
2026-09-30T06:23:27Z,A1,7.0,16.61,OCCUPIED
2026-09-30T06:23:37Z,A1,38.8,9.00,FREE
2026-09-30T06:23:38Z,A1,33.6,14.26,FREE
2026-09-30T06:23:39Z,A1,38.1,10.83,FREE
2026-09-30T06:23:40Z,A1,34.1,10.19,FREE
2026-09-30T06:23:41Z,A1,39.5,16.13,FREE
2026-09-30T06:23:42Z,A1,39.1,16.39,FREE
2026-09-30T06:23:43Z,A1,36.3,17.46,FREE
2026-09-30T06:23:44Z,A1,36.7,18.30,FREE
2026-09-30T06:23:45Z,A1,6.3,21.46,FREE
2026-09-30T06:23:46Z,A1,8.3,17.22,OCCUPIED
2026-09-30T06:23:47Z,A1,5.2,10.93,OCCUPIED
2026-09-30T06:23:48Z,A1,5.3,20.72,OCCUPIED
2026-09-30T06:23:49Z,A1,5.5,10.26,OCCUPIED
2026-09-30T06:23:50Z,A1,400.0,5.65,OCCUPIED
2026-09-30T06:23:51Z,A1,6.2,17.87,OCCUPIED
2026-09-30T06:23:52Z,A1,6.8,15.46,OCCUPIED
2026-09-30T06:23:53Z,A1,36.3,21.46,OCCUPIED
2026-09-30T06:23:54Z,A1,34.5,24.65,FREE
2026-09-30T06:23:55Z,A1,34.8,17.93,FREE
2026-09-30T06:23:56Z,A1,38.2,9.76,FREE
2026-09-30T06:23:58Z,A1,36.1,11.05,FREE
2026-09-30T06:23:59Z,A1,36.4,10.59,FREE
2026-09-30T06:24:00Z,A1,35.4,9.76,FREE
2026-09-30T06:24:01Z,A1,5.2,20.80,FREE
2026-09-30T06:24:02Z,A1,6.7,18.04,OCCUPIED
2026-09-30T06:24:03Z,A1,8.6,13.70,OCCUPIED
2026-09-30T06:24:04Z,A1,5.3,14.17,OCCUPIED
2026-09-30T06:24:05Z,A1,6.2,12.95,OCCUPIED
2026-09-30T06:24:06Z,A1,7.2,15.19,OCCUPIED
2026-09-30T06:24:07Z,A1,5.8,10.91,OCCUPIED
2026-09-30T06:24:08Z,A1,8.4,10.46,OCCUPIED
2026-09-30T06:24:09Z,A1,38.2,19.43,OCCUPIED
2026-09-30T06:24:10Z,A1,34.9,11.69,FREE
2026-09-30T06:24:11Z,A1,35.2,7.78,FREE
2026-09-30T06:24:12Z,A1,38.3,12.96,FREE
2026-09-30T06:24:21Z,A1,6.3,18.43,FREE
2026-09-30T06:24:22Z,A1,8.7,19.00,OCCUPIED
2026-09-30T06:24:23Z,A1,6.7,15.65,OCCUPIED
2026-09-30T06:24:24Z,A1,400.0,11.80,OCCUPIED
2026-09-30T06:24:25Z,A1,35.9,17.98,OCCUPIED
2026-09-30T06:24:26Z,A1,38.3,11.85,FREE
2026-09-30T06:24:27Z,A1,35.9,16.87,FREE
2026-09-30T06:24:28Z,A1,38.4,17.52,FREE
2026-09-30T06:24:29Z,A1,37.3,10.87,FREE
2026-09-30T06:24:31Z,A1,33.9,10.93,FREE
2026-09-30T06:24:32Z,A1,35.8,17.09,FREE
2026-09-30T06:24:33Z,A1,8.1,20.56,FREE
2026-09-30T06:24:34Z,A1,8.9,18.94,OCCUPIED
2026-09-30T06:24:35Z,A1,8.5,16.98,OCCUPIED
2026-09-30T06:24:36Z,A1,6.4,18.37,OCCUPIED
2026-09-30T06:24:37Z,A1,8.7,11.04,OCCUPIED
2026-09-30T06:24:38Z,A1,5.5,10.26,OCCUPIED
2026-09-30T06:24:39Z,A1,8.4,10.59,OCCUPIED
2026-09-30T06:24:40Z,A1,7.7,10.04,OCCUPIED
2026-09-30T06:24:41Z,A1,0.0,5.63,OCCUPIED
2026-09-30T06:24:42Z,A1,36.2,15.87,OCCUPIED
2026-09-30T06:24:43Z,A1,37.4,22.44,FREE
2026-09-30T06:24:44Z,A1,33.9,16.55,FREE
2026-09-30T06:24:45Z,A1,400.0,10.69,FREE
2026-09-30T06:24:46Z,A1,37.5,19.54,FREE
2026-09-30T06:24:47Z,A1,34.1,10.41,FREE
2026-09-30T06:24:48Z,A1,39.3,11.13,FREE
2026-09-30T06:24:49Z,A1,6.0,11.13,FREE
2026-09-30T06:24:50Z,A1,5.8,13.80,OCCUPIED
2026-09-30T06:24:51Z,A1,8.6,10.46,OCCUPIED
2026-09-30T06:24:52Z,A1,5.5,16.33,OCCUPIED
2026-09-30T06:24:53Z,A1,7.7,15.37,OCCUPIED
2026-09-30T06:24:54Z,A1,8.2,17.91,OCCUPIED
2026-09-30T06:24:55Z,A1,5.6,14.76,OCCUPIED
2026-09-30T06:24:56Z,A1,5.7,17.91,OCCUPIED
2026-09-30T06:24:57Z,A1,34.1,11.35,OCCUPIED
2026-09-30T06:24:58Z,A1,34.8,21.59,FREE
2026-09-30T06:24:59Z,A1,36.8,11.91,FREE
2026-09-30T06:25:00Z,A1,38.5,10.54,FREE
2026-09-30T06:25:07Z,A1,0.0,10.83,FREE
2026-09-30T06:25:08Z,A1,6.3,11.26,FREE
2026-09-30T06:25:09Z,A1,8.4,12.48,OCCUPIED
2026-09-30T06:25:10Z,A1,7.8,10.74,OCCUPIED
2026-09-30T06:25:11Z,A1,7.6,11.09,OCCUPIED
2026-09-30T06:25:12Z,A1,2.0,8.19,OCCUPIED
2026-09-30T06:25:13Z,A1,6.2,18.32,OCCUPIED
2026-09-30T06:25:14Z,A1,35.7,18.93,OCCUPIED
2026-09-30T06:25:15Z,A1,34.8,17.15,FREE
2026-09-30T06:25:16Z,A1,38.0,11.37,FREE
2026-09-30T06:25:17Z,A1,35.9,13.22,FREE
2026-09-30T06:25:18Z,A1,33.5,13.63,FREE
2026-09-30T06:25:19Z,A1,38.6,16.22,FREE
2026-09-30T06:25:20Z,A1,38.8,11.33,FREE
2026-09-30T06:25:21Z,A1,34.8,12.59,FREE
2026-09-30T06:25:22Z,A1,8.8,19.33,FREE
2026-09-30T06:25:23Z,A1,8.3,19.09,OCCUPIED
2026-09-30T06:25:24Z,A1,7.4,16.22,OCCUPIED
2026-09-30T06:25:25Z,A1,0.0,11.28,OCCUPIED
2026-09-30T06:25:26Z,A1,8.6,15.69,OCCUPIED
2026-09-30T06:25:27Z,A1,8.3,15.00,OCCUPIED
2026-09-30T06:25:28Z,A1,7.5,15.76,OCCUPIED
2026-09-30T06:25:29Z,A1,38.5,19.43,OCCUPIED
2026-09-30T06:25:30Z,A1,36.4,19.98,FREE
2026-09-30T06:25:31Z,A1,33.8,15.35,FREE
2026-09-30T06:25:32Z,A1,39.1,15.54,FREE
2026-09-30T06:25:33Z,A1,34.4,17.39,FREE
2026-09-30T06:25:34Z,A1,39.8,13.50,FREE
2026-09-30T06:25:35Z,A1,39.0,15.31,FREE
2026-09-30T06:25:36Z,A1,38.5,17.61,FREE
2026-09-30T06:25:37Z,A1,6.1,18.74,FREE
2026-09-30T06:25:45Z,A1,39.1,16.26,FREE
2026-09-30T06:25:46Z,A1,400.0,8.07,FREE
2026-09-30T06:25:47Z,A1,33.2,10.24,FREE
2026-09-30T06:25:48Z,A1,34.5,9.80,FREE
2026-09-30T06:25:49Z,A1,36.6,11.02,FREE
2026-09-30T06:25:50Z,A1,37.4,11.28,FREE
2026-09-30T06:25:51Z,A1,36.4,15.83,FREE
2026-09-30T06:25:52Z,A1,34.8,14.72,FREE
2026-09-30T06:25:53Z,A1,9.0,17.63,FREE
2026-09-30T06:25:54Z,A1,6.0,17.80,OCCUPIED
2026-09-30T06:25:55Z,A1,5.3,16.13,OCCUPIED
2026-09-30T06:25:56Z,A1,6.0,15.19,OCCUPIED
2026-09-30T06:25:57Z,A1,7.6,10.17,OCCUPIED
2026-09-30T06:25:58Z,A1,7.4,10.69,OCCUPIED
2026-09-30T06:25:59Z,A1,8.9,10.72,OCCUPIED
2026-09-30T06:26:00Z,A1,5.1,11.04,OCCUPIED
2026-09-30T06:26:01Z,A1,35.8,11.98,OCCUPIED
2026-09-30T06:26:02Z,A1,33.4,20.83,FREE
2026-09-30T06:26:03Z,A1,34.1,15.09,FREE
2026-09-30T06:26:04Z,A1,37.0,16.78,FREE
2026-09-30T06:26:05Z,A1,0.0,9.54,FREE
2026-09-30T06:26:06Z,A1,38.4,13.02,FREE
2026-09-30T06:26:07Z,A1,34.2,16.02,FREE
2026-09-30T06:26:08Z,A1,38.3,10.28,FREE
2026-09-30T06:26:09Z,A1,6.4,11.63,FREE
2026-09-30T06:26:10Z,A1,7.8,11.91,OCCUPIED
2026-09-30T06:26:11Z,A1,9.0,10.35,OCCUPIED
2026-09-30T06:26:12Z,A1,6.1,12.20,OCCUPIED
2026-09-30T06:26:13Z,A1,400.0,10.24,OCCUPIED
2026-09-30T06:26:14Z,A1,6.6,13.76,OCCUPIED
2026-09-30T06:26:15Z,A1,8.8,16.50,OCCUPIED
2026-09-30T06:26:16Z,A1,5.3,13.95,OCCUPIED
2026-09-30T06:26:17Z,A1,33.5,18.24,OCCUPIED
2026-09-30T06:26:18Z,A1,37.8,12.13,FREE
2026-09-30T06:26:23Z,A1,34.9,15.17,FREE
2026-09-30T06:26:29Z,A1,0.0,6.65,FREE
2026-09-30T06:26:30Z,A1,5.5,11.76,FREE
2026-09-30T06:26:31Z,A1,6.4,12.48,OCCUPIED
2026-09-30T06:26:32Z,A1,6.5,10.45,OCCUPIED
2026-09-30T06:26:33Z,A1,2.0,9.96,OCCUPIED
2026-09-30T06:26:34Z,A1,34.5,16.61,OCCUPIED
2026-09-30T06:26:35Z,A1,34.4,20.78,FREE
2026-09-30T06:26:36Z,A1,38.3,17.67,FREE
2026-09-30T06:26:37Z,A1,39.9,15.93,FREE
2026-09-30T06:26:38Z,A1,36.4,17.72,FREE
2026-09-30T06:26:39Z,A1,39.9,11.17,FREE
2026-09-30T06:26:40Z,A1,33.8,10.63,FREE
2026-09-30T06:26:41Z,A1,7.6,12.46,FREE
2026-09-30T06:26:42Z,A1,5.2,12.87,OCCUPIED
2026-09-30T06:26:43Z,A1,7.7,10.67,OCCUPIED
2026-09-30T06:26:44Z,A1,5.6,13.46,OCCUPIED
2026-09-30T06:26:45Z,A1,5.4,18.04,OCCUPIED
2026-09-30T06:26:46Z,A1,6.5,18.35,OCCUPIED
2026-09-30T06:26:47Z,A1,8.9,18.22,OCCUPIED
2026-09-30T06:26:48Z,A1,6.4,18.89,OCCUPIED
2026-09-30T06:26:49Z,A1,36.7,11.35,OCCUPIED
2026-09-30T06:26:50Z,A1,39.3,12.00,FREE
2026-09-30T06:26:52Z,A1,38.4,10.28,FREE
2026-09-30T06:26:53Z,A1,36.4,15.20,FREE
2026-09-30T06:26:54Z,A1,400.0,11.17,FREE
2026-09-30T06:26:55Z,A1,38.5,15.89,FREE
2026-09-30T06:26:56Z,A1,400.0,9.70,FREE
2026-09-30T06:26:57Z,A1,6.0,18.13,FREE
2026-09-30T06:26:58Z,A1,7.3,15.20,OCCUPIED
2026-09-30T06:26:59Z,A1,8.3,15.15,OCCUPIED
2026-09-30T06:27:03Z,A1,7.4,16.48,OCCUPIED
2026-09-30T06:27:04Z,A1,8.4,17.13,OCCUPIED
2026-09-30T06:27:05Z,A1,38.8,20.43,OCCUPIED
2026-09-30T06:27:06Z,A1,34.5,17.98,FREE
2026-09-30T06:27:07Z,A1,36.7,18.33,FREE
2026-09-30T06:27:08Z,A1,37.6,18.72,FREE
2026-09-30T06:27:09Z,A1,38.4,18.37,FREE
2026-09-30T06:27:10Z,A1,33.3,17.48,FREE
2026-09-30T06:27:11Z,A1,38.7,20.83,FREE
2026-09-30T06:27:12Z,A1,35.1,16.39,FREE
2026-09-30T06:27:13Z,A1,6.1,17.33,FREE
2026-09-30T06:27:14Z,A1,8.9,19.67,OCCUPIED
2026-09-30T06:27:15Z,A1,5.1,16.09,OCCUPIED
2026-09-30T06:27:16Z,A1,6.6,16.48,OCCUPIED
2026-09-30T06:27:17Z,A1,6.4,15.93,OCCUPIED
2026-09-30T06:27:18Z,A1,5.9,11.26,OCCUPIED
2026-09-30T06:27:19Z,A1,6.8,11.04,OCCUPIED
2026-09-30T06:27:20Z,A1,6.2,10.43,OCCUPIED
2026-09-30T06:27:21Z,A1,38.3,11.72,OCCUPIED
2026-09-30T06:27:22Z,A1,38.8,12.17,FREE
2026-09-30T06:27:23Z,A1,36.8,15.78,FREE
2026-09-30T06:27:24Z,A1,40.0,58.41,FREE
2026-09-30T06:27:26Z,A1,35.4,18.70,FREE
2026-09-30T06:27:27Z,A1,38.6,16.78,FREE
2026-09-30T06:27:28Z,A1,35.3,15.31,FREE
2026-09-30T06:27:29Z,A1,34.1,10.74,FREE
2026-09-30T06:27:30Z,A1,8.0,11.46,FREE
2026-09-30T06:27:31Z,A1,7.4,11.98,OCCUPIED
2026-09-30T06:27:32Z,A1,6.8,10.41,OCCUPIED
2026-09-30T06:27:33Z,A1,8.3,10.74,OCCUPIED
2026-09-30T06:27:34Z,A1,8.5,17.85,OCCUPIED
2026-09-30T06:27:35Z,A1,8.7,17.56,OCCUPIED
2026-09-30T06:27:36Z,A1,8.6,17.35,OCCUPIED
2026-09-30T06:27:37Z,A1,34.2,15.17,OCCUPIED
2026-09-30T06:27:38Z,A1,38.8,20.18,FREE
2026-09-30T06:27:39Z,A1,34.4,17.78,FREE
2026-09-30T06:27:40Z,A1,39.3,69.24,FREE
2026-09-30T06:27:45Z,A1,7.0,11.57,FREE
2026-09-30T06:27:46Z,A1,7.3,12.26,OCCUPIED
2026-09-30T06:27:47Z,A1,6.9,6.85,OCCUPIED
2026-09-30T06:27:48Z,A1,7.7,13.50,OCCUPIED
2026-09-30T06:27:49Z,A1,8.1,10.76,OCCUPIED
2026-09-30T06:27:50Z,A1,7.3,18.24,OCCUPIED
2026-09-30T06:27:51Z,A1,7.0,17.87,OCCUPIED
2026-09-30T06:27:52Z,A1,5.2,16.52,OCCUPIED
2026-09-30T06:27:53Z,A1,38.2,20.04,OCCUPIED
2026-09-30T06:27:54Z,A1,34.8,18.32,FREE
2026-09-30T06:27:55Z,A1,34.2,12.11,FREE
2026-09-30T06:27:58Z,A1,34.1,16.37,FREE
2026-09-30T06:27:59Z,A1,38.0,18.22,FREE
2026-09-30T06:28:00Z,A1,36.3,10.48,FREE
2026-09-30T06:28:01Z,A1,38.1,10.95,FREE
2026-09-30T06:28:02Z,A1,9.0,10.72,FREE
2026-09-30T06:28:03Z,A1,8.1,11.22,OCCUPIED
2026-09-30T06:28:04Z,A1,7.6,6.31,OCCUPIED
2026-09-30T06:28:05Z,A1,5.4,12.50,OCCUPIED
2026-09-30T06:28:06Z,A1,5.6,11.59,OCCUPIED
2026-09-30T06:28:07Z,A1,8.4,11.55,OCCUPIED
2026-09-30T06:28:08Z,A1,8.3,13.33,OCCUPIED
2026-09-30T06:28:09Z,A1,7.0,14.15,OCCUPIED
2026-09-30T06:28:10Z,A1,37.2,11.33,OCCUPIED
2026-09-30T06:28:11Z,A1,34.4,8.69,FREE
2026-09-30T06:28:12Z,A1,35.0,9.31,FREE
2026-09-30T06:28:13Z,A1,35.9,7.70,FREE
2026-09-30T06:28:14Z,A1,36.4,11.67,FREE
2026-09-30T06:28:15Z,A1,36.2,13.39,FREE
2026-09-30T06:28:16Z,A1,34.1,11.69,FREE
2026-09-30T06:28:17Z,A1,35.2,14.07,FREE
2026-09-30T06:28:18Z,A1,6.1,18.24,FREE
2026-09-30T06:28:19Z,A1,5.3,12.41,OCCUPIED
2026-09-30T06:28:20Z,A1,7.9,11.83,OCCUPIED
2026-09-30T06:28:23Z,A1,400.0,3.83,OCCUPIED
2026-09-30T06:28:24Z,A1,9.0,17.06,OCCUPIED
2026-09-30T06:28:25Z,A1,34.4,18.65,OCCUPIED
2026-09-30T06:28:26Z,A1,38.2,19.94,FREE
2026-09-30T06:28:27Z,A1,37.9,10.46,FREE
2026-09-30T06:28:28Z,A1,38.4,10.87,FREE
2026-09-30T06:28:29Z,A1,35.7,12.17,FREE
2026-09-30T06:28:30Z,A1,38.6,6.11,FREE
2026-09-30T06:28:31Z,A1,34.8,6.65,FREE
2026-09-30T06:28:32Z,A1,35.5,11.98,FREE
2026-09-30T06:28:33Z,A1,7.7,11.76,FREE
2026-09-30T06:28:34Z,A1,8.4,12.46,OCCUPIED
2026-09-30T06:28:35Z,A1,8.7,10.50,OCCUPIED
2026-09-30T06:28:36Z,A1,5.5,16.17,OCCUPIED
2026-09-30T06:28:37Z,A1,6.4,15.56,OCCUPIED
2026-09-30T06:28:38Z,A1,6.8,16.83,OCCUPIED
2026-09-30T06:28:39Z,A1,8.5,15.15,OCCUPIED
2026-09-30T06:28:40Z,A1,2.0,9.67,OCCUPIED
2026-09-30T06:28:41Z,A1,36.4,10.98,OCCUPIED
2026-09-30T06:28:42Z,A1,39.4,11.80,FREE
2026-09-30T06:28:43Z,A1,400.0,4.04,FREE
2026-09-30T06:28:44Z,A1,34.5,6.43,FREE
2026-09-30T06:28:45Z,A1,39.6,11.31,FREE
2026-09-30T06:28:46Z,A1,38.8,11.67,FREE
2026-09-30T06:28:47Z,A1,36.8,15.22,FREE
2026-09-30T06:28:48Z,A1,33.7,18.57,FREE
2026-09-30T06:28:49Z,A1,5.6,17.02,FREE
2026-09-30T06:28:50Z,A1,8.7,12.67,OCCUPIED
2026-09-30T06:28:51Z,A1,0.0,4.09,OCCUPIED
2026-09-30T06:28:52Z,A1,2.0,10.89,OCCUPIED
2026-09-30T06:28:53Z,A1,8.8,11.00,OCCUPIED
2026-09-30T06:28:54Z,A1,7.2,10.41,OCCUPIED
2026-09-30T06:28:55Z,A1,8.2,17.59,OCCUPIED
2026-09-30T06:28:56Z,A1,6.6,17.09,OCCUPIED
2026-09-30T06:29:03Z,A1,39.4,11.52,OCCUPIED
2026-09-30T06:29:04Z,A1,33.5,12.56,FREE
2026-09-30T06:29:05Z,A1,6.2,20.80,FREE
2026-09-30T06:29:06Z,A1,7.4,22.76,OCCUPIED
2026-09-30T06:29:07Z,A1,7.0,15.54,OCCUPIED
2026-09-30T06:29:08Z,A1,6.0,18.87,OCCUPIED
2026-09-30T06:29:09Z,A1,7.6,17.61,OCCUPIED
2026-09-30T06:29:10Z,A1,5.3,10.35,OCCUPIED
2026-09-30T06:29:11Z,A1,7.6,10.50,OCCUPIED
2026-09-30T06:29:12Z,A1,8.1,9.89,OCCUPIED
2026-09-30T06:29:13Z,A1,36.7,11.22,OCCUPIED
2026-09-30T06:29:15Z,A1,37.4,16.15,FREE
2026-09-30T06:29:16Z,A1,33.3,15.96,FREE
2026-09-30T06:29:17Z,A1,36.6,15.30,FREE
2026-09-30T06:29:18Z,A1,38.0,18.61,FREE
2026-09-30T06:29:19Z,A1,38.3,16.04,FREE
2026-09-30T06:29:20Z,A1,34.9,11.20,FREE
2026-09-30T06:29:21Z,A1,7.3,11.96,FREE
2026-09-30T06:29:22Z,A1,5.8,12.04,OCCUPIED
2026-09-30T06:29:23Z,A1,7.8,10.30,OCCUPIED
2026-09-30T06:29:24Z,A1,7.0,10.41,OCCUPIED
2026-09-30T06:29:25Z,A1,5.3,16.69,OCCUPIED
2026-09-30T06:29:26Z,A1,6.5,16.70,OCCUPIED
2026-09-30T06:29:27Z,A1,7.9,16.18,OCCUPIED
2026-09-30T06:29:28Z,A1,5.9,16.89,OCCUPIED
2026-09-30T06:29:29Z,A1,35.3,17.98,OCCUPIED
2026-09-30T06:29:30Z,A1,33.8,14.96,FREE
2026-09-30T06:29:31Z,A1,38.4,14.76,FREE
2026-09-30T06:29:32Z,A1,38.2,14.83,FREE
2026-09-30T06:29:33Z,A1,34.2,16.70,FREE
2026-09-30T06:29:34Z,A1,37.9,14.96,FREE
2026-09-30T06:29:35Z,A1,34.6,14.19,FREE
2026-09-30T06:29:36Z,A1,35.8,15.63,FREE
2026-09-30T06:29:37Z,A1,6.9,18.32,FREE
2026-09-30T06:29:38Z,A1,6.8,18.59,OCCUPIED
2026-09-30T06:29:39Z,A1,5.9,13.85,OCCUPIED
2026-09-30T06:29:40Z,A1,6.6,10.96,OCCUPIED
2026-09-30T06:29:41Z,A1,5.2,10.41,OCCUPIED
2026-09-30T06:29:42Z,A1,6.6,10.91,OCCUPIED
2026-09-30T06:29:43Z,A1,7.2,16.00,OCCUPIED
2026-09-30T06:29:44Z,A1,5.9,11.02,OCCUPIED
2026-09-30T06:29:45Z,A1,36.8,18.11,OCCUPIED
2026-09-30T06:29:46Z,A1,39.3,18.30,FREE
2026-09-30T06:29:47Z,A1,36.0,15.35,FREE
2026-09-30T06:29:48Z,A1,39.3,15.41,FREE
2026-09-30T06:29:49Z,A1,39.3,15.09,FREE
2026-09-30T06:29:50Z,A1,38.2,12.93,FREE
2026-09-30T06:29:51Z,A1,33.3,15.06,FREE
2026-09-30T06:29:52Z,A1,39.1,16.17,FREE
2026-09-30T06:29:53Z,A1,5.3,18.24,FREE
2026-09-30T06:29:54Z,A1,8.0,19.50,OCCUPIED
2026-09-30T06:29:55Z,A1,6.5,16.33,OCCUPIED
2026-09-30T06:29:56Z,A1,6.4,17.83,OCCUPIED
2026-09-30T06:29:57Z,A1,5.3,16.81,OCCUPIED
2026-09-30T06:29:58Z,A1,6.1,18.39,OCCUPIED
2026-09-30T06:29:59Z,A1,7.4,18.37,OCCUPIED
2026-09-30T06:30:00Z,A1,0.0,10.30,OCCUPIED
2026-09-30T06:30:01Z,A1,39.0,11.57,OCCUPIED
2026-09-30T06:30:02Z,A1,33.3,12.09,FREE
2026-09-30T06:30:03Z,A1,39.6,10.44,FREE
2026-09-30T06:30:04Z,A1,35.4,10.74,FREE
2026-09-30T06:30:05Z,A1,400.0,6.78,FREE
2026-09-30T06:30:06Z,A1,33.3,18.18,FREE
2026-09-30T06:30:07Z,A1,38.5,16.11,FREE
2026-09-30T06:30:08Z,A1,400.0,10.28,FREE
2026-09-30T06:30:09Z,A1,5.4,16.22,FREE
2026-09-30T06:30:10Z,A1,400.0,11.81,FREE
2026-09-30T06:30:11Z,A1,8.4,13.07,OCCUPIED
2026-09-30T06:30:12Z,A1,5.3,11.13,OCCUPIED
2026-09-30T06:30:13Z,A1,5.9,10.33,OCCUPIED
2026-09-30T06:30:14Z,A1,5.1,10.50,OCCUPIED
2026-09-30T06:30:15Z,A1,7.7,11.00,OCCUPIED
2026-09-30T06:30:16Z,A1,5.7,14.63,OCCUPIED
2026-09-30T06:30:17Z,A1,36.5,20.09,OCCUPIED
2026-09-30T06:30:18Z,A1,38.4,21.55,FREE
2026-09-30T06:30:19Z,A1,400.0,9.69,FREE
2026-09-30T06:30:27Z,A1,8.1,21.43,FREE
2026-09-30T06:30:28Z,A1,6.2,18.95,OCCUPIED
2026-09-30T06:30:29Z,A1,7.6,15.96,OCCUPIED
2026-09-30T06:30:30Z,A1,6.6,18.98,OCCUPIED
2026-09-30T06:30:31Z,A1,6.9,18.26,OCCUPIED
2026-09-30T06:30:32Z,A1,7.4,16.63,OCCUPIED
2026-09-30T06:30:33Z,A1,39.9,17.32,OCCUPIED
2026-09-30T06:30:34Z,A1,34.7,17.46,FREE
2026-09-30T06:30:35Z,A1,38.8,12.50,FREE
2026-09-30T06:30:36Z,A1,34.5,9.31,FREE
2026-09-30T06:30:37Z,A1,35.0,11.93,FREE
2026-09-30T06:30:38Z,A1,34.5,11.43,FREE
2026-09-30T06:30:39Z,A1,38.4,11.04,FREE
2026-09-30T06:30:40Z,A1,37.9,11.35,FREE
2026-09-30T06:30:41Z,A1,5.6,12.72,FREE
2026-09-30T06:30:42Z,A1,7.0,15.50,OCCUPIED
2026-09-30T06:30:43Z,A1,5.6,10.59,OCCUPIED
2026-09-30T06:30:44Z,A1,8.8,12.17,OCCUPIED
2026-09-30T06:30:45Z,A1,7.4,10.96,OCCUPIED
2026-09-30T06:30:46Z,A1,7.1,12.57,OCCUPIED
2026-09-30T06:30:47Z,A1,6.4,14.57,OCCUPIED
2026-09-30T06:30:48Z,A1,7.5,16.09,OCCUPIED
2026-09-30T06:30:49Z,A1,39.9,31.37,OCCUPIED
2026-09-30T06:30:50Z,A1,36.9,19.30,FREE
2026-09-30T06:30:51Z,A1,34.5,10.02,FREE
2026-09-30T06:30:52Z,A1,37.1,10.85,FREE
2026-09-30T06:30:54Z,A1,33.6,11.00,FREE
2026-09-30T06:30:55Z,A1,39.9,9.81,FREE
2026-09-30T06:30:56Z,A1,33.5,17.05,FREE
2026-09-30T06:30:57Z,A1,7.4,18.35,FREE
2026-09-30T06:31:00Z,A1,6.5,12.04,OCCUPIED
2026-09-30T06:31:01Z,A1,7.2,6.37,OCCUPIED
2026-09-30T06:31:02Z,A1,8.5,7.04,OCCUPIED
2026-09-30T06:31:03Z,A1,7.8,6.76,OCCUPIED
2026-09-30T06:31:04Z,A1,6.1,6.63,OCCUPIED
2026-09-30T06:31:05Z,A1,39.4,8.39,OCCUPIED
2026-09-30T06:31:09Z,A1,35.6,17.28,FREE
2026-09-30T06:31:10Z,A1,34.3,11.85,FREE
2026-09-30T06:31:11Z,A1,33.5,16.35,FREE
2026-09-30T06:31:12Z,A1,34.5,10.91,FREE
2026-09-30T06:31:13Z,A1,5.4,10.33,FREE
2026-09-30T06:31:14Z,A1,5.5,11.43,OCCUPIED
2026-09-30T06:31:15Z,A1,6.4,6.41,OCCUPIED
2026-09-30T06:31:16Z,A1,8.7,6.98,OCCUPIED
2026-09-30T06:31:17Z,A1,8.5,13.56,OCCUPIED
2026-09-30T06:31:18Z,A1,8.8,12.72,OCCUPIED
2026-09-30T06:31:19Z,A1,6.0,11.39,OCCUPIED
2026-09-30T06:31:20Z,A1,8.1,14.07,OCCUPIED
2026-09-30T06:31:21Z,A1,34.8,16.24,OCCUPIED
2026-09-30T06:31:22Z,A1,0.0,3.67,OCCUPIED
2026-09-30T06:31:23Z,A1,36.9,7.96,FREE
2026-09-30T06:31:24Z,A1,37.4,7.68,FREE
2026-09-30T06:31:25Z,A1,38.0,6.56,FREE
2026-09-30T06:31:26Z,A1,39.0,9.04,FREE
2026-09-30T06:31:27Z,A1,37.3,13.15,FREE
2026-09-30T06:31:28Z,A1,36.7,11.37,FREE
2026-09-30T06:31:29Z,A1,6.1,19.09,FREE
2026-09-30T06:31:30Z,A1,8.0,14.41,OCCUPIED
2026-09-30T06:31:31Z,A1,8.5,12.61,OCCUPIED
2026-09-30T06:31:32Z,A1,2.0,10.80,OCCUPIED
2026-09-30T06:31:33Z,A1,8.5,12.78,OCCUPIED
2026-09-30T06:31:34Z,A1,5.6,11.80,OCCUPIED
2026-09-30T06:31:35Z,A1,7.8,9.70,OCCUPIED
2026-09-30T06:31:37Z,A1,39.0,13.65,OCCUPIED
2026-09-30T06:31:38Z,A1,37.8,14.67,FREE
2026-09-30T06:31:39Z,A1,33.6,10.00,FREE
2026-09-30T06:31:40Z,A1,36.6,11.76,FREE
2026-09-30T06:31:41Z,A1,38.9,10.15,FREE
2026-09-30T06:31:42Z,A1,34.1,6.87,FREE
2026-09-30T06:31:43Z,A1,36.6,6.30,FREE
2026-09-30T06:31:44Z,A1,34.1,6.46,FREE
2026-09-30T06:31:45Z,A1,8.0,7.80,FREE
2026-09-30T06:31:46Z,A1,8.4,32.28,OCCUPIED
2026-09-30T06:31:47Z,A1,6.7,10.83,OCCUPIED
2026-09-30T06:31:48Z,A1,7.8,13.93,OCCUPIED
2026-09-30T06:31:49Z,A1,5.9,13.52,OCCUPIED
2026-09-30T06:31:50Z,A1,8.4,17.70,OCCUPIED
2026-09-30T06:31:51Z,A1,7.8,18.15,OCCUPIED
2026-09-30T06:31:52Z,A1,6.1,10.09,OCCUPIED
2026-09-30T06:31:53Z,A1,36.8,11.81,OCCUPIED
2026-09-30T06:31:54Z,A1,33.3,11.96,FREE
2026-09-30T06:31:55Z,A1,36.8,7.15,FREE
2026-09-30T06:31:56Z,A1,33.9,10.91,FREE
2026-09-30T06:31:57Z,A1,35.5,17.22,FREE
2026-09-30T06:31:58Z,A1,34.4,15.85,FREE
2026-09-30T06:31:59Z,A1,35.4,16.48,FREE
2026-09-30T06:32:00Z,A1,37.7,18.11,FREE
2026-09-30T06:32:01Z,A1,6.1,19.30,FREE
2026-09-30T06:32:02Z,A1,7.3,20.67,OCCUPIED
2026-09-30T06:32:03Z,A1,7.8,16.44,OCCUPIED
2026-09-30T06:32:04Z,A1,8.9,15.72,OCCUPIED
2026-09-30T06:32:05Z,A1,8.9,16.76,OCCUPIED
2026-09-30T06:32:06Z,A1,8.4,16.33,OCCUPIED
2026-09-30T06:32:07Z,A1,8.2,15.50,OCCUPIED
2026-09-30T06:32:08Z,A1,8.7,16.59,OCCUPIED
2026-09-30T06:32:09Z,A1,37.3,17.46,OCCUPIED
2026-09-30T06:32:10Z,A1,34.7,18.76,FREE
2026-09-30T06:32:11Z,A1,36.6,15.56,FREE
2026-09-30T06:32:12Z,A1,36.3,10.31,FREE
2026-09-30T06:32:13Z,A1,39.6,10.33,FREE
2026-09-30T06:32:14Z,A1,38.2,10.41,FREE
2026-09-30T06:32:15Z,A1,39.5,10.94,FREE
2026-09-30T06:32:16Z,A1,37.0,10.46,FREE
2026-09-30T06:32:22Z,A1,6.3,17.54,FREE
2026-09-30T06:32:30Z,A1,34.4,6.43,FREE
2026-09-30T06:32:31Z,A1,36.9,7.15,FREE
2026-09-30T06:32:32Z,A1,35.7,6.78,FREE
2026-09-30T06:32:33Z,A1,7.8,12.65,FREE
2026-09-30T06:32:34Z,A1,5.5,12.89,OCCUPIED
2026-09-30T06:32:35Z,A1,7.6,11.28,OCCUPIED
2026-09-30T06:32:36Z,A1,9.0,10.17,OCCUPIED
2026-09-30T06:32:37Z,A1,8.2,16.80,OCCUPIED
2026-09-30T06:32:38Z,A1,8.5,13.28,OCCUPIED
2026-09-30T06:32:39Z,A1,6.4,14.06,OCCUPIED
2026-09-30T06:32:40Z,A1,7.8,15.09,OCCUPIED
2026-09-30T06:32:41Z,A1,39.9,17.24,OCCUPIED
2026-09-30T06:32:42Z,A1,37.6,14.45,FREE
2026-09-30T06:32:43Z,A1,33.4,7.35,FREE
2026-09-30T06:32:44Z,A1,36.4,6.26,FREE
2026-09-30T06:32:45Z,A1,34.2,10.85,FREE
2026-09-30T06:32:46Z,A1,33.1,11.89,FREE
2026-09-30T06:32:47Z,A1,33.8,14.07,FREE
2026-09-30T06:32:49Z,A1,6.7,19.39,FREE
2026-09-30T06:32:50Z,A1,6.3,19.11,OCCUPIED
2026-09-30T06:32:51Z,A1,5.2,17.74,OCCUPIED
2026-09-30T06:32:52Z,A1,6.0,17.32,OCCUPIED
2026-09-30T06:32:53Z,A1,6.2,10.48,OCCUPIED
2026-09-30T06:32:54Z,A1,6.7,10.24,OCCUPIED
2026-09-30T06:32:55Z,A1,5.5,10.31,OCCUPIED
2026-09-30T06:32:56Z,A1,7.2,10.70,OCCUPIED
2026-09-30T06:32:57Z,A1,36.7,11.81,OCCUPIED
2026-09-30T06:32:58Z,A1,35.5,21.41,FREE
2026-09-30T06:32:59Z,A1,35.5,15.67,FREE
2026-09-30T06:33:00Z,A1,39.8,14.00,FREE
2026-09-30T06:33:01Z,A1,36.7,10.98,FREE
2026-09-30T06:33:02Z,A1,34.6,10.56,FREE
2026-09-30T06:33:03Z,A1,36.6,10.35,FREE
2026-09-30T06:33:07Z,A1,6.6,20.09,FREE
2026-09-30T06:33:08Z,A1,6.0,20.02,OCCUPIED
2026-09-30T06:33:09Z,A1,7.4,12.95,OCCUPIED
2026-09-30T06:33:10Z,A1,6.9,12.07,OCCUPIED
2026-09-30T06:33:11Z,A1,5.9,10.55,OCCUPIED
2026-09-30T06:33:12Z,A1,7.1,17.30,OCCUPIED
2026-09-30T06:33:13Z,A1,34.7,11.28,OCCUPIED
2026-09-30T06:33:14Z,A1,35.8,12.26,FREE
2026-09-30T06:33:15Z,A1,39.0,10.63,FREE
2026-09-30T06:33:16Z,A1,34.8,10.81,FREE
2026-09-30T06:33:17Z,A1,33.5,10.93,FREE
2026-09-30T06:33:18Z,A1,33.8,45.06,FREE
2026-09-30T06:33:19Z,A1,37.0,16.72,FREE
2026-09-30T06:33:20Z,A1,33.9,17.68,FREE
2026-09-30T06:33:21Z,A1,5.9,18.65,FREE
2026-09-30T06:33:22Z,A1,7.9,19.41,OCCUPIED
2026-09-30T06:33:23Z,A1,6.2,9.61,OCCUPIED
2026-09-30T06:33:24Z,A1,8.4,10.33,OCCUPIED
2026-09-30T06:33:25Z,A1,5.1,9.57,OCCUPIED
2026-09-30T06:33:26Z,A1,6.1,10.59,OCCUPIED
2026-09-30T06:33:27Z,A1,5.3,7.67,OCCUPIED
2026-09-30T06:33:28Z,A1,8.1,12.87,OCCUPIED
2026-09-30T06:33:29Z,A1,37.0,19.33,OCCUPIED
2026-09-30T06:33:30Z,A1,36.1,17.89,FREE
2026-09-30T06:33:31Z,A1,38.4,15.74,FREE
2026-09-30T06:33:32Z,A1,37.7,10.33,FREE
2026-09-30T06:33:33Z,A1,35.9,15.41,FREE
2026-09-30T06:33:34Z,A1,36.8,15.65,FREE
2026-09-30T06:33:35Z,A1,39.3,14.24,FREE
2026-09-30T06:33:36Z,A1,34.9,16.22,FREE
2026-09-30T06:33:37Z,A1,7.6,17.85,FREE
2026-09-30T06:33:38Z,A1,6.3,14.98,OCCUPIED
2026-09-30T06:33:39Z,A1,6.4,12.67,OCCUPIED
2026-09-30T06:33:40Z,A1,8.8,10.31,OCCUPIED
2026-09-30T06:33:41Z,A1,6.0,17.74,OCCUPIED
2026-09-30T06:33:47Z,A1,35.3,21.80,OCCUPIED
2026-09-30T06:33:48Z,A1,33.7,19.45,FREE
2026-09-30T06:33:49Z,A1,35.7,12.46,FREE
2026-09-30T06:33:50Z,A1,34.2,10.59,FREE
2026-09-30T06:33:51Z,A1,33.3,10.04,FREE
2026-09-30T06:33:52Z,A1,34.0,12.15,FREE
2026-09-30T06:33:53Z,A1,7.4,11.96,FREE
2026-09-30T06:33:54Z,A1,6.8,12.30,OCCUPIED
2026-09-30T06:33:55Z,A1,7.5,10.72,OCCUPIED
2026-09-30T06:33:56Z,A1,8.9,18.57,OCCUPIED
2026-09-30T06:33:57Z,A1,7.1,10.93,OCCUPIED
2026-09-30T06:33:58Z,A1,5.7,16.93,OCCUPIED
2026-09-30T06:33:59Z,A1,6.6,15.28,OCCUPIED
2026-09-30T06:34:00Z,A1,7.4,18.35,OCCUPIED
2026-09-30T06:34:01Z,A1,38.7,20.06,OCCUPIED
2026-09-30T06:34:02Z,A1,38.7,23.72,FREE
2026-09-30T06:34:03Z,A1,36.7,18.87,FREE
2026-09-30T06:34:04Z,A1,34.2,18.22,FREE
2026-09-30T06:34:05Z,A1,400.0,8.94,FREE
2026-09-30T06:34:06Z,A1,33.1,15.41,FREE
2026-09-30T06:34:07Z,A1,37.0,16.00,FREE
2026-09-30T06:34:08Z,A1,38.3,15.05,FREE
2026-09-30T06:34:09Z,A1,6.7,18.78,FREE
2026-09-30T06:34:10Z,A1,7.3,21.72,OCCUPIED
2026-09-30T06:34:11Z,A1,7.1,34.30,OCCUPIED
2026-09-30T06:34:12Z,A1,8.6,16.76,OCCUPIED
2026-09-30T06:34:13Z,A1,8.4,10.87,OCCUPIED
2026-09-30T06:34:14Z,A1,8.5,11.17,OCCUPIED
2026-09-30T06:34:15Z,A1,6.2,10.11,OCCUPIED
2026-09-30T06:34:16Z,A1,5.3,11.15,OCCUPIED
2026-09-30T06:34:17Z,A1,34.9,11.67,OCCUPIED
2026-09-30T06:34:23Z,A1,33.3,21.39,FREE
2026-09-30T06:34:24Z,A1,2.0,20.11,FREE
2026-09-30T06:34:25Z,A1,5.1,21.82,OCCUPIED
2026-09-30T06:34:28Z,A1,5.6,16.15,OCCUPIED
2026-09-30T06:34:29Z,A1,7.6,12.57,OCCUPIED
2026-09-30T06:34:30Z,A1,8.6,12.91,OCCUPIED
2026-09-30T06:34:31Z,A1,8.4,11.85,OCCUPIED
2026-09-30T06:34:32Z,A1,6.9,15.09,OCCUPIED
2026-09-30T06:34:33Z,A1,34.1,17.61,OCCUPIED
2026-09-30T06:34:34Z,A1,39.6,19.07,FREE
2026-09-30T06:34:35Z,A1,34.3,12.07,FREE
2026-09-30T06:34:36Z,A1,36.7,13.78,FREE
2026-09-30T06:34:37Z,A1,39.1,11.48,FREE
2026-09-30T06:34:38Z,A1,33.8,12.07,FREE
2026-09-30T06:34:39Z,A1,38.0,11.39,FREE
2026-09-30T06:34:40Z,A1,36.5,11.54,FREE
2026-09-30T06:34:41Z,A1,6.6,12.63,FREE
2026-09-30T06:34:42Z,A1,5.3,14.24,OCCUPIED
2026-09-30T06:34:43Z,A1,5.4,10.43,OCCUPIED
2026-09-30T06:34:44Z,A1,8.4,7.96,OCCUPIED
2026-09-30T06:34:45Z,A1,7.3,6.17,OCCUPIED
2026-09-30T06:34:46Z,A1,8.2,6.52,OCCUPIED
2026-09-30T06:34:48Z,A1,8.4,10.98,OCCUPIED
2026-09-30T06:34:49Z,A1,33.6,16.13,OCCUPIED
2026-09-30T06:34:50Z,A1,36.9,19.22,FREE
2026-09-30T06:34:51Z,A1,38.8,15.37,FREE
2026-09-30T06:34:52Z,A1,35.2,15.00,FREE
2026-09-30T06:34:53Z,A1,36.1,15.41,FREE
2026-09-30T06:34:54Z,A1,38.1,14.87,FREE
2026-09-30T06:34:55Z,A1,33.1,10.61,FREE
2026-09-30T06:34:56Z,A1,34.0,10.65,FREE
2026-09-30T06:35:03Z,A1,6.2,17.17,FREE
2026-09-30T06:35:04Z,A1,7.5,18.39,OCCUPIED
2026-09-30T06:35:05Z,A1,8.5,10.13,OCCUPIED
2026-09-30T06:35:06Z,A1,36.5,13.33,OCCUPIED
2026-09-30T06:35:07Z,A1,38.2,14.85,FREE
2026-09-30T06:35:08Z,A1,37.0,11.78,FREE
2026-09-30T06:35:09Z,A1,37.4,10.13,FREE
2026-09-30T06:35:10Z,A1,33.9,11.70,FREE
2026-09-30T06:35:11Z,A1,34.5,11.81,FREE
2026-09-30T06:35:12Z,A1,33.6,10.22,FREE
2026-09-30T06:35:13Z,A1,35.4,10.76,FREE
2026-09-30T06:35:14Z,A1,8.1,13.00,FREE
2026-09-30T06:35:15Z,A1,5.5,11.93,OCCUPIED
2026-09-30T06:35:16Z,A1,6.2,6.63,OCCUPIED
2026-09-30T06:35:17Z,A1,6.1,6.76,OCCUPIED
2026-09-30T06:35:18Z,A1,7.6,10.87,OCCUPIED
2026-09-30T06:35:19Z,A1,6.7,16.87,OCCUPIED
2026-09-30T06:35:20Z,A1,7.1,17.55,OCCUPIED
2026-09-30T06:35:21Z,A1,38.3,17.91,OCCUPIED
2026-09-30T06:35:22Z,A1,34.9,13.35,FREE
2026-09-30T06:35:23Z,A1,35.6,11.05,FREE
2026-09-30T06:35:24Z,A1,33.0,10.22,FREE
2026-09-30T06:35:25Z,A1,35.5,10.41,FREE
2026-09-30T06:35:26Z,A1,36.7,11.26,FREE
2026-09-30T06:35:27Z,A1,34.4,16.61,FREE
2026-09-30T06:35:28Z,A1,35.9,16.11,FREE
2026-09-30T06:35:29Z,A1,6.8,20.52,FREE
2026-09-30T06:35:30Z,A1,7.0,19.87,OCCUPIED
2026-09-30T06:35:31Z,A1,8.2,66.93,OCCUPIED
2026-09-30T06:35:32Z,A1,8.7,16.45,OCCUPIED
2026-09-30T06:35:33Z,A1,5.9,15.20,OCCUPIED
2026-09-30T06:35:34Z,A1,5.8,14.67,OCCUPIED
2026-09-30T06:35:35Z,A1,8.4,14.89,OCCUPIED
2026-09-30T06:35:36Z,A1,8.7,15.57,OCCUPIED
2026-09-30T06:35:37Z,A1,36.4,18.11,OCCUPIED
2026-09-30T06:35:39Z,A1,36.4,13.67,FREE
2026-09-30T06:35:40Z,A1,38.3,10.85,FREE
2026-09-30T06:35:41Z,A1,35.3,11.39,FREE
2026-09-30T06:35:42Z,A1,40.0,11.59,FREE
2026-09-30T06:35:53Z,A1,35.1,11.65,FREE
2026-09-30T06:35:54Z,A1,34.6,5.70,FREE
2026-09-30T06:35:55Z,A1,38.3,7.68,FREE
2026-09-30T06:35:56Z,A1,37.8,7.41,FREE
2026-09-30T06:35:57Z,A1,38.2,6.57,FREE
2026-09-30T06:35:58Z,A1,36.4,9.56,FREE
2026-09-30T06:35:59Z,A1,34.0,14.81,FREE
2026-09-30T06:36:00Z,A1,36.9,14.94,FREE
2026-09-30T06:36:01Z,A1,6.5,17.76,FREE
2026-09-30T06:36:02Z,A1,6.1,19.07,OCCUPIED
2026-09-30T06:36:03Z,A1,7.5,10.48,OCCUPIED
2026-09-30T06:36:04Z,A1,8.0,8.72,OCCUPIED
2026-09-30T06:36:05Z,A1,8.8,11.33,OCCUPIED
2026-09-30T06:36:06Z,A1,8.4,17.20,OCCUPIED
2026-09-30T06:36:07Z,A1,8.4,16.98,OCCUPIED
2026-09-30T06:36:08Z,A1,7.2,14.67,OCCUPIED
2026-09-30T06:36:09Z,A1,39.2,16.37,OCCUPIED
2026-09-30T06:36:10Z,A1,33.6,18.35,FREE
2026-09-30T06:36:11Z,A1,33.0,10.48,FREE
2026-09-30T06:36:12Z,A1,2.0,13.37,FREE
2026-09-30T06:36:13Z,A1,36.8,10.19,FREE
2026-09-30T06:36:14Z,A1,33.1,10.22,FREE
2026-09-30T06:36:15Z,A1,39.8,11.07,FREE
2026-09-30T06:36:16Z,A1,33.5,15.07,FREE
2026-09-30T06:36:17Z,A1,7.7,17.70,FREE
2026-09-30T06:36:18Z,A1,7.5,18.70,OCCUPIED
2026-09-30T06:36:19Z,A1,6.1,11.41,OCCUPIED
2026-09-30T06:36:20Z,A1,7.1,12.85,OCCUPIED
2026-09-30T06:36:24Z,A1,6.4,16.46,OCCUPIED
2026-09-30T06:36:25Z,A1,35.7,11.43,OCCUPIED
2026-09-30T06:36:26Z,A1,36.8,12.07,FREE
2026-09-30T06:36:35Z,A1,7.7,18.22,FREE
2026-09-30T06:36:36Z,A1,2.0,12.37,OCCUPIED
2026-09-30T06:36:37Z,A1,5.4,10.39,OCCUPIED
2026-09-30T06:36:38Z,A1,7.6,10.65,OCCUPIED
2026-09-30T06:36:39Z,A1,7.9,11.37,OCCUPIED
2026-09-30T06:36:40Z,A1,0.0,7.26,OCCUPIED
2026-09-30T06:36:41Z,A1,33.4,20.20,OCCUPIED
2026-09-30T06:36:42Z,A1,35.4,20.93,FREE
2026-09-30T06:36:43Z,A1,35.9,16.41,FREE
2026-09-30T06:36:44Z,A1,35.3,16.82,FREE
2026-09-30T06:36:45Z,A1,36.5,16.48,FREE
2026-09-30T06:36:46Z,A1,35.0,14.15,FREE
2026-09-30T06:36:47Z,A1,37.4,15.65,FREE
2026-09-30T06:36:48Z,A1,36.7,15.24,FREE
2026-09-30T06:36:49Z,A1,8.1,18.02,FREE
2026-09-30T06:36:50Z,A1,0.0,9.02,FREE
2026-09-30T06:36:51Z,A1,6.6,18.74,OCCUPIED
2026-09-30T06:36:52Z,A1,7.3,17.80,OCCUPIED
2026-09-30T06:36:53Z,A1,8.1,11.06,OCCUPIED
2026-09-30T06:36:54Z,A1,5.4,10.39,OCCUPIED
2026-09-30T06:36:55Z,A1,7.7,10.59,OCCUPIED
2026-09-30T06:36:56Z,A1,5.6,10.31,OCCUPIED
2026-09-30T06:36:57Z,A1,38.4,11.81,OCCUPIED
2026-09-30T06:36:58Z,A1,33.4,21.57,FREE
2026-09-30T06:36:59Z,A1,39.7,18.24,FREE
2026-09-30T06:37:00Z,A1,400.0,75.74,FREE
2026-09-30T06:37:01Z,A1,37.6,17.91,FREE
2026-09-30T06:37:02Z,A1,37.3,19.04,FREE
2026-09-30T06:37:03Z,A1,33.5,18.39,FREE
2026-09-30T06:37:04Z,A1,39.7,16.59,FREE
2026-09-30T06:37:05Z,A1,8.7,21.09,FREE
2026-09-30T06:37:06Z,A1,7.5,16.93,OCCUPIED
2026-09-30T06:37:07Z,A1,8.4,17.22,OCCUPIED
2026-09-30T06:37:08Z,A1,8.6,16.80,OCCUPIED
2026-09-30T06:37:16Z,A1,37.5,18.44,OCCUPIED
2026-09-30T06:37:17Z,A1,0.0,6.68,OCCUPIED
2026-09-30T06:37:18Z,A1,34.5,19.15,FREE
2026-09-30T06:37:19Z,A1,36.4,12.24,FREE
2026-09-30T06:37:20Z,A1,36.7,16.78,FREE
2026-09-30T06:37:21Z,A1,8.7,18.85,FREE
2026-09-30T06:37:22Z,A1,5.6,19.78,OCCUPIED
2026-09-30T06:37:23Z,A1,6.3,13.81,OCCUPIED
2026-09-30T06:37:24Z,A1,5.4,12.48,OCCUPIED
2026-09-30T06:37:25Z,A1,5.5,17.81,OCCUPIED
2026-09-30T06:37:26Z,A1,7.3,10.76,OCCUPIED
2026-09-30T06:37:27Z,A1,7.8,9.45,OCCUPIED
2026-09-30T06:37:28Z,A1,7.3,18.32,OCCUPIED
2026-09-30T06:37:29Z,A1,38.0,10.67,OCCUPIED
2026-09-30T06:37:30Z,A1,39.0,11.74,FREE
2026-09-30T06:37:31Z,A1,34.8,12.74,FREE
2026-09-30T06:37:32Z,A1,33.2,16.91,FREE
2026-09-30T06:37:33Z,A1,37.8,16.59,FREE
2026-09-30T06:37:34Z,A1,39.6,18.30,FREE
2026-09-30T06:37:35Z,A1,37.5,17.02,FREE
2026-09-30T06:37:36Z,A1,39.0,17.32,FREE
2026-09-30T06:37:37Z,A1,0.0,5.63,FREE
2026-09-30T06:37:38Z,A1,8.6,17.72,FREE
2026-09-30T06:37:39Z,A1,5.1,18.55,OCCUPIED
2026-09-30T06:37:40Z,A1,6.2,9.76,OCCUPIED
2026-09-30T06:37:41Z,A1,6.1,12.22,OCCUPIED
2026-09-30T06:37:42Z,A1,8.5,17.93,OCCUPIED
2026-09-30T06:37:43Z,A1,5.4,8.96,OCCUPIED
2026-09-30T06:37:44Z,A1,6.8,7.98,OCCUPIED
2026-09-30T06:37:45Z,A1,34.3,10.39,OCCUPIED
2026-09-30T06:37:46Z,A1,36.2,10.83,FREE
2026-09-30T06:37:47Z,A1,36.2,6.32,FREE
2026-09-30T06:37:54Z,A1,5.6,18.76,FREE
2026-09-30T06:37:55Z,A1,8.7,18.11,OCCUPIED
2026-09-30T06:37:56Z,A1,7.3,15.55,OCCUPIED
2026-09-30T06:37:57Z,A1,6.3,16.11,OCCUPIED
2026-09-30T06:37:58Z,A1,5.0,16.22,OCCUPIED
2026-09-30T06:37:59Z,A1,6.3,16.61,OCCUPIED
2026-09-30T06:38:00Z,A1,7.7,17.04,OCCUPIED
2026-09-30T06:38:01Z,A1,36.7,18.56,OCCUPIED
2026-09-30T06:38:02Z,A1,38.0,19.45,FREE
2026-09-30T06:38:03Z,A1,39.2,17.15,FREE
2026-09-30T06:38:04Z,A1,38.0,16.07,FREE
2026-09-30T06:38:05Z,A1,38.2,14.59,FREE
2026-09-30T06:38:06Z,A1,34.6,10.50,FREE
2026-09-30T06:38:07Z,A1,38.2,10.93,FREE
2026-09-30T06:38:08Z,A1,2.0,11.67,FREE
2026-09-30T06:38:09Z,A1,7.1,12.48,OCCUPIED
2026-09-30T06:38:10Z,A1,5.9,11.65,OCCUPIED
2026-09-30T06:38:11Z,A1,8.8,18.76,OCCUPIED
2026-09-30T06:38:12Z,A1,5.9,14.50,OCCUPIED
2026-09-30T06:38:13Z,A1,6.2,15.22,OCCUPIED
2026-09-30T06:38:14Z,A1,5.3,11.17,OCCUPIED
2026-09-30T06:38:15Z,A1,7.2,11.00,OCCUPIED
2026-09-30T06:38:16Z,A1,6.3,13.17,OCCUPIED
2026-09-30T06:38:17Z,A1,36.4,12.22,OCCUPIED
2026-09-30T06:38:18Z,A1,36.1,12.67,FREE
2026-09-30T06:38:19Z,A1,37.9,16.35,FREE
2026-09-30T06:38:20Z,A1,38.3,15.41,FREE
2026-09-30T06:38:21Z,A1,37.0,16.22,FREE
2026-09-30T06:38:22Z,A1,39.1,13.65,FREE
2026-09-30T06:38:23Z,A1,36.1,16.35,FREE
2026-09-30T06:38:24Z,A1,38.9,15.20,FREE
2026-09-30T06:38:25Z,A1,5.3,19.11,FREE
2026-09-30T06:38:26Z,A1,6.0,20.09,OCCUPIED
2026-09-30T06:38:27Z,A1,2.0,15.69,OCCUPIED
2026-09-30T06:38:34Z,A1,39.6,19.04,OCCUPIED
2026-09-30T06:38:35Z,A1,38.1,18.63,FREE
2026-09-30T06:38:36Z,A1,0.0,7.45,FREE
2026-09-30T06:38:37Z,A1,39.1,6.59,FREE
2026-09-30T06:38:38Z,A1,38.3,6.00,FREE
2026-09-30T06:38:39Z,A1,33.5,6.67,FREE
2026-09-30T06:38:40Z,A1,36.6,8.35,FREE
2026-09-30T06:38:41Z,A1,5.6,7.39,FREE
2026-09-30T06:38:42Z,A1,6.3,14.46,OCCUPIED
2026-09-30T06:38:44Z,A1,5.0,11.65,OCCUPIED
2026-09-30T06:38:45Z,A1,8.8,59.67,OCCUPIED
2026-09-30T06:38:46Z,A1,7.7,11.43,OCCUPIED
2026-09-30T06:38:47Z,A1,6.4,6.59,OCCUPIED
2026-09-30T06:38:48Z,A1,8.6,7.57,OCCUPIED
2026-09-30T06:38:49Z,A1,33.7,9.69,OCCUPIED
2026-09-30T06:38:50Z,A1,35.4,10.93,FREE
2026-09-30T06:38:51Z,A1,38.9,10.00,FREE
2026-09-30T06:38:52Z,A1,34.2,12.67,FREE
2026-09-30T06:38:53Z,A1,34.1,12.80,FREE
2026-09-30T06:38:54Z,A1,37.1,12.39,FREE
2026-09-30T06:38:55Z,A1,39.6,11.83,FREE
2026-09-30T06:38:56Z,A1,39.5,14.74,FREE
2026-09-30T06:38:57Z,A1,6.1,9.04,FREE
2026-09-30T06:38:58Z,A1,5.4,9.67,OCCUPIED
2026-09-30T06:38:59Z,A1,5.4,7.91,OCCUPIED
2026-09-30T06:39:00Z,A1,5.9,8.07,OCCUPIED
2026-09-30T06:39:01Z,A1,5.5,10.69,OCCUPIED
2026-09-30T06:39:02Z,A1,8.5,12.85,OCCUPIED
2026-09-30T06:39:03Z,A1,8.9,16.24,OCCUPIED
2026-09-30T06:39:04Z,A1,6.7,14.39,OCCUPIED
2026-09-30T06:39:05Z,A1,400.0,8.31,OCCUPIED
2026-09-30T06:39:06Z,A1,35.9,20.28,OCCUPIED
2026-09-30T06:39:07Z,A1,38.6,9.72,FREE
2026-09-30T06:39:08Z,A1,37.1,9.00,FREE
2026-09-30T06:39:09Z,A1,39.3,10.37,FREE
2026-09-30T06:39:10Z,A1,34.8,10.98,FREE
2026-09-30T06:39:11Z,A1,35.8,11.28,FREE
2026-09-30T06:39:12Z,A1,34.8,13.93,FREE
2026-09-30T06:39:13Z,A1,5.8,19.15,FREE
2026-09-30T06:39:14Z,A1,8.9,17.69,OCCUPIED
2026-09-30T06:39:15Z,A1,6.1,13.48,OCCUPIED
2026-09-30T06:39:16Z,A1,5.1,18.30,OCCUPIED
2026-09-30T06:39:17Z,A1,7.8,11.20,OCCUPIED
2026-09-30T06:39:18Z,A1,6.8,11.02,OCCUPIED
2026-09-30T06:39:24Z,A1,37.5,14.65,OCCUPIED
2026-09-30T06:39:25Z,A1,39.1,18.45,FREE
2026-09-30T06:39:26Z,A1,2.0,15.95,FREE
2026-09-30T06:39:27Z,A1,35.7,6.52,FREE
2026-09-30T06:39:28Z,A1,34.4,6.65,FREE
2026-09-30T06:39:29Z,A1,5.7,7.09,FREE
2026-09-30T06:39:31Z,A1,6.4,12.76,OCCUPIED
2026-09-30T06:39:32Z,A1,7.9,11.89,OCCUPIED
2026-09-30T06:39:33Z,A1,5.3,11.00,OCCUPIED
2026-09-30T06:39:34Z,A1,8.7,12.76,OCCUPIED
2026-09-30T06:39:35Z,A1,7.5,16.70,OCCUPIED
2026-09-30T06:39:36Z,A1,5.3,16.91,OCCUPIED
2026-09-30T06:39:37Z,A1,33.2,11.37,OCCUPIED
2026-09-30T06:39:38Z,A1,39.3,11.83,FREE
2026-09-30T06:39:39Z,A1,37.0,16.35,FREE
2026-09-30T06:39:40Z,A1,37.2,7.59,FREE
2026-09-30T06:39:41Z,A1,36.8,11.37,FREE
2026-09-30T06:39:42Z,A1,38.9,15.61,FREE
2026-09-30T06:39:43Z,A1,33.8,18.67,FREE
2026-09-30T06:39:44Z,A1,38.3,17.50,FREE
2026-09-30T06:39:45Z,A1,8.9,15.13,FREE
2026-09-30T06:39:46Z,A1,6.9,19.06,OCCUPIED
2026-09-30T06:39:47Z,A1,8.4,18.98,OCCUPIED
2026-09-30T06:39:48Z,A1,5.1,15.67,OCCUPIED
2026-09-30T06:39:49Z,A1,5.1,16.83,OCCUPIED
2026-09-30T06:39:50Z,A1,6.8,18.96,OCCUPIED
2026-09-30T06:39:51Z,A1,6.2,18.20,OCCUPIED
2026-09-30T06:39:52Z,A1,8.7,18.61,OCCUPIED
2026-09-30T06:39:53Z,A1,36.5,17.52,OCCUPIED
2026-09-30T06:39:54Z,A1,34.5,20.59,FREE
2026-09-30T06:39:55Z,A1,36.9,14.61,FREE
2026-09-30T06:40:05Z,A1,8.4,20.54,FREE
2026-09-30T06:40:07Z,A1,6.1,17.94,OCCUPIED
2026-09-30T06:40:08Z,A1,8.7,6.35,OCCUPIED
2026-09-30T06:40:09Z,A1,6.3,8.28,OCCUPIED
2026-09-30T06:40:10Z,A1,37.5,8.65,OCCUPIED
2026-09-30T06:40:11Z,A1,37.1,9.22,FREE
2026-09-30T06:40:12Z,A1,33.4,6.82,FREE
2026-09-30T06:40:13Z,A1,33.6,12.48,FREE
2026-09-30T06:40:14Z,A1,36.3,11.63,FREE
2026-09-30T06:40:15Z,A1,38.4,11.72,FREE
2026-09-30T06:40:16Z,A1,2.0,14.59,FREE
2026-09-30T06:40:17Z,A1,38.9,17.00,FREE
2026-09-30T06:40:18Z,A1,7.4,11.81,FREE
2026-09-30T06:40:19Z,A1,7.0,11.98,OCCUPIED
2026-09-30T06:40:20Z,A1,6.0,7.59,OCCUPIED
2026-09-30T06:40:21Z,A1,5.7,9.74,OCCUPIED
2026-09-30T06:40:22Z,A1,5.5,10.48,OCCUPIED
2026-09-30T06:40:23Z,A1,6.1,17.46,OCCUPIED
2026-09-30T06:40:24Z,A1,6.8,16.46,OCCUPIED
2026-09-30T06:40:25Z,A1,37.5,20.24,OCCUPIED
2026-09-30T06:40:26Z,A1,33.7,22.35,FREE
2026-09-30T06:40:27Z,A1,38.9,17.50,FREE
2026-09-30T06:40:28Z,A1,33.5,10.59,FREE
2026-09-30T06:40:29Z,A1,35.1,10.24,FREE
2026-09-30T06:40:30Z,A1,35.0,10.37,FREE
2026-09-30T06:40:31Z,A1,35.3,10.43,FREE
2026-09-30T06:40:32Z,A1,33.8,9.80,FREE
2026-09-30T06:40:33Z,A1,7.7,19.63,FREE
2026-09-30T06:40:34Z,A1,5.4,17.35,OCCUPIED
2026-09-30T06:40:35Z,A1,6.6,14.46,OCCUPIED
2026-09-30T06:40:36Z,A1,6.9,17.76,OCCUPIED
2026-09-30T06:40:37Z,A1,7.4,14.81,OCCUPIED
2026-09-30T06:40:38Z,A1,5.4,11.24,OCCUPIED
2026-09-30T06:40:49Z,A1,39.8,12.43,OCCUPIED
2026-09-30T06:40:50Z,A1,6.7,11.54,OCCUPIED
2026-09-30T06:40:51Z,A1,6.0,10.70,OCCUPIED
2026-09-30T06:40:52Z,A1,6.6,10.13,OCCUPIED
2026-09-30T06:40:53Z,A1,8.2,11.37,OCCUPIED
2026-09-30T06:40:54Z,A1,8.9,17.57,OCCUPIED
2026-09-30T06:40:55Z,A1,5.2,16.32,OCCUPIED
2026-09-30T06:40:56Z,A1,400.0,12.57,OCCUPIED
2026-09-30T06:40:57Z,A1,35.4,19.63,OCCUPIED
2026-09-30T06:40:58Z,A1,35.8,10.67,FREE
2026-09-30T06:40:59Z,A1,36.4,11.28,FREE
2026-09-30T06:41:00Z,A1,38.3,11.81,FREE
2026-09-30T06:41:01Z,A1,37.6,10.15,FREE
2026-09-30T06:41:02Z,A1,38.3,16.87,FREE
2026-09-30T06:41:03Z,A1,39.4,16.19,FREE
2026-09-30T06:41:04Z,A1,2.0,18.20,FREE
2026-09-30T06:41:05Z,A1,6.1,17.20,OCCUPIED
2026-09-30T06:41:06Z,A1,6.2,12.98,OCCUPIED
2026-09-30T06:41:07Z,A1,6.2,15.37,OCCUPIED
2026-09-30T06:41:08Z,A1,5.2,9.70,OCCUPIED
2026-09-30T06:41:09Z,A1,8.7,15.28,OCCUPIED
2026-09-30T06:41:10Z,A1,6.5,14.19,OCCUPIED
2026-09-30T06:41:11Z,A1,5.9,13.26,OCCUPIED
2026-09-30T06:41:12Z,A1,5.2,14.63,OCCUPIED
2026-09-30T06:41:13Z,A1,35.1,15.69,OCCUPIED
2026-09-30T06:41:14Z,A1,38.6,17.17,FREE
2026-09-30T06:41:15Z,A1,34.3,6.46,FREE
2026-09-30T06:41:16Z,A1,2.0,7.45,FREE
2026-09-30T06:41:17Z,A1,35.9,6.35,FREE
2026-09-30T06:41:18Z,A1,36.9,54.24,FREE
2026-09-30T06:41:19Z,A1,39.8,11.54,FREE
2026-09-30T06:41:20Z,A1,39.3,17.45,FREE
2026-09-30T06:41:21Z,A1,7.7,21.44,FREE
2026-09-30T06:41:22Z,A1,5.9,14.43,OCCUPIED
2026-09-30T06:41:23Z,A1,6.3,11.76,OCCUPIED
2026-09-30T06:41:24Z,A1,7.0,15.81,OCCUPIED
2026-09-30T06:41:25Z,A1,7.0,16.48,OCCUPIED
2026-09-30T06:41:26Z,A1,7.9,16.45,OCCUPIED
2026-09-30T06:41:32Z,A1,2.0,11.30,OCCUPIED
2026-09-30T06:41:33Z,A1,37.6,10.72,OCCUPIED
2026-09-30T06:41:34Z,A1,33.1,18.18,FREE
2026-09-30T06:41:35Z,A1,38.3,13.13,FREE
2026-09-30T06:41:36Z,A1,37.5,12.28,FREE
2026-09-30T06:41:37Z,A1,33.6,13.37,FREE
2026-09-30T06:41:38Z,A1,6.9,14.05,FREE
2026-09-30T06:41:39Z,A1,8.9,7.76,OCCUPIED
2026-09-30T06:41:40Z,A1,6.8,6.32,OCCUPIED
2026-09-30T06:41:41Z,A1,5.9,7.00,OCCUPIED
2026-09-30T06:41:44Z,A1,8.5,15.91,OCCUPIED
2026-09-30T06:41:45Z,A1,37.3,18.15,OCCUPIED
2026-09-30T06:41:46Z,A1,37.1,18.00,FREE
2026-09-30T06:41:47Z,A1,35.5,16.63,FREE
2026-09-30T06:41:48Z,A1,36.0,10.19,FREE
2026-09-30T06:41:49Z,A1,37.8,10.54,FREE
2026-09-30T06:41:50Z,A1,38.0,10.85,FREE
2026-09-30T06:41:51Z,A1,37.8,10.15,FREE
2026-09-30T06:41:52Z,A1,38.6,7.39,FREE
2026-09-30T06:41:53Z,A1,8.3,20.44,FREE
2026-09-30T06:41:54Z,A1,8.0,16.76,OCCUPIED
2026-09-30T06:41:55Z,A1,7.0,12.69,OCCUPIED
2026-09-30T06:41:56Z,A1,2.0,12.11,OCCUPIED
2026-09-30T06:41:57Z,A1,8.4,15.61,OCCUPIED
2026-09-30T06:41:58Z,A1,5.2,13.56,OCCUPIED
2026-09-30T06:41:59Z,A1,6.3,17.39,OCCUPIED
2026-09-30T06:42:00Z,A1,6.9,15.15,OCCUPIED
2026-09-30T06:42:01Z,A1,35.7,15.07,OCCUPIED
2026-09-30T06:42:02Z,A1,39.8,19.39,FREE
2026-09-30T06:42:03Z,A1,35.8,15.46,FREE
2026-09-30T06:42:04Z,A1,38.2,11.61,FREE
2026-09-30T06:42:05Z,A1,35.2,13.74,FREE
2026-09-30T06:42:06Z,A1,37.9,12.85,FREE
2026-09-30T06:42:07Z,A1,39.1,15.52,FREE
2026-09-30T06:42:16Z,A1,8.5,11.91,FREE
2026-09-30T06:42:17Z,A1,34.9,10.70,FREE
2026-09-30T06:42:18Z,A1,33.0,11.30,FREE
2026-09-30T06:42:19Z,A1,38.1,11.30,FREE
2026-09-30T06:42:20Z,A1,38.4,18.44,FREE
2026-09-30T06:42:21Z,A1,34.1,16.33,FREE
2026-09-30T06:42:22Z,A1,34.4,13.65,FREE
2026-09-30T06:42:23Z,A1,38.2,10.78,FREE
2026-09-30T06:42:24Z,A1,34.7,10.74,FREE
2026-09-30T06:42:25Z,A1,0.0,4.76,FREE
2026-09-30T06:42:26Z,A1,6.1,18.32,FREE
2026-09-30T06:42:27Z,A1,8.8,17.76,OCCUPIED
2026-09-30T06:42:28Z,A1,6.5,11.39,OCCUPIED
2026-09-30T06:42:29Z,A1,7.1,11.70,OCCUPIED
2026-09-30T06:42:30Z,A1,6.7,14.04,OCCUPIED
2026-09-30T06:42:31Z,A1,5.8,10.17,OCCUPIED
2026-09-30T06:42:32Z,A1,5.2,12.15,OCCUPIED
2026-09-30T06:42:33Z,A1,37.6,17.80,OCCUPIED
2026-09-30T06:42:34Z,A1,39.1,18.28,FREE
2026-09-30T06:42:35Z,A1,39.8,11.33,FREE
2026-09-30T06:42:36Z,A1,39.1,10.35,FREE
2026-09-30T06:42:37Z,A1,39.0,10.28,FREE
2026-09-30T06:42:38Z,A1,33.1,12.13,FREE
2026-09-30T06:42:39Z,A1,34.6,19.02,FREE
2026-09-30T06:42:40Z,A1,34.8,10.87,FREE
2026-09-30T06:42:41Z,A1,5.3,11.33,FREE
2026-09-30T06:42:42Z,A1,400.0,5.70,FREE
2026-09-30T06:42:43Z,A1,5.4,12.04,OCCUPIED
2026-09-30T06:42:44Z,A1,6.5,7.07,OCCUPIED
2026-09-30T06:42:45Z,A1,8.3,14.74,OCCUPIED
2026-09-30T06:42:46Z,A1,5.6,13.02,OCCUPIED
2026-09-30T06:42:47Z,A1,5.7,12.93,OCCUPIED
2026-09-30T06:42:48Z,A1,6.2,10.93,OCCUPIED
2026-09-30T06:42:49Z,A1,35.4,12.22,OCCUPIED
2026-09-30T06:42:50Z,A1,40.0,11.65,FREE
2026-09-30T06:42:51Z,A1,35.2,6.33,FREE
2026-09-30T06:42:52Z,A1,35.3,7.91,FREE
2026-09-30T06:42:53Z,A1,33.8,7.54,FREE
2026-09-30T06:43:01Z,A1,6.9,11.00,FREE
2026-09-30T06:43:02Z,A1,8.9,12.35,OCCUPIED
2026-09-30T06:43:03Z,A1,7.8,10.57,OCCUPIED
2026-09-30T06:43:04Z,A1,400.0,6.72,OCCUPIED
2026-09-30T06:43:05Z,A1,37.4,18.17,OCCUPIED
2026-09-30T06:43:06Z,A1,33.5,18.52,FREE
2026-09-30T06:43:07Z,A1,33.2,10.43,FREE
2026-09-30T06:43:08Z,A1,2.0,11.89,FREE
2026-09-30T06:43:09Z,A1,33.2,10.52,FREE
2026-09-30T06:43:10Z,A1,38.0,11.02,FREE
2026-09-30T06:43:11Z,A1,33.1,16.35,FREE
2026-09-30T06:43:12Z,A1,37.0,14.87,FREE
2026-09-30T06:43:13Z,A1,6.4,18.39,FREE
2026-09-30T06:43:14Z,A1,5.6,19.30,OCCUPIED
2026-09-30T06:43:15Z,A1,9.0,16.89,OCCUPIED
2026-09-30T06:43:16Z,A1,9.0,16.39,OCCUPIED
2026-09-30T06:43:17Z,A1,400.0,6.80,OCCUPIED
2026-09-30T06:43:18Z,A1,8.1,10.41,OCCUPIED
2026-09-30T06:43:19Z,A1,5.8,10.39,OCCUPIED
2026-09-30T06:43:20Z,A1,8.9,10.56,OCCUPIED
2026-09-30T06:43:21Z,A1,34.8,11.41,OCCUPIED
2026-09-30T06:43:22Z,A1,36.8,19.48,FREE
2026-09-30T06:43:23Z,A1,36.7,26.96,FREE
2026-09-30T06:43:24Z,A1,35.8,15.56,FREE
2026-09-30T06:43:25Z,A1,33.7,16.96,FREE
2026-09-30T06:43:26Z,A1,36.4,16.15,FREE
2026-09-30T06:43:29Z,A1,6.5,19.04,FREE
2026-09-30T06:43:30Z,A1,7.6,18.70,OCCUPIED
2026-09-30T06:43:31Z,A1,7.1,17.72,OCCUPIED
2026-09-30T06:43:32Z,A1,8.5,16.26,OCCUPIED
2026-09-30T06:43:39Z,A1,38.8,13.30,OCCUPIED
2026-09-30T06:43:40Z,A1,39.2,8.61,FREE
2026-09-30T06:43:41Z,A1,37.3,6.28,FREE
2026-09-30T06:43:42Z,A1,38.6,6.68,FREE
2026-09-30T06:43:43Z,A1,37.7,10.87,FREE
2026-09-30T06:43:44Z,A1,36.8,10.33,FREE
2026-09-30T06:43:45Z,A1,8.0,17.24,FREE
2026-09-30T06:43:46Z,A1,6.1,16.63,OCCUPIED
2026-09-30T06:43:47Z,A1,9.0,11.04,OCCUPIED
2026-09-30T06:43:48Z,A1,7.1,10.02,OCCUPIED
2026-09-30T06:43:49Z,A1,8.6,12.07,OCCUPIED
2026-09-30T06:43:50Z,A1,5.8,7.78,OCCUPIED
2026-09-30T06:43:51Z,A1,5.1,6.41,OCCUPIED
2026-09-30T06:43:52Z,A1,8.3,6.44,OCCUPIED
2026-09-30T06:43:53Z,A1,37.0,10.96,OCCUPIED
2026-09-30T06:43:54Z,A1,36.7,8.39,FREE
2026-09-30T06:43:55Z,A1,35.0,13.09,FREE
2026-09-30T06:43:56Z,A1,40.0,15.59,FREE
2026-09-30T06:43:57Z,A1,33.1,15.37,FREE
2026-09-30T06:43:58Z,A1,37.1,16.78,FREE
2026-09-30T06:43:59Z,A1,33.4,16.24,FREE
2026-09-30T06:44:00Z,A1,37.8,10.69,FREE
2026-09-30T06:44:01Z,A1,7.6,11.43,FREE
2026-09-30T06:44:02Z,A1,7.0,12.26,OCCUPIED
2026-09-30T06:44:03Z,A1,8.3,10.80,OCCUPIED
2026-09-30T06:44:04Z,A1,5.8,11.00,OCCUPIED
2026-09-30T06:44:05Z,A1,6.3,18.72,OCCUPIED
2026-09-30T06:44:06Z,A1,8.3,10.95,OCCUPIED
2026-09-30T06:44:07Z,A1,7.0,11.06,OCCUPIED
2026-09-30T06:44:08Z,A1,8.5,11.06,OCCUPIED
2026-09-30T06:44:09Z,A1,37.6,19.98,OCCUPIED
2026-09-30T06:44:10Z,A1,36.0,12.54,FREE
2026-09-30T06:44:11Z,A1,35.6,18.28,FREE
2026-09-30T06:44:12Z,A1,38.8,17.02,FREE
2026-09-30T06:44:13Z,A1,33.1,17.44,FREE
2026-09-30T06:44:14Z,A1,36.3,10.81,FREE
2026-09-30T06:44:15Z,A1,39.1,11.09,FREE
2026-09-30T06:44:18Z,A1,5.4,12.44,FREE
2026-09-30T06:44:19Z,A1,6.0,12.05,OCCUPIED
2026-09-30T06:44:20Z,A1,7.5,17.17,OCCUPIED
2026-09-30T06:44:21Z,A1,6.9,18.45,OCCUPIED
2026-09-30T06:44:22Z,A1,7.3,15.65,OCCUPIED
2026-09-30T06:44:23Z,A1,7.7,17.35,OCCUPIED
2026-09-30T06:44:24Z,A1,2.0,17.82,OCCUPIED
2026-09-30T06:44:25Z,A1,34.9,20.15,OCCUPIED
2026-09-30T06:44:26Z,A1,37.7,18.65,FREE
2026-09-30T06:44:27Z,A1,36.2,17.45,FREE
2026-09-30T06:44:28Z,A1,36.6,18.59,FREE
2026-09-30T06:44:29Z,A1,36.1,15.24,FREE
2026-09-30T06:44:30Z,A1,35.7,16.32,FREE
2026-09-30T06:44:31Z,A1,37.5,18.17,FREE
2026-09-30T06:44:32Z,A1,36.6,16.87,FREE
2026-09-30T06:44:33Z,A1,6.2,20.15,FREE
2026-09-30T06:44:34Z,A1,8.6,20.59,OCCUPIED
2026-09-30T06:44:35Z,A1,5.6,12.39,OCCUPIED
2026-09-30T06:44:36Z,A1,7.8,10.45,OCCUPIED
2026-09-30T06:44:37Z,A1,6.9,11.46,OCCUPIED
2026-09-30T06:44:38Z,A1,7.8,11.69,OCCUPIED
2026-09-30T06:44:39Z,A1,7.6,17.26,OCCUPIED
2026-09-30T06:44:40Z,A1,8.9,15.11,OCCUPIED
2026-09-30T06:44:41Z,A1,37.6,10.83,OCCUPIED
2026-09-30T06:44:42Z,A1,34.0,12.56,FREE
2026-09-30T06:44:43Z,A1,38.2,7.83,FREE
2026-09-30T06:44:44Z,A1,39.9,11.04,FREE
2026-09-30T06:44:45Z,A1,39.6,10.91,FREE
2026-09-30T06:44:46Z,A1,38.2,14.93,FREE
2026-09-30T06:44:47Z,A1,37.4,15.65,FREE
2026-09-30T06:44:48Z,A1,39.0,16.91,FREE
2026-09-30T06:44:49Z,A1,7.8,18.24,FREE
2026-09-30T06:44:50Z,A1,9.0,20.72,OCCUPIED
2026-09-30T06:44:51Z,A1,7.8,11.09,OCCUPIED
2026-09-30T06:44:52Z,A1,8.0,11.13,OCCUPIED
2026-09-30T06:44:53Z,A1,7.7,10.04,OCCUPIED
2026-09-30T06:44:54Z,A1,5.7,10.80,OCCUPIED
2026-09-30T06:44:55Z,A1,7.6,10.37,OCCUPIED
2026-09-30T06:44:56Z,A1,8.4,10.87,OCCUPIED
2026-09-30T06:44:57Z,A1,37.3,19.26,OCCUPIED
2026-09-30T06:44:58Z,A1,33.4,14.78,FREE
2026-09-30T06:44:59Z,A1,37.2,10.98,FREE
2026-09-30T06:45:00Z,A1,33.0,10.85,FREE
2026-09-30T06:45:01Z,A1,36.8,17.22,FREE
2026-09-30T06:45:02Z,A1,33.5,16.54,FREE
2026-09-30T06:45:03Z,A1,37.4,16.37,FREE
2026-09-30T06:45:04Z,A1,0.0,9.95,FREE
2026-09-30T06:45:05Z,A1,5.7,18.70,FREE
2026-09-30T06:45:06Z,A1,8.0,19.61,OCCUPIED
2026-09-30T06:45:07Z,A1,7.2,19.17,OCCUPIED
2026-09-30T06:45:08Z,A1,2.0,15.59,OCCUPIED
2026-09-30T06:45:09Z,A1,5.5,18.13,OCCUPIED
2026-09-30T06:45:10Z,A1,5.8,17.05,OCCUPIED
2026-09-30T06:45:11Z,A1,6.2,15.67,OCCUPIED
2026-09-30T06:45:12Z,A1,6.3,14.72,OCCUPIED
2026-09-30T06:45:13Z,A1,33.6,17.80,OCCUPIED
2026-09-30T06:45:14Z,A1,36.6,19.32,FREE
2026-09-30T06:45:15Z,A1,38.4,18.07,FREE
2026-09-30T06:45:16Z,A1,400.0,9.81,FREE
2026-09-30T06:45:17Z,A1,36.9,16.80,FREE
2026-09-30T06:45:18Z,A1,34.6,16.15,FREE
2026-09-30T06:45:19Z,A1,38.6,15.00,FREE
2026-09-30T06:45:20Z,A1,0.0,9.26,FREE
2026-09-30T06:45:21Z,A1,6.1,11.81,FREE
2026-09-30T06:45:22Z,A1,7.2,11.96,OCCUPIED
2026-09-30T06:45:23Z,A1,6.2,10.87,OCCUPIED
2026-09-30T06:45:24Z,A1,2.0,11.50,OCCUPIED
2026-09-30T06:45:25Z,A1,8.8,10.05,OCCUPIED
2026-09-30T06:45:26Z,A1,6.0,16.26,OCCUPIED
2026-09-30T06:45:29Z,A1,37.2,18.43,OCCUPIED
2026-09-30T06:45:30Z,A1,34.5,18.18,FREE
2026-09-30T06:45:31Z,A1,33.4,16.68,FREE
2026-09-30T06:45:32Z,A1,36.5,18.68,FREE
2026-09-30T06:45:33Z,A1,0.0,11.19,FREE
2026-09-30T06:45:34Z,A1,38.1,16.33,FREE
2026-09-30T06:45:35Z,A1,36.3,15.67,FREE
2026-09-30T06:45:36Z,A1,37.5,18.35,FREE
2026-09-30T06:45:37Z,A1,5.1,14.91,FREE
2026-09-30T06:45:38Z,A1,5.9,19.72,OCCUPIED
2026-09-30T06:45:39Z,A1,8.8,16.63,OCCUPIED
2026-09-30T06:45:40Z,A1,7.5,16.76,OCCUPIED
2026-09-30T06:45:41Z,A1,5.5,16.78,OCCUPIED
2026-09-30T06:45:42Z,A1,5.9,16.70,OCCUPIED
2026-09-30T06:45:43Z,A1,8.8,16.24,OCCUPIED
2026-09-30T06:45:44Z,A1,7.0,16.70,OCCUPIED
2026-09-30T06:45:45Z,A1,38.0,17.89,OCCUPIED
2026-09-30T06:45:46Z,A1,37.4,17.94,FREE
2026-09-30T06:45:47Z,A1,36.2,15.17,FREE
2026-09-30T06:45:48Z,A1,33.7,16.87,FREE
2026-09-30T06:45:49Z,A1,33.4,16.56,FREE
2026-09-30T06:45:50Z,A1,36.3,16.57,FREE
2026-09-30T06:45:51Z,A1,39.0,16.91,FREE
2026-09-30T06:45:52Z,A1,34.3,10.81,FREE
2026-09-30T06:45:53Z,A1,7.8,11.26,FREE
2026-09-30T06:45:54Z,A1,400.0,6.94,FREE
2026-09-30T06:45:55Z,A1,9.0,12.00,OCCUPIED
2026-09-30T06:45:56Z,A1,5.6,10.24,OCCUPIED
2026-09-30T06:45:57Z,A1,8.6,16.48,OCCUPIED
2026-09-30T06:45:58Z,A1,7.4,17.17,OCCUPIED
2026-09-30T06:45:59Z,A1,8.5,16.91,OCCUPIED
2026-09-30T06:46:00Z,A1,7.3,15.57,OCCUPIED
2026-09-30T06:46:01Z,A1,35.9,11.26,OCCUPIED
2026-09-30T06:46:02Z,A1,36.5,12.07,FREE
2026-09-30T06:46:03Z,A1,33.4,11.89,FREE
2026-09-30T06:46:04Z,A1,37.6,11.04,FREE
2026-09-30T06:46:05Z,A1,34.1,11.30,FREE
2026-09-30T06:46:07Z,A1,36.3,16.24,FREE
2026-09-30T06:46:08Z,A1,39.6,16.61,FREE
2026-09-30T06:46:09Z,A1,39.8,17.65,FREE
2026-09-30T06:46:10Z,A1,6.9,18.96,FREE
2026-09-30T06:46:11Z,A1,5.6,16.85,OCCUPIED
2026-09-30T06:46:12Z,A1,7.8,11.31,OCCUPIED
2026-09-30T06:46:13Z,A1,6.8,12.00,OCCUPIED
2026-09-30T06:46:14Z,A1,5.7,13.98,OCCUPIED
2026-09-30T06:46:15Z,A1,6.1,7.26,OCCUPIED
2026-09-30T06:46:16Z,A1,5.6,8.56,OCCUPIED
2026-09-30T06:46:17Z,A1,7.6,9.15,OCCUPIED
2026-09-30T06:46:18Z,A1,39.9,10.26,OCCUPIED
2026-09-30T06:46:19Z,A1,35.0,8.54,FREE
2026-09-30T06:46:20Z,A1,40.0,15.02,FREE
2026-09-30T06:46:21Z,A1,33.9,14.26,FREE
2026-09-30T06:46:22Z,A1,33.7,9.45,FREE
2026-09-30T06:46:24Z,A1,34.9,10.39,FREE
2026-09-30T06:46:25Z,A1,5.7,12.78,FREE
2026-09-30T06:46:26Z,A1,5.7,11.81,OCCUPIED
2026-09-30T06:46:27Z,A1,8.4,12.67,OCCUPIED
2026-09-30T06:46:28Z,A1,7.8,12.33,OCCUPIED
2026-09-30T06:46:29Z,A1,5.1,13.00,OCCUPIED
2026-09-30T06:46:30Z,A1,6.1,15.78,OCCUPIED
2026-09-30T06:46:31Z,A1,8.1,15.50,OCCUPIED
2026-09-30T06:46:32Z,A1,5.4,17.26,OCCUPIED
2026-09-30T06:46:36Z,A1,33.8,44.45,OCCUPIED
2026-09-30T06:46:37Z,A1,36.3,19.70,FREE
2026-09-30T06:46:38Z,A1,33.0,15.30,FREE
2026-09-30T06:46:39Z,A1,0.0,10.07,FREE
2026-09-30T06:46:40Z,A1,38.7,15.74,FREE
2026-09-30T06:46:41Z,A1,8.8,21.17,FREE
2026-09-30T06:46:42Z,A1,8.2,20.67,OCCUPIED
2026-09-30T06:46:43Z,A1,8.3,15.69,OCCUPIED
2026-09-30T06:46:44Z,A1,8.6,18.48,OCCUPIED
2026-09-30T06:46:45Z,A1,6.1,16.57,OCCUPIED
2026-09-30T06:46:46Z,A1,8.1,16.85,OCCUPIED
2026-09-30T06:46:47Z,A1,5.6,15.80,OCCUPIED
2026-09-30T06:46:48Z,A1,8.5,18.37,OCCUPIED
2026-09-30T06:46:49Z,A1,35.5,18.91,OCCUPIED
2026-09-30T06:46:50Z,A1,34.6,21.20,FREE
2026-09-30T06:46:51Z,A1,34.4,16.24,FREE
2026-09-30T06:46:52Z,A1,37.1,10.55,FREE
2026-09-30T06:46:53Z,A1,37.6,10.96,FREE
2026-09-30T06:46:54Z,A1,34.3,10.69,FREE
2026-09-30T06:46:57Z,A1,8.0,19.48,FREE
2026-09-30T06:46:58Z,A1,5.6,21.39,OCCUPIED
2026-09-30T06:46:59Z,A1,6.7,10.22,OCCUPIED
2026-09-30T06:47:00Z,A1,5.8,10.80,OCCUPIED
2026-09-30T06:47:01Z,A1,8.5,10.63,OCCUPIED
2026-09-30T06:47:02Z,A1,7.8,10.54,OCCUPIED
2026-09-30T06:47:03Z,A1,8.9,10.70,OCCUPIED
2026-09-30T06:47:04Z,A1,7.2,18.43,OCCUPIED
2026-09-30T06:47:05Z,A1,34.1,9.59,OCCUPIED
2026-09-30T06:47:06Z,A1,38.5,12.20,FREE
