2026-09-29T05:27:40Z parking/lantai-1/slot/A1 {"slot_id": "A1", "status": "FREE", "distance_cm": -1, "ts": "2026-09-29T05:27:41Z"}
2026-09-29T05:27:49Z parking/lantai-1/slot/A1 {"slot_id": "A1", "status": "OCCUPIED", "distance_cm": 7.7, "ts": "2026-09-29T05:27:50Z"}
2026-09-29T05:27:57Z parking/lantai-1/slot/A1 {"slot_id": "A1", "status": "FREE", "distance_cm": 36.4, "ts": "2026-09-29T05:27:58Z"}
2026-09-29T05:28:05Z parking/lantai-1/slot/A1 {"slot_id": "A1", "status": "OCCUPIED", "distance_cm": 7.8, "ts": "2026-09-29T05:28:06Z"}
2026-09-29T05:28:13Z parking/lantai-1/slot/A1 {"slot_id": "A1", "status": "FREE", "distance_cm": 40.0, "ts": "2026-09-29T05:28:14Z"}
2026-09-29T05:28:21Z parking/lantai-1/slot/A1 {"slot_id": "A1", "status": "OCCUPIED", "distance_cm": 7.1, "ts": "2026-09-29T05:28:22Z"}
2026-09-29T05:28:29Z parking/lantai-1/slot/A1 {"slot_id": "A1", "status": "FREE", "distance_cm": 37.0, "ts": "2026-09-29T05:28:30Z"}
2026-09-29T05:28:37Z parking/lantai-1/slot/A1 {"slot_id": "A1", "status": "OCCUPIED", "distance_cm": 6.0, "ts": "2026-09-29T05:28:38Z"}
2026-09-29T05:28:45Z parking/lantai-1/slot/A1 {"slot_id": "A1", "status": "FREE", "distance_cm": 34.3, "ts": "2026-09-29T05:28:46Z"}
2026-09-29T05:28:53Z parking/lantai-1/slot/A1 {"slot_id": "A1", "status": "OCCUPIED", "distance_cm": 5.2, "ts": "2026-09-29T05:28:54Z"}
2026-09-29T05:29:01Z parking/lantai-1/slot/A1 {"slot_id": "A1", "status": "FREE", "distance_cm": 36.4, "ts": "2026-09-29T05:29:02Z"}
2026-09-29T05:29:09Z parking/lantai-1/slot/A1 {"slot_id": "A1", "status": "OCCUPIED", "distance_cm": 5.4, "ts": "2026-09-29T05:29:10Z"}
2026-09-29T05:29:19Z parking/lantai-1/slot/A1 {"slot_id": "A1", "status": "FREE", "distance_cm": 37.0, "ts": "2026-09-29T05:29:20Z"}
2026-09-29T05:29:25Z parking/lantai-1/slot/A1 {"slot_id": "A1", "status": "OCCUPIED", "distance_cm": 7.0, "ts": "2026-09-29T05:29:26Z"}
2026-09-29T05:29:33Z parking/lantai-1/slot/A1 {"slot_id": "A1", "status": "FREE", "distance_cm": 33.9, "ts": "2026-09-29T05:29:34Z"}
2026-09-29T05:29:41Z parking/lantai-1/slot/A1 {"slot_id": "A1", "status": "OCCUPIED", "distance_cm": 9.0, "ts": "2026-09-29T05:29:42Z"}
2026-09-29T05:29:49Z parking/lantai-1/slot/A1 {"slot_id": "A1", "status": "FREE", "distance_cm": 35.5, "ts": "2026-09-29T05:29:50Z"}
2026-09-29T05:29:58Z parking/lantai-1/slot/A1 {"slot_id": "A1", "status": "OCCUPIED", "distance_cm": 8.3, "ts": "2026-09-29T05:29:59Z"}
2026-09-29T05:30:06Z parking/lantai-1/slot/A1 {"slot_id": "A1", "status": "FREE", "distance_cm": 34.9, "ts": "2026-09-29T05:30:07Z"}
2026-09-29T05:30:14Z parking/lantai-1/slot/A1 {"slot_id": "A1", "status": "OCCUPIED", "distance_cm": 6.7, "ts": "2026-09-29T05:30:15Z"}
2026-09-29T05:30:22Z parking/lantai-1/slot/A1 {"slot_id": "A1", "status": "FREE", "distance_cm": 34.2, "ts": "2026-09-29T05:30:23Z"}
2026-09-29T05:30:30Z parking/lantai-1/slot/A1 {"slot_id": "A1", "status": "OCCUPIED", "distance_cm": 8.2, "ts": "2026-09-29T05:30:31Z"}
2026-09-29T05:30:38Z parking/lantai-1/slot/A1 {"slot_id": "A1", "status": "FREE", "distance_cm": 35.4, "ts": "2026-09-29T05:30:39Z"}
2026-09-29T05:30:46Z parking/lantai-1/slot/A1 {"slot_id": "A1", "status": "OCCUPIED", "distance_cm": 5.0, "ts": "2026-09-29T05:30:47Z"}
2026-09-29T05:30:54Z parking/lantai-1/slot/A1 {"slot_id": "A1", "status": "FREE", "distance_cm": 34.4, "ts": "2026-09-29T05:30:55Z"}
2026-09-29T05:31:02Z parking/lantai-1/slot/A1 {"slot_id": "A1", "status": "OCCUPIED", "distance_cm": 5.2, "ts": "2026-09-29T05:31:03Z"}
2026-09-29T05:31:10Z parking/lantai-1/slot/A1 {"slot_id": "A1", "status": "FREE", "distance_cm": 36.9, "ts": "2026-09-29T05:31:11Z"}
2026-09-29T05:31:19Z parking/lantai-1/slot/A1 {"slot_id": "A1", "status": "OCCUPIED", "distance_cm": 7.9, "ts": "2026-09-29T05:31:20Z"}
2026-09-29T05:31:28Z parking/lantai-1/slot/A1 {"slot_id": "A1", "status": "FREE", "distance_cm": 37.5, "ts": "2026-09-29T05:31:29Z"}
2026-09-29T05:31:34Z parking/lantai-1/slot/A1 {"slot_id": "A1", "status": "OCCUPIED", "distance_cm": 2.0, "ts": "2026-09-29T05:31:35Z"}
2026-09-29T05:31:42Z parking/lantai-1/slot/A1 {"slot_id": "A1", "status": "FREE", "distance_cm": 36.4, "ts": "2026-09-29T05:31:43Z"}
2026-09-29T05:31:49Z parking/lantai-1/slot/A1 {"slot_id": "A1", "status": "OCCUPIED", "distance_cm": 6.2, "ts": "2026-09-29T05:31:50Z"}
2026-09-29T05:31:57Z parking/lantai-1/slot/A1 {"slot_id": "A1", "status": "FREE", "distance_cm": 37.4, "ts": "2026-09-29T05:31:58Z"}
2026-09-29T05:32:06Z parking/lantai-1/slot/A1 {"slot_id": "A1", "status": "OCCUPIED", "distance_cm": 8.7, "ts": "2026-09-29T05:32:07Z"}
2026-09-29T05:32:15Z parking/lantai-1/slot/A1 {"slot_id": "A1", "status": "FREE", "distance_cm": 35.7, "ts": "2026-09-29T05:32:16Z"}
2026-09-29T05:32:21Z parking/lantai-1/slot/A1 {"slot_id": "A1", "status": "OCCUPIED", "distance_cm": 6.1, "ts": "2026-09-29T05:32:22Z"}
2026-09-29T05:32:29Z parking/lantai-1/slot/A1 {"slot_id": "A1", "status": "FREE", "distance_cm": 36.7, "ts": "2026-09-29T05:32:30Z"}
2026-09-29T05:32:37Z parking/lantai-1/slot/A1 {"slot_id": "A1", "status": "OCCUPIED", "distance_cm": 6.5, "ts": "2026-09-29T05:32:38Z"}
2026-09-29T05:32:45Z parking/lantai-1/slot/A1 {"slot_id": "A1", "status": "FREE", "distance_cm": 36.7, "ts": "2026-09-29T05:32:46Z"}
2026-09-29T05:32:53Z parking/lantai-1/slot/A1 {"slot_id": "A1", "status": "OCCUPIED", "distance_cm": 6.7, "ts": "2026-09-29T05:32:54Z"}
2026-09-29T05:33:01Z parking/lantai-1/slot/A1 {"slot_id": "A1", "status": "FREE", "distance_cm": 38.6, "ts": "2026-09-29T05:33:02Z"}
2026-09-29T05:33:11Z parking/lantai-1/slot/A1 {"slot_id": "A1", "status": "OCCUPIED", "distance_cm": 7.7, "ts": "2026-09-29T05:33:12Z"}
2026-09-29T05:33:17Z parking/lantai-1/slot/A1 {"slot_id": "A1", "status": "FREE", "distance_cm": 36.5, "ts": "2026-09-29T05:33:18Z"}
2026-09-29T05:33:25Z parking/lantai-1/slot/A1 {"slot_id": "A1", "status": "OCCUPIED", "distance_cm": 8.0, "ts": "2026-09-29T05:33:26Z"}
2026-09-29T05:33:33Z parking/lantai-1/slot/A1 {"slot_id": "A1", "status": "FREE", "distance_cm": 36.3, "ts": "2026-09-29T05:33:34Z"}
2026-09-29T05:35:26Z parking/lantai-1/slot/A1 {"slot_id": "A1", "status": "FREE", "distance_cm": 39.5, "ts": "2026-09-29T05:35:26Z"}
2026-09-29T05:35:33Z parking/lantai-1/slot/A1 {"slot_id": "A1", "status": "OCCUPIED", "distance_cm": 8.3, "ts": "2026-09-29T05:35:34Z"}
2026-09-29T05:35:42Z parking/lantai-1/slot/A1 {"slot_id": "A1", "status": "FREE", "distance_cm": 39.6, "ts": "2026-09-29T05:35:43Z"}
2026-09-29T05:35:49Z parking/lantai-1/slot/A1 {"slot_id": "A1", "status": "OCCUPIED", "distance_cm": 7.4, "ts": "2026-09-29T05:35:50Z"}
2026-09-29T05:35:58Z parking/lantai-1/slot/A1 {"slot_id": "A1", "status": "FREE", "distance_cm": 37.4, "ts": "2026-09-29T05:35:59Z"}
2026-09-29T05:36:05Z parking/lantai-1/slot/A1 {"slot_id": "A1", "status": "OCCUPIED", "distance_cm": 8.6, "ts": "2026-09-29T05:36:06Z"}
2026-09-29T05:36:13Z parking/lantai-1/slot/A1 {"slot_id": "A1", "status": "FREE", "distance_cm": 34.7, "ts": "2026-09-29T05:36:14Z"}
2026-09-29T05:36:21Z parking/lantai-1/slot/A1 {"slot_id": "A1", "status": "OCCUPIED", "distance_cm": 5.6, "ts": "2026-09-29T05:36:22Z"}
2026-09-29T05:36:29Z parking/lantai-1/slot/A1 {"slot_id": "A1", "status": "FREE", "distance_cm": 37.7, "ts": "2026-09-29T05:36:30Z"}
2026-09-29T05:36:37Z parking/lantai-1/slot/A1 {"slot_id": "A1", "status": "OCCUPIED", "distance_cm": 6.2, "ts": "2026-09-29T05:36:38Z"}
2026-09-29T05:36:45Z parking/lantai-1/slot/A1 {"slot_id": "A1", "status": "FREE", "distance_cm": 37.4, "ts": "2026-09-29T05:36:46Z"}
2026-09-29T05:36:53Z parking/lantai-1/slot/A1 {"slot_id": "A1", "status": "OCCUPIED", "distance_cm": 8.7, "ts": "2026-09-29T05:36:54Z"}
2026-09-29T05:37:01Z parking/lantai-1/slot/A1 {"slot_id": "A1", "status": "FREE", "distance_cm": 39.4, "ts": "2026-09-29T05:37:02Z"}
2026-09-29T05:37:09Z parking/lantai-1/slot/A1 {"slot_id": "A1", "status": "OCCUPIED", "distance_cm": 6.5, "ts": "2026-09-29T05:37:10Z"}
2026-09-29T05:37:17Z parking/lantai-1/slot/A1 {"slot_id": "A1", "status": "FREE", "distance_cm": 38.2, "ts": "2026-09-29T05:37:18Z"}
2026-09-29T05:37:25Z parking/lantai-1/slot/A1 {"slot_id": "A1", "status": "OCCUPIED", "distance_cm": 6.3, "ts": "2026-09-29T05:37:26Z"}
2026-09-29T05:37:33Z parking/lantai-1/slot/A1 {"slot_id": "A1", "status": "FREE", "distance_cm": 37.9, "ts": "2026-09-29T05:37:34Z"}
2026-09-29T05:37:41Z parking/lantai-1/slot/A1 {"slot_id": "A1", "status": "OCCUPIED", "distance_cm": 5.8, "ts": "2026-09-29T05:37:42Z"}
2026-09-29T05:37:49Z parking/lantai-1/slot/A1 {"slot_id": "A1", "status": "FREE", "distance_cm": 36.5, "ts": "2026-09-29T05:37:50Z"}
2026-09-29T05:37:58Z parking/lantai-1/slot/A1 {"slot_id": "A1", "status": "OCCUPIED", "distance_cm": 5.8, "ts": "2026-09-29T05:37:59Z"}
2026-09-29T05:38:05Z parking/lantai-1/slot/A1 {"slot_id": "A1", "status": "FREE", "distance_cm": 36.3, "ts": "2026-09-29T05:38:06Z"}
2026-09-29T05:38:13Z parking/lantai-1/slot/A1 {"slot_id": "A1", "status": "OCCUPIED", "distance_cm": 5.5, "ts": "2026-09-29T05:38:14Z"}
2026-09-29T05:38:21Z parking/lantai-1/slot/A1 {"slot_id": "A1", "status": "FREE", "distance_cm": 33.7, "ts": "2026-09-29T05:38:22Z"}
2026-09-29T05:38:29Z parking/lantai-1/slot/A1 {"slot_id": "A1", "status": "OCCUPIED", "distance_cm": 7.2, "ts": "2026-09-29T05:38:30Z"}
2026-09-29T05:38:37Z parking/lantai-1/slot/A1 {"slot_id": "A1", "status": "FREE", "distance_cm": 36.6, "ts": "2026-09-29T05:38:38Z"}
2026-09-29T05:38:45Z parking/lantai-1/slot/A1 {"slot_id": "A1", "status": "OCCUPIED", "distance_cm": 6.7, "ts": "2026-09-29T05:38:46Z"}
2026-09-29T05:38:53Z parking/lantai-1/slot/A1 {"slot_id": "A1", "status": "FREE", "distance_cm": 34.6, "ts": "2026-09-29T05:38:54Z"}
2026-09-29T05:39:01Z parking/lantai-1/slot/A1 {"slot_id": "A1", "status": "OCCUPIED", "distance_cm": 5.8, "ts": "2026-09-29T05:39:02Z"}
2026-09-29T05:39:09Z parking/lantai-1/slot/A1 {"slot_id": "A1", "status": "FREE", "distance_cm": 38.5, "ts": "2026-09-29T05:39:10Z"}
2026-09-29T05:39:17Z parking/lantai-1/slot/A1 {"slot_id": "A1", "status": "OCCUPIED", "distance_cm": 6.3, "ts": "2026-09-29T05:39:18Z"}
2026-09-29T05:39:25Z parking/lantai-1/slot/A1 {"slot_id": "A1", "status": "FREE", "distance_cm": 33.1, "ts": "2026-09-29T05:39:26Z"}
2026-09-29T05:39:33Z parking/lantai-1/slot/A1 {"slot_id": "A1", "status": "OCCUPIED", "distance_cm": 7.4, "ts": "2026-09-29T05:39:34Z"}
2026-09-29T05:39:41Z parking/lantai-1/slot/A1 {"slot_id": "A1", "status": "FREE", "distance_cm": 38.0, "ts": "2026-09-29T05:39:42Z"}
2026-09-29T05:39:49Z parking/lantai-1/slot/A1 {"slot_id": "A1", "status": "OCCUPIED", "distance_cm": 5.0, "ts": "2026-09-29T05:39:50Z"}
2026-09-29T05:39:57Z parking/lantai-1/slot/A1 {"slot_id": "A1", "status": "FREE", "distance_cm": 38.5, "ts": "2026-09-29T05:39:58Z"}
2026-09-29T05:40:05Z parking/lantai-1/slot/A1 {"slot_id": "A1", "status": "OCCUPIED", "distance_cm": 8.9, "ts": "2026-09-29T05:40:06Z"}
2026-09-29T05:40:13Z parking/lantai-1/slot/A1 {"slot_id": "A1", "status": "FREE", "distance_cm": 34.2, "ts": "2026-09-29T05:40:14Z"}
2026-09-29T05:40:21Z parking/lantai-1/slot/A1 {"slot_id": "A1", "status": "OCCUPIED", "distance_cm": 8.4, "ts": "2026-09-29T05:40:22Z"}
2026-09-29T05:43:20Z parking/lantai-1/slot/A1 {"slot_id": "A1", "status": "OCCUPIED", "distance_cm": 5.0, "ts": "2026-09-29T05:43:18Z"}
2026-09-29T05:43:25Z parking/lantai-1/slot/A1 {"slot_id": "A1", "status": "FREE", "distance_cm": 34.1, "ts": "2026-09-29T05:43:26Z"}
2026-09-29T05:43:33Z parking/lantai-1/slot/A1 {"slot_id": "A1", "status": "OCCUPIED", "distance_cm": 7.1, "ts": "2026-09-29T05:43:34Z"}
2026-09-29T05:43:41Z parking/lantai-1/slot/A1 {"slot_id": "A1", "status": "FREE", "distance_cm": 33.6, "ts": "2026-09-29T05:43:42Z"}
2026-09-29T05:43:49Z parking/lantai-1/slot/A1 {"slot_id": "A1", "status": "OCCUPIED", "distance_cm": 6.3, "ts": "2026-09-29T05:43:50Z"}
2026-09-29T05:43:58Z parking/lantai-1/slot/A1 {"slot_id": "A1", "status": "FREE", "distance_cm": 39.5, "ts": "2026-09-29T05:43:58Z"}
2026-09-29T05:44:06Z parking/lantai-1/slot/A1 {"slot_id": "A1", "status": "OCCUPIED", "distance_cm": 7.6, "ts": "2026-09-29T05:44:06Z"}
2026-09-29T05:44:14Z parking/lantai-1/slot/A1 {"slot_id": "A1", "status": "FREE", "distance_cm": 34.2, "ts": "2026-09-29T05:44:14Z"}
2026-09-29T05:44:22Z parking/lantai-1/slot/A1 {"slot_id": "A1", "status": "OCCUPIED", "distance_cm": 6.5, "ts": "2026-09-29T05:44:22Z"}
2026-09-29T05:44:30Z parking/lantai-1/slot/A1 {"slot_id": "A1", "status": "FREE", "distance_cm": 35.6, "ts": "2026-09-29T05:44:30Z"}
2026-09-29T05:44:38Z parking/lantai-1/slot/A1 {"slot_id": "A1", "status": "OCCUPIED", "distance_cm": 5.2, "ts": "2026-09-29T05:44:38Z"}
2026-09-29T05:44:46Z parking/lantai-1/slot/A1 {"slot_id": "A1", "status": "FREE", "distance_cm": 33.3, "ts": "2026-09-29T05:44:46Z"}
2026-09-29T05:44:54Z parking/lantai-1/slot/A1 {"slot_id": "A1", "status": "OCCUPIED", "distance_cm": 8.0, "ts": "2026-09-29T05:44:54Z"}
2026-09-29T05:45:02Z parking/lantai-1/slot/A1 {"slot_id": "A1", "status": "FREE", "distance_cm": 37.4, "ts": "2026-09-29T05:45:03Z"}
2026-09-29T05:45:10Z parking/lantai-1/slot/A1 {"slot_id": "A1", "status": "OCCUPIED", "distance_cm": 7.2, "ts": "2026-09-29T05:45:11Z"}
2026-09-29T05:45:18Z parking/lantai-1/slot/A1 {"slot_id": "A1", "status": "FREE", "distance_cm": 33.6, "ts": "2026-09-29T05:45:19Z"}
2026-09-29T05:47:29Z parking/lantai-1/slot/A1 {"slot_id": "A1", "status": "FREE", "distance_cm": -1, "ts": "2026-09-29T05:46:02Z"}
2026-09-29T05:47:29Z parking/lantai-1/slot/A1 {"slot_id": "A1", "status": "OCCUPIED", "distance_cm": 5.2, "ts": "2026-09-29T05:46:11Z"}
2026-09-29T05:47:29Z parking/lantai-1/slot/A1 {"slot_id": "A1", "status": "FREE", "distance_cm": 36.2, "ts": "2026-09-29T05:46:19Z"}
2026-09-29T05:47:29Z parking/lantai-1/slot/A1 {"slot_id": "A1", "status": "OCCUPIED", "distance_cm": 5.5, "ts": "2026-09-29T05:46:27Z"}
2026-09-29T05:47:29Z parking/lantai-1/slot/A1 {"slot_id": "A1", "status": "FREE", "distance_cm": 34.6, "ts": "2026-09-29T05:46:35Z"}
2026-09-29T05:47:29Z parking/lantai-1/slot/A1 {"slot_id": "A1", "status": "OCCUPIED", "distance_cm": 6.2, "ts": "2026-09-29T05:46:43Z"}
2026-09-29T05:47:29Z parking/lantai-1/slot/A1 {"slot_id": "A1", "status": "FREE", "distance_cm": 33.7, "ts": "2026-09-29T05:46:53Z"}
2026-09-29T05:47:29Z parking/lantai-1/slot/A1 {"slot_id": "A1", "status": "OCCUPIED", "distance_cm": 6.6, "ts": "2026-09-29T05:46:59Z"}
2026-09-29T05:47:29Z parking/lantai-1/slot/A1 {"slot_id": "A1", "status": "FREE", "distance_cm": 34.7, "ts": "2026-09-29T05:47:07Z"}
2026-09-29T05:47:29Z parking/lantai-1/slot/A1 {"slot_id": "A1", "status": "OCCUPIED", "distance_cm": 7.8, "ts": "2026-09-29T05:47:15Z"}
2026-09-29T05:47:29Z parking/lantai-1/slot/A1 {"slot_id": "A1", "status": "FREE", "distance_cm": 36.5, "ts": "2026-09-29T05:47:23Z"}
2026-09-29T05:47:30Z parking/lantai-1/slot/A1 {"slot_id": "A1", "status": "OCCUPIED", "distance_cm": 5.8, "ts": "2026-09-29T05:47:31Z"}
2026-09-29T05:47:38Z parking/lantai-1/slot/A1 {"slot_id": "A1", "status": "FREE", "distance_cm": 37.7, "ts": "2026-09-29T05:47:39Z"}
2026-09-29T05:47:46Z parking/lantai-1/slot/A1 {"slot_id": "A1", "status": "OCCUPIED", "distance_cm": 5.2, "ts": "2026-09-29T05:47:47Z"}
2026-09-29T05:47:54Z parking/lantai-1/slot/A1 {"slot_id": "A1", "status": "FREE", "distance_cm": 33.9, "ts": "2026-09-29T05:47:55Z"}
2026-09-29T05:48:02Z parking/lantai-1/slot/A1 {"slot_id": "A1", "status": "OCCUPIED", "distance_cm": 7.0, "ts": "2026-09-29T05:48:03Z"}
2026-09-29T05:48:10Z parking/lantai-1/slot/A1 {"slot_id": "A1", "status": "FREE", "distance_cm": 34.0, "ts": "2026-09-29T05:48:11Z"}
2026-09-29T05:48:18Z parking/lantai-1/slot/A1 {"slot_id": "A1", "status": "OCCUPIED", "distance_cm": 5.7, "ts": "2026-09-29T05:48:19Z"}
2026-09-29T05:48:26Z parking/lantai-1/slot/A1 {"slot_id": "A1", "status": "FREE", "distance_cm": 33.5, "ts": "2026-09-29T05:48:27Z"}
2026-09-29T05:48:34Z parking/lantai-1/slot/A1 {"slot_id": "A1", "status": "OCCUPIED", "distance_cm": 7.7, "ts": "2026-09-29T05:48:35Z"}
2026-09-29T05:48:43Z parking/lantai-1/slot/A1 {"slot_id": "A1", "status": "FREE", "distance_cm": 37.3, "ts": "2026-09-29T05:48:44Z"}
2026-09-29T05:48:51Z parking/lantai-1/slot/A1 {"slot_id": "A1", "status": "OCCUPIED", "distance_cm": 7.2, "ts": "2026-09-29T05:48:52Z"}
2026-09-29T05:48:59Z parking/lantai-1/slot/A1 {"slot_id": "A1", "status": "FREE", "distance_cm": 39.5, "ts": "2026-09-29T05:49:00Z"}
2026-09-29T05:49:07Z parking/lantai-1/slot/A1 {"slot_id": "A1", "status": "OCCUPIED", "distance_cm": 6.4, "ts": "2026-09-29T05:49:08Z"}
2026-09-29T05:49:16Z parking/lantai-1/slot/A1 {"slot_id": "A1", "status": "FREE", "distance_cm": 34.3, "ts": "2026-09-29T05:49:17Z"}
2026-09-29T05:49:23Z parking/lantai-1/slot/A1 {"slot_id": "A1", "status": "OCCUPIED", "distance_cm": 6.2, "ts": "2026-09-29T05:49:24Z"}
2026-09-29T05:49:30Z parking/lantai-1/slot/A1 {"slot_id": "A1", "status": "FREE", "distance_cm": 34.3, "ts": "2026-09-29T05:49:31Z"}
2026-09-29T07:04:26Z parking/lantai-1/slot/A1 {"slot_id": "A1", "status": "FREE", "distance_cm": -1, "ts": "2026-09-29T07:04:28Z"}
2026-09-29T07:04:35Z parking/lantai-1/slot/A1 {"slot_id": "A1", "status": "OCCUPIED", "distance_cm": 7.7, "ts": "2026-09-29T07:04:37Z"}
2026-09-29T07:04:43Z parking/lantai-1/slot/A1 {"slot_id": "A1", "status": "FREE", "distance_cm": 36.3, "ts": "2026-09-29T07:04:45Z"}
2026-09-29T07:04:51Z parking/lantai-1/slot/A1 {"slot_id": "A1", "status": "OCCUPIED", "distance_cm": 5.3, "ts": "2026-09-29T07:04:53Z"}
2026-09-29T07:04:59Z parking/lantai-1/slot/A1 {"slot_id": "A1", "status": "FREE", "distance_cm": 36.4, "ts": "2026-09-29T07:05:01Z"}
2026-09-29T07:05:07Z parking/lantai-1/slot/A1 {"slot_id": "A1", "status": "OCCUPIED", "distance_cm": 5.5, "ts": "2026-09-29T07:05:09Z"}
2026-09-29T07:05:15Z parking/lantai-1/slot/A1 {"slot_id": "A1", "status": "FREE", "distance_cm": 35.9, "ts": "2026-09-29T07:05:17Z"}
2026-09-29T07:05:23Z parking/lantai-1/slot/A1 {"slot_id": "A1", "status": "OCCUPIED", "distance_cm": 5.1, "ts": "2026-09-29T07:05:25Z"}
2026-09-29T07:05:31Z parking/lantai-1/slot/A1 {"slot_id": "A1", "status": "FREE", "distance_cm": 36.3, "ts": "2026-09-29T07:05:33Z"}
2026-09-29T07:05:39Z parking/lantai-1/slot/A1 {"slot_id": "A1", "status": "OCCUPIED", "distance_cm": 7.7, "ts": "2026-09-29T07:05:41Z"}
2026-09-29T07:05:47Z parking/lantai-1/slot/A1 {"slot_id": "A1", "status": "FREE", "distance_cm": 33.2, "ts": "2026-09-29T07:05:49Z"}
2026-09-29T07:05:55Z parking/lantai-1/slot/A1 {"slot_id": "A1", "status": "OCCUPIED", "distance_cm": 6.9, "ts": "2026-09-29T07:05:57Z"}
2026-09-29T07:06:04Z parking/lantai-1/slot/A1 {"slot_id": "A1", "status": "FREE", "distance_cm": 34.4, "ts": "2026-09-29T07:06:06Z"}
2026-09-29T07:06:11Z parking/lantai-1/slot/A1 {"slot_id": "A1", "status": "OCCUPIED", "distance_cm": 7.1, "ts": "2026-09-29T07:06:13Z"}
2026-09-29T07:06:19Z parking/lantai-1/slot/A1 {"slot_id": "A1", "status": "FREE", "distance_cm": 37.5, "ts": "2026-09-29T07:06:21Z"}
2026-09-29T07:06:27Z parking/lantai-1/slot/A1 {"slot_id": "A1", "status": "OCCUPIED", "distance_cm": 5.3, "ts": "2026-09-29T07:06:29Z"}
2026-09-29T07:06:35Z parking/lantai-1/slot/A1 {"slot_id": "A1", "status": "FREE", "distance_cm": 36.2, "ts": "2026-09-29T07:06:37Z"}
2026-09-29T07:06:43Z parking/lantai-1/slot/A1 {"slot_id": "A1", "status": "OCCUPIED", "distance_cm": 5.5, "ts": "2026-09-29T07:06:45Z"}
2026-09-29T07:06:51Z parking/lantai-1/slot/A1 {"slot_id": "A1", "status": "FREE", "distance_cm": 36.4, "ts": "2026-09-29T07:06:53Z"}
2026-09-29T07:06:59Z parking/lantai-1/slot/A1 {"slot_id": "A1", "status": "OCCUPIED", "distance_cm": 6.2, "ts": "2026-09-29T07:07:01Z"}
2026-09-29T07:07:07Z parking/lantai-1/slot/A1 {"slot_id": "A1", "status": "FREE", "distance_cm": -1, "ts": "2026-09-29T07:07:09Z"}
2026-09-29T07:07:16Z parking/lantai-1/slot/A1 {"slot_id": "A1", "status": "OCCUPIED", "distance_cm": 7.9, "ts": "2026-09-29T07:07:18Z"}
2026-09-29T07:07:26Z parking/lantai-1/slot/A1 {"slot_id": "A1", "status": "FREE", "distance_cm": 33.7, "ts": "2026-09-29T07:07:28Z"}
2026-09-29T07:07:32Z parking/lantai-1/slot/A1 {"slot_id": "A1", "status": "OCCUPIED", "distance_cm": 5.2, "ts": "2026-09-29T07:07:34Z"}
2026-09-29T07:07:40Z parking/lantai-1/slot/A1 {"slot_id": "A1", "status": "FREE", "distance_cm": 35.2, "ts": "2026-09-29T07:07:42Z"}
2026-09-29T07:07:48Z parking/lantai-1/slot/A1 {"slot_id": "A1", "status": "OCCUPIED", "distance_cm": 5.2, "ts": "2026-09-29T07:07:50Z"}
2026-09-29T07:07:56Z parking/lantai-1/slot/A1 {"slot_id": "A1", "status": "FREE", "distance_cm": 38.2, "ts": "2026-09-29T07:07:58Z"}
2026-09-29T07:08:05Z parking/lantai-1/slot/A1 {"slot_id": "A1", "status": "OCCUPIED", "distance_cm": 6.8, "ts": "2026-09-29T07:08:06Z"}
2026-09-29T07:08:12Z parking/lantai-1/slot/A1 {"slot_id": "A1", "status": "FREE", "distance_cm": 36.8, "ts": "2026-09-29T07:08:14Z"}
2026-09-29T07:08:20Z parking/lantai-1/slot/A1 {"slot_id": "A1", "status": "OCCUPIED", "distance_cm": 5.1, "ts": "2026-09-29T07:08:22Z"}
2026-09-29T07:08:28Z parking/lantai-1/slot/A1 {"slot_id": "A1", "status": "FREE", "distance_cm": 34.3, "ts": "2026-09-29T07:08:30Z"}
2026-09-29T07:08:37Z parking/lantai-1/slot/A1 {"slot_id": "A1", "status": "OCCUPIED", "distance_cm": 6.9, "ts": "2026-09-29T07:08:39Z"}
2026-09-29T07:08:46Z parking/lantai-1/slot/A1 {"slot_id": "A1", "status": "FREE", "distance_cm": 33.9, "ts": "2026-09-29T07:08:48Z"}
2026-09-29T07:08:53Z parking/lantai-1/slot/A1 {"slot_id": "A1", "status": "OCCUPIED", "distance_cm": 5.4, "ts": "2026-09-29T07:08:55Z"}
2026-09-29T07:09:01Z parking/lantai-1/slot/A1 {"slot_id": "A1", "status": "FREE", "distance_cm": 37.5, "ts": "2026-09-29T07:09:03Z"}
2026-09-29T07:09:09Z parking/lantai-1/slot/A1 {"slot_id": "A1", "status": "OCCUPIED", "distance_cm": 5.8, "ts": "2026-09-29T07:09:11Z"}
2026-09-29T07:09:17Z parking/lantai-1/slot/A1 {"slot_id": "A1", "status": "FREE", "distance_cm": 38.1, "ts": "2026-09-29T07:09:19Z"}
2026-09-29T07:09:25Z parking/lantai-1/slot/A1 {"slot_id": "A1", "status": "OCCUPIED", "distance_cm": 7.0, "ts": "2026-09-29T07:09:27Z"}
2026-09-29T07:09:33Z parking/lantai-1/slot/A1 {"slot_id": "A1", "status": "FREE", "distance_cm": 39.1, "ts": "2026-09-29T07:09:35Z"}
2026-09-29T07:09:41Z parking/lantai-1/slot/A1 {"slot_id": "A1", "status": "OCCUPIED", "distance_cm": 6.3, "ts": "2026-09-29T07:09:43Z"}
2026-09-29T07:09:49Z parking/lantai-1/slot/A1 {"slot_id": "A1", "status": "FREE", "distance_cm": 38.5, "ts": "2026-09-29T07:09:51Z"}
2026-09-29T07:09:57Z parking/lantai-1/slot/A1 {"slot_id": "A1", "status": "OCCUPIED", "distance_cm": 7.4, "ts": "2026-09-29T07:09:59Z"}
2026-09-29T07:10:05Z parking/lantai-1/slot/A1 {"slot_id": "A1", "status": "FREE", "distance_cm": 38.1, "ts": "2026-09-29T07:10:07Z"}
2026-09-29T07:10:13Z parking/lantai-1/slot/A1 {"slot_id": "A1", "status": "OCCUPIED", "distance_cm": 7.4, "ts": "2026-09-29T07:10:15Z"}
2026-09-29T07:10:23Z parking/lantai-1/slot/A1 {"slot_id": "A1", "status": "FREE", "distance_cm": 33.1, "ts": "2026-09-29T07:10:25Z"}
2026-09-29T07:10:29Z parking/lantai-1/slot/A1 {"slot_id": "A1", "status": "OCCUPIED", "distance_cm": 7.6, "ts": "2026-09-29T07:10:31Z"}
2026-09-29T07:10:37Z parking/lantai-1/slot/A1 {"slot_id": "A1", "status": "FREE", "distance_cm": 36.7, "ts": "2026-09-29T07:10:39Z"}
2026-09-29T07:10:45Z parking/lantai-1/slot/A1 {"slot_id": "A1", "status": "OCCUPIED", "distance_cm": 7.3, "ts": "2026-09-29T07:10:47Z"}
2026-09-29T07:10:53Z parking/lantai-1/slot/A1 {"slot_id": "A1", "status": "FREE", "distance_cm": 35.1, "ts": "2026-09-29T07:10:55Z"}
2026-09-29T07:11:01Z parking/lantai-1/slot/A1 {"slot_id": "A1", "status": "OCCUPIED", "distance_cm": 5.9, "ts": "2026-09-29T07:11:03Z"}
2026-09-29T07:11:08Z parking/lantai-1/slot/A1 {"slot_id": "A1", "status": "FREE", "distance_cm": 36.6, "ts": "2026-09-29T07:11:10Z"}
2026-09-29T07:11:16Z parking/lantai-1/slot/A1 {"slot_id": "A1", "status": "OCCUPIED", "distance_cm": 8.1, "ts": "2026-09-29T07:11:18Z"}
2026-09-29T07:28:00Z parking/lantai-1/slot/A1 {"slot_id": "A1", "status": "FREE", "distance_cm": -1, "ts": "2026-09-29T07:28:02Z"}
2026-09-29T07:28:09Z parking/lantai-1/slot/A1 {"slot_id": "A1", "status": "OCCUPIED", "distance_cm": 8.1, "ts": "2026-09-29T07:28:11Z"}
2026-09-29T07:28:17Z parking/lantai-1/slot/A1 {"slot_id": "A1", "status": "FREE", "distance_cm": 38.7, "ts": "2026-09-29T07:28:19Z"}
2026-09-29T07:28:25Z parking/lantai-1/slot/A1 {"slot_id": "A1", "status": "OCCUPIED", "distance_cm": 6.7, "ts": "2026-09-29T07:28:27Z"}
2026-09-29T07:28:33Z parking/lantai-1/slot/A1 {"slot_id": "A1", "status": "FREE", "distance_cm": 34.6, "ts": "2026-09-29T07:28:35Z"}
2026-09-29T07:28:41Z parking/lantai-1/slot/A1 {"slot_id": "A1", "status": "OCCUPIED", "distance_cm": 7.4, "ts": "2026-09-29T07:28:43Z"}
2026-09-29T07:28:49Z parking/lantai-1/slot/A1 {"slot_id": "A1", "status": "FREE", "distance_cm": 37.8, "ts": "2026-09-29T07:28:51Z"}
2026-09-29T07:28:57Z parking/lantai-1/slot/A1 {"slot_id": "A1", "status": "OCCUPIED", "distance_cm": 6.9, "ts": "2026-09-29T07:28:59Z"}
2026-09-29T07:29:05Z parking/lantai-1/slot/A1 {"slot_id": "A1", "status": "FREE", "distance_cm": 34.8, "ts": "2026-09-29T07:29:07Z"}
2026-09-29T07:29:13Z parking/lantai-1/slot/A1 {"slot_id": "A1", "status": "OCCUPIED", "distance_cm": 7.2, "ts": "2026-09-29T07:29:15Z"}
2026-09-29T07:29:23Z parking/lantai-1/slot/A1 {"slot_id": "A1", "status": "FREE", "distance_cm": 38.3, "ts": "2026-09-29T07:29:25Z"}
2026-09-29T07:29:29Z parking/lantai-1/slot/A1 {"slot_id": "A1", "status": "OCCUPIED", "distance_cm": 6.8, "ts": "2026-09-29T07:29:31Z"}
2026-09-29T07:29:37Z parking/lantai-1/slot/A1 {"slot_id": "A1", "status": "FREE", "distance_cm": 37.4, "ts": "2026-09-29T07:29:39Z"}
2026-09-29T07:29:45Z parking/lantai-1/slot/A1 {"slot_id": "A1", "status": "OCCUPIED", "distance_cm": 5.3, "ts": "2026-09-29T07:29:47Z"}
2026-09-29T07:29:53Z parking/lantai-1/slot/A1 {"slot_id": "A1", "status": "FREE", "distance_cm": 35.9, "ts": "2026-09-29T07:29:55Z"}
2026-09-29T07:30:00Z parking/lantai-1/slot/A1 {"slot_id": "A1", "status": "OCCUPIED", "distance_cm": 7.1, "ts": "2026-09-29T07:30:02Z"}
2026-09-29T07:30:09Z parking/lantai-1/slot/A1 {"slot_id": "A1", "status": "FREE", "distance_cm": 37.6, "ts": "2026-09-29T07:30:11Z"}
2026-09-29T07:30:17Z parking/lantai-1/slot/A1 {"slot_id": "A1", "status": "OCCUPIED", "distance_cm": 8.9, "ts": "2026-09-29T07:30:19Z"}
2026-09-29T07:30:25Z parking/lantai-1/slot/A1 {"slot_id": "A1", "status": "FREE", "distance_cm": 33.2, "ts": "2026-09-29T07:30:27Z"}
2026-09-29T07:30:33Z parking/lantai-1/slot/A1 {"slot_id": "A1", "status": "OCCUPIED", "distance_cm": 6.0, "ts": "2026-09-29T07:30:35Z"}
2026-09-29T07:30:41Z parking/lantai-1/slot/A1 {"slot_id": "A1", "status": "FREE", "distance_cm": 35.9, "ts": "2026-09-29T07:30:43Z"}
2026-09-29T07:30:49Z parking/lantai-1/slot/A1 {"slot_id": "A1", "status": "OCCUPIED", "distance_cm": 5.8, "ts": "2026-09-29T07:30:51Z"}
2026-09-29T07:30:57Z parking/lantai-1/slot/A1 {"slot_id": "A1", "status": "FREE", "distance_cm": 38.2, "ts": "2026-09-29T07:30:59Z"}
2026-09-29T07:31:05Z parking/lantai-1/slot/A1 {"slot_id": "A1", "status": "OCCUPIED", "distance_cm": 8.1, "ts": "2026-09-29T07:31:07Z"}
2026-09-29T07:31:13Z parking/lantai-1/slot/A1 {"slot_id": "A1", "status": "FREE", "distance_cm": 33.7, "ts": "2026-09-29T07:31:15Z"}
2026-09-29T07:31:21Z parking/lantai-1/slot/A1 {"slot_id": "A1", "status": "OCCUPIED", "distance_cm": 6.0, "ts": "2026-09-29T07:31:23Z"}
2026-09-29T07:31:29Z parking/lantai-1/slot/A1 {"slot_id": "A1", "status": "FREE", "distance_cm": 37.2, "ts": "2026-09-29T07:31:31Z"}
2026-09-29T07:31:37Z parking/lantai-1/slot/A1 {"slot_id": "A1", "status": "OCCUPIED", "distance_cm": 7.7, "ts": "2026-09-29T07:31:39Z"}
2026-09-29T07:31:45Z parking/lantai-1/slot/A1 {"slot_id": "A1", "status": "FREE", "distance_cm": 37.9, "ts": "2026-09-29T07:31:47Z"}
2026-09-29T07:31:53Z parking/lantai-1/slot/A1 {"slot_id": "A1", "status": "OCCUPIED", "distance_cm": 5.4, "ts": "2026-09-29T07:31:55Z"}
2026-09-29T07:32:01Z parking/lantai-1/slot/A1 {"slot_id": "A1", "status": "FREE", "distance_cm": 37.5, "ts": "2026-09-29T07:32:03Z"}
2026-09-29T07:32:09Z parking/lantai-1/slot/A1 {"slot_id": "A1", "status": "OCCUPIED", "distance_cm": 8.4, "ts": "2026-09-29T07:32:11Z"}
2026-09-29T07:32:17Z parking/lantai-1/slot/A1 {"slot_id": "A1", "status": "FREE", "distance_cm": 39.8, "ts": "2026-09-29T07:32:19Z"}
2026-09-29T07:32:25Z parking/lantai-1/slot/A1 {"slot_id": "A1", "status": "OCCUPIED", "distance_cm": 5.9, "ts": "2026-09-29T07:32:27Z"}
2026-09-29T07:32:34Z parking/lantai-1/slot/A1 {"slot_id": "A1", "status": "FREE", "distance_cm": 34.1, "ts": "2026-09-29T07:32:35Z"}
2026-09-29T07:32:41Z parking/lantai-1/slot/A1 {"slot_id": "A1", "status": "OCCUPIED", "distance_cm": 7.5, "ts": "2026-09-29T07:32:42Z"}
2026-09-30T03:05:30Z parking/lantai-1/slot/A1 {"slot_id": "A1", "status": "OCCUPIED", "distance_cm": 8.1, "ts": "2026-09-29T07:11:18Z"}
2026-09-30T03:08:54Z parking/lantai-1/slot/A1 {"slot_id": "A1", "status": "OCCUPIED", "distance_cm": 8.1, "ts": "2026-09-29T07:11:18Z"}
2026-09-30T03:08:55Z parking/lantai-1/slot/A1 {"slot_id": "A1", "status": "OCCUPIED", "distance_cm": 8.1, "ts": "2026-09-29T07:11:18Z"}
2026-09-30T03:08:56Z parking/lantai-1/slot/A1 {"slot_id": "A1", "status": "OCCUPIED", "distance_cm": 8.1, "ts": "2026-09-29T07:11:18Z"}
2026-09-30T03:08:57Z parking/lantai-1/slot/A1 {"slot_id": "A1", "status": "OCCUPIED", "distance_cm": 8.1, "ts": "2026-09-29T07:11:18Z"}
2026-09-30T03:08:58Z parking/lantai-1/slot/A1 {"slot_id": "A1", "status": "OCCUPIED", "distance_cm": 8.1, "ts": "2026-09-29T07:11:18Z"}
2026-09-30T03:08:59Z parking/lantai-1/slot/A1 {"slot_id": "A1", "status": "OCCUPIED", "distance_cm": 8.1, "ts": "2026-09-29T07:11:18Z"}
2026-09-30T03:09:00Z parking/lantai-1/slot/A1 {"slot_id": "A1", "status": "OCCUPIED", "distance_cm": 8.1, "ts": "2026-09-29T07:11:18Z"}
2026-09-30T03:09:01Z parking/lantai-1/slot/A1 {"slot_id": "A1", "status": "OCCUPIED", "distance_cm": 8.1, "ts": "2026-09-29T07:11:18Z"}
2026-09-30T03:09:02Z parking/lantai-1/slot/A1 {"slot_id": "A1", "status": "OCCUPIED", "distance_cm": 8.1, "ts": "2026-09-29T07:11:18Z"}
2026-09-30T03:09:03Z parking/lantai-1/slot/A1 {"slot_id": "A1", "status": "OCCUPIED", "distance_cm": 8.1, "ts": "2026-09-29T07:11:18Z"}
2026-09-30T03:09:04Z parking/lantai-1/slot/A1 {"slot_id": "A1", "status": "OCCUPIED", "distance_cm": 8.1, "ts": "2026-09-29T07:11:18Z"}
2026-09-30T03:09:05Z parking/lantai-1/slot/A1 {"slot_id": "A1", "status": "OCCUPIED", "distance_cm": 8.1, "ts": "2026-09-29T07:11:18Z"}
2026-09-30T03:09:06Z parking/lantai-1/slot/A1 {"slot_id": "A1", "status": "OCCUPIED", "distance_cm": 8.1, "ts": "2026-09-29T07:11:18Z"}
2026-09-30T03:09:07Z parking/lantai-1/slot/A1 {"slot_id": "A1", "status": "OCCUPIED", "distance_cm": 8.1, "ts": "2026-09-29T07:11:18Z"}
2026-09-30T03:09:08Z parking/lantai-1/slot/A1 {"slot_id": "A1", "status": "OCCUPIED", "distance_cm": 8.1, "ts": "2026-09-29T07:11:18Z"}
2026-09-30T03:09:09Z parking/lantai-1/slot/A1 {"slot_id": "A1", "status": "OCCUPIED", "distance_cm": 8.1, "ts": "2026-09-29T07:11:18Z"}
2026-09-30T03:09:10Z parking/lantai-1/slot/A1 {"slot_id": "A1", "status": "OCCUPIED", "distance_cm": 8.1, "ts": "2026-09-29T07:11:18Z"}
2026-09-30T03:09:11Z parking/lantai-1/slot/A1 {"slot_id": "A1", "status": "OCCUPIED", "distance_cm": 8.1, "ts": "2026-09-29T07:11:18Z"}
2026-09-30T03:09:12Z parking/lantai-1/slot/A1 {"slot_id": "A1", "status": "OCCUPIED", "distance_cm": 8.1, "ts": "2026-09-29T07:11:18Z"}
2026-09-30T03:09:13Z parking/lantai-1/slot/A1 {"slot_id": "A1", "status": "OCCUPIED", "distance_cm": 8.1, "ts": "2026-09-29T07:11:18Z"}
2026-09-30T03:09:14Z parking/lantai-1/slot/A1 {"slot_id": "A1", "status": "OCCUPIED", "distance_cm": 8.1, "ts": "2026-09-29T07:11:18Z"}
2026-09-30T03:09:15Z parking/lantai-1/slot/A1 {"slot_id": "A1", "status": "OCCUPIED", "distance_cm": 8.1, "ts": "2026-09-29T07:11:18Z"}
2026-09-30T03:09:16Z parking/lantai-1/slot/A1 {"slot_id": "A1", "status": "OCCUPIED", "distance_cm": 8.1, "ts": "2026-09-29T07:11:18Z"}
2026-09-30T03:09:17Z parking/lantai-1/slot/A1 {"slot_id": "A1", "status": "OCCUPIED", "distance_cm": 8.1, "ts": "2026-09-29T07:11:18Z"}
2026-09-30T03:09:19Z parking/lantai-1/slot/A1 {"slot_id": "A1", "status": "OCCUPIED", "distance_cm": 8.1, "ts": "2026-09-29T07:11:18Z"}
2026-09-30T03:09:20Z parking/lantai-1/slot/A1 {"slot_id": "A1", "status": "OCCUPIED", "distance_cm": 8.1, "ts": "2026-09-29T07:11:18Z"}
2026-09-30T03:09:21Z parking/lantai-1/slot/A1 {"slot_id": "A1", "status": "OCCUPIED", "distance_cm": 8.1, "ts": "2026-09-29T07:11:18Z"}
2026-09-30T03:09:22Z parking/lantai-1/slot/A1 {"slot_id": "A1", "status": "OCCUPIED", "distance_cm": 8.1, "ts": "2026-09-29T07:11:18Z"}
2026-09-30T03:09:23Z parking/lantai-1/slot/A1 {"slot_id": "A1", "status": "OCCUPIED", "distance_cm": 8.1, "ts": "2026-09-29T07:11:18Z"}
2026-09-30T03:09:24Z parking/lantai-1/slot/A1 {"slot_id": "A1", "status": "OCCUPIED", "distance_cm": 8.1, "ts": "2026-09-29T07:11:18Z"}
2026-09-30T03:09:25Z parking/lantai-1/slot/A1 {"slot_id": "A1", "status": "OCCUPIED", "distance_cm": 8.1, "ts": "2026-09-29T07:11:18Z"}
2026-09-30T03:09:26Z parking/lantai-1/slot/A1 {"slot_id": "A1", "status": "OCCUPIED", "distance_cm": 8.1, "ts": "2026-09-29T07:11:18Z"}
2026-09-30T03:09:27Z parking/lantai-1/slot/A1 {"slot_id": "A1", "status": "OCCUPIED", "distance_cm": 8.1, "ts": "2026-09-29T07:11:18Z"}
2026-09-30T03:09:28Z parking/lantai-1/slot/A1 {"slot_id": "A1", "status": "OCCUPIED", "distance_cm": 8.1, "ts": "2026-09-29T07:11:18Z"}
2026-09-30T03:09:29Z parking/lantai-1/slot/A1 {"slot_id": "A1", "status": "OCCUPIED", "distance_cm": 8.1, "ts": "2026-09-29T07:11:18Z"}
2026-09-30T03:09:30Z parking/lantai-1/slot/A1 {"slot_id": "A1", "status": "OCCUPIED", "distance_cm": 8.1, "ts": "2026-09-29T07:11:18Z"}
2026-09-30T03:09:31Z parking/lantai-1/slot/A1 {"slot_id": "A1", "status": "OCCUPIED", "distance_cm": 8.1, "ts": "2026-09-29T07:11:18Z"}
2026-09-30T03:09:32Z parking/lantai-1/slot/A1 {"slot_id": "A1", "status": "OCCUPIED", "distance_cm": 8.1, "ts": "2026-09-29T07:11:18Z"}
2026-09-30T03:09:33Z parking/lantai-1/slot/A1 {"slot_id": "A1", "status": "OCCUPIED", "distance_cm": 8.1, "ts": "2026-09-29T07:11:18Z"}
2026-09-30T03:09:34Z parking/lantai-1/slot/A1 {"slot_id": "A1", "status": "OCCUPIED", "distance_cm": 8.1, "ts": "2026-09-29T07:11:18Z"}
2026-09-30T03:09:35Z parking/lantai-1/slot/A1 {"slot_id": "A1", "status": "OCCUPIED", "distance_cm": 8.1, "ts": "2026-09-29T07:11:18Z"}
2026-09-30T03:09:36Z parking/lantai-1/slot/A1 {"slot_id": "A1", "status": "OCCUPIED", "distance_cm": 8.1, "ts": "2026-09-29T07:11:18Z"}
2026-09-30T03:09:37Z parking/lantai-1/slot/A1 {"slot_id": "A1", "status": "OCCUPIED", "distance_cm": 8.1, "ts": "2026-09-29T07:11:18Z"}
2026-09-30T03:09:38Z parking/lantai-1/slot/A1 {"slot_id": "A1", "status": "OCCUPIED", "distance_cm": 8.1, "ts": "2026-09-29T07:11:18Z"}
2026-09-30T03:09:39Z parking/lantai-1/slot/A1 {"slot_id": "A1", "status": "OCCUPIED", "distance_cm": 8.1, "ts": "2026-09-29T07:11:18Z"}
2026-09-30T03:09:40Z parking/lantai-1/slot/A1 {"slot_id": "A1", "status": "OCCUPIED", "distance_cm": 8.1, "ts": "2026-09-29T07:11:18Z"}
2026-09-30T03:09:41Z parking/lantai-1/slot/A1 {"slot_id": "A1", "status": "OCCUPIED", "distance_cm": 8.1, "ts": "2026-09-29T07:11:18Z"}
2026-09-30T03:09:42Z parking/lantai-1/slot/A1 {"slot_id": "A1", "status": "OCCUPIED", "distance_cm": 8.1, "ts": "2026-09-29T07:11:18Z"}
2026-09-30T03:09:43Z parking/lantai-1/slot/A1 {"slot_id": "A1", "status": "OCCUPIED", "distance_cm": 8.1, "ts": "2026-09-29T07:11:18Z"}
2026-09-30T03:09:44Z parking/lantai-1/slot/A1 {"slot_id": "A1", "status": "OCCUPIED", "distance_cm": 8.1, "ts": "2026-09-29T07:11:18Z"}
2026-09-30T03:09:45Z parking/lantai-1/slot/A1 {"slot_id": "A1", "status": "OCCUPIED", "distance_cm": 8.1, "ts": "2026-09-29T07:11:18Z"}
2026-09-30T03:09:46Z parking/lantai-1/slot/A1 {"slot_id": "A1", "status": "OCCUPIED", "distance_cm": 8.1, "ts": "2026-09-29T07:11:18Z"}
2026-09-30T03:09:47Z parking/lantai-1/slot/A1 {"slot_id": "A1", "status": "OCCUPIED", "distance_cm": 8.1, "ts": "2026-09-29T07:11:18Z"}
2026-09-30T03:09:48Z parking/lantai-1/slot/A1 {"slot_id": "A1", "status": "OCCUPIED", "distance_cm": 8.1, "ts": "2026-09-29T07:11:18Z"}
2026-09-30T03:09:49Z parking/lantai-1/slot/A1 {"slot_id": "A1", "status": "OCCUPIED", "distance_cm": 8.1, "ts": "2026-09-29T07:11:18Z"}
2026-09-30T03:09:50Z parking/lantai-1/slot/A1 {"slot_id": "A1", "status": "OCCUPIED", "distance_cm": 8.1, "ts": "2026-09-29T07:11:18Z"}
2026-09-30T03:09:51Z parking/lantai-1/slot/A1 {"slot_id": "A1", "status": "OCCUPIED", "distance_cm": 8.1, "ts": "2026-09-29T07:11:18Z"}
2026-09-30T03:09:52Z parking/lantai-1/slot/A1 {"slot_id": "A1", "status": "OCCUPIED", "distance_cm": 8.1, "ts": "2026-09-29T07:11:18Z"}
2026-09-30T03:09:53Z parking/lantai-1/slot/A1 {"slot_id": "A1", "status": "OCCUPIED", "distance_cm": 8.1, "ts": "2026-09-29T07:11:18Z"}
2026-09-30T03:09:54Z parking/lantai-1/slot/A1 {"slot_id": "A1", "status": "OCCUPIED", "distance_cm": 8.1, "ts": "2026-09-29T07:11:18Z"}
2026-09-30T03:09:55Z parking/lantai-1/slot/A1 {"slot_id": "A1", "status": "OCCUPIED", "distance_cm": 8.1, "ts": "2026-09-29T07:11:18Z"}
2026-09-30T03:09:56Z parking/lantai-1/slot/A1 {"slot_id": "A1", "status": "OCCUPIED", "distance_cm": 8.1, "ts": "2026-09-29T07:11:18Z"}
2026-09-30T03:09:57Z parking/lantai-1/slot/A1 {"slot_id": "A1", "status": "OCCUPIED", "distance_cm": 8.1, "ts": "2026-09-29T07:11:18Z"}
2026-09-30T03:09:58Z parking/lantai-1/slot/A1 {"slot_id": "A1", "status": "OCCUPIED", "distance_cm": 8.1, "ts": "2026-09-29T07:11:18Z"}
2026-09-30T03:09:59Z parking/lantai-1/slot/A1 {"slot_id": "A1", "status": "OCCUPIED", "distance_cm": 8.1, "ts": "2026-09-29T07:11:18Z"}
2026-09-30T03:10:00Z parking/lantai-1/slot/A1 {"slot_id": "A1", "status": "OCCUPIED", "distance_cm": 8.1, "ts": "2026-09-29T07:11:18Z"}
2026-09-30T03:10:01Z parking/lantai-1/slot/A1 {"slot_id": "A1", "status": "OCCUPIED", "distance_cm": 8.1, "ts": "2026-09-29T07:11:18Z"}
2026-09-30T03:10:02Z parking/lantai-1/slot/A1 {"slot_id": "A1", "status": "OCCUPIED", "distance_cm": 8.1, "ts": "2026-09-29T07:11:18Z"}
2026-09-30T03:10:03Z parking/lantai-1/slot/A1 {"slot_id": "A1", "status": "OCCUPIED", "distance_cm": 8.1, "ts": "2026-09-29T07:11:18Z"}
2026-09-30T03:10:04Z parking/lantai-1/slot/A1 {"slot_id": "A1", "status": "OCCUPIED", "distance_cm": 8.1, "ts": "2026-09-29T07:11:18Z"}
2026-09-30T03:10:05Z parking/lantai-1/slot/A1 {"slot_id": "A1", "status": "OCCUPIED", "distance_cm": 8.1, "ts": "2026-09-29T07:11:18Z"}
2026-09-30T03:10:06Z parking/lantai-1/slot/A1 {"slot_id": "A1", "status": "OCCUPIED", "distance_cm": 8.1, "ts": "2026-09-29T07:11:18Z"}
2026-09-30T03:10:07Z parking/lantai-1/slot/A1 {"slot_id": "A1", "status": "OCCUPIED", "distance_cm": 8.1, "ts": "2026-09-29T07:11:18Z"}
2026-09-30T03:10:08Z parking/lantai-1/slot/A1 {"slot_id": "A1", "status": "OCCUPIED", "distance_cm": 8.1, "ts": "2026-09-29T07:11:18Z"}
2026-09-30T03:10:09Z parking/lantai-1/slot/A1 {"slot_id": "A1", "status": "OCCUPIED", "distance_cm": 8.1, "ts": "2026-09-29T07:11:18Z"}
2026-09-30T03:10:10Z parking/lantai-1/slot/A1 {"slot_id": "A1", "status": "OCCUPIED", "distance_cm": 8.1, "ts": "2026-09-29T07:11:18Z"}
2026-09-30T03:10:11Z parking/lantai-1/slot/A1 {"slot_id": "A1", "status": "OCCUPIED", "distance_cm": 8.1, "ts": "2026-09-29T07:11:18Z"}
2026-09-30T03:10:12Z parking/lantai-1/slot/A1 {"slot_id": "A1", "status": "OCCUPIED", "distance_cm": 8.1, "ts": "2026-09-29T07:11:18Z"}
2026-09-30T03:10:13Z parking/lantai-1/slot/A1 {"slot_id": "A1", "status": "OCCUPIED", "distance_cm": 8.1, "ts": "2026-09-29T07:11:18Z"}
2026-09-30T03:10:14Z parking/lantai-1/slot/A1 {"slot_id": "A1", "status": "OCCUPIED", "distance_cm": 8.1, "ts": "2026-09-29T07:11:18Z"}
2026-09-30T03:10:15Z parking/lantai-1/slot/A1 {"slot_id": "A1", "status": "OCCUPIED", "distance_cm": 8.1, "ts": "2026-09-29T07:11:18Z"}
2026-09-30T03:10:16Z parking/lantai-1/slot/A1 {"slot_id": "A1", "status": "OCCUPIED", "distance_cm": 8.1, "ts": "2026-09-29T07:11:18Z"}
2026-09-30T03:10:17Z parking/lantai-1/slot/A1 {"slot_id": "A1", "status": "OCCUPIED", "distance_cm": 8.1, "ts": "2026-09-29T07:11:18Z"}
2026-09-30T03:10:18Z parking/lantai-1/slot/A1 {"slot_id": "A1", "status": "OCCUPIED", "distance_cm": 8.1, "ts": "2026-09-29T07:11:18Z"}
2026-09-30T03:10:19Z parking/lantai-1/slot/A1 {"slot_id": "A1", "status": "OCCUPIED", "distance_cm": 8.1, "ts": "2026-09-29T07:11:18Z"}
2026-09-30T03:10:20Z parking/lantai-1/slot/A1 {"slot_id": "A1", "status": "OCCUPIED", "distance_cm": 8.1, "ts": "2026-09-29T07:11:18Z"}
2026-09-30T03:10:21Z parking/lantai-1/slot/A1 {"slot_id": "A1", "status": "OCCUPIED", "distance_cm": 8.1, "ts": "2026-09-29T07:11:18Z"}
2026-09-30T03:10:22Z parking/lantai-1/slot/A1 {"slot_id": "A1", "status": "OCCUPIED", "distance_cm": 8.1, "ts": "2026-09-29T07:11:18Z"}
2026-09-30T03:10:23Z parking/lantai-1/slot/A1 {"slot_id": "A1", "status": "OCCUPIED", "distance_cm": 8.1, "ts": "2026-09-29T07:11:18Z"}
2026-09-30T03:10:24Z parking/lantai-1/slot/A1 {"slot_id": "A1", "status": "OCCUPIED", "distance_cm": 8.1, "ts": "2026-09-29T07:11:18Z"}
2026-09-30T03:10:25Z parking/lantai-1/slot/A1 {"slot_id": "A1", "status": "OCCUPIED", "distance_cm": 8.1, "ts": "2026-09-29T07:11:18Z"}
2026-09-30T03:10:26Z parking/lantai-1/slot/A1 {"slot_id": "A1", "status": "OCCUPIED", "distance_cm": 8.1, "ts": "2026-09-29T07:11:18Z"}
2026-09-30T03:10:27Z parking/lantai-1/slot/A1 {"slot_id": "A1", "status": "OCCUPIED", "distance_cm": 8.1, "ts": "2026-09-29T07:11:18Z"}
2026-09-30T03:10:28Z parking/lantai-1/slot/A1 {"slot_id": "A1", "status": "OCCUPIED", "distance_cm": 8.1, "ts": "2026-09-29T07:11:18Z"}
2026-09-30T03:10:29Z parking/lantai-1/slot/A1 {"slot_id": "A1", "status": "OCCUPIED", "distance_cm": 8.1, "ts": "2026-09-29T07:11:18Z"}
2026-09-30T03:10:30Z parking/lantai-1/slot/A1 {"slot_id": "A1", "status": "OCCUPIED", "distance_cm": 8.1, "ts": "2026-09-29T07:11:18Z"}
2026-09-30T03:10:31Z parking/lantai-1/slot/A1 {"slot_id": "A1", "status": "OCCUPIED", "distance_cm": 8.1, "ts": "2026-09-29T07:11:18Z"}
2026-09-30T03:10:32Z parking/lantai-1/slot/A1 {"slot_id": "A1", "status": "OCCUPIED", "distance_cm": 8.1, "ts": "2026-09-29T07:11:18Z"}
2026-09-30T03:10:33Z parking/lantai-1/slot/A1 {"slot_id": "A1", "status": "OCCUPIED", "distance_cm": 8.1, "ts": "2026-09-29T07:11:18Z"}
2026-09-30T03:10:34Z parking/lantai-1/slot/A1 {"slot_id": "A1", "status": "OCCUPIED", "distance_cm": 8.1, "ts": "2026-09-29T07:11:18Z"}
2026-09-30T03:10:35Z parking/lantai-1/slot/A1 {"slot_id": "A1", "status": "OCCUPIED", "distance_cm": 8.1, "ts": "2026-09-29T07:11:18Z"}
2026-09-30T03:10:36Z parking/lantai-1/slot/A1 {"slot_id": "A1", "status": "OCCUPIED", "distance_cm": 8.1, "ts": "2026-09-29T07:11:18Z"}
2026-09-30T03:10:37Z parking/lantai-1/slot/A1 {"slot_id": "A1", "status": "OCCUPIED", "distance_cm": 8.1, "ts": "2026-09-29T07:11:18Z"}
2026-09-30T03:10:38Z parking/lantai-1/slot/A1 {"slot_id": "A1", "status": "OCCUPIED", "distance_cm": 8.1, "ts": "2026-09-29T07:11:18Z"}
2026-09-30T03:10:39Z parking/lantai-1/slot/A1 {"slot_id": "A1", "status": "OCCUPIED", "distance_cm": 8.1, "ts": "2026-09-29T07:11:18Z"}
2026-09-30T03:10:40Z parking/lantai-1/slot/A1 {"slot_id": "A1", "status": "OCCUPIED", "distance_cm": 8.1, "ts": "2026-09-29T07:11:18Z"}
2026-09-30T03:10:41Z parking/lantai-1/slot/A1 {"slot_id": "A1", "status": "OCCUPIED", "distance_cm": 8.1, "ts": "2026-09-29T07:11:18Z"}
2026-09-30T03:10:42Z parking/lantai-1/slot/A1 {"slot_id": "A1", "status": "OCCUPIED", "distance_cm": 8.1, "ts": "2026-09-29T07:11:18Z"}
2026-09-30T03:10:43Z parking/lantai-1/slot/A1 {"slot_id": "A1", "status": "OCCUPIED", "distance_cm": 8.1, "ts": "2026-09-29T07:11:18Z"}
2026-09-30T03:10:44Z parking/lantai-1/slot/A1 {"slot_id": "A1", "status": "OCCUPIED", "distance_cm": 8.1, "ts": "2026-09-29T07:11:18Z"}
2026-09-30T03:10:45Z parking/lantai-1/slot/A1 {"slot_id": "A1", "status": "OCCUPIED", "distance_cm": 8.1, "ts": "2026-09-29T07:11:18Z"}
2026-09-30T03:10:46Z parking/lantai-1/slot/A1 {"slot_id": "A1", "status": "OCCUPIED", "distance_cm": 8.1, "ts": "2026-09-29T07:11:18Z"}
2026-09-30T03:10:47Z parking/lantai-1/slot/A1 {"slot_id": "A1", "status": "OCCUPIED", "distance_cm": 8.1, "ts": "2026-09-29T07:11:18Z"}
2026-09-30T03:10:48Z parking/lantai-1/slot/A1 {"slot_id": "A1", "status": "OCCUPIED", "distance_cm": 8.1, "ts": "2026-09-29T07:11:18Z"}
2026-09-30T03:10:49Z parking/lantai-1/slot/A1 {"slot_id": "A1", "status": "OCCUPIED", "distance_cm": 8.1, "ts": "2026-09-29T07:11:18Z"}
2026-09-30T03:10:50Z parking/lantai-1/slot/A1 {"slot_id": "A1", "status": "OCCUPIED", "distance_cm": 8.1, "ts": "2026-09-29T07:11:18Z"}
2026-09-30T03:10:51Z parking/lantai-1/slot/A1 {"slot_id": "A1", "status": "OCCUPIED", "distance_cm": 8.1, "ts": "2026-09-29T07:11:18Z"}
2026-09-30T03:10:52Z parking/lantai-1/slot/A1 {"slot_id": "A1", "status": "OCCUPIED", "distance_cm": 8.1, "ts": "2026-09-29T07:11:18Z"}
2026-09-30T03:10:53Z parking/lantai-1/slot/A1 {"slot_id": "A1", "status": "OCCUPIED", "distance_cm": 8.1, "ts": "2026-09-29T07:11:18Z"}
2026-09-30T03:10:54Z parking/lantai-1/slot/A1 {"slot_id": "A1", "status": "OCCUPIED", "distance_cm": 8.1, "ts": "2026-09-29T07:11:18Z"}
2026-09-30T03:10:55Z parking/lantai-1/slot/A1 {"slot_id": "A1", "status": "OCCUPIED", "distance_cm": 8.1, "ts": "2026-09-29T07:11:18Z"}
2026-09-30T03:10:56Z parking/lantai-1/slot/A1 {"slot_id": "A1", "status": "OCCUPIED", "distance_cm": 8.1, "ts": "2026-09-29T07:11:18Z"}
2026-09-30T03:10:57Z parking/lantai-1/slot/A1 {"slot_id": "A1", "status": "OCCUPIED", "distance_cm": 8.1, "ts": "2026-09-29T07:11:18Z"}
2026-09-30T03:10:58Z parking/lantai-1/slot/A1 {"slot_id": "A1", "status": "OCCUPIED", "distance_cm": 8.1, "ts": "2026-09-29T07:11:18Z"}
2026-09-30T03:10:59Z parking/lantai-1/slot/A1 {"slot_id": "A1", "status": "OCCUPIED", "distance_cm": 8.1, "ts": "2026-09-29T07:11:18Z"}
2026-09-30T03:11:00Z parking/lantai-1/slot/A1 {"slot_id": "A1", "status": "OCCUPIED", "distance_cm": 8.1, "ts": "2026-09-29T07:11:18Z"}
2026-09-30T03:11:01Z parking/lantai-1/slot/A1 {"slot_id": "A1", "status": "OCCUPIED", "distance_cm": 8.1, "ts": "2026-09-29T07:11:18Z"}
2026-09-30T03:11:02Z parking/lantai-1/slot/A1 {"slot_id": "A1", "status": "OCCUPIED", "distance_cm": 8.1, "ts": "2026-09-29T07:11:18Z"}
2026-09-30T03:11:03Z parking/lantai-1/slot/A1 {"slot_id": "A1", "status": "OCCUPIED", "distance_cm": 8.1, "ts": "2026-09-29T07:11:18Z"}
2026-09-30T03:11:04Z parking/lantai-1/slot/A1 {"slot_id": "A1", "status": "OCCUPIED", "distance_cm": 8.1, "ts": "2026-09-29T07:11:18Z"}
2026-09-30T03:11:05Z parking/lantai-1/slot/A1 {"slot_id": "A1", "status": "OCCUPIED", "distance_cm": 8.1, "ts": "2026-09-29T07:11:18Z"}
2026-09-30T03:11:06Z parking/lantai-1/slot/A1 {"slot_id": "A1", "status": "OCCUPIED", "distance_cm": 8.1, "ts": "2026-09-29T07:11:18Z"}
2026-09-30T03:11:07Z parking/lantai-1/slot/A1 {"slot_id": "A1", "status": "OCCUPIED", "distance_cm": 8.1, "ts": "2026-09-29T07:11:18Z"}
2026-09-30T03:11:08Z parking/lantai-1/slot/A1 {"slot_id": "A1", "status": "OCCUPIED", "distance_cm": 8.1, "ts": "2026-09-29T07:11:18Z"}
2026-09-30T03:11:09Z parking/lantai-1/slot/A1 {"slot_id": "A1", "status": "OCCUPIED", "distance_cm": 8.1, "ts": "2026-09-29T07:11:18Z"}
2026-09-30T03:11:10Z parking/lantai-1/slot/A1 {"slot_id": "A1", "status": "OCCUPIED", "distance_cm": 8.1, "ts": "2026-09-29T07:11:18Z"}
2026-09-30T03:11:11Z parking/lantai-1/slot/A1 {"slot_id": "A1", "status": "OCCUPIED", "distance_cm": 8.1, "ts": "2026-09-29T07:11:18Z"}
2026-09-30T03:11:12Z parking/lantai-1/slot/A1 {"slot_id": "A1", "status": "OCCUPIED", "distance_cm": 8.1, "ts": "2026-09-29T07:11:18Z"}
2026-09-30T03:11:13Z parking/lantai-1/slot/A1 {"slot_id": "A1", "status": "OCCUPIED", "distance_cm": 8.1, "ts": "2026-09-29T07:11:18Z"}
2026-09-30T03:11:14Z parking/lantai-1/slot/A1 {"slot_id": "A1", "status": "OCCUPIED", "distance_cm": 8.1, "ts": "2026-09-29T07:11:18Z"}
2026-09-30T03:11:15Z parking/lantai-1/slot/A1 {"slot_id": "A1", "status": "OCCUPIED", "distance_cm": 8.1, "ts": "2026-09-29T07:11:18Z"}
2026-09-30T03:11:16Z parking/lantai-1/slot/A1 {"slot_id": "A1", "status": "OCCUPIED", "distance_cm": 8.1, "ts": "2026-09-29T07:11:18Z"}
2026-09-30T03:11:17Z parking/lantai-1/slot/A1 {"slot_id": "A1", "status": "OCCUPIED", "distance_cm": 8.1, "ts": "2026-09-29T07:11:18Z"}
2026-09-30T03:11:18Z parking/lantai-1/slot/A1 {"slot_id": "A1", "status": "OCCUPIED", "distance_cm": 8.1, "ts": "2026-09-29T07:11:18Z"}
2026-09-30T03:11:19Z parking/lantai-1/slot/A1 {"slot_id": "A1", "status": "OCCUPIED", "distance_cm": 8.1, "ts": "2026-09-29T07:11:18Z"}
2026-09-30T03:11:20Z parking/lantai-1/slot/A1 {"slot_id": "A1", "status": "OCCUPIED", "distance_cm": 8.1, "ts": "2026-09-29T07:11:18Z"}
2026-09-30T03:11:21Z parking/lantai-1/slot/A1 {"slot_id": "A1", "status": "OCCUPIED", "distance_cm": 8.1, "ts": "2026-09-29T07:11:18Z"}
2026-09-30T03:11:22Z parking/lantai-1/slot/A1 {"slot_id": "A1", "status": "OCCUPIED", "distance_cm": 8.1, "ts": "2026-09-29T07:11:18Z"}
2026-09-30T03:11:23Z parking/lantai-1/slot/A1 {"slot_id": "A1", "status": "OCCUPIED", "distance_cm": 8.1, "ts": "2026-09-29T07:11:18Z"}
2026-09-30T03:11:24Z parking/lantai-1/slot/A1 {"slot_id": "A1", "status": "OCCUPIED", "distance_cm": 8.1, "ts": "2026-09-29T07:11:18Z"}
2026-09-30T03:11:25Z parking/lantai-1/slot/A1 {"slot_id": "A1", "status": "OCCUPIED", "distance_cm": 8.1, "ts": "2026-09-29T07:11:18Z"}
2026-09-30T03:11:26Z parking/lantai-1/slot/A1 {"slot_id": "A1", "status": "OCCUPIED", "distance_cm": 8.1, "ts": "2026-09-29T07:11:18Z"}
2026-09-30T03:11:27Z parking/lantai-1/slot/A1 {"slot_id": "A1", "status": "OCCUPIED", "distance_cm": 8.1, "ts": "2026-09-29T07:11:18Z"}
2026-09-30T03:11:28Z parking/lantai-1/slot/A1 {"slot_id": "A1", "status": "OCCUPIED", "distance_cm": 8.1, "ts": "2026-09-29T07:11:18Z"}
2026-09-30T03:11:29Z parking/lantai-1/slot/A1 {"slot_id": "A1", "status": "OCCUPIED", "distance_cm": 8.1, "ts": "2026-09-29T07:11:18Z"}
2026-09-30T03:11:30Z parking/lantai-1/slot/A1 {"slot_id": "A1", "status": "OCCUPIED", "distance_cm": 8.1, "ts": "2026-09-29T07:11:18Z"}
2026-09-30T03:11:31Z parking/lantai-1/slot/A1 {"slot_id": "A1", "status": "OCCUPIED", "distance_cm": 8.1, "ts": "2026-09-29T07:11:18Z"}
2026-09-30T03:11:32Z parking/lantai-1/slot/A1 {"slot_id": "A1", "status": "OCCUPIED", "distance_cm": 8.1, "ts": "2026-09-29T07:11:18Z"}
2026-09-30T03:11:34Z parking/lantai-1/slot/A1 {"slot_id": "A1", "status": "OCCUPIED", "distance_cm": 8.1, "ts": "2026-09-29T07:11:18Z"}
2026-09-30T03:11:35Z parking/lantai-1/slot/A1 {"slot_id": "A1", "status": "OCCUPIED", "distance_cm": 8.1, "ts": "2026-09-29T07:11:18Z"}
2026-09-30T03:11:36Z parking/lantai-1/slot/A1 {"slot_id": "A1", "status": "OCCUPIED", "distance_cm": 8.1, "ts": "2026-09-29T07:11:18Z"}
2026-09-30T03:11:37Z parking/lantai-1/slot/A1 {"slot_id": "A1", "status": "OCCUPIED", "distance_cm": 8.1, "ts": "2026-09-29T07:11:18Z"}
2026-09-30T03:11:38Z parking/lantai-1/slot/A1 {"slot_id": "A1", "status": "OCCUPIED", "distance_cm": 8.1, "ts": "2026-09-29T07:11:18Z"}
2026-09-30T03:11:39Z parking/lantai-1/slot/A1 {"slot_id": "A1", "status": "OCCUPIED", "distance_cm": 8.1, "ts": "2026-09-29T07:11:18Z"}
2026-09-30T03:11:40Z parking/lantai-1/slot/A1 {"slot_id": "A1", "status": "OCCUPIED", "distance_cm": 8.1, "ts": "2026-09-29T07:11:18Z"}
2026-09-30T03:11:41Z parking/lantai-1/slot/A1 {"slot_id": "A1", "status": "OCCUPIED", "distance_cm": 8.1, "ts": "2026-09-29T07:11:18Z"}
2026-09-30T03:11:42Z parking/lantai-1/slot/A1 {"slot_id": "A1", "status": "OCCUPIED", "distance_cm": 8.1, "ts": "2026-09-29T07:11:18Z"}
2026-09-30T03:11:43Z parking/lantai-1/slot/A1 {"slot_id": "A1", "status": "OCCUPIED", "distance_cm": 8.1, "ts": "2026-09-29T07:11:18Z"}
2026-09-30T03:11:44Z parking/lantai-1/slot/A1 {"slot_id": "A1", "status": "OCCUPIED", "distance_cm": 8.1, "ts": "2026-09-29T07:11:18Z"}
2026-09-30T03:11:45Z parking/lantai-1/slot/A1 {"slot_id": "A1", "status": "OCCUPIED", "distance_cm": 8.1, "ts": "2026-09-29T07:11:18Z"}
2026-09-30T03:11:46Z parking/lantai-1/slot/A1 {"slot_id": "A1", "status": "OCCUPIED", "distance_cm": 8.1, "ts": "2026-09-29T07:11:18Z"}
2026-09-30T03:11:47Z parking/lantai-1/slot/A1 {"slot_id": "A1", "status": "OCCUPIED", "distance_cm": 8.1, "ts": "2026-09-29T07:11:18Z"}
2026-09-30T03:11:48Z parking/lantai-1/slot/A1 {"slot_id": "A1", "status": "OCCUPIED", "distance_cm": 8.1, "ts": "2026-09-29T07:11:18Z"}
2026-09-30T03:11:49Z parking/lantai-1/slot/A1 {"slot_id": "A1", "status": "OCCUPIED", "distance_cm": 8.1, "ts": "2026-09-29T07:11:18Z"}
2026-09-30T03:11:50Z parking/lantai-1/slot/A1 {"slot_id": "A1", "status": "OCCUPIED", "distance_cm": 8.1, "ts": "2026-09-29T07:11:18Z"}
2026-09-30T03:11:51Z parking/lantai-1/slot/A1 {"slot_id": "A1", "status": "OCCUPIED", "distance_cm": 8.1, "ts": "2026-09-29T07:11:18Z"}
2026-09-30T03:11:52Z parking/lantai-1/slot/A1 {"slot_id": "A1", "status": "OCCUPIED", "distance_cm": 8.1, "ts": "2026-09-29T07:11:18Z"}
2026-09-30T03:11:53Z parking/lantai-1/slot/A1 {"slot_id": "A1", "status": "OCCUPIED", "distance_cm": 8.1, "ts": "2026-09-29T07:11:18Z"}
2026-09-30T03:11:54Z parking/lantai-1/slot/A1 {"slot_id": "A1", "status": "OCCUPIED", "distance_cm": 8.1, "ts": "2026-09-29T07:11:18Z"}
2026-09-30T03:11:55Z parking/lantai-1/slot/A1 {"slot_id": "A1", "status": "OCCUPIED", "distance_cm": 8.1, "ts": "2026-09-29T07:11:18Z"}
2026-09-30T03:11:56Z parking/lantai-1/slot/A1 {"slot_id": "A1", "status": "OCCUPIED", "distance_cm": 8.1, "ts": "2026-09-29T07:11:18Z"}
2026-09-30T03:11:57Z parking/lantai-1/slot/A1 {"slot_id": "A1", "status": "OCCUPIED", "distance_cm": 8.1, "ts": "2026-09-29T07:11:18Z"}
2026-09-30T03:11:58Z parking/lantai-1/slot/A1 {"slot_id": "A1", "status": "OCCUPIED", "distance_cm": 8.1, "ts": "2026-09-29T07:11:18Z"}
2026-09-30T03:11:59Z parking/lantai-1/slot/A1 {"slot_id": "A1", "status": "OCCUPIED", "distance_cm": 8.1, "ts": "2026-09-29T07:11:18Z"}
2026-09-30T03:12:00Z parking/lantai-1/slot/A1 {"slot_id": "A1", "status": "OCCUPIED", "distance_cm": 8.1, "ts": "2026-09-29T07:11:18Z"}
2026-09-30T03:12:01Z parking/lantai-1/slot/A1 {"slot_id": "A1", "status": "OCCUPIED", "distance_cm": 8.1, "ts": "2026-09-29T07:11:18Z"}
2026-09-30T03:12:02Z parking/lantai-1/slot/A1 {"slot_id": "A1", "status": "OCCUPIED", "distance_cm": 8.1, "ts": "2026-09-29T07:11:18Z"}
2026-09-30T03:12:03Z parking/lantai-1/slot/A1 {"slot_id": "A1", "status": "OCCUPIED", "distance_cm": 8.1, "ts": "2026-09-29T07:11:18Z"}
2026-09-30T03:12:04Z parking/lantai-1/slot/A1 {"slot_id": "A1", "status": "OCCUPIED", "distance_cm": 8.1, "ts": "2026-09-29T07:11:18Z"}
2026-09-30T03:12:05Z parking/lantai-1/slot/A1 {"slot_id": "A1", "status": "OCCUPIED", "distance_cm": 8.1, "ts": "2026-09-29T07:11:18Z"}
2026-09-30T03:12:06Z parking/lantai-1/slot/A1 {"slot_id": "A1", "status": "OCCUPIED", "distance_cm": 8.1, "ts": "2026-09-29T07:11:18Z"}
2026-09-30T03:12:07Z parking/lantai-1/slot/A1 {"slot_id": "A1", "status": "OCCUPIED", "distance_cm": 8.1, "ts": "2026-09-29T07:11:18Z"}
2026-09-30T03:12:08Z parking/lantai-1/slot/A1 {"slot_id": "A1", "status": "OCCUPIED", "distance_cm": 8.1, "ts": "2026-09-29T07:11:18Z"}
2026-09-30T03:12:09Z parking/lantai-1/slot/A1 {"slot_id": "A1", "status": "OCCUPIED", "distance_cm": 8.1, "ts": "2026-09-29T07:11:18Z"}
2026-09-30T03:12:10Z parking/lantai-1/slot/A1 {"slot_id": "A1", "status": "OCCUPIED", "distance_cm": 8.1, "ts": "2026-09-29T07:11:18Z"}
2026-09-30T03:12:11Z parking/lantai-1/slot/A1 {"slot_id": "A1", "status": "OCCUPIED", "distance_cm": 8.1, "ts": "2026-09-29T07:11:18Z"}
2026-09-30T03:12:12Z parking/lantai-1/slot/A1 {"slot_id": "A1", "status": "OCCUPIED", "distance_cm": 8.1, "ts": "2026-09-29T07:11:18Z"}
2026-09-30T03:12:13Z parking/lantai-1/slot/A1 {"slot_id": "A1", "status": "OCCUPIED", "distance_cm": 8.1, "ts": "2026-09-29T07:11:18Z"}
2026-09-30T03:12:14Z parking/lantai-1/slot/A1 {"slot_id": "A1", "status": "OCCUPIED", "distance_cm": 8.1, "ts": "2026-09-29T07:11:18Z"}
2026-09-30T03:12:15Z parking/lantai-1/slot/A1 {"slot_id": "A1", "status": "OCCUPIED", "distance_cm": 8.1, "ts": "2026-09-29T07:11:18Z"}
2026-09-30T03:12:16Z parking/lantai-1/slot/A1 {"slot_id": "A1", "status": "OCCUPIED", "distance_cm": 8.1, "ts": "2026-09-29T07:11:18Z"}
2026-09-30T03:12:17Z parking/lantai-1/slot/A1 {"slot_id": "A1", "status": "OCCUPIED", "distance_cm": 8.1, "ts": "2026-09-29T07:11:18Z"}
2026-09-30T03:12:18Z parking/lantai-1/slot/A1 {"slot_id": "A1", "status": "OCCUPIED", "distance_cm": 8.1, "ts": "2026-09-29T07:11:18Z"}
2026-09-30T03:12:19Z parking/lantai-1/slot/A1 {"slot_id": "A1", "status": "OCCUPIED", "distance_cm": 8.1, "ts": "2026-09-29T07:11:18Z"}
2026-09-30T03:12:20Z parking/lantai-1/slot/A1 {"slot_id": "A1", "status": "OCCUPIED", "distance_cm": 8.1, "ts": "2026-09-29T07:11:18Z"}
2026-09-30T03:12:21Z parking/lantai-1/slot/A1 {"slot_id": "A1", "status": "OCCUPIED", "distance_cm": 8.1, "ts": "2026-09-29T07:11:18Z"}
2026-09-30T03:12:22Z parking/lantai-1/slot/A1 {"slot_id": "A1", "status": "OCCUPIED", "distance_cm": 8.1, "ts": "2026-09-29T07:11:18Z"}
2026-09-30T03:12:23Z parking/lantai-1/slot/A1 {"slot_id": "A1", "status": "OCCUPIED", "distance_cm": 8.1, "ts": "2026-09-29T07:11:18Z"}
2026-09-30T03:12:24Z parking/lantai-1/slot/A1 {"slot_id": "A1", "status": "OCCUPIED", "distance_cm": 8.1, "ts": "2026-09-29T07:11:18Z"}
2026-09-30T03:12:25Z parking/lantai-1/slot/A1 {"slot_id": "A1", "status": "OCCUPIED", "distance_cm": 8.1, "ts": "2026-09-29T07:11:18Z"}
2026-09-30T03:12:26Z parking/lantai-1/slot/A1 {"slot_id": "A1", "status": "OCCUPIED", "distance_cm": 8.1, "ts": "2026-09-29T07:11:18Z"}
2026-09-30T03:12:27Z parking/lantai-1/slot/A1 {"slot_id": "A1", "status": "OCCUPIED", "distance_cm": 8.1, "ts": "2026-09-29T07:11:18Z"}
2026-09-30T03:12:28Z parking/lantai-1/slot/A1 {"slot_id": "A1", "status": "OCCUPIED", "distance_cm": 8.1, "ts": "2026-09-29T07:11:18Z"}
2026-09-30T03:12:29Z parking/lantai-1/slot/A1 {"slot_id": "A1", "status": "OCCUPIED", "distance_cm": 8.1, "ts": "2026-09-29T07:11:18Z"}
2026-09-30T03:12:30Z parking/lantai-1/slot/A1 {"slot_id": "A1", "status": "OCCUPIED", "distance_cm": 8.1, "ts": "2026-09-29T07:11:18Z"}
2026-09-30T03:12:31Z parking/lantai-1/slot/A1 {"slot_id": "A1", "status": "OCCUPIED", "distance_cm": 8.1, "ts": "2026-09-29T07:11:18Z"}
2026-09-30T03:12:32Z parking/lantai-1/slot/A1 {"slot_id": "A1", "status": "OCCUPIED", "distance_cm": 8.1, "ts": "2026-09-29T07:11:18Z"}
2026-09-30T03:12:33Z parking/lantai-1/slot/A1 {"slot_id": "A1", "status": "OCCUPIED", "distance_cm": 8.1, "ts": "2026-09-29T07:11:18Z"}
2026-09-30T03:12:34Z parking/lantai-1/slot/A1 {"slot_id": "A1", "status": "OCCUPIED", "distance_cm": 8.1, "ts": "2026-09-29T07:11:18Z"}
2026-09-30T03:12:35Z parking/lantai-1/slot/A1 {"slot_id": "A1", "status": "OCCUPIED", "distance_cm": 8.1, "ts": "2026-09-29T07:11:18Z"}
2026-09-30T03:12:36Z parking/lantai-1/slot/A1 {"slot_id": "A1", "status": "OCCUPIED", "distance_cm": 8.1, "ts": "2026-09-29T07:11:18Z"}
2026-09-30T03:12:37Z parking/lantai-1/slot/A1 {"slot_id": "A1", "status": "OCCUPIED", "distance_cm": 8.1, "ts": "2026-09-29T07:11:18Z"}
2026-09-30T03:12:38Z parking/lantai-1/slot/A1 {"slot_id": "A1", "status": "OCCUPIED", "distance_cm": 8.1, "ts": "2026-09-29T07:11:18Z"}
2026-09-30T03:12:39Z parking/lantai-1/slot/A1 {"slot_id": "A1", "status": "OCCUPIED", "distance_cm": 8.1, "ts": "2026-09-29T07:11:18Z"}
2026-09-30T03:12:40Z parking/lantai-1/slot/A1 {"slot_id": "A1", "status": "OCCUPIED", "distance_cm": 8.1, "ts": "2026-09-29T07:11:18Z"}
2026-09-30T03:12:41Z parking/lantai-1/slot/A1 {"slot_id": "A1", "status": "OCCUPIED", "distance_cm": 8.1, "ts": "2026-09-29T07:11:18Z"}
2026-09-30T03:12:42Z parking/lantai-1/slot/A1 {"slot_id": "A1", "status": "OCCUPIED", "distance_cm": 8.1, "ts": "2026-09-29T07:11:18Z"}
2026-09-30T03:12:43Z parking/lantai-1/slot/A1 {"slot_id": "A1", "status": "OCCUPIED", "distance_cm": 8.1, "ts": "2026-09-29T07:11:18Z"}
2026-09-30T03:12:44Z parking/lantai-1/slot/A1 {"slot_id": "A1", "status": "OCCUPIED", "distance_cm": 8.1, "ts": "2026-09-29T07:11:18Z"}
2026-09-30T03:12:45Z parking/lantai-1/slot/A1 {"slot_id": "A1", "status": "OCCUPIED", "distance_cm": 8.1, "ts": "2026-09-29T07:11:18Z"}
2026-09-30T03:12:46Z parking/lantai-1/slot/A1 {"slot_id": "A1", "status": "OCCUPIED", "distance_cm": 8.1, "ts": "2026-09-29T07:11:18Z"}
2026-09-30T03:12:47Z parking/lantai-1/slot/A1 {"slot_id": "A1", "status": "OCCUPIED", "distance_cm": 8.1, "ts": "2026-09-29T07:11:18Z"}
2026-09-30T03:12:48Z parking/lantai-1/slot/A1 {"slot_id": "A1", "status": "OCCUPIED", "distance_cm": 8.1, "ts": "2026-09-29T07:11:18Z"}
2026-09-30T03:12:49Z parking/lantai-1/slot/A1 {"slot_id": "A1", "status": "OCCUPIED", "distance_cm": 8.1, "ts": "2026-09-29T07:11:18Z"}
2026-09-30T03:12:50Z parking/lantai-1/slot/A1 {"slot_id": "A1", "status": "OCCUPIED", "distance_cm": 8.1, "ts": "2026-09-29T07:11:18Z"}
2026-09-30T03:12:51Z parking/lantai-1/slot/A1 {"slot_id": "A1", "status": "OCCUPIED", "distance_cm": 8.1, "ts": "2026-09-29T07:11:18Z"}
2026-09-30T03:12:52Z parking/lantai-1/slot/A1 {"slot_id": "A1", "status": "OCCUPIED", "distance_cm": 8.1, "ts": "2026-09-29T07:11:18Z"}
2026-09-30T03:12:53Z parking/lantai-1/slot/A1 {"slot_id": "A1", "status": "OCCUPIED", "distance_cm": 8.1, "ts": "2026-09-29T07:11:18Z"}
2026-09-30T03:12:54Z parking/lantai-1/slot/A1 {"slot_id": "A1", "status": "OCCUPIED", "distance_cm": 8.1, "ts": "2026-09-29T07:11:18Z"}
2026-09-30T03:12:55Z parking/lantai-1/slot/A1 {"slot_id": "A1", "status": "OCCUPIED", "distance_cm": 8.1, "ts": "2026-09-29T07:11:18Z"}
2026-09-30T03:12:56Z parking/lantai-1/slot/A1 {"slot_id": "A1", "status": "OCCUPIED", "distance_cm": 8.1, "ts": "2026-09-29T07:11:18Z"}
2026-09-30T03:12:57Z parking/lantai-1/slot/A1 {"slot_id": "A1", "status": "OCCUPIED", "distance_cm": 8.1, "ts": "2026-09-29T07:11:18Z"}
2026-09-30T03:12:58Z parking/lantai-1/slot/A1 {"slot_id": "A1", "status": "OCCUPIED", "distance_cm": 8.1, "ts": "2026-09-29T07:11:18Z"}
2026-09-30T03:12:59Z parking/lantai-1/slot/A1 {"slot_id": "A1", "status": "OCCUPIED", "distance_cm": 8.1, "ts": "2026-09-29T07:11:18Z"}
2026-09-30T03:13:00Z parking/lantai-1/slot/A1 {"slot_id": "A1", "status": "OCCUPIED", "distance_cm": 8.1, "ts": "2026-09-29T07:11:18Z"}
2026-09-30T03:13:01Z parking/lantai-1/slot/A1 {"slot_id": "A1", "status": "OCCUPIED", "distance_cm": 8.1, "ts": "2026-09-29T07:11:18Z"}
2026-09-30T03:13:02Z parking/lantai-1/slot/A1 {"slot_id": "A1", "status": "OCCUPIED", "distance_cm": 8.1, "ts": "2026-09-29T07:11:18Z"}
2026-09-30T03:13:03Z parking/lantai-1/slot/A1 {"slot_id": "A1", "status": "OCCUPIED", "distance_cm": 8.1, "ts": "2026-09-29T07:11:18Z"}
2026-09-30T03:13:04Z parking/lantai-1/slot/A1 {"slot_id": "A1", "status": "OCCUPIED", "distance_cm": 8.1, "ts": "2026-09-29T07:11:18Z"}
2026-09-30T03:13:05Z parking/lantai-1/slot/A1 {"slot_id": "A1", "status": "OCCUPIED", "distance_cm": 8.1, "ts": "2026-09-29T07:11:18Z"}
2026-09-30T03:13:06Z parking/lantai-1/slot/A1 {"slot_id": "A1", "status": "OCCUPIED", "distance_cm": 8.1, "ts": "2026-09-29T07:11:18Z"}
2026-09-30T03:13:07Z parking/lantai-1/slot/A1 {"slot_id": "A1", "status": "OCCUPIED", "distance_cm": 8.1, "ts": "2026-09-29T07:11:18Z"}
2026-09-30T03:13:08Z parking/lantai-1/slot/A1 {"slot_id": "A1", "status": "OCCUPIED", "distance_cm": 8.1, "ts": "2026-09-29T07:11:18Z"}
2026-09-30T03:13:09Z parking/lantai-1/slot/A1 {"slot_id": "A1", "status": "OCCUPIED", "distance_cm": 8.1, "ts": "2026-09-29T07:11:18Z"}
2026-09-30T03:13:10Z parking/lantai-1/slot/A1 {"slot_id": "A1", "status": "OCCUPIED", "distance_cm": 8.1, "ts": "2026-09-29T07:11:18Z"}
2026-09-30T03:13:11Z parking/lantai-1/slot/A1 {"slot_id": "A1", "status": "OCCUPIED", "distance_cm": 8.1, "ts": "2026-09-29T07:11:18Z"}
2026-09-30T03:13:12Z parking/lantai-1/slot/A1 {"slot_id": "A1", "status": "OCCUPIED", "distance_cm": 8.1, "ts": "2026-09-29T07:11:18Z"}
2026-09-30T03:13:13Z parking/lantai-1/slot/A1 {"slot_id": "A1", "status": "OCCUPIED", "distance_cm": 8.1, "ts": "2026-09-29T07:11:18Z"}
2026-09-30T03:13:14Z parking/lantai-1/slot/A1 {"slot_id": "A1", "status": "OCCUPIED", "distance_cm": 8.1, "ts": "2026-09-29T07:11:18Z"}
2026-09-30T03:13:15Z parking/lantai-1/slot/A1 {"slot_id": "A1", "status": "OCCUPIED", "distance_cm": 8.1, "ts": "2026-09-29T07:11:18Z"}
2026-09-30T03:13:16Z parking/lantai-1/slot/A1 {"slot_id": "A1", "status": "OCCUPIED", "distance_cm": 8.1, "ts": "2026-09-29T07:11:18Z"}
2026-09-30T03:13:17Z parking/lantai-1/slot/A1 {"slot_id": "A1", "status": "OCCUPIED", "distance_cm": 8.1, "ts": "2026-09-29T07:11:18Z"}
2026-09-30T03:13:18Z parking/lantai-1/slot/A1 {"slot_id": "A1", "status": "OCCUPIED", "distance_cm": 8.1, "ts": "2026-09-29T07:11:18Z"}
2026-09-30T03:13:19Z parking/lantai-1/slot/A1 {"slot_id": "A1", "status": "OCCUPIED", "distance_cm": 8.1, "ts": "2026-09-29T07:11:18Z"}
2026-09-30T03:13:20Z parking/lantai-1/slot/A1 {"slot_id": "A1", "status": "OCCUPIED", "distance_cm": 8.1, "ts": "2026-09-29T07:11:18Z"}
2026-09-30T03:13:21Z parking/lantai-1/slot/A1 {"slot_id": "A1", "status": "OCCUPIED", "distance_cm": 8.1, "ts": "2026-09-29T07:11:18Z"}
2026-09-30T03:13:22Z parking/lantai-1/slot/A1 {"slot_id": "A1", "status": "OCCUPIED", "distance_cm": 8.1, "ts": "2026-09-29T07:11:18Z"}
2026-09-30T03:13:23Z parking/lantai-1/slot/A1 {"slot_id": "A1", "status": "OCCUPIED", "distance_cm": 8.1, "ts": "2026-09-29T07:11:18Z"}
2026-09-30T03:13:24Z parking/lantai-1/slot/A1 {"slot_id": "A1", "status": "OCCUPIED", "distance_cm": 8.1, "ts": "2026-09-29T07:11:18Z"}
2026-09-30T03:13:25Z parking/lantai-1/slot/A1 {"slot_id": "A1", "status": "OCCUPIED", "distance_cm": 8.1, "ts": "2026-09-29T07:11:18Z"}
2026-09-30T03:13:26Z parking/lantai-1/slot/A1 {"slot_id": "A1", "status": "OCCUPIED", "distance_cm": 8.1, "ts": "2026-09-29T07:11:18Z"}
2026-09-30T03:13:27Z parking/lantai-1/slot/A1 {"slot_id": "A1", "status": "OCCUPIED", "distance_cm": 8.1, "ts": "2026-09-29T07:11:18Z"}
2026-09-30T03:13:28Z parking/lantai-1/slot/A1 {"slot_id": "A1", "status": "OCCUPIED", "distance_cm": 8.1, "ts": "2026-09-29T07:11:18Z"}
2026-09-30T03:13:29Z parking/lantai-1/slot/A1 {"slot_id": "A1", "status": "OCCUPIED", "distance_cm": 8.1, "ts": "2026-09-29T07:11:18Z"}
2026-09-30T03:13:30Z parking/lantai-1/slot/A1 {"slot_id": "A1", "status": "OCCUPIED", "distance_cm": 8.1, "ts": "2026-09-29T07:11:18Z"}
2026-09-30T03:13:31Z parking/lantai-1/slot/A1 {"slot_id": "A1", "status": "OCCUPIED", "distance_cm": 8.1, "ts": "2026-09-29T07:11:18Z"}
2026-09-30T03:13:32Z parking/lantai-1/slot/A1 {"slot_id": "A1", "status": "OCCUPIED", "distance_cm": 8.1, "ts": "2026-09-29T07:11:18Z"}
2026-09-30T03:13:33Z parking/lantai-1/slot/A1 {"slot_id": "A1", "status": "OCCUPIED", "distance_cm": 8.1, "ts": "2026-09-29T07:11:18Z"}
2026-09-30T03:13:34Z parking/lantai-1/slot/A1 {"slot_id": "A1", "status": "OCCUPIED", "distance_cm": 8.1, "ts": "2026-09-29T07:11:18Z"}
2026-09-30T03:13:35Z parking/lantai-1/slot/A1 {"slot_id": "A1", "status": "OCCUPIED", "distance_cm": 8.1, "ts": "2026-09-29T07:11:18Z"}
2026-09-30T03:13:36Z parking/lantai-1/slot/A1 {"slot_id": "A1", "status": "OCCUPIED", "distance_cm": 8.1, "ts": "2026-09-29T07:11:18Z"}
2026-09-30T03:13:37Z parking/lantai-1/slot/A1 {"slot_id": "A1", "status": "OCCUPIED", "distance_cm": 8.1, "ts": "2026-09-29T07:11:18Z"}
2026-09-30T03:13:38Z parking/lantai-1/slot/A1 {"slot_id": "A1", "status": "OCCUPIED", "distance_cm": 8.1, "ts": "2026-09-29T07:11:18Z"}
2026-09-30T03:13:39Z parking/lantai-1/slot/A1 {"slot_id": "A1", "status": "OCCUPIED", "distance_cm": 8.1, "ts": "2026-09-29T07:11:18Z"}
2026-09-30T03:13:40Z parking/lantai-1/slot/A1 {"slot_id": "A1", "status": "OCCUPIED", "distance_cm": 8.1, "ts": "2026-09-29T07:11:18Z"}
2026-09-30T03:13:41Z parking/lantai-1/slot/A1 {"slot_id": "A1", "status": "OCCUPIED", "distance_cm": 8.1, "ts": "2026-09-29T07:11:18Z"}
2026-09-30T03:13:42Z parking/lantai-1/slot/A1 {"slot_id": "A1", "status": "OCCUPIED", "distance_cm": 8.1, "ts": "2026-09-29T07:11:18Z"}
2026-09-30T03:13:43Z parking/lantai-1/slot/A1 {"slot_id": "A1", "status": "OCCUPIED", "distance_cm": 8.1, "ts": "2026-09-29T07:11:18Z"}
2026-09-30T03:13:44Z parking/lantai-1/slot/A1 {"slot_id": "A1", "status": "OCCUPIED", "distance_cm": 8.1, "ts": "2026-09-29T07:11:18Z"}
2026-09-30T03:13:45Z parking/lantai-1/slot/A1 {"slot_id": "A1", "status": "OCCUPIED", "distance_cm": 8.1, "ts": "2026-09-29T07:11:18Z"}
2026-09-30T03:13:47Z parking/lantai-1/slot/A1 {"slot_id": "A1", "status": "OCCUPIED", "distance_cm": 8.1, "ts": "2026-09-29T07:11:18Z"}
2026-09-30T03:13:48Z parking/lantai-1/slot/A1 {"slot_id": "A1", "status": "OCCUPIED", "distance_cm": 8.1, "ts": "2026-09-29T07:11:18Z"}
2026-09-30T03:13:49Z parking/lantai-1/slot/A1 {"slot_id": "A1", "status": "OCCUPIED", "distance_cm": 8.1, "ts": "2026-09-29T07:11:18Z"}
2026-09-30T03:13:50Z parking/lantai-1/slot/A1 {"slot_id": "A1", "status": "OCCUPIED", "distance_cm": 8.1, "ts": "2026-09-29T07:11:18Z"}
2026-09-30T03:13:51Z parking/lantai-1/slot/A1 {"slot_id": "A1", "status": "OCCUPIED", "distance_cm": 8.1, "ts": "2026-09-29T07:11:18Z"}
2026-09-30T03:13:52Z parking/lantai-1/slot/A1 {"slot_id": "A1", "status": "OCCUPIED", "distance_cm": 8.1, "ts": "2026-09-29T07:11:18Z"}
2026-09-30T03:13:53Z parking/lantai-1/slot/A1 {"slot_id": "A1", "status": "OCCUPIED", "distance_cm": 8.1, "ts": "2026-09-29T07:11:18Z"}
2026-09-30T03:13:54Z parking/lantai-1/slot/A1 {"slot_id": "A1", "status": "OCCUPIED", "distance_cm": 8.1, "ts": "2026-09-29T07:11:18Z"}
2026-09-30T03:13:55Z parking/lantai-1/slot/A1 {"slot_id": "A1", "status": "OCCUPIED", "distance_cm": 8.1, "ts": "2026-09-29T07:11:18Z"}
2026-09-30T03:13:56Z parking/lantai-1/slot/A1 {"slot_id": "A1", "status": "OCCUPIED", "distance_cm": 8.1, "ts": "2026-09-29T07:11:18Z"}
2026-09-30T03:13:57Z parking/lantai-1/slot/A1 {"slot_id": "A1", "status": "OCCUPIED", "distance_cm": 8.1, "ts": "2026-09-29T07:11:18Z"}
2026-09-30T03:13:58Z parking/lantai-1/slot/A1 {"slot_id": "A1", "status": "OCCUPIED", "distance_cm": 8.1, "ts": "2026-09-29T07:11:18Z"}
2026-09-30T03:13:59Z parking/lantai-1/slot/A1 {"slot_id": "A1", "status": "OCCUPIED", "distance_cm": 8.1, "ts": "2026-09-29T07:11:18Z"}
2026-09-30T03:14:00Z parking/lantai-1/slot/A1 {"slot_id": "A1", "status": "OCCUPIED", "distance_cm": 8.1, "ts": "2026-09-29T07:11:18Z"}
2026-09-30T03:14:01Z parking/lantai-1/slot/A1 {"slot_id": "A1", "status": "OCCUPIED", "distance_cm": 8.1, "ts": "2026-09-29T07:11:18Z"}
2026-09-30T03:14:02Z parking/lantai-1/slot/A1 {"slot_id": "A1", "status": "OCCUPIED", "distance_cm": 8.1, "ts": "2026-09-29T07:11:18Z"}
2026-09-30T03:14:03Z parking/lantai-1/slot/A1 {"slot_id": "A1", "status": "OCCUPIED", "distance_cm": 8.1, "ts": "2026-09-29T07:11:18Z"}
2026-09-30T03:14:04Z parking/lantai-1/slot/A1 {"slot_id": "A1", "status": "OCCUPIED", "distance_cm": 8.1, "ts": "2026-09-29T07:11:18Z"}
2026-09-30T03:14:05Z parking/lantai-1/slot/A1 {"slot_id": "A1", "status": "OCCUPIED", "distance_cm": 8.1, "ts": "2026-09-29T07:11:18Z"}
2026-09-30T03:14:06Z parking/lantai-1/slot/A1 {"slot_id": "A1", "status": "OCCUPIED", "distance_cm": 8.1, "ts": "2026-09-29T07:11:18Z"}
2026-09-30T03:14:07Z parking/lantai-1/slot/A1 {"slot_id": "A1", "status": "OCCUPIED", "distance_cm": 8.1, "ts": "2026-09-29T07:11:18Z"}
2026-09-30T03:14:08Z parking/lantai-1/slot/A1 {"slot_id": "A1", "status": "OCCUPIED", "distance_cm": 8.1, "ts": "2026-09-29T07:11:18Z"}
2026-09-30T03:14:09Z parking/lantai-1/slot/A1 {"slot_id": "A1", "status": "OCCUPIED", "distance_cm": 8.1, "ts": "2026-09-29T07:11:18Z"}
2026-09-30T03:14:10Z parking/lantai-1/slot/A1 {"slot_id": "A1", "status": "OCCUPIED", "distance_cm": 8.1, "ts": "2026-09-29T07:11:18Z"}
2026-09-30T03:14:11Z parking/lantai-1/slot/A1 {"slot_id": "A1", "status": "OCCUPIED", "distance_cm": 8.1, "ts": "2026-09-29T07:11:18Z"}
2026-09-30T03:14:12Z parking/lantai-1/slot/A1 {"slot_id": "A1", "status": "OCCUPIED", "distance_cm": 8.1, "ts": "2026-09-29T07:11:18Z"}
2026-09-30T03:14:13Z parking/lantai-1/slot/A1 {"slot_id": "A1", "status": "OCCUPIED", "distance_cm": 8.1, "ts": "2026-09-29T07:11:18Z"}
2026-09-30T03:14:14Z parking/lantai-1/slot/A1 {"slot_id": "A1", "status": "OCCUPIED", "distance_cm": 8.1, "ts": "2026-09-29T07:11:18Z"}
2026-09-30T03:14:15Z parking/lantai-1/slot/A1 {"slot_id": "A1", "status": "OCCUPIED", "distance_cm": 8.1, "ts": "2026-09-29T07:11:18Z"}
2026-09-30T03:14:16Z parking/lantai-1/slot/A1 {"slot_id": "A1", "status": "OCCUPIED", "distance_cm": 8.1, "ts": "2026-09-29T07:11:18Z"}
2026-09-30T03:14:17Z parking/lantai-1/slot/A1 {"slot_id": "A1", "status": "OCCUPIED", "distance_cm": 8.1, "ts": "2026-09-29T07:11:18Z"}
2026-09-30T03:14:18Z parking/lantai-1/slot/A1 {"slot_id": "A1", "status": "OCCUPIED", "distance_cm": 8.1, "ts": "2026-09-29T07:11:18Z"}
2026-09-30T03:14:19Z parking/lantai-1/slot/A1 {"slot_id": "A1", "status": "OCCUPIED", "distance_cm": 8.1, "ts": "2026-09-29T07:11:18Z"}
2026-09-30T03:14:20Z parking/lantai-1/slot/A1 {"slot_id": "A1", "status": "OCCUPIED", "distance_cm": 8.1, "ts": "2026-09-29T07:11:18Z"}
2026-09-30T03:14:21Z parking/lantai-1/slot/A1 {"slot_id": "A1", "status": "OCCUPIED", "distance_cm": 8.1, "ts": "2026-09-29T07:11:18Z"}
2026-09-30T03:14:22Z parking/lantai-1/slot/A1 {"slot_id": "A1", "status": "OCCUPIED", "distance_cm": 8.1, "ts": "2026-09-29T07:11:18Z"}
2026-09-30T03:14:23Z parking/lantai-1/slot/A1 {"slot_id": "A1", "status": "OCCUPIED", "distance_cm": 8.1, "ts": "2026-09-29T07:11:18Z"}
2026-09-30T03:14:24Z parking/lantai-1/slot/A1 {"slot_id": "A1", "status": "OCCUPIED", "distance_cm": 8.1, "ts": "2026-09-29T07:11:18Z"}
2026-09-30T03:14:25Z parking/lantai-1/slot/A1 {"slot_id": "A1", "status": "OCCUPIED", "distance_cm": 8.1, "ts": "2026-09-29T07:11:18Z"}
2026-09-30T03:14:26Z parking/lantai-1/slot/A1 {"slot_id": "A1", "status": "OCCUPIED", "distance_cm": 8.1, "ts": "2026-09-29T07:11:18Z"}
2026-09-30T03:14:27Z parking/lantai-1/slot/A1 {"slot_id": "A1", "status": "OCCUPIED", "distance_cm": 8.1, "ts": "2026-09-29T07:11:18Z"}
2026-09-30T03:14:28Z parking/lantai-1/slot/A1 {"slot_id": "A1", "status": "OCCUPIED", "distance_cm": 8.1, "ts": "2026-09-29T07:11:18Z"}
2026-09-30T03:14:29Z parking/lantai-1/slot/A1 {"slot_id": "A1", "status": "OCCUPIED", "distance_cm": 8.1, "ts": "2026-09-29T07:11:18Z"}
2026-09-30T03:14:30Z parking/lantai-1/slot/A1 {"slot_id": "A1", "status": "OCCUPIED", "distance_cm": 8.1, "ts": "2026-09-29T07:11:18Z"}
2026-09-30T03:14:31Z parking/lantai-1/slot/A1 {"slot_id": "A1", "status": "OCCUPIED", "distance_cm": 8.1, "ts": "2026-09-29T07:11:18Z"}
2026-09-30T03:14:32Z parking/lantai-1/slot/A1 {"slot_id": "A1", "status": "OCCUPIED", "distance_cm": 8.1, "ts": "2026-09-29T07:11:18Z"}
2026-09-30T03:14:33Z parking/lantai-1/slot/A1 {"slot_id": "A1", "status": "OCCUPIED", "distance_cm": 8.1, "ts": "2026-09-29T07:11:18Z"}
2026-09-30T03:14:34Z parking/lantai-1/slot/A1 {"slot_id": "A1", "status": "OCCUPIED", "distance_cm": 8.1, "ts": "2026-09-29T07:11:18Z"}
2026-09-30T03:14:35Z parking/lantai-1/slot/A1 {"slot_id": "A1", "status": "OCCUPIED", "distance_cm": 8.1, "ts": "2026-09-29T07:11:18Z"}
2026-09-30T03:14:36Z parking/lantai-1/slot/A1 {"slot_id": "A1", "status": "OCCUPIED", "distance_cm": 8.1, "ts": "2026-09-29T07:11:18Z"}
2026-09-30T03:14:37Z parking/lantai-1/slot/A1 {"slot_id": "A1", "status": "OCCUPIED", "distance_cm": 8.1, "ts": "2026-09-29T07:11:18Z"}
2026-09-30T03:14:38Z parking/lantai-1/slot/A1 {"slot_id": "A1", "status": "OCCUPIED", "distance_cm": 8.1, "ts": "2026-09-29T07:11:18Z"}
2026-09-30T03:14:39Z parking/lantai-1/slot/A1 {"slot_id": "A1", "status": "OCCUPIED", "distance_cm": 8.1, "ts": "2026-09-29T07:11:18Z"}
2026-09-30T03:14:40Z parking/lantai-1/slot/A1 {"slot_id": "A1", "status": "OCCUPIED", "distance_cm": 8.1, "ts": "2026-09-29T07:11:18Z"}
2026-09-30T03:14:41Z parking/lantai-1/slot/A1 {"slot_id": "A1", "status": "OCCUPIED", "distance_cm": 8.1, "ts": "2026-09-29T07:11:18Z"}
2026-09-30T03:14:42Z parking/lantai-1/slot/A1 {"slot_id": "A1", "status": "OCCUPIED", "distance_cm": 8.1, "ts": "2026-09-29T07:11:18Z"}
2026-09-30T03:14:43Z parking/lantai-1/slot/A1 {"slot_id": "A1", "status": "OCCUPIED", "distance_cm": 8.1, "ts": "2026-09-29T07:11:18Z"}
2026-09-30T03:14:44Z parking/lantai-1/slot/A1 {"slot_id": "A1", "status": "OCCUPIED", "distance_cm": 8.1, "ts": "2026-09-29T07:11:18Z"}
2026-09-30T03:14:45Z parking/lantai-1/slot/A1 {"slot_id": "A1", "status": "OCCUPIED", "distance_cm": 8.1, "ts": "2026-09-29T07:11:18Z"}
2026-09-30T03:14:46Z parking/lantai-1/slot/A1 {"slot_id": "A1", "status": "OCCUPIED", "distance_cm": 8.1, "ts": "2026-09-29T07:11:18Z"}
2026-09-30T03:14:47Z parking/lantai-1/slot/A1 {"slot_id": "A1", "status": "OCCUPIED", "distance_cm": 8.1, "ts": "2026-09-29T07:11:18Z"}
2026-09-30T03:14:48Z parking/lantai-1/slot/A1 {"slot_id": "A1", "status": "OCCUPIED", "distance_cm": 8.1, "ts": "2026-09-29T07:11:18Z"}
2026-09-30T03:14:49Z parking/lantai-1/slot/A1 {"slot_id": "A1", "status": "OCCUPIED", "distance_cm": 8.1, "ts": "2026-09-29T07:11:18Z"}
2026-09-30T03:14:50Z parking/lantai-1/slot/A1 {"slot_id": "A1", "status": "OCCUPIED", "distance_cm": 8.1, "ts": "2026-09-29T07:11:18Z"}
2026-09-30T03:14:51Z parking/lantai-1/slot/A1 {"slot_id": "A1", "status": "OCCUPIED", "distance_cm": 8.1, "ts": "2026-09-29T07:11:18Z"}
2026-09-30T03:14:52Z parking/lantai-1/slot/A1 {"slot_id": "A1", "status": "OCCUPIED", "distance_cm": 8.1, "ts": "2026-09-29T07:11:18Z"}
2026-09-30T03:14:53Z parking/lantai-1/slot/A1 {"slot_id": "A1", "status": "OCCUPIED", "distance_cm": 8.1, "ts": "2026-09-29T07:11:18Z"}
2026-09-30T03:14:54Z parking/lantai-1/slot/A1 {"slot_id": "A1", "status": "OCCUPIED", "distance_cm": 8.1, "ts": "2026-09-29T07:11:18Z"}
2026-09-30T03:14:55Z parking/lantai-1/slot/A1 {"slot_id": "A1", "status": "OCCUPIED", "distance_cm": 8.1, "ts": "2026-09-29T07:11:18Z"}
2026-09-30T03:14:56Z parking/lantai-1/slot/A1 {"slot_id": "A1", "status": "OCCUPIED", "distance_cm": 8.1, "ts": "2026-09-29T07:11:18Z"}
2026-09-30T03:14:57Z parking/lantai-1/slot/A1 {"slot_id": "A1", "status": "OCCUPIED", "distance_cm": 8.1, "ts": "2026-09-29T07:11:18Z"}
2026-09-30T03:14:58Z parking/lantai-1/slot/A1 {"slot_id": "A1", "status": "OCCUPIED", "distance_cm": 8.1, "ts": "2026-09-29T07:11:18Z"}
2026-09-30T03:14:59Z parking/lantai-1/slot/A1 {"slot_id": "A1", "status": "OCCUPIED", "distance_cm": 8.1, "ts": "2026-09-29T07:11:18Z"}
2026-09-30T03:15:00Z parking/lantai-1/slot/A1 {"slot_id": "A1", "status": "OCCUPIED", "distance_cm": 8.1, "ts": "2026-09-29T07:11:18Z"}
2026-09-30T03:15:01Z parking/lantai-1/slot/A1 {"slot_id": "A1", "status": "OCCUPIED", "distance_cm": 8.1, "ts": "2026-09-29T07:11:18Z"}
2026-09-30T03:15:02Z parking/lantai-1/slot/A1 {"slot_id": "A1", "status": "OCCUPIED", "distance_cm": 8.1, "ts": "2026-09-29T07:11:18Z"}
2026-09-30T03:15:03Z parking/lantai-1/slot/A1 {"slot_id": "A1", "status": "OCCUPIED", "distance_cm": 8.1, "ts": "2026-09-29T07:11:18Z"}
2026-09-30T03:15:04Z parking/lantai-1/slot/A1 {"slot_id": "A1", "status": "OCCUPIED", "distance_cm": 8.1, "ts": "2026-09-29T07:11:18Z"}
2026-09-30T03:15:05Z parking/lantai-1/slot/A1 {"slot_id": "A1", "status": "OCCUPIED", "distance_cm": 8.1, "ts": "2026-09-29T07:11:18Z"}
2026-09-30T03:15:06Z parking/lantai-1/slot/A1 {"slot_id": "A1", "status": "OCCUPIED", "distance_cm": 8.1, "ts": "2026-09-29T07:11:18Z"}
2026-09-30T03:15:07Z parking/lantai-1/slot/A1 {"slot_id": "A1", "status": "OCCUPIED", "distance_cm": 8.1, "ts": "2026-09-29T07:11:18Z"}
2026-09-30T03:15:08Z parking/lantai-1/slot/A1 {"slot_id": "A1", "status": "OCCUPIED", "distance_cm": 8.1, "ts": "2026-09-29T07:11:18Z"}
2026-09-30T03:15:09Z parking/lantai-1/slot/A1 {"slot_id": "A1", "status": "OCCUPIED", "distance_cm": 8.1, "ts": "2026-09-29T07:11:18Z"}
2026-09-30T03:15:10Z parking/lantai-1/slot/A1 {"slot_id": "A1", "status": "OCCUPIED", "distance_cm": 8.1, "ts": "2026-09-29T07:11:18Z"}
2026-09-30T03:15:11Z parking/lantai-1/slot/A1 {"slot_id": "A1", "status": "OCCUPIED", "distance_cm": 8.1, "ts": "2026-09-29T07:11:18Z"}
2026-09-30T03:15:12Z parking/lantai-1/slot/A1 {"slot_id": "A1", "status": "OCCUPIED", "distance_cm": 8.1, "ts": "2026-09-29T07:11:18Z"}
2026-09-30T03:15:13Z parking/lantai-1/slot/A1 {"slot_id": "A1", "status": "OCCUPIED", "distance_cm": 8.1, "ts": "2026-09-29T07:11:18Z"}
2026-09-30T03:15:14Z parking/lantai-1/slot/A1 {"slot_id": "A1", "status": "OCCUPIED", "distance_cm": 8.1, "ts": "2026-09-29T07:11:18Z"}
2026-09-30T03:15:15Z parking/lantai-1/slot/A1 {"slot_id": "A1", "status": "OCCUPIED", "distance_cm": 8.1, "ts": "2026-09-29T07:11:18Z"}
2026-09-30T03:15:16Z parking/lantai-1/slot/A1 {"slot_id": "A1", "status": "OCCUPIED", "distance_cm": 8.1, "ts": "2026-09-29T07:11:18Z"}
2026-09-30T03:15:17Z parking/lantai-1/slot/A1 {"slot_id": "A1", "status": "OCCUPIED", "distance_cm": 8.1, "ts": "2026-09-29T07:11:18Z"}
2026-09-30T03:15:18Z parking/lantai-1/slot/A1 {"slot_id": "A1", "status": "OCCUPIED", "distance_cm": 8.1, "ts": "2026-09-29T07:11:18Z"}
2026-09-30T03:15:19Z parking/lantai-1/slot/A1 {"slot_id": "A1", "status": "OCCUPIED", "distance_cm": 8.1, "ts": "2026-09-29T07:11:18Z"}
2026-09-30T03:15:20Z parking/lantai-1/slot/A1 {"slot_id": "A1", "status": "OCCUPIED", "distance_cm": 8.1, "ts": "2026-09-29T07:11:18Z"}
2026-09-30T03:15:21Z parking/lantai-1/slot/A1 {"slot_id": "A1", "status": "OCCUPIED", "distance_cm": 8.1, "ts": "2026-09-29T07:11:18Z"}
2026-09-30T03:15:22Z parking/lantai-1/slot/A1 {"slot_id": "A1", "status": "OCCUPIED", "distance_cm": 8.1, "ts": "2026-09-29T07:11:18Z"}
2026-09-30T03:15:23Z parking/lantai-1/slot/A1 {"slot_id": "A1", "status": "OCCUPIED", "distance_cm": 8.1, "ts": "2026-09-29T07:11:18Z"}
2026-09-30T03:15:24Z parking/lantai-1/slot/A1 {"slot_id": "A1", "status": "OCCUPIED", "distance_cm": 8.1, "ts": "2026-09-29T07:11:18Z"}
2026-09-30T03:15:25Z parking/lantai-1/slot/A1 {"slot_id": "A1", "status": "OCCUPIED", "distance_cm": 8.1, "ts": "2026-09-29T07:11:18Z"}
2026-09-30T03:15:26Z parking/lantai-1/slot/A1 {"slot_id": "A1", "status": "OCCUPIED", "distance_cm": 8.1, "ts": "2026-09-29T07:11:18Z"}
2026-09-30T03:15:27Z parking/lantai-1/slot/A1 {"slot_id": "A1", "status": "OCCUPIED", "distance_cm": 8.1, "ts": "2026-09-29T07:11:18Z"}
2026-09-30T03:15:28Z parking/lantai-1/slot/A1 {"slot_id": "A1", "status": "OCCUPIED", "distance_cm": 8.1, "ts": "2026-09-29T07:11:18Z"}
2026-09-30T03:15:29Z parking/lantai-1/slot/A1 {"slot_id": "A1", "status": "OCCUPIED", "distance_cm": 8.1, "ts": "2026-09-29T07:11:18Z"}
2026-09-30T03:15:30Z parking/lantai-1/slot/A1 {"slot_id": "A1", "status": "OCCUPIED", "distance_cm": 8.1, "ts": "2026-09-29T07:11:18Z"}
2026-09-30T03:15:31Z parking/lantai-1/slot/A1 {"slot_id": "A1", "status": "OCCUPIED", "distance_cm": 8.1, "ts": "2026-09-29T07:11:18Z"}
2026-09-30T03:15:32Z parking/lantai-1/slot/A1 {"slot_id": "A1", "status": "OCCUPIED", "distance_cm": 8.1, "ts": "2026-09-29T07:11:18Z"}
2026-09-30T03:15:33Z parking/lantai-1/slot/A1 {"slot_id": "A1", "status": "OCCUPIED", "distance_cm": 8.1, "ts": "2026-09-29T07:11:18Z"}
2026-09-30T03:15:34Z parking/lantai-1/slot/A1 {"slot_id": "A1", "status": "OCCUPIED", "distance_cm": 8.1, "ts": "2026-09-29T07:11:18Z"}
2026-09-30T03:15:35Z parking/lantai-1/slot/A1 {"slot_id": "A1", "status": "OCCUPIED", "distance_cm": 8.1, "ts": "2026-09-29T07:11:18Z"}
2026-09-30T03:15:36Z parking/lantai-1/slot/A1 {"slot_id": "A1", "status": "OCCUPIED", "distance_cm": 8.1, "ts": "2026-09-29T07:11:18Z"}
2026-09-30T03:15:37Z parking/lantai-1/slot/A1 {"slot_id": "A1", "status": "OCCUPIED", "distance_cm": 8.1, "ts": "2026-09-29T07:11:18Z"}
2026-09-30T03:15:38Z parking/lantai-1/slot/A1 {"slot_id": "A1", "status": "OCCUPIED", "distance_cm": 8.1, "ts": "2026-09-29T07:11:18Z"}
2026-09-30T03:15:39Z parking/lantai-1/slot/A1 {"slot_id": "A1", "status": "OCCUPIED", "distance_cm": 8.1, "ts": "2026-09-29T07:11:18Z"}
2026-09-30T03:15:40Z parking/lantai-1/slot/A1 {"slot_id": "A1", "status": "OCCUPIED", "distance_cm": 8.1, "ts": "2026-09-29T07:11:18Z"}
2026-09-30T03:15:41Z parking/lantai-1/slot/A1 {"slot_id": "A1", "status": "OCCUPIED", "distance_cm": 8.1, "ts": "2026-09-29T07:11:18Z"}
2026-09-30T03:15:42Z parking/lantai-1/slot/A1 {"slot_id": "A1", "status": "OCCUPIED", "distance_cm": 8.1, "ts": "2026-09-29T07:11:18Z"}
2026-09-30T03:15:43Z parking/lantai-1/slot/A1 {"slot_id": "A1", "status": "OCCUPIED", "distance_cm": 8.1, "ts": "2026-09-29T07:11:18Z"}
2026-09-30T03:15:44Z parking/lantai-1/slot/A1 {"slot_id": "A1", "status": "OCCUPIED", "distance_cm": 8.1, "ts": "2026-09-29T07:11:18Z"}
2026-09-30T03:15:45Z parking/lantai-1/slot/A1 {"slot_id": "A1", "status": "OCCUPIED", "distance_cm": 8.1, "ts": "2026-09-29T07:11:18Z"}
2026-09-30T03:15:46Z parking/lantai-1/slot/A1 {"slot_id": "A1", "status": "OCCUPIED", "distance_cm": 8.1, "ts": "2026-09-29T07:11:18Z"}
2026-09-30T03:15:48Z parking/lantai-1/slot/A1 {"slot_id": "A1", "status": "OCCUPIED", "distance_cm": 8.1, "ts": "2026-09-29T07:11:18Z"}
2026-09-30T03:15:49Z parking/lantai-1/slot/A1 {"slot_id": "A1", "status": "OCCUPIED", "distance_cm": 8.1, "ts": "2026-09-29T07:11:18Z"}
2026-09-30T03:15:50Z parking/lantai-1/slot/A1 {"slot_id": "A1", "status": "OCCUPIED", "distance_cm": 8.1, "ts": "2026-09-29T07:11:18Z"}
2026-09-30T03:15:51Z parking/lantai-1/slot/A1 {"slot_id": "A1", "status": "OCCUPIED", "distance_cm": 8.1, "ts": "2026-09-29T07:11:18Z"}
2026-09-30T03:15:52Z parking/lantai-1/slot/A1 {"slot_id": "A1", "status": "OCCUPIED", "distance_cm": 8.1, "ts": "2026-09-29T07:11:18Z"}
2026-09-30T03:15:53Z parking/lantai-1/slot/A1 {"slot_id": "A1", "status": "OCCUPIED", "distance_cm": 8.1, "ts": "2026-09-29T07:11:18Z"}
2026-09-30T03:15:54Z parking/lantai-1/slot/A1 {"slot_id": "A1", "status": "OCCUPIED", "distance_cm": 8.1, "ts": "2026-09-29T07:11:18Z"}
2026-09-30T03:15:55Z parking/lantai-1/slot/A1 {"slot_id": "A1", "status": "OCCUPIED", "distance_cm": 8.1, "ts": "2026-09-29T07:11:18Z"}
2026-09-30T03:15:56Z parking/lantai-1/slot/A1 {"slot_id": "A1", "status": "OCCUPIED", "distance_cm": 8.1, "ts": "2026-09-29T07:11:18Z"}
2026-09-30T03:15:57Z parking/lantai-1/slot/A1 {"slot_id": "A1", "status": "OCCUPIED", "distance_cm": 8.1, "ts": "2026-09-29T07:11:18Z"}
2026-09-30T03:15:58Z parking/lantai-1/slot/A1 {"slot_id": "A1", "status": "OCCUPIED", "distance_cm": 8.1, "ts": "2026-09-29T07:11:18Z"}
2026-09-30T03:15:59Z parking/lantai-1/slot/A1 {"slot_id": "A1", "status": "OCCUPIED", "distance_cm": 8.1, "ts": "2026-09-29T07:11:18Z"}
2026-09-30T03:16:00Z parking/lantai-1/slot/A1 {"slot_id": "A1", "status": "OCCUPIED", "distance_cm": 8.1, "ts": "2026-09-29T07:11:18Z"}
2026-09-30T03:16:01Z parking/lantai-1/slot/A1 {"slot_id": "A1", "status": "OCCUPIED", "distance_cm": 8.1, "ts": "2026-09-29T07:11:18Z"}
2026-09-30T03:16:02Z parking/lantai-1/slot/A1 {"slot_id": "A1", "status": "OCCUPIED", "distance_cm": 8.1, "ts": "2026-09-29T07:11:18Z"}
2026-09-30T03:16:03Z parking/lantai-1/slot/A1 {"slot_id": "A1", "status": "OCCUPIED", "distance_cm": 8.1, "ts": "2026-09-29T07:11:18Z"}
2026-09-30T03:16:04Z parking/lantai-1/slot/A1 {"slot_id": "A1", "status": "OCCUPIED", "distance_cm": 8.1, "ts": "2026-09-29T07:11:18Z"}
2026-09-30T03:16:05Z parking/lantai-1/slot/A1 {"slot_id": "A1", "status": "OCCUPIED", "distance_cm": 8.1, "ts": "2026-09-29T07:11:18Z"}
2026-09-30T03:16:06Z parking/lantai-1/slot/A1 {"slot_id": "A1", "status": "OCCUPIED", "distance_cm": 8.1, "ts": "2026-09-29T07:11:18Z"}
2026-09-30T03:16:07Z parking/lantai-1/slot/A1 {"slot_id": "A1", "status": "OCCUPIED", "distance_cm": 8.1, "ts": "2026-09-29T07:11:18Z"}
2026-09-30T03:16:08Z parking/lantai-1/slot/A1 {"slot_id": "A1", "status": "OCCUPIED", "distance_cm": 8.1, "ts": "2026-09-29T07:11:18Z"}
2026-09-30T03:16:09Z parking/lantai-1/slot/A1 {"slot_id": "A1", "status": "OCCUPIED", "distance_cm": 8.1, "ts": "2026-09-29T07:11:18Z"}
2026-09-30T03:16:10Z parking/lantai-1/slot/A1 {"slot_id": "A1", "status": "OCCUPIED", "distance_cm": 8.1, "ts": "2026-09-29T07:11:18Z"}
2026-09-30T03:16:11Z parking/lantai-1/slot/A1 {"slot_id": "A1", "status": "OCCUPIED", "distance_cm": 8.1, "ts": "2026-09-29T07:11:18Z"}
2026-09-30T03:16:12Z parking/lantai-1/slot/A1 {"slot_id": "A1", "status": "OCCUPIED", "distance_cm": 8.1, "ts": "2026-09-29T07:11:18Z"}
2026-09-30T03:16:13Z parking/lantai-1/slot/A1 {"slot_id": "A1", "status": "OCCUPIED", "distance_cm": 8.1, "ts": "2026-09-29T07:11:18Z"}
2026-09-30T03:16:14Z parking/lantai-1/slot/A1 {"slot_id": "A1", "status": "OCCUPIED", "distance_cm": 8.1, "ts": "2026-09-29T07:11:18Z"}
2026-09-30T03:16:15Z parking/lantai-1/slot/A1 {"slot_id": "A1", "status": "OCCUPIED", "distance_cm": 8.1, "ts": "2026-09-29T07:11:18Z"}
2026-09-30T03:16:16Z parking/lantai-1/slot/A1 {"slot_id": "A1", "status": "OCCUPIED", "distance_cm": 8.1, "ts": "2026-09-29T07:11:18Z"}
2026-09-30T03:16:17Z parking/lantai-1/slot/A1 {"slot_id": "A1", "status": "OCCUPIED", "distance_cm": 8.1, "ts": "2026-09-29T07:11:18Z"}
2026-09-30T03:16:18Z parking/lantai-1/slot/A1 {"slot_id": "A1", "status": "OCCUPIED", "distance_cm": 8.1, "ts": "2026-09-29T07:11:18Z"}
2026-09-30T03:16:19Z parking/lantai-1/slot/A1 {"slot_id": "A1", "status": "OCCUPIED", "distance_cm": 8.1, "ts": "2026-09-29T07:11:18Z"}
2026-09-30T03:16:20Z parking/lantai-1/slot/A1 {"slot_id": "A1", "status": "OCCUPIED", "distance_cm": 8.1, "ts": "2026-09-29T07:11:18Z"}
2026-09-30T03:16:21Z parking/lantai-1/slot/A1 {"slot_id": "A1", "status": "OCCUPIED", "distance_cm": 8.1, "ts": "2026-09-29T07:11:18Z"}
2026-09-30T03:16:22Z parking/lantai-1/slot/A1 {"slot_id": "A1", "status": "OCCUPIED", "distance_cm": 8.1, "ts": "2026-09-29T07:11:18Z"}
2026-09-30T03:16:23Z parking/lantai-1/slot/A1 {"slot_id": "A1", "status": "OCCUPIED", "distance_cm": 8.1, "ts": "2026-09-29T07:11:18Z"}
2026-09-30T03:16:24Z parking/lantai-1/slot/A1 {"slot_id": "A1", "status": "OCCUPIED", "distance_cm": 8.1, "ts": "2026-09-29T07:11:18Z"}
2026-09-30T03:16:25Z parking/lantai-1/slot/A1 {"slot_id": "A1", "status": "OCCUPIED", "distance_cm": 8.1, "ts": "2026-09-29T07:11:18Z"}
2026-09-30T03:16:26Z parking/lantai-1/slot/A1 {"slot_id": "A1", "status": "OCCUPIED", "distance_cm": 8.1, "ts": "2026-09-29T07:11:18Z"}
2026-09-30T03:16:27Z parking/lantai-1/slot/A1 {"slot_id": "A1", "status": "OCCUPIED", "distance_cm": 8.1, "ts": "2026-09-29T07:11:18Z"}
2026-09-30T03:16:28Z parking/lantai-1/slot/A1 {"slot_id": "A1", "status": "OCCUPIED", "distance_cm": 8.1, "ts": "2026-09-29T07:11:18Z"}
2026-09-30T03:16:29Z parking/lantai-1/slot/A1 {"slot_id": "A1", "status": "OCCUPIED", "distance_cm": 8.1, "ts": "2026-09-29T07:11:18Z"}
2026-09-30T03:16:30Z parking/lantai-1/slot/A1 {"slot_id": "A1", "status": "OCCUPIED", "distance_cm": 8.1, "ts": "2026-09-29T07:11:18Z"}
2026-09-30T03:16:31Z parking/lantai-1/slot/A1 {"slot_id": "A1", "status": "OCCUPIED", "distance_cm": 8.1, "ts": "2026-09-29T07:11:18Z"}
2026-09-30T03:16:32Z parking/lantai-1/slot/A1 {"slot_id": "A1", "status": "OCCUPIED", "distance_cm": 8.1, "ts": "2026-09-29T07:11:18Z"}
2026-09-30T03:16:33Z parking/lantai-1/slot/A1 {"slot_id": "A1", "status": "OCCUPIED", "distance_cm": 8.1, "ts": "2026-09-29T07:11:18Z"}
2026-09-30T03:16:34Z parking/lantai-1/slot/A1 {"slot_id": "A1", "status": "OCCUPIED", "distance_cm": 8.1, "ts": "2026-09-29T07:11:18Z"}
2026-09-30T03:16:35Z parking/lantai-1/slot/A1 {"slot_id": "A1", "status": "OCCUPIED", "distance_cm": 8.1, "ts": "2026-09-29T07:11:18Z"}
2026-09-30T03:16:36Z parking/lantai-1/slot/A1 {"slot_id": "A1", "status": "OCCUPIED", "distance_cm": 8.1, "ts": "2026-09-29T07:11:18Z"}
2026-09-30T03:16:37Z parking/lantai-1/slot/A1 {"slot_id": "A1", "status": "OCCUPIED", "distance_cm": 8.1, "ts": "2026-09-29T07:11:18Z"}
2026-09-30T03:16:38Z parking/lantai-1/slot/A1 {"slot_id": "A1", "status": "OCCUPIED", "distance_cm": 8.1, "ts": "2026-09-29T07:11:18Z"}
2026-09-30T03:16:39Z parking/lantai-1/slot/A1 {"slot_id": "A1", "status": "OCCUPIED", "distance_cm": 8.1, "ts": "2026-09-29T07:11:18Z"}
2026-09-30T03:16:40Z parking/lantai-1/slot/A1 {"slot_id": "A1", "status": "OCCUPIED", "distance_cm": 8.1, "ts": "2026-09-29T07:11:18Z"}
2026-09-30T03:16:41Z parking/lantai-1/slot/A1 {"slot_id": "A1", "status": "OCCUPIED", "distance_cm": 8.1, "ts": "2026-09-29T07:11:18Z"}
2026-09-30T03:16:42Z parking/lantai-1/slot/A1 {"slot_id": "A1", "status": "OCCUPIED", "distance_cm": 8.1, "ts": "2026-09-29T07:11:18Z"}
2026-09-30T03:16:43Z parking/lantai-1/slot/A1 {"slot_id": "A1", "status": "OCCUPIED", "distance_cm": 8.1, "ts": "2026-09-29T07:11:18Z"}
2026-09-30T03:16:44Z parking/lantai-1/slot/A1 {"slot_id": "A1", "status": "OCCUPIED", "distance_cm": 8.1, "ts": "2026-09-29T07:11:18Z"}
2026-09-30T03:16:45Z parking/lantai-1/slot/A1 {"slot_id": "A1", "status": "OCCUPIED", "distance_cm": 8.1, "ts": "2026-09-29T07:11:18Z"}
2026-09-30T03:16:46Z parking/lantai-1/slot/A1 {"slot_id": "A1", "status": "OCCUPIED", "distance_cm": 8.1, "ts": "2026-09-29T07:11:18Z"}
2026-09-30T03:16:47Z parking/lantai-1/slot/A1 {"slot_id": "A1", "status": "OCCUPIED", "distance_cm": 8.1, "ts": "2026-09-29T07:11:18Z"}
2026-09-30T03:16:48Z parking/lantai-1/slot/A1 {"slot_id": "A1", "status": "OCCUPIED", "distance_cm": 8.1, "ts": "2026-09-29T07:11:18Z"}
2026-09-30T03:16:49Z parking/lantai-1/slot/A1 {"slot_id": "A1", "status": "OCCUPIED", "distance_cm": 8.1, "ts": "2026-09-29T07:11:18Z"}
2026-09-30T03:16:50Z parking/lantai-1/slot/A1 {"slot_id": "A1", "status": "OCCUPIED", "distance_cm": 8.1, "ts": "2026-09-29T07:11:18Z"}
2026-09-30T03:16:51Z parking/lantai-1/slot/A1 {"slot_id": "A1", "status": "OCCUPIED", "distance_cm": 8.1, "ts": "2026-09-29T07:11:18Z"}
2026-09-30T03:16:52Z parking/lantai-1/slot/A1 {"slot_id": "A1", "status": "OCCUPIED", "distance_cm": 8.1, "ts": "2026-09-29T07:11:18Z"}
2026-09-30T03:16:53Z parking/lantai-1/slot/A1 {"slot_id": "A1", "status": "OCCUPIED", "distance_cm": 8.1, "ts": "2026-09-29T07:11:18Z"}
2026-09-30T03:16:54Z parking/lantai-1/slot/A1 {"slot_id": "A1", "status": "OCCUPIED", "distance_cm": 8.1, "ts": "2026-09-29T07:11:18Z"}
2026-09-30T03:16:55Z parking/lantai-1/slot/A1 {"slot_id": "A1", "status": "OCCUPIED", "distance_cm": 8.1, "ts": "2026-09-29T07:11:18Z"}
2026-09-30T03:16:56Z parking/lantai-1/slot/A1 {"slot_id": "A1", "status": "OCCUPIED", "distance_cm": 8.1, "ts": "2026-09-29T07:11:18Z"}
2026-09-30T03:16:57Z parking/lantai-1/slot/A1 {"slot_id": "A1", "status": "OCCUPIED", "distance_cm": 8.1, "ts": "2026-09-29T07:11:18Z"}
2026-09-30T03:16:58Z parking/lantai-1/slot/A1 {"slot_id": "A1", "status": "OCCUPIED", "distance_cm": 8.1, "ts": "2026-09-29T07:11:18Z"}
2026-09-30T03:16:59Z parking/lantai-1/slot/A1 {"slot_id": "A1", "status": "OCCUPIED", "distance_cm": 8.1, "ts": "2026-09-29T07:11:18Z"}
2026-09-30T03:17:00Z parking/lantai-1/slot/A1 {"slot_id": "A1", "status": "OCCUPIED", "distance_cm": 8.1, "ts": "2026-09-29T07:11:18Z"}
2026-09-30T03:17:01Z parking/lantai-1/slot/A1 {"slot_id": "A1", "status": "OCCUPIED", "distance_cm": 8.1, "ts": "2026-09-29T07:11:18Z"}
2026-09-30T03:17:02Z parking/lantai-1/slot/A1 {"slot_id": "A1", "status": "OCCUPIED", "distance_cm": 8.1, "ts": "2026-09-29T07:11:18Z"}
2026-09-30T03:17:03Z parking/lantai-1/slot/A1 {"slot_id": "A1", "status": "OCCUPIED", "distance_cm": 8.1, "ts": "2026-09-29T07:11:18Z"}
2026-09-30T03:17:04Z parking/lantai-1/slot/A1 {"slot_id": "A1", "status": "OCCUPIED", "distance_cm": 8.1, "ts": "2026-09-29T07:11:18Z"}
2026-09-30T03:17:05Z parking/lantai-1/slot/A1 {"slot_id": "A1", "status": "OCCUPIED", "distance_cm": 8.1, "ts": "2026-09-29T07:11:18Z"}
2026-09-30T03:17:06Z parking/lantai-1/slot/A1 {"slot_id": "A1", "status": "OCCUPIED", "distance_cm": 8.1, "ts": "2026-09-29T07:11:18Z"}
2026-09-30T03:17:07Z parking/lantai-1/slot/A1 {"slot_id": "A1", "status": "OCCUPIED", "distance_cm": 8.1, "ts": "2026-09-29T07:11:18Z"}
2026-09-30T03:17:08Z parking/lantai-1/slot/A1 {"slot_id": "A1", "status": "OCCUPIED", "distance_cm": 8.1, "ts": "2026-09-29T07:11:18Z"}
2026-09-30T03:17:09Z parking/lantai-1/slot/A1 {"slot_id": "A1", "status": "OCCUPIED", "distance_cm": 8.1, "ts": "2026-09-29T07:11:18Z"}
2026-09-30T03:17:10Z parking/lantai-1/slot/A1 {"slot_id": "A1", "status": "OCCUPIED", "distance_cm": 8.1, "ts": "2026-09-29T07:11:18Z"}
2026-09-30T03:17:11Z parking/lantai-1/slot/A1 {"slot_id": "A1", "status": "OCCUPIED", "distance_cm": 8.1, "ts": "2026-09-29T07:11:18Z"}
2026-09-30T03:17:12Z parking/lantai-1/slot/A1 {"slot_id": "A1", "status": "OCCUPIED", "distance_cm": 8.1, "ts": "2026-09-29T07:11:18Z"}
2026-09-30T03:17:13Z parking/lantai-1/slot/A1 {"slot_id": "A1", "status": "OCCUPIED", "distance_cm": 8.1, "ts": "2026-09-29T07:11:18Z"}
2026-09-30T03:17:14Z parking/lantai-1/slot/A1 {"slot_id": "A1", "status": "OCCUPIED", "distance_cm": 8.1, "ts": "2026-09-29T07:11:18Z"}
2026-09-30T03:17:15Z parking/lantai-1/slot/A1 {"slot_id": "A1", "status": "OCCUPIED", "distance_cm": 8.1, "ts": "2026-09-29T07:11:18Z"}
2026-09-30T03:17:16Z parking/lantai-1/slot/A1 {"slot_id": "A1", "status": "OCCUPIED", "distance_cm": 8.1, "ts": "2026-09-29T07:11:18Z"}
2026-09-30T03:17:17Z parking/lantai-1/slot/A1 {"slot_id": "A1", "status": "OCCUPIED", "distance_cm": 8.1, "ts": "2026-09-29T07:11:18Z"}
2026-09-30T03:17:18Z parking/lantai-1/slot/A1 {"slot_id": "A1", "status": "OCCUPIED", "distance_cm": 8.1, "ts": "2026-09-29T07:11:18Z"}
2026-09-30T03:17:19Z parking/lantai-1/slot/A1 {"slot_id": "A1", "status": "OCCUPIED", "distance_cm": 8.1, "ts": "2026-09-29T07:11:18Z"}
2026-09-30T03:17:20Z parking/lantai-1/slot/A1 {"slot_id": "A1", "status": "OCCUPIED", "distance_cm": 8.1, "ts": "2026-09-29T07:11:18Z"}
2026-09-30T03:17:21Z parking/lantai-1/slot/A1 {"slot_id": "A1", "status": "OCCUPIED", "distance_cm": 8.1, "ts": "2026-09-29T07:11:18Z"}
2026-09-30T03:17:22Z parking/lantai-1/slot/A1 {"slot_id": "A1", "status": "OCCUPIED", "distance_cm": 8.1, "ts": "2026-09-29T07:11:18Z"}
2026-09-30T03:17:23Z parking/lantai-1/slot/A1 {"slot_id": "A1", "status": "OCCUPIED", "distance_cm": 8.1, "ts": "2026-09-29T07:11:18Z"}
2026-09-30T03:17:24Z parking/lantai-1/slot/A1 {"slot_id": "A1", "status": "OCCUPIED", "distance_cm": 8.1, "ts": "2026-09-29T07:11:18Z"}
2026-09-30T03:17:25Z parking/lantai-1/slot/A1 {"slot_id": "A1", "status": "OCCUPIED", "distance_cm": 8.1, "ts": "2026-09-29T07:11:18Z"}
2026-09-30T03:17:26Z parking/lantai-1/slot/A1 {"slot_id": "A1", "status": "OCCUPIED", "distance_cm": 8.1, "ts": "2026-09-29T07:11:18Z"}
2026-09-30T03:17:27Z parking/lantai-1/slot/A1 {"slot_id": "A1", "status": "OCCUPIED", "distance_cm": 8.1, "ts": "2026-09-29T07:11:18Z"}
2026-09-30T03:17:28Z parking/lantai-1/slot/A1 {"slot_id": "A1", "status": "OCCUPIED", "distance_cm": 8.1, "ts": "2026-09-29T07:11:18Z"}
2026-09-30T03:17:29Z parking/lantai-1/slot/A1 {"slot_id": "A1", "status": "OCCUPIED", "distance_cm": 8.1, "ts": "2026-09-29T07:11:18Z"}
2026-09-30T03:17:30Z parking/lantai-1/slot/A1 {"slot_id": "A1", "status": "OCCUPIED", "distance_cm": 8.1, "ts": "2026-09-29T07:11:18Z"}
2026-09-30T03:17:31Z parking/lantai-1/slot/A1 {"slot_id": "A1", "status": "OCCUPIED", "distance_cm": 8.1, "ts": "2026-09-29T07:11:18Z"}
2026-09-30T03:17:32Z parking/lantai-1/slot/A1 {"slot_id": "A1", "status": "OCCUPIED", "distance_cm": 8.1, "ts": "2026-09-29T07:11:18Z"}
2026-09-30T03:17:33Z parking/lantai-1/slot/A1 {"slot_id": "A1", "status": "OCCUPIED", "distance_cm": 8.1, "ts": "2026-09-29T07:11:18Z"}
2026-09-30T03:17:34Z parking/lantai-1/slot/A1 {"slot_id": "A1", "status": "OCCUPIED", "distance_cm": 8.1, "ts": "2026-09-29T07:11:18Z"}
2026-09-30T03:17:35Z parking/lantai-1/slot/A1 {"slot_id": "A1", "status": "OCCUPIED", "distance_cm": 8.1, "ts": "2026-09-29T07:11:18Z"}
2026-09-30T03:17:36Z parking/lantai-1/slot/A1 {"slot_id": "A1", "status": "OCCUPIED", "distance_cm": 8.1, "ts": "2026-09-29T07:11:18Z"}
2026-09-30T03:17:37Z parking/lantai-1/slot/A1 {"slot_id": "A1", "status": "OCCUPIED", "distance_cm": 8.1, "ts": "2026-09-29T07:11:18Z"}
2026-09-30T03:17:38Z parking/lantai-1/slot/A1 {"slot_id": "A1", "status": "OCCUPIED", "distance_cm": 8.1, "ts": "2026-09-29T07:11:18Z"}
2026-09-30T03:17:39Z parking/lantai-1/slot/A1 {"slot_id": "A1", "status": "OCCUPIED", "distance_cm": 8.1, "ts": "2026-09-29T07:11:18Z"}
2026-09-30T03:17:40Z parking/lantai-1/slot/A1 {"slot_id": "A1", "status": "OCCUPIED", "distance_cm": 8.1, "ts": "2026-09-29T07:11:18Z"}
2026-09-30T03:17:41Z parking/lantai-1/slot/A1 {"slot_id": "A1", "status": "OCCUPIED", "distance_cm": 8.1, "ts": "2026-09-29T07:11:18Z"}
2026-09-30T03:17:42Z parking/lantai-1/slot/A1 {"slot_id": "A1", "status": "OCCUPIED", "distance_cm": 8.1, "ts": "2026-09-29T07:11:18Z"}
2026-09-30T03:17:43Z parking/lantai-1/slot/A1 {"slot_id": "A1", "status": "OCCUPIED", "distance_cm": 8.1, "ts": "2026-09-29T07:11:18Z"}
2026-09-30T03:17:44Z parking/lantai-1/slot/A1 {"slot_id": "A1", "status": "OCCUPIED", "distance_cm": 8.1, "ts": "2026-09-29T07:11:18Z"}
2026-09-30T03:17:45Z parking/lantai-1/slot/A1 {"slot_id": "A1", "status": "OCCUPIED", "distance_cm": 8.1, "ts": "2026-09-29T07:11:18Z"}
2026-09-30T03:17:47Z parking/lantai-1/slot/A1 {"slot_id": "A1", "status": "OCCUPIED", "distance_cm": 8.1, "ts": "2026-09-29T07:11:18Z"}
2026-09-30T03:17:48Z parking/lantai-1/slot/A1 {"slot_id": "A1", "status": "OCCUPIED", "distance_cm": 8.1, "ts": "2026-09-29T07:11:18Z"}
2026-09-30T03:17:49Z parking/lantai-1/slot/A1 {"slot_id": "A1", "status": "OCCUPIED", "distance_cm": 8.1, "ts": "2026-09-29T07:11:18Z"}
2026-09-30T03:17:50Z parking/lantai-1/slot/A1 {"slot_id": "A1", "status": "OCCUPIED", "distance_cm": 8.1, "ts": "2026-09-29T07:11:18Z"}
2026-09-30T03:17:51Z parking/lantai-1/slot/A1 {"slot_id": "A1", "status": "OCCUPIED", "distance_cm": 8.1, "ts": "2026-09-29T07:11:18Z"}
2026-09-30T03:17:52Z parking/lantai-1/slot/A1 {"slot_id": "A1", "status": "OCCUPIED", "distance_cm": 8.1, "ts": "2026-09-29T07:11:18Z"}
2026-09-30T03:17:53Z parking/lantai-1/slot/A1 {"slot_id": "A1", "status": "OCCUPIED", "distance_cm": 8.1, "ts": "2026-09-29T07:11:18Z"}
2026-09-30T03:17:54Z parking/lantai-1/slot/A1 {"slot_id": "A1", "status": "OCCUPIED", "distance_cm": 8.1, "ts": "2026-09-29T07:11:18Z"}
2026-09-30T03:17:55Z parking/lantai-1/slot/A1 {"slot_id": "A1", "status": "OCCUPIED", "distance_cm": 8.1, "ts": "2026-09-29T07:11:18Z"}
2026-09-30T03:17:56Z parking/lantai-1/slot/A1 {"slot_id": "A1", "status": "OCCUPIED", "distance_cm": 8.1, "ts": "2026-09-29T07:11:18Z"}
2026-09-30T03:17:57Z parking/lantai-1/slot/A1 {"slot_id": "A1", "status": "OCCUPIED", "distance_cm": 8.1, "ts": "2026-09-29T07:11:18Z"}
2026-09-30T03:17:58Z parking/lantai-1/slot/A1 {"slot_id": "A1", "status": "OCCUPIED", "distance_cm": 8.1, "ts": "2026-09-29T07:11:18Z"}
2026-09-30T03:17:59Z parking/lantai-1/slot/A1 {"slot_id": "A1", "status": "OCCUPIED", "distance_cm": 8.1, "ts": "2026-09-29T07:11:18Z"}
2026-09-30T03:18:00Z parking/lantai-1/slot/A1 {"slot_id": "A1", "status": "OCCUPIED", "distance_cm": 8.1, "ts": "2026-09-29T07:11:18Z"}
2026-09-30T03:18:01Z parking/lantai-1/slot/A1 {"slot_id": "A1", "status": "OCCUPIED", "distance_cm": 8.1, "ts": "2026-09-29T07:11:18Z"}
2026-09-30T03:18:02Z parking/lantai-1/slot/A1 {"slot_id": "A1", "status": "OCCUPIED", "distance_cm": 8.1, "ts": "2026-09-29T07:11:18Z"}
2026-09-30T03:18:03Z parking/lantai-1/slot/A1 {"slot_id": "A1", "status": "OCCUPIED", "distance_cm": 8.1, "ts": "2026-09-29T07:11:18Z"}
2026-09-30T03:18:04Z parking/lantai-1/slot/A1 {"slot_id": "A1", "status": "OCCUPIED", "distance_cm": 8.1, "ts": "2026-09-29T07:11:18Z"}
2026-09-30T03:18:05Z parking/lantai-1/slot/A1 {"slot_id": "A1", "status": "OCCUPIED", "distance_cm": 8.1, "ts": "2026-09-29T07:11:18Z"}
2026-09-30T03:18:06Z parking/lantai-1/slot/A1 {"slot_id": "A1", "status": "OCCUPIED", "distance_cm": 8.1, "ts": "2026-09-29T07:11:18Z"}
2026-09-30T03:18:07Z parking/lantai-1/slot/A1 {"slot_id": "A1", "status": "OCCUPIED", "distance_cm": 8.1, "ts": "2026-09-29T07:11:18Z"}
2026-09-30T03:18:08Z parking/lantai-1/slot/A1 {"slot_id": "A1", "status": "OCCUPIED", "distance_cm": 8.1, "ts": "2026-09-29T07:11:18Z"}
2026-09-30T03:18:09Z parking/lantai-1/slot/A1 {"slot_id": "A1", "status": "OCCUPIED", "distance_cm": 8.1, "ts": "2026-09-29T07:11:18Z"}
2026-09-30T03:18:10Z parking/lantai-1/slot/A1 {"slot_id": "A1", "status": "OCCUPIED", "distance_cm": 8.1, "ts": "2026-09-29T07:11:18Z"}
2026-09-30T03:18:11Z parking/lantai-1/slot/A1 {"slot_id": "A1", "status": "OCCUPIED", "distance_cm": 8.1, "ts": "2026-09-29T07:11:18Z"}
2026-09-30T03:18:12Z parking/lantai-1/slot/A1 {"slot_id": "A1", "status": "OCCUPIED", "distance_cm": 8.1, "ts": "2026-09-29T07:11:18Z"}
2026-09-30T03:18:13Z parking/lantai-1/slot/A1 {"slot_id": "A1", "status": "OCCUPIED", "distance_cm": 8.1, "ts": "2026-09-29T07:11:18Z"}
2026-09-30T03:18:14Z parking/lantai-1/slot/A1 {"slot_id": "A1", "status": "OCCUPIED", "distance_cm": 8.1, "ts": "2026-09-29T07:11:18Z"}
2026-09-30T03:18:15Z parking/lantai-1/slot/A1 {"slot_id": "A1", "status": "OCCUPIED", "distance_cm": 8.1, "ts": "2026-09-29T07:11:18Z"}
2026-09-30T03:18:16Z parking/lantai-1/slot/A1 {"slot_id": "A1", "status": "OCCUPIED", "distance_cm": 8.1, "ts": "2026-09-29T07:11:18Z"}
2026-09-30T03:18:17Z parking/lantai-1/slot/A1 {"slot_id": "A1", "status": "OCCUPIED", "distance_cm": 8.1, "ts": "2026-09-29T07:11:18Z"}
2026-09-30T03:18:18Z parking/lantai-1/slot/A1 {"slot_id": "A1", "status": "OCCUPIED", "distance_cm": 8.1, "ts": "2026-09-29T07:11:18Z"}
2026-09-30T03:18:19Z parking/lantai-1/slot/A1 {"slot_id": "A1", "status": "OCCUPIED", "distance_cm": 8.1, "ts": "2026-09-29T07:11:18Z"}
2026-09-30T03:18:20Z parking/lantai-1/slot/A1 {"slot_id": "A1", "status": "OCCUPIED", "distance_cm": 8.1, "ts": "2026-09-29T07:11:18Z"}
2026-09-30T03:18:21Z parking/lantai-1/slot/A1 {"slot_id": "A1", "status": "OCCUPIED", "distance_cm": 8.1, "ts": "2026-09-29T07:11:18Z"}
2026-09-30T03:18:22Z parking/lantai-1/slot/A1 {"slot_id": "A1", "status": "OCCUPIED", "distance_cm": 8.1, "ts": "2026-09-29T07:11:18Z"}
2026-09-30T03:18:23Z parking/lantai-1/slot/A1 {"slot_id": "A1", "status": "OCCUPIED", "distance_cm": 8.1, "ts": "2026-09-29T07:11:18Z"}
2026-09-30T03:18:24Z parking/lantai-1/slot/A1 {"slot_id": "A1", "status": "OCCUPIED", "distance_cm": 8.1, "ts": "2026-09-29T07:11:18Z"}
2026-09-30T03:18:25Z parking/lantai-1/slot/A1 {"slot_id": "A1", "status": "OCCUPIED", "distance_cm": 8.1, "ts": "2026-09-29T07:11:18Z"}
2026-09-30T03:18:26Z parking/lantai-1/slot/A1 {"slot_id": "A1", "status": "OCCUPIED", "distance_cm": 8.1, "ts": "2026-09-29T07:11:18Z"}
2026-09-30T03:18:27Z parking/lantai-1/slot/A1 {"slot_id": "A1", "status": "OCCUPIED", "distance_cm": 8.1, "ts": "2026-09-29T07:11:18Z"}
2026-09-30T03:18:28Z parking/lantai-1/slot/A1 {"slot_id": "A1", "status": "OCCUPIED", "distance_cm": 8.1, "ts": "2026-09-29T07:11:18Z"}
2026-09-30T03:18:29Z parking/lantai-1/slot/A1 {"slot_id": "A1", "status": "OCCUPIED", "distance_cm": 8.1, "ts": "2026-09-29T07:11:18Z"}
2026-09-30T03:18:30Z parking/lantai-1/slot/A1 {"slot_id": "A1", "status": "OCCUPIED", "distance_cm": 8.1, "ts": "2026-09-29T07:11:18Z"}
2026-09-30T03:18:31Z parking/lantai-1/slot/A1 {"slot_id": "A1", "status": "OCCUPIED", "distance_cm": 8.1, "ts": "2026-09-29T07:11:18Z"}
2026-09-30T03:18:32Z parking/lantai-1/slot/A1 {"slot_id": "A1", "status": "OCCUPIED", "distance_cm": 8.1, "ts": "2026-09-29T07:11:18Z"}
2026-09-30T03:18:33Z parking/lantai-1/slot/A1 {"slot_id": "A1", "status": "OCCUPIED", "distance_cm": 8.1, "ts": "2026-09-29T07:11:18Z"}
2026-09-30T03:18:34Z parking/lantai-1/slot/A1 {"slot_id": "A1", "status": "OCCUPIED", "distance_cm": 8.1, "ts": "2026-09-29T07:11:18Z"}
2026-09-30T03:18:35Z parking/lantai-1/slot/A1 {"slot_id": "A1", "status": "OCCUPIED", "distance_cm": 8.1, "ts": "2026-09-29T07:11:18Z"}
2026-09-30T03:18:36Z parking/lantai-1/slot/A1 {"slot_id": "A1", "status": "OCCUPIED", "distance_cm": 8.1, "ts": "2026-09-29T07:11:18Z"}
2026-09-30T03:18:37Z parking/lantai-1/slot/A1 {"slot_id": "A1", "status": "OCCUPIED", "distance_cm": 8.1, "ts": "2026-09-29T07:11:18Z"}
2026-09-30T03:18:38Z parking/lantai-1/slot/A1 {"slot_id": "A1", "status": "OCCUPIED", "distance_cm": 8.1, "ts": "2026-09-29T07:11:18Z"}
2026-09-30T03:18:39Z parking/lantai-1/slot/A1 {"slot_id": "A1", "status": "OCCUPIED", "distance_cm": 8.1, "ts": "2026-09-29T07:11:18Z"}
2026-09-30T03:18:40Z parking/lantai-1/slot/A1 {"slot_id": "A1", "status": "OCCUPIED", "distance_cm": 8.1, "ts": "2026-09-29T07:11:18Z"}
2026-09-30T03:18:41Z parking/lantai-1/slot/A1 {"slot_id": "A1", "status": "OCCUPIED", "distance_cm": 8.1, "ts": "2026-09-29T07:11:18Z"}
2026-09-30T03:18:42Z parking/lantai-1/slot/A1 {"slot_id": "A1", "status": "OCCUPIED", "distance_cm": 8.1, "ts": "2026-09-29T07:11:18Z"}
2026-09-30T03:18:43Z parking/lantai-1/slot/A1 {"slot_id": "A1", "status": "OCCUPIED", "distance_cm": 8.1, "ts": "2026-09-29T07:11:18Z"}
2026-09-30T03:18:44Z parking/lantai-1/slot/A1 {"slot_id": "A1", "status": "OCCUPIED", "distance_cm": 8.1, "ts": "2026-09-29T07:11:18Z"}
2026-09-30T03:18:45Z parking/lantai-1/slot/A1 {"slot_id": "A1", "status": "OCCUPIED", "distance_cm": 8.1, "ts": "2026-09-29T07:11:18Z"}
2026-09-30T03:18:46Z parking/lantai-1/slot/A1 {"slot_id": "A1", "status": "OCCUPIED", "distance_cm": 8.1, "ts": "2026-09-29T07:11:18Z"}
2026-09-30T03:18:47Z parking/lantai-1/slot/A1 {"slot_id": "A1", "status": "OCCUPIED", "distance_cm": 8.1, "ts": "2026-09-29T07:11:18Z"}
2026-09-30T03:18:48Z parking/lantai-1/slot/A1 {"slot_id": "A1", "status": "OCCUPIED", "distance_cm": 8.1, "ts": "2026-09-29T07:11:18Z"}
2026-09-30T03:18:49Z parking/lantai-1/slot/A1 {"slot_id": "A1", "status": "OCCUPIED", "distance_cm": 8.1, "ts": "2026-09-29T07:11:18Z"}
2026-09-30T03:18:50Z parking/lantai-1/slot/A1 {"slot_id": "A1", "status": "OCCUPIED", "distance_cm": 8.1, "ts": "2026-09-29T07:11:18Z"}
2026-09-30T03:18:51Z parking/lantai-1/slot/A1 {"slot_id": "A1", "status": "OCCUPIED", "distance_cm": 8.1, "ts": "2026-09-29T07:11:18Z"}
2026-09-30T03:18:52Z parking/lantai-1/slot/A1 {"slot_id": "A1", "status": "OCCUPIED", "distance_cm": 8.1, "ts": "2026-09-29T07:11:18Z"}
2026-09-30T03:18:53Z parking/lantai-1/slot/A1 {"slot_id": "A1", "status": "OCCUPIED", "distance_cm": 8.1, "ts": "2026-09-29T07:11:18Z"}
2026-09-30T03:18:54Z parking/lantai-1/slot/A1 {"slot_id": "A1", "status": "OCCUPIED", "distance_cm": 8.1, "ts": "2026-09-29T07:11:18Z"}
2026-09-30T03:18:55Z parking/lantai-1/slot/A1 {"slot_id": "A1", "status": "OCCUPIED", "distance_cm": 8.1, "ts": "2026-09-29T07:11:18Z"}
2026-09-30T03:18:56Z parking/lantai-1/slot/A1 {"slot_id": "A1", "status": "OCCUPIED", "distance_cm": 8.1, "ts": "2026-09-29T07:11:18Z"}
2026-09-30T03:18:57Z parking/lantai-1/slot/A1 {"slot_id": "A1", "status": "OCCUPIED", "distance_cm": 8.1, "ts": "2026-09-29T07:11:18Z"}
2026-09-30T03:18:58Z parking/lantai-1/slot/A1 {"slot_id": "A1", "status": "OCCUPIED", "distance_cm": 8.1, "ts": "2026-09-29T07:11:18Z"}
2026-09-30T03:18:59Z parking/lantai-1/slot/A1 {"slot_id": "A1", "status": "OCCUPIED", "distance_cm": 8.1, "ts": "2026-09-29T07:11:18Z"}
2026-09-30T03:19:00Z parking/lantai-1/slot/A1 {"slot_id": "A1", "status": "OCCUPIED", "distance_cm": 8.1, "ts": "2026-09-29T07:11:18Z"}
2026-09-30T03:19:01Z parking/lantai-1/slot/A1 {"slot_id": "A1", "status": "OCCUPIED", "distance_cm": 8.1, "ts": "2026-09-29T07:11:18Z"}
2026-09-30T03:19:02Z parking/lantai-1/slot/A1 {"slot_id": "A1", "status": "OCCUPIED", "distance_cm": 8.1, "ts": "2026-09-29T07:11:18Z"}
2026-09-30T03:19:03Z parking/lantai-1/slot/A1 {"slot_id": "A1", "status": "OCCUPIED", "distance_cm": 8.1, "ts": "2026-09-29T07:11:18Z"}
2026-09-30T03:19:04Z parking/lantai-1/slot/A1 {"slot_id": "A1", "status": "OCCUPIED", "distance_cm": 8.1, "ts": "2026-09-29T07:11:18Z"}
2026-09-30T03:19:05Z parking/lantai-1/slot/A1 {"slot_id": "A1", "status": "OCCUPIED", "distance_cm": 8.1, "ts": "2026-09-29T07:11:18Z"}
2026-09-30T03:19:06Z parking/lantai-1/slot/A1 {"slot_id": "A1", "status": "OCCUPIED", "distance_cm": 8.1, "ts": "2026-09-29T07:11:18Z"}
2026-09-30T03:19:07Z parking/lantai-1/slot/A1 {"slot_id": "A1", "status": "OCCUPIED", "distance_cm": 8.1, "ts": "2026-09-29T07:11:18Z"}
2026-09-30T03:19:08Z parking/lantai-1/slot/A1 {"slot_id": "A1", "status": "OCCUPIED", "distance_cm": 8.1, "ts": "2026-09-29T07:11:18Z"}
2026-09-30T03:19:09Z parking/lantai-1/slot/A1 {"slot_id": "A1", "status": "OCCUPIED", "distance_cm": 8.1, "ts": "2026-09-29T07:11:18Z"}
2026-09-30T03:19:10Z parking/lantai-1/slot/A1 {"slot_id": "A1", "status": "OCCUPIED", "distance_cm": 8.1, "ts": "2026-09-29T07:11:18Z"}
2026-09-30T03:19:11Z parking/lantai-1/slot/A1 {"slot_id": "A1", "status": "OCCUPIED", "distance_cm": 8.1, "ts": "2026-09-29T07:11:18Z"}
2026-09-30T03:19:12Z parking/lantai-1/slot/A1 {"slot_id": "A1", "status": "OCCUPIED", "distance_cm": 8.1, "ts": "2026-09-29T07:11:18Z"}
2026-09-30T03:19:13Z parking/lantai-1/slot/A1 {"slot_id": "A1", "status": "OCCUPIED", "distance_cm": 8.1, "ts": "2026-09-29T07:11:18Z"}
2026-09-30T03:19:14Z parking/lantai-1/slot/A1 {"slot_id": "A1", "status": "OCCUPIED", "distance_cm": 8.1, "ts": "2026-09-29T07:11:18Z"}
2026-09-30T03:19:15Z parking/lantai-1/slot/A1 {"slot_id": "A1", "status": "OCCUPIED", "distance_cm": 8.1, "ts": "2026-09-29T07:11:18Z"}
2026-09-30T03:19:16Z parking/lantai-1/slot/A1 {"slot_id": "A1", "status": "OCCUPIED", "distance_cm": 8.1, "ts": "2026-09-29T07:11:18Z"}
2026-09-30T03:19:17Z parking/lantai-1/slot/A1 {"slot_id": "A1", "status": "OCCUPIED", "distance_cm": 8.1, "ts": "2026-09-29T07:11:18Z"}
2026-09-30T03:19:18Z parking/lantai-1/slot/A1 {"slot_id": "A1", "status": "OCCUPIED", "distance_cm": 8.1, "ts": "2026-09-29T07:11:18Z"}
2026-09-30T03:19:19Z parking/lantai-1/slot/A1 {"slot_id": "A1", "status": "OCCUPIED", "distance_cm": 8.1, "ts": "2026-09-29T07:11:18Z"}
2026-09-30T03:19:20Z parking/lantai-1/slot/A1 {"slot_id": "A1", "status": "OCCUPIED", "distance_cm": 8.1, "ts": "2026-09-29T07:11:18Z"}
2026-09-30T03:19:21Z parking/lantai-1/slot/A1 {"slot_id": "A1", "status": "OCCUPIED", "distance_cm": 8.1, "ts": "2026-09-29T07:11:18Z"}
2026-09-30T03:19:22Z parking/lantai-1/slot/A1 {"slot_id": "A1", "status": "OCCUPIED", "distance_cm": 8.1, "ts": "2026-09-29T07:11:18Z"}
2026-09-30T03:19:23Z parking/lantai-1/slot/A1 {"slot_id": "A1", "status": "OCCUPIED", "distance_cm": 8.1, "ts": "2026-09-29T07:11:18Z"}
2026-09-30T03:19:24Z parking/lantai-1/slot/A1 {"slot_id": "A1", "status": "OCCUPIED", "distance_cm": 8.1, "ts": "2026-09-29T07:11:18Z"}
2026-09-30T03:19:25Z parking/lantai-1/slot/A1 {"slot_id": "A1", "status": "OCCUPIED", "distance_cm": 8.1, "ts": "2026-09-29T07:11:18Z"}
2026-09-30T03:19:26Z parking/lantai-1/slot/A1 {"slot_id": "A1", "status": "OCCUPIED", "distance_cm": 8.1, "ts": "2026-09-29T07:11:18Z"}
2026-09-30T03:19:27Z parking/lantai-1/slot/A1 {"slot_id": "A1", "status": "OCCUPIED", "distance_cm": 8.1, "ts": "2026-09-29T07:11:18Z"}
2026-09-30T03:19:28Z parking/lantai-1/slot/A1 {"slot_id": "A1", "status": "OCCUPIED", "distance_cm": 8.1, "ts": "2026-09-29T07:11:18Z"}
2026-09-30T03:19:29Z parking/lantai-1/slot/A1 {"slot_id": "A1", "status": "OCCUPIED", "distance_cm": 8.1, "ts": "2026-09-29T07:11:18Z"}
2026-09-30T03:19:30Z parking/lantai-1/slot/A1 {"slot_id": "A1", "status": "OCCUPIED", "distance_cm": 8.1, "ts": "2026-09-29T07:11:18Z"}
2026-09-30T03:19:31Z parking/lantai-1/slot/A1 {"slot_id": "A1", "status": "OCCUPIED", "distance_cm": 8.1, "ts": "2026-09-29T07:11:18Z"}
2026-09-30T03:19:32Z parking/lantai-1/slot/A1 {"slot_id": "A1", "status": "OCCUPIED", "distance_cm": 8.1, "ts": "2026-09-29T07:11:18Z"}
2026-09-30T03:19:33Z parking/lantai-1/slot/A1 {"slot_id": "A1", "status": "OCCUPIED", "distance_cm": 8.1, "ts": "2026-09-29T07:11:18Z"}
2026-09-30T03:19:34Z parking/lantai-1/slot/A1 {"slot_id": "A1", "status": "OCCUPIED", "distance_cm": 8.1, "ts": "2026-09-29T07:11:18Z"}
2026-09-30T03:19:35Z parking/lantai-1/slot/A1 {"slot_id": "A1", "status": "OCCUPIED", "distance_cm": 8.1, "ts": "2026-09-29T07:11:18Z"}
2026-09-30T03:19:36Z parking/lantai-1/slot/A1 {"slot_id": "A1", "status": "OCCUPIED", "distance_cm": 8.1, "ts": "2026-09-29T07:11:18Z"}
2026-09-30T03:19:37Z parking/lantai-1/slot/A1 {"slot_id": "A1", "status": "OCCUPIED", "distance_cm": 8.1, "ts": "2026-09-29T07:11:18Z"}
2026-09-30T03:19:38Z parking/lantai-1/slot/A1 {"slot_id": "A1", "status": "OCCUPIED", "distance_cm": 8.1, "ts": "2026-09-29T07:11:18Z"}
2026-09-30T03:19:39Z parking/lantai-1/slot/A1 {"slot_id": "A1", "status": "OCCUPIED", "distance_cm": 8.1, "ts": "2026-09-29T07:11:18Z"}
2026-09-30T03:19:40Z parking/lantai-1/slot/A1 {"slot_id": "A1", "status": "OCCUPIED", "distance_cm": 8.1, "ts": "2026-09-29T07:11:18Z"}
2026-09-30T03:19:41Z parking/lantai-1/slot/A1 {"slot_id": "A1", "status": "OCCUPIED", "distance_cm": 8.1, "ts": "2026-09-29T07:11:18Z"}
2026-09-30T03:19:42Z parking/lantai-1/slot/A1 {"slot_id": "A1", "status": "OCCUPIED", "distance_cm": 8.1, "ts": "2026-09-29T07:11:18Z"}
2026-09-30T03:19:43Z parking/lantai-1/slot/A1 {"slot_id": "A1", "status": "OCCUPIED", "distance_cm": 8.1, "ts": "2026-09-29T07:11:18Z"}
2026-09-30T03:19:44Z parking/lantai-1/slot/A1 {"slot_id": "A1", "status": "OCCUPIED", "distance_cm": 8.1, "ts": "2026-09-29T07:11:18Z"}
2026-09-30T03:19:45Z parking/lantai-1/slot/A1 {"slot_id": "A1", "status": "OCCUPIED", "distance_cm": 8.1, "ts": "2026-09-29T07:11:18Z"}
2026-09-30T03:19:46Z parking/lantai-1/slot/A1 {"slot_id": "A1", "status": "OCCUPIED", "distance_cm": 8.1, "ts": "2026-09-29T07:11:18Z"}
2026-09-30T03:19:47Z parking/lantai-1/slot/A1 {"slot_id": "A1", "status": "OCCUPIED", "distance_cm": 8.1, "ts": "2026-09-29T07:11:18Z"}
2026-09-30T03:19:48Z parking/lantai-1/slot/A1 {"slot_id": "A1", "status": "OCCUPIED", "distance_cm": 8.1, "ts": "2026-09-29T07:11:18Z"}
2026-09-30T03:19:49Z parking/lantai-1/slot/A1 {"slot_id": "A1", "status": "OCCUPIED", "distance_cm": 8.1, "ts": "2026-09-29T07:11:18Z"}
2026-09-30T03:19:50Z parking/lantai-1/slot/A1 {"slot_id": "A1", "status": "OCCUPIED", "distance_cm": 8.1, "ts": "2026-09-29T07:11:18Z"}
2026-09-30T03:19:51Z parking/lantai-1/slot/A1 {"slot_id": "A1", "status": "OCCUPIED", "distance_cm": 8.1, "ts": "2026-09-29T07:11:18Z"}
2026-09-30T03:19:52Z parking/lantai-1/slot/A1 {"slot_id": "A1", "status": "OCCUPIED", "distance_cm": 8.1, "ts": "2026-09-29T07:11:18Z"}
2026-09-30T03:19:54Z parking/lantai-1/slot/A1 {"slot_id": "A1", "status": "OCCUPIED", "distance_cm": 8.1, "ts": "2026-09-29T07:11:18Z"}
2026-09-30T03:19:54Z parking/lantai-1/slot/A1 {"slot_id": "A1", "status": "OCCUPIED", "distance_cm": 8.1, "ts": "2026-09-29T07:11:18Z"}
2026-09-30T03:19:56Z parking/lantai-1/slot/A1 {"slot_id": "A1", "status": "OCCUPIED", "distance_cm": 8.1, "ts": "2026-09-29T07:11:18Z"}
2026-09-30T03:19:57Z parking/lantai-1/slot/A1 {"slot_id": "A1", "status": "OCCUPIED", "distance_cm": 8.1, "ts": "2026-09-29T07:11:18Z"}
2026-09-30T03:19:58Z parking/lantai-1/slot/A1 {"slot_id": "A1", "status": "OCCUPIED", "distance_cm": 8.1, "ts": "2026-09-29T07:11:18Z"}
2026-09-30T03:19:59Z parking/lantai-1/slot/A1 {"slot_id": "A1", "status": "OCCUPIED", "distance_cm": 8.1, "ts": "2026-09-29T07:11:18Z"}
2026-09-30T03:20:00Z parking/lantai-1/slot/A1 {"slot_id": "A1", "status": "OCCUPIED", "distance_cm": 8.1, "ts": "2026-09-29T07:11:18Z"}
2026-09-30T03:20:01Z parking/lantai-1/slot/A1 {"slot_id": "A1", "status": "OCCUPIED", "distance_cm": 8.1, "ts": "2026-09-29T07:11:18Z"}
2026-09-30T03:20:02Z parking/lantai-1/slot/A1 {"slot_id": "A1", "status": "OCCUPIED", "distance_cm": 8.1, "ts": "2026-09-29T07:11:18Z"}
2026-09-30T03:20:03Z parking/lantai-1/slot/A1 {"slot_id": "A1", "status": "OCCUPIED", "distance_cm": 8.1, "ts": "2026-09-29T07:11:18Z"}
2026-09-30T03:20:04Z parking/lantai-1/slot/A1 {"slot_id": "A1", "status": "OCCUPIED", "distance_cm": 8.1, "ts": "2026-09-29T07:11:18Z"}
2026-09-30T03:20:05Z parking/lantai-1/slot/A1 {"slot_id": "A1", "status": "OCCUPIED", "distance_cm": 8.1, "ts": "2026-09-29T07:11:18Z"}
2026-09-30T03:20:06Z parking/lantai-1/slot/A1 {"slot_id": "A1", "status": "OCCUPIED", "distance_cm": 8.1, "ts": "2026-09-29T07:11:18Z"}
2026-09-30T03:20:07Z parking/lantai-1/slot/A1 {"slot_id": "A1", "status": "OCCUPIED", "distance_cm": 8.1, "ts": "2026-09-29T07:11:18Z"}
2026-09-30T03:20:08Z parking/lantai-1/slot/A1 {"slot_id": "A1", "status": "OCCUPIED", "distance_cm": 8.1, "ts": "2026-09-29T07:11:18Z"}
2026-09-30T03:20:09Z parking/lantai-1/slot/A1 {"slot_id": "A1", "status": "OCCUPIED", "distance_cm": 8.1, "ts": "2026-09-29T07:11:18Z"}
2026-09-30T03:20:10Z parking/lantai-1/slot/A1 {"slot_id": "A1", "status": "OCCUPIED", "distance_cm": 8.1, "ts": "2026-09-29T07:11:18Z"}
2026-09-30T03:20:11Z parking/lantai-1/slot/A1 {"slot_id": "A1", "status": "OCCUPIED", "distance_cm": 8.1, "ts": "2026-09-29T07:11:18Z"}
2026-09-30T03:20:12Z parking/lantai-1/slot/A1 {"slot_id": "A1", "status": "OCCUPIED", "distance_cm": 8.1, "ts": "2026-09-29T07:11:18Z"}
2026-09-30T03:20:13Z parking/lantai-1/slot/A1 {"slot_id": "A1", "status": "OCCUPIED", "distance_cm": 8.1, "ts": "2026-09-29T07:11:18Z"}
2026-09-30T03:20:14Z parking/lantai-1/slot/A1 {"slot_id": "A1", "status": "OCCUPIED", "distance_cm": 8.1, "ts": "2026-09-29T07:11:18Z"}
2026-09-30T03:20:15Z parking/lantai-1/slot/A1 {"slot_id": "A1", "status": "OCCUPIED", "distance_cm": 8.1, "ts": "2026-09-29T07:11:18Z"}
2026-09-30T03:20:16Z parking/lantai-1/slot/A1 {"slot_id": "A1", "status": "OCCUPIED", "distance_cm": 8.1, "ts": "2026-09-29T07:11:18Z"}
2026-09-30T03:20:17Z parking/lantai-1/slot/A1 {"slot_id": "A1", "status": "OCCUPIED", "distance_cm": 8.1, "ts": "2026-09-29T07:11:18Z"}
2026-09-30T03:20:18Z parking/lantai-1/slot/A1 {"slot_id": "A1", "status": "OCCUPIED", "distance_cm": 8.1, "ts": "2026-09-29T07:11:18Z"}
2026-09-30T03:20:19Z parking/lantai-1/slot/A1 {"slot_id": "A1", "status": "OCCUPIED", "distance_cm": 8.1, "ts": "2026-09-29T07:11:18Z"}
2026-09-30T03:20:20Z parking/lantai-1/slot/A1 {"slot_id": "A1", "status": "OCCUPIED", "distance_cm": 8.1, "ts": "2026-09-29T07:11:18Z"}
2026-09-30T03:20:21Z parking/lantai-1/slot/A1 {"slot_id": "A1", "status": "OCCUPIED", "distance_cm": 8.1, "ts": "2026-09-29T07:11:18Z"}
2026-09-30T03:20:22Z parking/lantai-1/slot/A1 {"slot_id": "A1", "status": "OCCUPIED", "distance_cm": 8.1, "ts": "2026-09-29T07:11:18Z"}
2026-09-30T03:20:23Z parking/lantai-1/slot/A1 {"slot_id": "A1", "status": "OCCUPIED", "distance_cm": 8.1, "ts": "2026-09-29T07:11:18Z"}
2026-09-30T03:20:24Z parking/lantai-1/slot/A1 {"slot_id": "A1", "status": "OCCUPIED", "distance_cm": 8.1, "ts": "2026-09-29T07:11:18Z"}
2026-09-30T03:20:25Z parking/lantai-1/slot/A1 {"slot_id": "A1", "status": "OCCUPIED", "distance_cm": 8.1, "ts": "2026-09-29T07:11:18Z"}
2026-09-30T03:20:26Z parking/lantai-1/slot/A1 {"slot_id": "A1", "status": "OCCUPIED", "distance_cm": 8.1, "ts": "2026-09-29T07:11:18Z"}
2026-09-30T03:20:27Z parking/lantai-1/slot/A1 {"slot_id": "A1", "status": "OCCUPIED", "distance_cm": 8.1, "ts": "2026-09-29T07:11:18Z"}
2026-09-30T03:20:28Z parking/lantai-1/slot/A1 {"slot_id": "A1", "status": "OCCUPIED", "distance_cm": 8.1, "ts": "2026-09-29T07:11:18Z"}
2026-09-30T03:20:29Z parking/lantai-1/slot/A1 {"slot_id": "A1", "status": "OCCUPIED", "distance_cm": 8.1, "ts": "2026-09-29T07:11:18Z"}
2026-09-30T03:20:30Z parking/lantai-1/slot/A1 {"slot_id": "A1", "status": "OCCUPIED", "distance_cm": 8.1, "ts": "2026-09-29T07:11:18Z"}
2026-09-30T03:20:31Z parking/lantai-1/slot/A1 {"slot_id": "A1", "status": "OCCUPIED", "distance_cm": 8.1, "ts": "2026-09-29T07:11:18Z"}
2026-09-30T03:20:32Z parking/lantai-1/slot/A1 {"slot_id": "A1", "status": "OCCUPIED", "distance_cm": 8.1, "ts": "2026-09-29T07:11:18Z"}
2026-09-30T03:20:33Z parking/lantai-1/slot/A1 {"slot_id": "A1", "status": "OCCUPIED", "distance_cm": 8.1, "ts": "2026-09-29T07:11:18Z"}
2026-09-30T03:20:34Z parking/lantai-1/slot/A1 {"slot_id": "A1", "status": "OCCUPIED", "distance_cm": 8.1, "ts": "2026-09-29T07:11:18Z"}
2026-09-30T03:20:35Z parking/lantai-1/slot/A1 {"slot_id": "A1", "status": "OCCUPIED", "distance_cm": 8.1, "ts": "2026-09-29T07:11:18Z"}
2026-09-30T03:20:36Z parking/lantai-1/slot/A1 {"slot_id": "A1", "status": "OCCUPIED", "distance_cm": 8.1, "ts": "2026-09-29T07:11:18Z"}
2026-09-30T03:20:37Z parking/lantai-1/slot/A1 {"slot_id": "A1", "status": "OCCUPIED", "distance_cm": 8.1, "ts": "2026-09-29T07:11:18Z"}
2026-09-30T03:20:38Z parking/lantai-1/slot/A1 {"slot_id": "A1", "status": "OCCUPIED", "distance_cm": 8.1, "ts": "2026-09-29T07:11:18Z"}
2026-09-30T03:20:39Z parking/lantai-1/slot/A1 {"slot_id": "A1", "status": "OCCUPIED", "distance_cm": 8.1, "ts": "2026-09-29T07:11:18Z"}
2026-09-30T03:20:40Z parking/lantai-1/slot/A1 {"slot_id": "A1", "status": "OCCUPIED", "distance_cm": 8.1, "ts": "2026-09-29T07:11:18Z"}
2026-09-30T03:20:41Z parking/lantai-1/slot/A1 {"slot_id": "A1", "status": "OCCUPIED", "distance_cm": 8.1, "ts": "2026-09-29T07:11:18Z"}
2026-09-30T03:20:42Z parking/lantai-1/slot/A1 {"slot_id": "A1", "status": "OCCUPIED", "distance_cm": 8.1, "ts": "2026-09-29T07:11:18Z"}
2026-09-30T03:20:43Z parking/lantai-1/slot/A1 {"slot_id": "A1", "status": "OCCUPIED", "distance_cm": 8.1, "ts": "2026-09-29T07:11:18Z"}
2026-09-30T03:20:44Z parking/lantai-1/slot/A1 {"slot_id": "A1", "status": "OCCUPIED", "distance_cm": 8.1, "ts": "2026-09-29T07:11:18Z"}
2026-09-30T03:20:45Z parking/lantai-1/slot/A1 {"slot_id": "A1", "status": "OCCUPIED", "distance_cm": 8.1, "ts": "2026-09-29T07:11:18Z"}
2026-09-30T03:20:46Z parking/lantai-1/slot/A1 {"slot_id": "A1", "status": "OCCUPIED", "distance_cm": 8.1, "ts": "2026-09-29T07:11:18Z"}
2026-09-30T03:20:47Z parking/lantai-1/slot/A1 {"slot_id": "A1", "status": "OCCUPIED", "distance_cm": 8.1, "ts": "2026-09-29T07:11:18Z"}
2026-09-30T03:20:48Z parking/lantai-1/slot/A1 {"slot_id": "A1", "status": "OCCUPIED", "distance_cm": 8.1, "ts": "2026-09-29T07:11:18Z"}
2026-09-30T03:20:49Z parking/lantai-1/slot/A1 {"slot_id": "A1", "status": "OCCUPIED", "distance_cm": 8.1, "ts": "2026-09-29T07:11:18Z"}
2026-09-30T03:20:50Z parking/lantai-1/slot/A1 {"slot_id": "A1", "status": "OCCUPIED", "distance_cm": 8.1, "ts": "2026-09-29T07:11:18Z"}
2026-09-30T03:20:51Z parking/lantai-1/slot/A1 {"slot_id": "A1", "status": "OCCUPIED", "distance_cm": 8.1, "ts": "2026-09-29T07:11:18Z"}
2026-09-30T03:20:52Z parking/lantai-1/slot/A1 {"slot_id": "A1", "status": "OCCUPIED", "distance_cm": 8.1, "ts": "2026-09-29T07:11:18Z"}
2026-09-30T03:20:53Z parking/lantai-1/slot/A1 {"slot_id": "A1", "status": "OCCUPIED", "distance_cm": 8.1, "ts": "2026-09-29T07:11:18Z"}
2026-09-30T03:20:54Z parking/lantai-1/slot/A1 {"slot_id": "A1", "status": "OCCUPIED", "distance_cm": 8.1, "ts": "2026-09-29T07:11:18Z"}
2026-09-30T03:20:55Z parking/lantai-1/slot/A1 {"slot_id": "A1", "status": "OCCUPIED", "distance_cm": 8.1, "ts": "2026-09-29T07:11:18Z"}
2026-09-30T03:20:56Z parking/lantai-1/slot/A1 {"slot_id": "A1", "status": "OCCUPIED", "distance_cm": 8.1, "ts": "2026-09-29T07:11:18Z"}
2026-09-30T03:20:57Z parking/lantai-1/slot/A1 {"slot_id": "A1", "status": "OCCUPIED", "distance_cm": 8.1, "ts": "2026-09-29T07:11:18Z"}
2026-09-30T03:20:58Z parking/lantai-1/slot/A1 {"slot_id": "A1", "status": "OCCUPIED", "distance_cm": 8.1, "ts": "2026-09-29T07:11:18Z"}
2026-09-30T03:20:59Z parking/lantai-1/slot/A1 {"slot_id": "A1", "status": "OCCUPIED", "distance_cm": 8.1, "ts": "2026-09-29T07:11:18Z"}
2026-09-30T03:21:00Z parking/lantai-1/slot/A1 {"slot_id": "A1", "status": "OCCUPIED", "distance_cm": 8.1, "ts": "2026-09-29T07:11:18Z"}
2026-09-30T03:21:01Z parking/lantai-1/slot/A1 {"slot_id": "A1", "status": "OCCUPIED", "distance_cm": 8.1, "ts": "2026-09-29T07:11:18Z"}
2026-09-30T03:21:02Z parking/lantai-1/slot/A1 {"slot_id": "A1", "status": "OCCUPIED", "distance_cm": 8.1, "ts": "2026-09-29T07:11:18Z"}
2026-09-30T03:21:03Z parking/lantai-1/slot/A1 {"slot_id": "A1", "status": "OCCUPIED", "distance_cm": 8.1, "ts": "2026-09-29T07:11:18Z"}
2026-09-30T03:21:04Z parking/lantai-1/slot/A1 {"slot_id": "A1", "status": "OCCUPIED", "distance_cm": 8.1, "ts": "2026-09-29T07:11:18Z"}
2026-09-30T03:21:05Z parking/lantai-1/slot/A1 {"slot_id": "A1", "status": "OCCUPIED", "distance_cm": 8.1, "ts": "2026-09-29T07:11:18Z"}
2026-09-30T03:21:06Z parking/lantai-1/slot/A1 {"slot_id": "A1", "status": "OCCUPIED", "distance_cm": 8.1, "ts": "2026-09-29T07:11:18Z"}
2026-09-30T03:21:07Z parking/lantai-1/slot/A1 {"slot_id": "A1", "status": "OCCUPIED", "distance_cm": 8.1, "ts": "2026-09-29T07:11:18Z"}
2026-09-30T03:21:08Z parking/lantai-1/slot/A1 {"slot_id": "A1", "status": "OCCUPIED", "distance_cm": 8.1, "ts": "2026-09-29T07:11:18Z"}
2026-09-30T03:21:09Z parking/lantai-1/slot/A1 {"slot_id": "A1", "status": "OCCUPIED", "distance_cm": 8.1, "ts": "2026-09-29T07:11:18Z"}
2026-09-30T03:21:10Z parking/lantai-1/slot/A1 {"slot_id": "A1", "status": "OCCUPIED", "distance_cm": 8.1, "ts": "2026-09-29T07:11:18Z"}
2026-09-30T03:21:11Z parking/lantai-1/slot/A1 {"slot_id": "A1", "status": "OCCUPIED", "distance_cm": 8.1, "ts": "2026-09-29T07:11:18Z"}
2026-09-30T03:21:12Z parking/lantai-1/slot/A1 {"slot_id": "A1", "status": "OCCUPIED", "distance_cm": 8.1, "ts": "2026-09-29T07:11:18Z"}
2026-09-30T03:21:13Z parking/lantai-1/slot/A1 {"slot_id": "A1", "status": "OCCUPIED", "distance_cm": 8.1, "ts": "2026-09-29T07:11:18Z"}
2026-09-30T03:21:14Z parking/lantai-1/slot/A1 {"slot_id": "A1", "status": "OCCUPIED", "distance_cm": 8.1, "ts": "2026-09-29T07:11:18Z"}
2026-09-30T03:21:15Z parking/lantai-1/slot/A1 {"slot_id": "A1", "status": "OCCUPIED", "distance_cm": 8.1, "ts": "2026-09-29T07:11:18Z"}
2026-09-30T03:21:16Z parking/lantai-1/slot/A1 {"slot_id": "A1", "status": "OCCUPIED", "distance_cm": 8.1, "ts": "2026-09-29T07:11:18Z"}
2026-09-30T03:21:17Z parking/lantai-1/slot/A1 {"slot_id": "A1", "status": "OCCUPIED", "distance_cm": 8.1, "ts": "2026-09-29T07:11:18Z"}
2026-09-30T03:21:18Z parking/lantai-1/slot/A1 {"slot_id": "A1", "status": "OCCUPIED", "distance_cm": 8.1, "ts": "2026-09-29T07:11:18Z"}
2026-09-30T03:21:19Z parking/lantai-1/slot/A1 {"slot_id": "A1", "status": "OCCUPIED", "distance_cm": 8.1, "ts": "2026-09-29T07:11:18Z"}
2026-09-30T03:21:20Z parking/lantai-1/slot/A1 {"slot_id": "A1", "status": "OCCUPIED", "distance_cm": 8.1, "ts": "2026-09-29T07:11:18Z"}
2026-09-30T03:21:21Z parking/lantai-1/slot/A1 {"slot_id": "A1", "status": "OCCUPIED", "distance_cm": 8.1, "ts": "2026-09-29T07:11:18Z"}
2026-09-30T03:21:22Z parking/lantai-1/slot/A1 {"slot_id": "A1", "status": "OCCUPIED", "distance_cm": 8.1, "ts": "2026-09-29T07:11:18Z"}
2026-09-30T03:21:23Z parking/lantai-1/slot/A1 {"slot_id": "A1", "status": "OCCUPIED", "distance_cm": 8.1, "ts": "2026-09-29T07:11:18Z"}
2026-09-30T03:21:24Z parking/lantai-1/slot/A1 {"slot_id": "A1", "status": "OCCUPIED", "distance_cm": 8.1, "ts": "2026-09-29T07:11:18Z"}
2026-09-30T03:21:25Z parking/lantai-1/slot/A1 {"slot_id": "A1", "status": "OCCUPIED", "distance_cm": 8.1, "ts": "2026-09-29T07:11:18Z"}
2026-09-30T03:21:26Z parking/lantai-1/slot/A1 {"slot_id": "A1", "status": "OCCUPIED", "distance_cm": 8.1, "ts": "2026-09-29T07:11:18Z"}
2026-09-30T03:21:27Z parking/lantai-1/slot/A1 {"slot_id": "A1", "status": "OCCUPIED", "distance_cm": 8.1, "ts": "2026-09-29T07:11:18Z"}
2026-09-30T03:21:28Z parking/lantai-1/slot/A1 {"slot_id": "A1", "status": "OCCUPIED", "distance_cm": 8.1, "ts": "2026-09-29T07:11:18Z"}
2026-09-30T03:21:29Z parking/lantai-1/slot/A1 {"slot_id": "A1", "status": "OCCUPIED", "distance_cm": 8.1, "ts": "2026-09-29T07:11:18Z"}
2026-09-30T03:21:30Z parking/lantai-1/slot/A1 {"slot_id": "A1", "status": "OCCUPIED", "distance_cm": 8.1, "ts": "2026-09-29T07:11:18Z"}
2026-09-30T03:21:31Z parking/lantai-1/slot/A1 {"slot_id": "A1", "status": "OCCUPIED", "distance_cm": 8.1, "ts": "2026-09-29T07:11:18Z"}
2026-09-30T03:21:32Z parking/lantai-1/slot/A1 {"slot_id": "A1", "status": "OCCUPIED", "distance_cm": 8.1, "ts": "2026-09-29T07:11:18Z"}
2026-09-30T03:21:33Z parking/lantai-1/slot/A1 {"slot_id": "A1", "status": "OCCUPIED", "distance_cm": 8.1, "ts": "2026-09-29T07:11:18Z"}
2026-09-30T03:21:34Z parking/lantai-1/slot/A1 {"slot_id": "A1", "status": "OCCUPIED", "distance_cm": 8.1, "ts": "2026-09-29T07:11:18Z"}
2026-09-30T03:21:35Z parking/lantai-1/slot/A1 {"slot_id": "A1", "status": "OCCUPIED", "distance_cm": 8.1, "ts": "2026-09-29T07:11:18Z"}
2026-09-30T03:21:36Z parking/lantai-1/slot/A1 {"slot_id": "A1", "status": "OCCUPIED", "distance_cm": 8.1, "ts": "2026-09-29T07:11:18Z"}
2026-09-30T03:21:37Z parking/lantai-1/slot/A1 {"slot_id": "A1", "status": "OCCUPIED", "distance_cm": 8.1, "ts": "2026-09-29T07:11:18Z"}
2026-09-30T03:21:38Z parking/lantai-1/slot/A1 {"slot_id": "A1", "status": "OCCUPIED", "distance_cm": 8.1, "ts": "2026-09-29T07:11:18Z"}
2026-09-30T03:21:39Z parking/lantai-1/slot/A1 {"slot_id": "A1", "status": "OCCUPIED", "distance_cm": 8.1, "ts": "2026-09-29T07:11:18Z"}
2026-09-30T03:21:40Z parking/lantai-1/slot/A1 {"slot_id": "A1", "status": "OCCUPIED", "distance_cm": 8.1, "ts": "2026-09-29T07:11:18Z"}
2026-09-30T03:21:41Z parking/lantai-1/slot/A1 {"slot_id": "A1", "status": "OCCUPIED", "distance_cm": 8.1, "ts": "2026-09-29T07:11:18Z"}
2026-09-30T03:21:42Z parking/lantai-1/slot/A1 {"slot_id": "A1", "status": "OCCUPIED", "distance_cm": 8.1, "ts": "2026-09-29T07:11:18Z"}
2026-09-30T03:21:43Z parking/lantai-1/slot/A1 {"slot_id": "A1", "status": "OCCUPIED", "distance_cm": 8.1, "ts": "2026-09-29T07:11:18Z"}
2026-09-30T03:21:44Z parking/lantai-1/slot/A1 {"slot_id": "A1", "status": "OCCUPIED", "distance_cm": 8.1, "ts": "2026-09-29T07:11:18Z"}
2026-09-30T03:21:45Z parking/lantai-1/slot/A1 {"slot_id": "A1", "status": "OCCUPIED", "distance_cm": 8.1, "ts": "2026-09-29T07:11:18Z"}
2026-09-30T03:21:46Z parking/lantai-1/slot/A1 {"slot_id": "A1", "status": "OCCUPIED", "distance_cm": 8.1, "ts": "2026-09-29T07:11:18Z"}
2026-09-30T03:21:47Z parking/lantai-1/slot/A1 {"slot_id": "A1", "status": "OCCUPIED", "distance_cm": 8.1, "ts": "2026-09-29T07:11:18Z"}
2026-09-30T03:21:48Z parking/lantai-1/slot/A1 {"slot_id": "A1", "status": "OCCUPIED", "distance_cm": 8.1, "ts": "2026-09-29T07:11:18Z"}
2026-09-30T03:21:49Z parking/lantai-1/slot/A1 {"slot_id": "A1", "status": "OCCUPIED", "distance_cm": 8.1, "ts": "2026-09-29T07:11:18Z"}
2026-09-30T03:21:50Z parking/lantai-1/slot/A1 {"slot_id": "A1", "status": "OCCUPIED", "distance_cm": 8.1, "ts": "2026-09-29T07:11:18Z"}
2026-09-30T03:21:51Z parking/lantai-1/slot/A1 {"slot_id": "A1", "status": "OCCUPIED", "distance_cm": 8.1, "ts": "2026-09-29T07:11:18Z"}
2026-09-30T03:21:52Z parking/lantai-1/slot/A1 {"slot_id": "A1", "status": "OCCUPIED", "distance_cm": 8.1, "ts": "2026-09-29T07:11:18Z"}
2026-09-30T03:21:53Z parking/lantai-1/slot/A1 {"slot_id": "A1", "status": "OCCUPIED", "distance_cm": 8.1, "ts": "2026-09-29T07:11:18Z"}
2026-09-30T03:21:54Z parking/lantai-1/slot/A1 {"slot_id": "A1", "status": "OCCUPIED", "distance_cm": 8.1, "ts": "2026-09-29T07:11:18Z"}
2026-09-30T03:21:55Z parking/lantai-1/slot/A1 {"slot_id": "A1", "status": "OCCUPIED", "distance_cm": 8.1, "ts": "2026-09-29T07:11:18Z"}
2026-09-30T03:21:56Z parking/lantai-1/slot/A1 {"slot_id": "A1", "status": "OCCUPIED", "distance_cm": 8.1, "ts": "2026-09-29T07:11:18Z"}
2026-09-30T03:21:57Z parking/lantai-1/slot/A1 {"slot_id": "A1", "status": "OCCUPIED", "distance_cm": 8.1, "ts": "2026-09-29T07:11:18Z"}
2026-09-30T03:21:59Z parking/lantai-1/slot/A1 {"slot_id": "A1", "status": "OCCUPIED", "distance_cm": 8.1, "ts": "2026-09-29T07:11:18Z"}
2026-09-30T03:22:00Z parking/lantai-1/slot/A1 {"slot_id": "A1", "status": "OCCUPIED", "distance_cm": 8.1, "ts": "2026-09-29T07:11:18Z"}
2026-09-30T03:22:01Z parking/lantai-1/slot/A1 {"slot_id": "A1", "status": "OCCUPIED", "distance_cm": 8.1, "ts": "2026-09-29T07:11:18Z"}
2026-09-30T03:22:02Z parking/lantai-1/slot/A1 {"slot_id": "A1", "status": "OCCUPIED", "distance_cm": 8.1, "ts": "2026-09-29T07:11:18Z"}
2026-09-30T03:22:03Z parking/lantai-1/slot/A1 {"slot_id": "A1", "status": "OCCUPIED", "distance_cm": 8.1, "ts": "2026-09-29T07:11:18Z"}
2026-09-30T03:22:04Z parking/lantai-1/slot/A1 {"slot_id": "A1", "status": "OCCUPIED", "distance_cm": 8.1, "ts": "2026-09-29T07:11:18Z"}
2026-09-30T03:22:05Z parking/lantai-1/slot/A1 {"slot_id": "A1", "status": "OCCUPIED", "distance_cm": 8.1, "ts": "2026-09-29T07:11:18Z"}
2026-09-30T03:22:06Z parking/lantai-1/slot/A1 {"slot_id": "A1", "status": "OCCUPIED", "distance_cm": 8.1, "ts": "2026-09-29T07:11:18Z"}
2026-09-30T03:22:07Z parking/lantai-1/slot/A1 {"slot_id": "A1", "status": "OCCUPIED", "distance_cm": 8.1, "ts": "2026-09-29T07:11:18Z"}
2026-09-30T03:22:08Z parking/lantai-1/slot/A1 {"slot_id": "A1", "status": "OCCUPIED", "distance_cm": 8.1, "ts": "2026-09-29T07:11:18Z"}
2026-09-30T03:22:09Z parking/lantai-1/slot/A1 {"slot_id": "A1", "status": "OCCUPIED", "distance_cm": 8.1, "ts": "2026-09-29T07:11:18Z"}
2026-09-30T03:22:10Z parking/lantai-1/slot/A1 {"slot_id": "A1", "status": "OCCUPIED", "distance_cm": 8.1, "ts": "2026-09-29T07:11:18Z"}
2026-09-30T03:22:11Z parking/lantai-1/slot/A1 {"slot_id": "A1", "status": "OCCUPIED", "distance_cm": 8.1, "ts": "2026-09-29T07:11:18Z"}
2026-09-30T03:22:12Z parking/lantai-1/slot/A1 {"slot_id": "A1", "status": "OCCUPIED", "distance_cm": 8.1, "ts": "2026-09-29T07:11:18Z"}
2026-09-30T03:22:13Z parking/lantai-1/slot/A1 {"slot_id": "A1", "status": "OCCUPIED", "distance_cm": 8.1, "ts": "2026-09-29T07:11:18Z"}
2026-09-30T03:22:14Z parking/lantai-1/slot/A1 {"slot_id": "A1", "status": "OCCUPIED", "distance_cm": 8.1, "ts": "2026-09-29T07:11:18Z"}
2026-09-30T03:22:15Z parking/lantai-1/slot/A1 {"slot_id": "A1", "status": "OCCUPIED", "distance_cm": 8.1, "ts": "2026-09-29T07:11:18Z"}
2026-09-30T03:22:16Z parking/lantai-1/slot/A1 {"slot_id": "A1", "status": "OCCUPIED", "distance_cm": 8.1, "ts": "2026-09-29T07:11:18Z"}
2026-09-30T03:22:17Z parking/lantai-1/slot/A1 {"slot_id": "A1", "status": "OCCUPIED", "distance_cm": 8.1, "ts": "2026-09-29T07:11:18Z"}
2026-09-30T03:22:18Z parking/lantai-1/slot/A1 {"slot_id": "A1", "status": "OCCUPIED", "distance_cm": 8.1, "ts": "2026-09-29T07:11:18Z"}
2026-09-30T03:22:19Z parking/lantai-1/slot/A1 {"slot_id": "A1", "status": "OCCUPIED", "distance_cm": 8.1, "ts": "2026-09-29T07:11:18Z"}
2026-09-30T03:22:20Z parking/lantai-1/slot/A1 {"slot_id": "A1", "status": "OCCUPIED", "distance_cm": 8.1, "ts": "2026-09-29T07:11:18Z"}
2026-09-30T03:22:21Z parking/lantai-1/slot/A1 {"slot_id": "A1", "status": "OCCUPIED", "distance_cm": 8.1, "ts": "2026-09-29T07:11:18Z"}
2026-09-30T03:22:22Z parking/lantai-1/slot/A1 {"slot_id": "A1", "status": "OCCUPIED", "distance_cm": 8.1, "ts": "2026-09-29T07:11:18Z"}
2026-09-30T03:22:23Z parking/lantai-1/slot/A1 {"slot_id": "A1", "status": "OCCUPIED", "distance_cm": 8.1, "ts": "2026-09-29T07:11:18Z"}
2026-09-30T03:22:24Z parking/lantai-1/slot/A1 {"slot_id": "A1", "status": "OCCUPIED", "distance_cm": 8.1, "ts": "2026-09-29T07:11:18Z"}
2026-09-30T03:22:25Z parking/lantai-1/slot/A1 {"slot_id": "A1", "status": "OCCUPIED", "distance_cm": 8.1, "ts": "2026-09-29T07:11:18Z"}
2026-09-30T03:22:26Z parking/lantai-1/slot/A1 {"slot_id": "A1", "status": "OCCUPIED", "distance_cm": 8.1, "ts": "2026-09-29T07:11:18Z"}
2026-09-30T03:22:27Z parking/lantai-1/slot/A1 {"slot_id": "A1", "status": "OCCUPIED", "distance_cm": 8.1, "ts": "2026-09-29T07:11:18Z"}
2026-09-30T03:22:28Z parking/lantai-1/slot/A1 {"slot_id": "A1", "status": "OCCUPIED", "distance_cm": 8.1, "ts": "2026-09-29T07:11:18Z"}
2026-09-30T03:22:29Z parking/lantai-1/slot/A1 {"slot_id": "A1", "status": "OCCUPIED", "distance_cm": 8.1, "ts": "2026-09-29T07:11:18Z"}
2026-09-30T03:22:30Z parking/lantai-1/slot/A1 {"slot_id": "A1", "status": "OCCUPIED", "distance_cm": 8.1, "ts": "2026-09-29T07:11:18Z"}
2026-09-30T03:22:31Z parking/lantai-1/slot/A1 {"slot_id": "A1", "status": "OCCUPIED", "distance_cm": 8.1, "ts": "2026-09-29T07:11:18Z"}
2026-09-30T03:22:32Z parking/lantai-1/slot/A1 {"slot_id": "A1", "status": "OCCUPIED", "distance_cm": 8.1, "ts": "2026-09-29T07:11:18Z"}
2026-09-30T03:22:33Z parking/lantai-1/slot/A1 {"slot_id": "A1", "status": "OCCUPIED", "distance_cm": 8.1, "ts": "2026-09-29T07:11:18Z"}
2026-09-30T03:22:34Z parking/lantai-1/slot/A1 {"slot_id": "A1", "status": "OCCUPIED", "distance_cm": 8.1, "ts": "2026-09-29T07:11:18Z"}
2026-09-30T03:22:35Z parking/lantai-1/slot/A1 {"slot_id": "A1", "status": "OCCUPIED", "distance_cm": 8.1, "ts": "2026-09-29T07:11:18Z"}
2026-09-30T03:22:36Z parking/lantai-1/slot/A1 {"slot_id": "A1", "status": "OCCUPIED", "distance_cm": 8.1, "ts": "2026-09-29T07:11:18Z"}
2026-09-30T03:22:37Z parking/lantai-1/slot/A1 {"slot_id": "A1", "status": "OCCUPIED", "distance_cm": 8.1, "ts": "2026-09-29T07:11:18Z"}
2026-09-30T03:22:38Z parking/lantai-1/slot/A1 {"slot_id": "A1", "status": "OCCUPIED", "distance_cm": 8.1, "ts": "2026-09-29T07:11:18Z"}
2026-09-30T03:22:39Z parking/lantai-1/slot/A1 {"slot_id": "A1", "status": "OCCUPIED", "distance_cm": 8.1, "ts": "2026-09-29T07:11:18Z"}
2026-09-30T03:22:40Z parking/lantai-1/slot/A1 {"slot_id": "A1", "status": "OCCUPIED", "distance_cm": 8.1, "ts": "2026-09-29T07:11:18Z"}
2026-09-30T03:22:41Z parking/lantai-1/slot/A1 {"slot_id": "A1", "status": "OCCUPIED", "distance_cm": 8.1, "ts": "2026-09-29T07:11:18Z"}
2026-09-30T03:22:42Z parking/lantai-1/slot/A1 {"slot_id": "A1", "status": "OCCUPIED", "distance_cm": 8.1, "ts": "2026-09-29T07:11:18Z"}
2026-09-30T03:22:43Z parking/lantai-1/slot/A1 {"slot_id": "A1", "status": "OCCUPIED", "distance_cm": 8.1, "ts": "2026-09-29T07:11:18Z"}
2026-09-30T03:22:44Z parking/lantai-1/slot/A1 {"slot_id": "A1", "status": "OCCUPIED", "distance_cm": 8.1, "ts": "2026-09-29T07:11:18Z"}
2026-09-30T03:22:45Z parking/lantai-1/slot/A1 {"slot_id": "A1", "status": "OCCUPIED", "distance_cm": 8.1, "ts": "2026-09-29T07:11:18Z"}
2026-09-30T03:22:46Z parking/lantai-1/slot/A1 {"slot_id": "A1", "status": "OCCUPIED", "distance_cm": 8.1, "ts": "2026-09-29T07:11:18Z"}
2026-09-30T03:22:47Z parking/lantai-1/slot/A1 {"slot_id": "A1", "status": "OCCUPIED", "distance_cm": 8.1, "ts": "2026-09-29T07:11:18Z"}
2026-09-30T03:22:48Z parking/lantai-1/slot/A1 {"slot_id": "A1", "status": "OCCUPIED", "distance_cm": 8.1, "ts": "2026-09-29T07:11:18Z"}
2026-09-30T03:22:49Z parking/lantai-1/slot/A1 {"slot_id": "A1", "status": "OCCUPIED", "distance_cm": 8.1, "ts": "2026-09-29T07:11:18Z"}
2026-09-30T03:22:50Z parking/lantai-1/slot/A1 {"slot_id": "A1", "status": "OCCUPIED", "distance_cm": 8.1, "ts": "2026-09-29T07:11:18Z"}
2026-09-30T03:22:51Z parking/lantai-1/slot/A1 {"slot_id": "A1", "status": "OCCUPIED", "distance_cm": 8.1, "ts": "2026-09-29T07:11:18Z"}
2026-09-30T03:22:52Z parking/lantai-1/slot/A1 {"slot_id": "A1", "status": "OCCUPIED", "distance_cm": 8.1, "ts": "2026-09-29T07:11:18Z"}
2026-09-30T03:22:53Z parking/lantai-1/slot/A1 {"slot_id": "A1", "status": "OCCUPIED", "distance_cm": 8.1, "ts": "2026-09-29T07:11:18Z"}
2026-09-30T03:22:54Z parking/lantai-1/slot/A1 {"slot_id": "A1", "status": "OCCUPIED", "distance_cm": 8.1, "ts": "2026-09-29T07:11:18Z"}
2026-09-30T03:22:55Z parking/lantai-1/slot/A1 {"slot_id": "A1", "status": "OCCUPIED", "distance_cm": 8.1, "ts": "2026-09-29T07:11:18Z"}
2026-09-30T03:22:56Z parking/lantai-1/slot/A1 {"slot_id": "A1", "status": "OCCUPIED", "distance_cm": 8.1, "ts": "2026-09-29T07:11:18Z"}
2026-09-30T03:22:57Z parking/lantai-1/slot/A1 {"slot_id": "A1", "status": "OCCUPIED", "distance_cm": 8.1, "ts": "2026-09-29T07:11:18Z"}
2026-09-30T03:22:58Z parking/lantai-1/slot/A1 {"slot_id": "A1", "status": "OCCUPIED", "distance_cm": 8.1, "ts": "2026-09-29T07:11:18Z"}
2026-09-30T03:22:59Z parking/lantai-1/slot/A1 {"slot_id": "A1", "status": "OCCUPIED", "distance_cm": 8.1, "ts": "2026-09-29T07:11:18Z"}
2026-09-30T03:23:00Z parking/lantai-1/slot/A1 {"slot_id": "A1", "status": "OCCUPIED", "distance_cm": 8.1, "ts": "2026-09-29T07:11:18Z"}
2026-09-30T03:23:01Z parking/lantai-1/slot/A1 {"slot_id": "A1", "status": "OCCUPIED", "distance_cm": 8.1, "ts": "2026-09-29T07:11:18Z"}
2026-09-30T03:23:02Z parking/lantai-1/slot/A1 {"slot_id": "A1", "status": "OCCUPIED", "distance_cm": 8.1, "ts": "2026-09-29T07:11:18Z"}
2026-09-30T03:23:03Z parking/lantai-1/slot/A1 {"slot_id": "A1", "status": "OCCUPIED", "distance_cm": 8.1, "ts": "2026-09-29T07:11:18Z"}
2026-09-30T03:23:04Z parking/lantai-1/slot/A1 {"slot_id": "A1", "status": "OCCUPIED", "distance_cm": 8.1, "ts": "2026-09-29T07:11:18Z"}
2026-09-30T03:23:05Z parking/lantai-1/slot/A1 {"slot_id": "A1", "status": "OCCUPIED", "distance_cm": 8.1, "ts": "2026-09-29T07:11:18Z"}
2026-09-30T03:23:06Z parking/lantai-1/slot/A1 {"slot_id": "A1", "status": "OCCUPIED", "distance_cm": 8.1, "ts": "2026-09-29T07:11:18Z"}
2026-09-30T03:23:07Z parking/lantai-1/slot/A1 {"slot_id": "A1", "status": "OCCUPIED", "distance_cm": 8.1, "ts": "2026-09-29T07:11:18Z"}
2026-09-30T03:23:08Z parking/lantai-1/slot/A1 {"slot_id": "A1", "status": "OCCUPIED", "distance_cm": 8.1, "ts": "2026-09-29T07:11:18Z"}
2026-09-30T03:23:09Z parking/lantai-1/slot/A1 {"slot_id": "A1", "status": "OCCUPIED", "distance_cm": 8.1, "ts": "2026-09-29T07:11:18Z"}
2026-09-30T03:23:10Z parking/lantai-1/slot/A1 {"slot_id": "A1", "status": "OCCUPIED", "distance_cm": 8.1, "ts": "2026-09-29T07:11:18Z"}
2026-09-30T03:23:11Z parking/lantai-1/slot/A1 {"slot_id": "A1", "status": "OCCUPIED", "distance_cm": 8.1, "ts": "2026-09-29T07:11:18Z"}
2026-09-30T03:23:12Z parking/lantai-1/slot/A1 {"slot_id": "A1", "status": "OCCUPIED", "distance_cm": 8.1, "ts": "2026-09-29T07:11:18Z"}
2026-09-30T03:23:13Z parking/lantai-1/slot/A1 {"slot_id": "A1", "status": "OCCUPIED", "distance_cm": 8.1, "ts": "2026-09-29T07:11:18Z"}
2026-09-30T03:23:14Z parking/lantai-1/slot/A1 {"slot_id": "A1", "status": "OCCUPIED", "distance_cm": 8.1, "ts": "2026-09-29T07:11:18Z"}
2026-09-30T03:23:15Z parking/lantai-1/slot/A1 {"slot_id": "A1", "status": "OCCUPIED", "distance_cm": 8.1, "ts": "2026-09-29T07:11:18Z"}
2026-09-30T03:23:16Z parking/lantai-1/slot/A1 {"slot_id": "A1", "status": "OCCUPIED", "distance_cm": 8.1, "ts": "2026-09-29T07:11:18Z"}
2026-09-30T03:23:17Z parking/lantai-1/slot/A1 {"slot_id": "A1", "status": "OCCUPIED", "distance_cm": 8.1, "ts": "2026-09-29T07:11:18Z"}
2026-09-30T03:23:18Z parking/lantai-1/slot/A1 {"slot_id": "A1", "status": "OCCUPIED", "distance_cm": 8.1, "ts": "2026-09-29T07:11:18Z"}
2026-09-30T03:23:19Z parking/lantai-1/slot/A1 {"slot_id": "A1", "status": "OCCUPIED", "distance_cm": 8.1, "ts": "2026-09-29T07:11:18Z"}
2026-09-30T03:23:20Z parking/lantai-1/slot/A1 {"slot_id": "A1", "status": "OCCUPIED", "distance_cm": 8.1, "ts": "2026-09-29T07:11:18Z"}
2026-09-30T03:23:21Z parking/lantai-1/slot/A1 {"slot_id": "A1", "status": "OCCUPIED", "distance_cm": 8.1, "ts": "2026-09-29T07:11:18Z"}
2026-09-30T03:23:22Z parking/lantai-1/slot/A1 {"slot_id": "A1", "status": "OCCUPIED", "distance_cm": 8.1, "ts": "2026-09-29T07:11:18Z"}
2026-09-30T03:23:23Z parking/lantai-1/slot/A1 {"slot_id": "A1", "status": "OCCUPIED", "distance_cm": 8.1, "ts": "2026-09-29T07:11:18Z"}
2026-09-30T03:23:24Z parking/lantai-1/slot/A1 {"slot_id": "A1", "status": "OCCUPIED", "distance_cm": 8.1, "ts": "2026-09-29T07:11:18Z"}
2026-09-30T03:23:25Z parking/lantai-1/slot/A1 {"slot_id": "A1", "status": "OCCUPIED", "distance_cm": 8.1, "ts": "2026-09-29T07:11:18Z"}
2026-09-30T03:23:26Z parking/lantai-1/slot/A1 {"slot_id": "A1", "status": "OCCUPIED", "distance_cm": 8.1, "ts": "2026-09-29T07:11:18Z"}
2026-09-30T03:23:27Z parking/lantai-1/slot/A1 {"slot_id": "A1", "status": "OCCUPIED", "distance_cm": 8.1, "ts": "2026-09-29T07:11:18Z"}
2026-09-30T03:23:28Z parking/lantai-1/slot/A1 {"slot_id": "A1", "status": "OCCUPIED", "distance_cm": 8.1, "ts": "2026-09-29T07:11:18Z"}
2026-09-30T03:23:29Z parking/lantai-1/slot/A1 {"slot_id": "A1", "status": "OCCUPIED", "distance_cm": 8.1, "ts": "2026-09-29T07:11:18Z"}
2026-09-30T03:23:30Z parking/lantai-1/slot/A1 {"slot_id": "A1", "status": "OCCUPIED", "distance_cm": 8.1, "ts": "2026-09-29T07:11:18Z"}
2026-09-30T03:23:31Z parking/lantai-1/slot/A1 {"slot_id": "A1", "status": "OCCUPIED", "distance_cm": 8.1, "ts": "2026-09-29T07:11:18Z"}
2026-09-30T03:23:32Z parking/lantai-1/slot/A1 {"slot_id": "A1", "status": "OCCUPIED", "distance_cm": 8.1, "ts": "2026-09-29T07:11:18Z"}
2026-09-30T03:23:33Z parking/lantai-1/slot/A1 {"slot_id": "A1", "status": "OCCUPIED", "distance_cm": 8.1, "ts": "2026-09-29T07:11:18Z"}
2026-09-30T03:23:34Z parking/lantai-1/slot/A1 {"slot_id": "A1", "status": "OCCUPIED", "distance_cm": 8.1, "ts": "2026-09-29T07:11:18Z"}
2026-09-30T03:23:35Z parking/lantai-1/slot/A1 {"slot_id": "A1", "status": "OCCUPIED", "distance_cm": 8.1, "ts": "2026-09-29T07:11:18Z"}
2026-09-30T03:23:36Z parking/lantai-1/slot/A1 {"slot_id": "A1", "status": "OCCUPIED", "distance_cm": 8.1, "ts": "2026-09-29T07:11:18Z"}
2026-09-30T03:23:37Z parking/lantai-1/slot/A1 {"slot_id": "A1", "status": "OCCUPIED", "distance_cm": 8.1, "ts": "2026-09-29T07:11:18Z"}
2026-09-30T03:23:38Z parking/lantai-1/slot/A1 {"slot_id": "A1", "status": "OCCUPIED", "distance_cm": 8.1, "ts": "2026-09-29T07:11:18Z"}
2026-09-30T03:23:39Z parking/lantai-1/slot/A1 {"slot_id": "A1", "status": "OCCUPIED", "distance_cm": 8.1, "ts": "2026-09-29T07:11:18Z"}
2026-09-30T03:23:40Z parking/lantai-1/slot/A1 {"slot_id": "A1", "status": "OCCUPIED", "distance_cm": 8.1, "ts": "2026-09-29T07:11:18Z"}
2026-09-30T03:23:41Z parking/lantai-1/slot/A1 {"slot_id": "A1", "status": "OCCUPIED", "distance_cm": 8.1, "ts": "2026-09-29T07:11:18Z"}
2026-09-30T03:23:42Z parking/lantai-1/slot/A1 {"slot_id": "A1", "status": "OCCUPIED", "distance_cm": 8.1, "ts": "2026-09-29T07:11:18Z"}
2026-09-30T03:23:43Z parking/lantai-1/slot/A1 {"slot_id": "A1", "status": "OCCUPIED", "distance_cm": 8.1, "ts": "2026-09-29T07:11:18Z"}
2026-09-30T03:23:44Z parking/lantai-1/slot/A1 {"slot_id": "A1", "status": "OCCUPIED", "distance_cm": 8.1, "ts": "2026-09-29T07:11:18Z"}
2026-09-30T03:23:45Z parking/lantai-1/slot/A1 {"slot_id": "A1", "status": "OCCUPIED", "distance_cm": 8.1, "ts": "2026-09-29T07:11:18Z"}
2026-09-30T03:23:46Z parking/lantai-1/slot/A1 {"slot_id": "A1", "status": "OCCUPIED", "distance_cm": 8.1, "ts": "2026-09-29T07:11:18Z"}
2026-09-30T03:23:47Z parking/lantai-1/slot/A1 {"slot_id": "A1", "status": "OCCUPIED", "distance_cm": 8.1, "ts": "2026-09-29T07:11:18Z"}
2026-09-30T03:23:48Z parking/lantai-1/slot/A1 {"slot_id": "A1", "status": "OCCUPIED", "distance_cm": 8.1, "ts": "2026-09-29T07:11:18Z"}
2026-09-30T03:23:49Z parking/lantai-1/slot/A1 {"slot_id": "A1", "status": "OCCUPIED", "distance_cm": 8.1, "ts": "2026-09-29T07:11:18Z"}
2026-09-30T03:23:50Z parking/lantai-1/slot/A1 {"slot_id": "A1", "status": "OCCUPIED", "distance_cm": 8.1, "ts": "2026-09-29T07:11:18Z"}
2026-09-30T03:23:51Z parking/lantai-1/slot/A1 {"slot_id": "A1", "status": "OCCUPIED", "distance_cm": 8.1, "ts": "2026-09-29T07:11:18Z"}
2026-09-30T03:23:52Z parking/lantai-1/slot/A1 {"slot_id": "A1", "status": "OCCUPIED", "distance_cm": 8.1, "ts": "2026-09-29T07:11:18Z"}
2026-09-30T03:23:53Z parking/lantai-1/slot/A1 {"slot_id": "A1", "status": "OCCUPIED", "distance_cm": 8.1, "ts": "2026-09-29T07:11:18Z"}
2026-09-30T03:23:54Z parking/lantai-1/slot/A1 {"slot_id": "A1", "status": "OCCUPIED", "distance_cm": 8.1, "ts": "2026-09-29T07:11:18Z"}
2026-09-30T03:23:55Z parking/lantai-1/slot/A1 {"slot_id": "A1", "status": "OCCUPIED", "distance_cm": 8.1, "ts": "2026-09-29T07:11:18Z"}
2026-09-30T03:23:56Z parking/lantai-1/slot/A1 {"slot_id": "A1", "status": "OCCUPIED", "distance_cm": 8.1, "ts": "2026-09-29T07:11:18Z"}
2026-09-30T03:23:57Z parking/lantai-1/slot/A1 {"slot_id": "A1", "status": "OCCUPIED", "distance_cm": 8.1, "ts": "2026-09-29T07:11:18Z"}
2026-09-30T03:23:58Z parking/lantai-1/slot/A1 {"slot_id": "A1", "status": "OCCUPIED", "distance_cm": 8.1, "ts": "2026-09-29T07:11:18Z"}
2026-09-30T03:23:59Z parking/lantai-1/slot/A1 {"slot_id": "A1", "status": "OCCUPIED", "distance_cm": 8.1, "ts": "2026-09-29T07:11:18Z"}
2026-09-30T03:24:00Z parking/lantai-1/slot/A1 {"slot_id": "A1", "status": "OCCUPIED", "distance_cm": 8.1, "ts": "2026-09-29T07:11:18Z"}
2026-09-30T03:24:01Z parking/lantai-1/slot/A1 {"slot_id": "A1", "status": "OCCUPIED", "distance_cm": 8.1, "ts": "2026-09-29T07:11:18Z"}
2026-09-30T03:24:02Z parking/lantai-1/slot/A1 {"slot_id": "A1", "status": "OCCUPIED", "distance_cm": 8.1, "ts": "2026-09-29T07:11:18Z"}
2026-09-30T03:24:03Z parking/lantai-1/slot/A1 {"slot_id": "A1", "status": "OCCUPIED", "distance_cm": 8.1, "ts": "2026-09-29T07:11:18Z"}
2026-09-30T03:24:04Z parking/lantai-1/slot/A1 {"slot_id": "A1", "status": "OCCUPIED", "distance_cm": 8.1, "ts": "2026-09-29T07:11:18Z"}
2026-09-30T03:24:05Z parking/lantai-1/slot/A1 {"slot_id": "A1", "status": "OCCUPIED", "distance_cm": 8.1, "ts": "2026-09-29T07:11:18Z"}
2026-09-30T03:24:06Z parking/lantai-1/slot/A1 {"slot_id": "A1", "status": "OCCUPIED", "distance_cm": 8.1, "ts": "2026-09-29T07:11:18Z"}
2026-09-30T03:24:07Z parking/lantai-1/slot/A1 {"slot_id": "A1", "status": "OCCUPIED", "distance_cm": 8.1, "ts": "2026-09-29T07:11:18Z"}
2026-09-30T03:24:08Z parking/lantai-1/slot/A1 {"slot_id": "A1", "status": "OCCUPIED", "distance_cm": 8.1, "ts": "2026-09-29T07:11:18Z"}
2026-09-30T03:24:09Z parking/lantai-1/slot/A1 {"slot_id": "A1", "status": "OCCUPIED", "distance_cm": 8.1, "ts": "2026-09-29T07:11:18Z"}
2026-09-30T03:24:10Z parking/lantai-1/slot/A1 {"slot_id": "A1", "status": "OCCUPIED", "distance_cm": 8.1, "ts": "2026-09-29T07:11:18Z"}
2026-09-30T03:24:11Z parking/lantai-1/slot/A1 {"slot_id": "A1", "status": "OCCUPIED", "distance_cm": 8.1, "ts": "2026-09-29T07:11:18Z"}
2026-09-30T03:24:12Z parking/lantai-1/slot/A1 {"slot_id": "A1", "status": "OCCUPIED", "distance_cm": 8.1, "ts": "2026-09-29T07:11:18Z"}
2026-09-30T03:24:13Z parking/lantai-1/slot/A1 {"slot_id": "A1", "status": "OCCUPIED", "distance_cm": 8.1, "ts": "2026-09-29T07:11:18Z"}
2026-09-30T03:24:14Z parking/lantai-1/slot/A1 {"slot_id": "A1", "status": "OCCUPIED", "distance_cm": 8.1, "ts": "2026-09-29T07:11:18Z"}
2026-09-30T03:24:15Z parking/lantai-1/slot/A1 {"slot_id": "A1", "status": "OCCUPIED", "distance_cm": 8.1, "ts": "2026-09-29T07:11:18Z"}
2026-09-30T03:24:16Z parking/lantai-1/slot/A1 {"slot_id": "A1", "status": "OCCUPIED", "distance_cm": 8.1, "ts": "2026-09-29T07:11:18Z"}
2026-09-30T03:24:17Z parking/lantai-1/slot/A1 {"slot_id": "A1", "status": "OCCUPIED", "distance_cm": 8.1, "ts": "2026-09-29T07:11:18Z"}
2026-09-30T03:24:18Z parking/lantai-1/slot/A1 {"slot_id": "A1", "status": "OCCUPIED", "distance_cm": 8.1, "ts": "2026-09-29T07:11:18Z"}
2026-09-30T03:24:19Z parking/lantai-1/slot/A1 {"slot_id": "A1", "status": "OCCUPIED", "distance_cm": 8.1, "ts": "2026-09-29T07:11:18Z"}
2026-09-30T03:24:20Z parking/lantai-1/slot/A1 {"slot_id": "A1", "status": "OCCUPIED", "distance_cm": 8.1, "ts": "2026-09-29T07:11:18Z"}
2026-09-30T03:24:21Z parking/lantai-1/slot/A1 {"slot_id": "A1", "status": "OCCUPIED", "distance_cm": 8.1, "ts": "2026-09-29T07:11:18Z"}
2026-09-30T03:24:22Z parking/lantai-1/slot/A1 {"slot_id": "A1", "status": "OCCUPIED", "distance_cm": 8.1, "ts": "2026-09-29T07:11:18Z"}
2026-09-30T03:24:24Z parking/lantai-1/slot/A1 {"slot_id": "A1", "status": "OCCUPIED", "distance_cm": 8.1, "ts": "2026-09-29T07:11:18Z"}
2026-09-30T03:24:25Z parking/lantai-1/slot/A1 {"slot_id": "A1", "status": "OCCUPIED", "distance_cm": 8.1, "ts": "2026-09-29T07:11:18Z"}
2026-09-30T03:24:26Z parking/lantai-1/slot/A1 {"slot_id": "A1", "status": "OCCUPIED", "distance_cm": 8.1, "ts": "2026-09-29T07:11:18Z"}
2026-09-30T03:24:27Z parking/lantai-1/slot/A1 {"slot_id": "A1", "status": "OCCUPIED", "distance_cm": 8.1, "ts": "2026-09-29T07:11:18Z"}
2026-09-30T03:24:28Z parking/lantai-1/slot/A1 {"slot_id": "A1", "status": "OCCUPIED", "distance_cm": 8.1, "ts": "2026-09-29T07:11:18Z"}
2026-09-30T03:24:29Z parking/lantai-1/slot/A1 {"slot_id": "A1", "status": "OCCUPIED", "distance_cm": 8.1, "ts": "2026-09-29T07:11:18Z"}
2026-09-30T03:24:30Z parking/lantai-1/slot/A1 {"slot_id": "A1", "status": "OCCUPIED", "distance_cm": 8.1, "ts": "2026-09-29T07:11:18Z"}
2026-09-30T03:24:31Z parking/lantai-1/slot/A1 {"slot_id": "A1", "status": "OCCUPIED", "distance_cm": 8.1, "ts": "2026-09-29T07:11:18Z"}
2026-09-30T03:24:32Z parking/lantai-1/slot/A1 {"slot_id": "A1", "status": "OCCUPIED", "distance_cm": 8.1, "ts": "2026-09-29T07:11:18Z"}
2026-09-30T03:24:33Z parking/lantai-1/slot/A1 {"slot_id": "A1", "status": "OCCUPIED", "distance_cm": 8.1, "ts": "2026-09-29T07:11:18Z"}
2026-09-30T03:24:34Z parking/lantai-1/slot/A1 {"slot_id": "A1", "status": "OCCUPIED", "distance_cm": 8.1, "ts": "2026-09-29T07:11:18Z"}
2026-09-30T03:24:35Z parking/lantai-1/slot/A1 {"slot_id": "A1", "status": "OCCUPIED", "distance_cm": 8.1, "ts": "2026-09-29T07:11:18Z"}
2026-09-30T03:24:36Z parking/lantai-1/slot/A1 {"slot_id": "A1", "status": "OCCUPIED", "distance_cm": 8.1, "ts": "2026-09-29T07:11:18Z"}
2026-09-30T03:24:37Z parking/lantai-1/slot/A1 {"slot_id": "A1", "status": "OCCUPIED", "distance_cm": 8.1, "ts": "2026-09-29T07:11:18Z"}
2026-09-30T03:24:38Z parking/lantai-1/slot/A1 {"slot_id": "A1", "status": "OCCUPIED", "distance_cm": 8.1, "ts": "2026-09-29T07:11:18Z"}
2026-09-30T03:24:39Z parking/lantai-1/slot/A1 {"slot_id": "A1", "status": "OCCUPIED", "distance_cm": 8.1, "ts": "2026-09-29T07:11:18Z"}
2026-09-30T03:24:40Z parking/lantai-1/slot/A1 {"slot_id": "A1", "status": "OCCUPIED", "distance_cm": 8.1, "ts": "2026-09-29T07:11:18Z"}
2026-09-30T03:24:41Z parking/lantai-1/slot/A1 {"slot_id": "A1", "status": "OCCUPIED", "distance_cm": 8.1, "ts": "2026-09-29T07:11:18Z"}
2026-09-30T03:24:42Z parking/lantai-1/slot/A1 {"slot_id": "A1", "status": "OCCUPIED", "distance_cm": 8.1, "ts": "2026-09-29T07:11:18Z"}
2026-09-30T03:24:43Z parking/lantai-1/slot/A1 {"slot_id": "A1", "status": "OCCUPIED", "distance_cm": 8.1, "ts": "2026-09-29T07:11:18Z"}
2026-09-30T03:24:44Z parking/lantai-1/slot/A1 {"slot_id": "A1", "status": "OCCUPIED", "distance_cm": 8.1, "ts": "2026-09-29T07:11:18Z"}
2026-09-30T03:24:45Z parking/lantai-1/slot/A1 {"slot_id": "A1", "status": "OCCUPIED", "distance_cm": 8.1, "ts": "2026-09-29T07:11:18Z"}
2026-09-30T03:24:46Z parking/lantai-1/slot/A1 {"slot_id": "A1", "status": "OCCUPIED", "distance_cm": 8.1, "ts": "2026-09-29T07:11:18Z"}
2026-09-30T03:24:47Z parking/lantai-1/slot/A1 {"slot_id": "A1", "status": "OCCUPIED", "distance_cm": 8.1, "ts": "2026-09-29T07:11:18Z"}
2026-09-30T03:24:48Z parking/lantai-1/slot/A1 {"slot_id": "A1", "status": "OCCUPIED", "distance_cm": 8.1, "ts": "2026-09-29T07:11:18Z"}
2026-09-30T03:24:49Z parking/lantai-1/slot/A1 {"slot_id": "A1", "status": "OCCUPIED", "distance_cm": 8.1, "ts": "2026-09-29T07:11:18Z"}
2026-09-30T03:24:50Z parking/lantai-1/slot/A1 {"slot_id": "A1", "status": "OCCUPIED", "distance_cm": 8.1, "ts": "2026-09-29T07:11:18Z"}
2026-09-30T03:24:51Z parking/lantai-1/slot/A1 {"slot_id": "A1", "status": "OCCUPIED", "distance_cm": 8.1, "ts": "2026-09-29T07:11:18Z"}
2026-09-30T03:24:52Z parking/lantai-1/slot/A1 {"slot_id": "A1", "status": "OCCUPIED", "distance_cm": 8.1, "ts": "2026-09-29T07:11:18Z"}
2026-09-30T03:24:53Z parking/lantai-1/slot/A1 {"slot_id": "A1", "status": "OCCUPIED", "distance_cm": 8.1, "ts": "2026-09-29T07:11:18Z"}
2026-09-30T03:24:54Z parking/lantai-1/slot/A1 {"slot_id": "A1", "status": "OCCUPIED", "distance_cm": 8.1, "ts": "2026-09-29T07:11:18Z"}
2026-09-30T03:24:55Z parking/lantai-1/slot/A1 {"slot_id": "A1", "status": "OCCUPIED", "distance_cm": 8.1, "ts": "2026-09-29T07:11:18Z"}
2026-09-30T03:24:56Z parking/lantai-1/slot/A1 {"slot_id": "A1", "status": "OCCUPIED", "distance_cm": 8.1, "ts": "2026-09-29T07:11:18Z"}
2026-09-30T03:24:57Z parking/lantai-1/slot/A1 {"slot_id": "A1", "status": "OCCUPIED", "distance_cm": 8.1, "ts": "2026-09-29T07:11:18Z"}
2026-09-30T03:24:58Z parking/lantai-1/slot/A1 {"slot_id": "A1", "status": "OCCUPIED", "distance_cm": 8.1, "ts": "2026-09-29T07:11:18Z"}
2026-09-30T03:24:59Z parking/lantai-1/slot/A1 {"slot_id": "A1", "status": "OCCUPIED", "distance_cm": 8.1, "ts": "2026-09-29T07:11:18Z"}
2026-09-30T03:25:00Z parking/lantai-1/slot/A1 {"slot_id": "A1", "status": "OCCUPIED", "distance_cm": 8.1, "ts": "2026-09-29T07:11:18Z"}
2026-09-30T03:25:01Z parking/lantai-1/slot/A1 {"slot_id": "A1", "status": "OCCUPIED", "distance_cm": 8.1, "ts": "2026-09-29T07:11:18Z"}
2026-09-30T03:25:02Z parking/lantai-1/slot/A1 {"slot_id": "A1", "status": "OCCUPIED", "distance_cm": 8.1, "ts": "2026-09-29T07:11:18Z"}
2026-09-30T03:25:03Z parking/lantai-1/slot/A1 {"slot_id": "A1", "status": "OCCUPIED", "distance_cm": 8.1, "ts": "2026-09-29T07:11:18Z"}
2026-09-30T03:25:04Z parking/lantai-1/slot/A1 {"slot_id": "A1", "status": "OCCUPIED", "distance_cm": 8.1, "ts": "2026-09-29T07:11:18Z"}
2026-09-30T03:25:05Z parking/lantai-1/slot/A1 {"slot_id": "A1", "status": "OCCUPIED", "distance_cm": 8.1, "ts": "2026-09-29T07:11:18Z"}
2026-09-30T03:25:06Z parking/lantai-1/slot/A1 {"slot_id": "A1", "status": "OCCUPIED", "distance_cm": 8.1, "ts": "2026-09-29T07:11:18Z"}
2026-09-30T03:25:07Z parking/lantai-1/slot/A1 {"slot_id": "A1", "status": "OCCUPIED", "distance_cm": 8.1, "ts": "2026-09-29T07:11:18Z"}
2026-09-30T03:25:08Z parking/lantai-1/slot/A1 {"slot_id": "A1", "status": "OCCUPIED", "distance_cm": 8.1, "ts": "2026-09-29T07:11:18Z"}
2026-09-30T03:25:09Z parking/lantai-1/slot/A1 {"slot_id": "A1", "status": "OCCUPIED", "distance_cm": 8.1, "ts": "2026-09-29T07:11:18Z"}
2026-09-30T03:25:10Z parking/lantai-1/slot/A1 {"slot_id": "A1", "status": "OCCUPIED", "distance_cm": 8.1, "ts": "2026-09-29T07:11:18Z"}
2026-09-30T03:25:11Z parking/lantai-1/slot/A1 {"slot_id": "A1", "status": "OCCUPIED", "distance_cm": 8.1, "ts": "2026-09-29T07:11:18Z"}
2026-09-30T03:25:12Z parking/lantai-1/slot/A1 {"slot_id": "A1", "status": "OCCUPIED", "distance_cm": 8.1, "ts": "2026-09-29T07:11:18Z"}
2026-09-30T03:25:13Z parking/lantai-1/slot/A1 {"slot_id": "A1", "status": "OCCUPIED", "distance_cm": 8.1, "ts": "2026-09-29T07:11:18Z"}
2026-09-30T03:25:14Z parking/lantai-1/slot/A1 {"slot_id": "A1", "status": "OCCUPIED", "distance_cm": 8.1, "ts": "2026-09-29T07:11:18Z"}
2026-09-30T03:25:15Z parking/lantai-1/slot/A1 {"slot_id": "A1", "status": "OCCUPIED", "distance_cm": 8.1, "ts": "2026-09-29T07:11:18Z"}
2026-09-30T03:25:16Z parking/lantai-1/slot/A1 {"slot_id": "A1", "status": "OCCUPIED", "distance_cm": 8.1, "ts": "2026-09-29T07:11:18Z"}
2026-09-30T03:25:17Z parking/lantai-1/slot/A1 {"slot_id": "A1", "status": "OCCUPIED", "distance_cm": 8.1, "ts": "2026-09-29T07:11:18Z"}
2026-09-30T03:25:18Z parking/lantai-1/slot/A1 {"slot_id": "A1", "status": "OCCUPIED", "distance_cm": 8.1, "ts": "2026-09-29T07:11:18Z"}
2026-09-30T03:25:19Z parking/lantai-1/slot/A1 {"slot_id": "A1", "status": "OCCUPIED", "distance_cm": 8.1, "ts": "2026-09-29T07:11:18Z"}
2026-09-30T03:25:20Z parking/lantai-1/slot/A1 {"slot_id": "A1", "status": "OCCUPIED", "distance_cm": 8.1, "ts": "2026-09-29T07:11:18Z"}
2026-09-30T03:25:21Z parking/lantai-1/slot/A1 {"slot_id": "A1", "status": "OCCUPIED", "distance_cm": 8.1, "ts": "2026-09-29T07:11:18Z"}
2026-09-30T03:25:22Z parking/lantai-1/slot/A1 {"slot_id": "A1", "status": "OCCUPIED", "distance_cm": 8.1, "ts": "2026-09-29T07:11:18Z"}
2026-09-30T03:25:23Z parking/lantai-1/slot/A1 {"slot_id": "A1", "status": "OCCUPIED", "distance_cm": 8.1, "ts": "2026-09-29T07:11:18Z"}
2026-09-30T03:25:24Z parking/lantai-1/slot/A1 {"slot_id": "A1", "status": "OCCUPIED", "distance_cm": 8.1, "ts": "2026-09-29T07:11:18Z"}
2026-09-30T03:25:25Z parking/lantai-1/slot/A1 {"slot_id": "A1", "status": "OCCUPIED", "distance_cm": 8.1, "ts": "2026-09-29T07:11:18Z"}
2026-09-30T03:25:26Z parking/lantai-1/slot/A1 {"slot_id": "A1", "status": "OCCUPIED", "distance_cm": 8.1, "ts": "2026-09-29T07:11:18Z"}
2026-09-30T03:25:27Z parking/lantai-1/slot/A1 {"slot_id": "A1", "status": "OCCUPIED", "distance_cm": 8.1, "ts": "2026-09-29T07:11:18Z"}
2026-09-30T03:25:28Z parking/lantai-1/slot/A1 {"slot_id": "A1", "status": "OCCUPIED", "distance_cm": 8.1, "ts": "2026-09-29T07:11:18Z"}
2026-09-30T03:25:29Z parking/lantai-1/slot/A1 {"slot_id": "A1", "status": "OCCUPIED", "distance_cm": 8.1, "ts": "2026-09-29T07:11:18Z"}
2026-09-30T03:25:30Z parking/lantai-1/slot/A1 {"slot_id": "A1", "status": "OCCUPIED", "distance_cm": 8.1, "ts": "2026-09-29T07:11:18Z"}
2026-09-30T03:25:31Z parking/lantai-1/slot/A1 {"slot_id": "A1", "status": "OCCUPIED", "distance_cm": 8.1, "ts": "2026-09-29T07:11:18Z"}
2026-09-30T03:25:32Z parking/lantai-1/slot/A1 {"slot_id": "A1", "status": "OCCUPIED", "distance_cm": 8.1, "ts": "2026-09-29T07:11:18Z"}
2026-09-30T03:25:33Z parking/lantai-1/slot/A1 {"slot_id": "A1", "status": "OCCUPIED", "distance_cm": 8.1, "ts": "2026-09-29T07:11:18Z"}
2026-09-30T03:25:34Z parking/lantai-1/slot/A1 {"slot_id": "A1", "status": "OCCUPIED", "distance_cm": 8.1, "ts": "2026-09-29T07:11:18Z"}
2026-09-30T03:25:35Z parking/lantai-1/slot/A1 {"slot_id": "A1", "status": "OCCUPIED", "distance_cm": 8.1, "ts": "2026-09-29T07:11:18Z"}
2026-09-30T03:25:36Z parking/lantai-1/slot/A1 {"slot_id": "A1", "status": "OCCUPIED", "distance_cm": 8.1, "ts": "2026-09-29T07:11:18Z"}
2026-09-30T03:25:37Z parking/lantai-1/slot/A1 {"slot_id": "A1", "status": "OCCUPIED", "distance_cm": 8.1, "ts": "2026-09-29T07:11:18Z"}
2026-09-30T03:25:38Z parking/lantai-1/slot/A1 {"slot_id": "A1", "status": "OCCUPIED", "distance_cm": 8.1, "ts": "2026-09-29T07:11:18Z"}
2026-09-30T03:25:39Z parking/lantai-1/slot/A1 {"slot_id": "A1", "status": "OCCUPIED", "distance_cm": 8.1, "ts": "2026-09-29T07:11:18Z"}
2026-09-30T03:25:40Z parking/lantai-1/slot/A1 {"slot_id": "A1", "status": "OCCUPIED", "distance_cm": 8.1, "ts": "2026-09-29T07:11:18Z"}
2026-09-30T03:25:41Z parking/lantai-1/slot/A1 {"slot_id": "A1", "status": "OCCUPIED", "distance_cm": 8.1, "ts": "2026-09-29T07:11:18Z"}
2026-09-30T03:25:42Z parking/lantai-1/slot/A1 {"slot_id": "A1", "status": "OCCUPIED", "distance_cm": 8.1, "ts": "2026-09-29T07:11:18Z"}
2026-09-30T03:25:43Z parking/lantai-1/slot/A1 {"slot_id": "A1", "status": "OCCUPIED", "distance_cm": 8.1, "ts": "2026-09-29T07:11:18Z"}
2026-09-30T03:25:44Z parking/lantai-1/slot/A1 {"slot_id": "A1", "status": "OCCUPIED", "distance_cm": 8.1, "ts": "2026-09-29T07:11:18Z"}
2026-09-30T03:25:45Z parking/lantai-1/slot/A1 {"slot_id": "A1", "status": "OCCUPIED", "distance_cm": 8.1, "ts": "2026-09-29T07:11:18Z"}
2026-09-30T03:25:46Z parking/lantai-1/slot/A1 {"slot_id": "A1", "status": "OCCUPIED", "distance_cm": 8.1, "ts": "2026-09-29T07:11:18Z"}
2026-09-30T03:25:47Z parking/lantai-1/slot/A1 {"slot_id": "A1", "status": "OCCUPIED", "distance_cm": 8.1, "ts": "2026-09-29T07:11:18Z"}
2026-09-30T03:25:48Z parking/lantai-1/slot/A1 {"slot_id": "A1", "status": "OCCUPIED", "distance_cm": 8.1, "ts": "2026-09-29T07:11:18Z"}
2026-09-30T03:25:49Z parking/lantai-1/slot/A1 {"slot_id": "A1", "status": "OCCUPIED", "distance_cm": 8.1, "ts": "2026-09-29T07:11:18Z"}
2026-09-30T03:25:50Z parking/lantai-1/slot/A1 {"slot_id": "A1", "status": "OCCUPIED", "distance_cm": 8.1, "ts": "2026-09-29T07:11:18Z"}
2026-09-30T03:25:51Z parking/lantai-1/slot/A1 {"slot_id": "A1", "status": "OCCUPIED", "distance_cm": 8.1, "ts": "2026-09-29T07:11:18Z"}
2026-09-30T03:25:52Z parking/lantai-1/slot/A1 {"slot_id": "A1", "status": "OCCUPIED", "distance_cm": 8.1, "ts": "2026-09-29T07:11:18Z"}
2026-09-30T03:25:53Z parking/lantai-1/slot/A1 {"slot_id": "A1", "status": "OCCUPIED", "distance_cm": 8.1, "ts": "2026-09-29T07:11:18Z"}
2026-09-30T03:25:54Z parking/lantai-1/slot/A1 {"slot_id": "A1", "status": "OCCUPIED", "distance_cm": 8.1, "ts": "2026-09-29T07:11:18Z"}
2026-09-30T03:25:55Z parking/lantai-1/slot/A1 {"slot_id": "A1", "status": "OCCUPIED", "distance_cm": 8.1, "ts": "2026-09-29T07:11:18Z"}
2026-09-30T03:25:56Z parking/lantai-1/slot/A1 {"slot_id": "A1", "status": "OCCUPIED", "distance_cm": 8.1, "ts": "2026-09-29T07:11:18Z"}
2026-09-30T03:25:57Z parking/lantai-1/slot/A1 {"slot_id": "A1", "status": "OCCUPIED", "distance_cm": 8.1, "ts": "2026-09-29T07:11:18Z"}
2026-09-30T03:25:58Z parking/lantai-1/slot/A1 {"slot_id": "A1", "status": "OCCUPIED", "distance_cm": 8.1, "ts": "2026-09-29T07:11:18Z"}
2026-09-30T03:25:59Z parking/lantai-1/slot/A1 {"slot_id": "A1", "status": "OCCUPIED", "distance_cm": 8.1, "ts": "2026-09-29T07:11:18Z"}
2026-09-30T03:26:00Z parking/lantai-1/slot/A1 {"slot_id": "A1", "status": "OCCUPIED", "distance_cm": 8.1, "ts": "2026-09-29T07:11:18Z"}
2026-09-30T03:26:01Z parking/lantai-1/slot/A1 {"slot_id": "A1", "status": "OCCUPIED", "distance_cm": 8.1, "ts": "2026-09-29T07:11:18Z"}
2026-09-30T03:26:02Z parking/lantai-1/slot/A1 {"slot_id": "A1", "status": "OCCUPIED", "distance_cm": 8.1, "ts": "2026-09-29T07:11:18Z"}
2026-09-30T03:26:03Z parking/lantai-1/slot/A1 {"slot_id": "A1", "status": "OCCUPIED", "distance_cm": 8.1, "ts": "2026-09-29T07:11:18Z"}
2026-09-30T03:26:04Z parking/lantai-1/slot/A1 {"slot_id": "A1", "status": "OCCUPIED", "distance_cm": 8.1, "ts": "2026-09-29T07:11:18Z"}
2026-09-30T03:26:05Z parking/lantai-1/slot/A1 {"slot_id": "A1", "status": "OCCUPIED", "distance_cm": 8.1, "ts": "2026-09-29T07:11:18Z"}
2026-09-30T03:26:06Z parking/lantai-1/slot/A1 {"slot_id": "A1", "status": "OCCUPIED", "distance_cm": 8.1, "ts": "2026-09-29T07:11:18Z"}
2026-09-30T03:26:07Z parking/lantai-1/slot/A1 {"slot_id": "A1", "status": "OCCUPIED", "distance_cm": 8.1, "ts": "2026-09-29T07:11:18Z"}
2026-09-30T03:26:08Z parking/lantai-1/slot/A1 {"slot_id": "A1", "status": "OCCUPIED", "distance_cm": 8.1, "ts": "2026-09-29T07:11:18Z"}
2026-09-30T03:26:09Z parking/lantai-1/slot/A1 {"slot_id": "A1", "status": "OCCUPIED", "distance_cm": 8.1, "ts": "2026-09-29T07:11:18Z"}
2026-09-30T03:26:10Z parking/lantai-1/slot/A1 {"slot_id": "A1", "status": "OCCUPIED", "distance_cm": 8.1, "ts": "2026-09-29T07:11:18Z"}
2026-09-30T03:26:11Z parking/lantai-1/slot/A1 {"slot_id": "A1", "status": "OCCUPIED", "distance_cm": 8.1, "ts": "2026-09-29T07:11:18Z"}
2026-09-30T03:26:12Z parking/lantai-1/slot/A1 {"slot_id": "A1", "status": "OCCUPIED", "distance_cm": 8.1, "ts": "2026-09-29T07:11:18Z"}
2026-09-30T03:26:13Z parking/lantai-1/slot/A1 {"slot_id": "A1", "status": "OCCUPIED", "distance_cm": 8.1, "ts": "2026-09-29T07:11:18Z"}
2026-09-30T03:26:14Z parking/lantai-1/slot/A1 {"slot_id": "A1", "status": "OCCUPIED", "distance_cm": 8.1, "ts": "2026-09-29T07:11:18Z"}
2026-09-30T03:26:15Z parking/lantai-1/slot/A1 {"slot_id": "A1", "status": "OCCUPIED", "distance_cm": 8.1, "ts": "2026-09-29T07:11:18Z"}
2026-09-30T03:26:16Z parking/lantai-1/slot/A1 {"slot_id": "A1", "status": "OCCUPIED", "distance_cm": 8.1, "ts": "2026-09-29T07:11:18Z"}
2026-09-30T03:26:17Z parking/lantai-1/slot/A1 {"slot_id": "A1", "status": "OCCUPIED", "distance_cm": 8.1, "ts": "2026-09-29T07:11:18Z"}
2026-09-30T03:26:18Z parking/lantai-1/slot/A1 {"slot_id": "A1", "status": "OCCUPIED", "distance_cm": 8.1, "ts": "2026-09-29T07:11:18Z"}
2026-09-30T03:26:19Z parking/lantai-1/slot/A1 {"slot_id": "A1", "status": "OCCUPIED", "distance_cm": 8.1, "ts": "2026-09-29T07:11:18Z"}
2026-09-30T03:26:20Z parking/lantai-1/slot/A1 {"slot_id": "A1", "status": "OCCUPIED", "distance_cm": 8.1, "ts": "2026-09-29T07:11:18Z"}
2026-09-30T03:26:21Z parking/lantai-1/slot/A1 {"slot_id": "A1", "status": "OCCUPIED", "distance_cm": 8.1, "ts": "2026-09-29T07:11:18Z"}
2026-09-30T03:26:22Z parking/lantai-1/slot/A1 {"slot_id": "A1", "status": "OCCUPIED", "distance_cm": 8.1, "ts": "2026-09-29T07:11:18Z"}
2026-09-30T03:26:23Z parking/lantai-1/slot/A1 {"slot_id": "A1", "status": "OCCUPIED", "distance_cm": 8.1, "ts": "2026-09-29T07:11:18Z"}
2026-09-30T03:26:24Z parking/lantai-1/slot/A1 {"slot_id": "A1", "status": "OCCUPIED", "distance_cm": 8.1, "ts": "2026-09-29T07:11:18Z"}
2026-09-30T03:26:25Z parking/lantai-1/slot/A1 {"slot_id": "A1", "status": "OCCUPIED", "distance_cm": 8.1, "ts": "2026-09-29T07:11:18Z"}
2026-09-30T03:26:26Z parking/lantai-1/slot/A1 {"slot_id": "A1", "status": "OCCUPIED", "distance_cm": 8.1, "ts": "2026-09-29T07:11:18Z"}
2026-09-30T03:26:27Z parking/lantai-1/slot/A1 {"slot_id": "A1", "status": "OCCUPIED", "distance_cm": 8.1, "ts": "2026-09-29T07:11:18Z"}
2026-09-30T03:26:28Z parking/lantai-1/slot/A1 {"slot_id": "A1", "status": "OCCUPIED", "distance_cm": 8.1, "ts": "2026-09-29T07:11:18Z"}
2026-09-30T03:26:29Z parking/lantai-1/slot/A1 {"slot_id": "A1", "status": "OCCUPIED", "distance_cm": 8.1, "ts": "2026-09-29T07:11:18Z"}
2026-09-30T03:26:30Z parking/lantai-1/slot/A1 {"slot_id": "A1", "status": "OCCUPIED", "distance_cm": 8.1, "ts": "2026-09-29T07:11:18Z"}
2026-09-30T03:26:31Z parking/lantai-1/slot/A1 {"slot_id": "A1", "status": "OCCUPIED", "distance_cm": 8.1, "ts": "2026-09-29T07:11:18Z"}
2026-09-30T03:26:32Z parking/lantai-1/slot/A1 {"slot_id": "A1", "status": "OCCUPIED", "distance_cm": 8.1, "ts": "2026-09-29T07:11:18Z"}
2026-09-30T03:26:33Z parking/lantai-1/slot/A1 {"slot_id": "A1", "status": "OCCUPIED", "distance_cm": 8.1, "ts": "2026-09-29T07:11:18Z"}
2026-09-30T03:26:34Z parking/lantai-1/slot/A1 {"slot_id": "A1", "status": "OCCUPIED", "distance_cm": 8.1, "ts": "2026-09-29T07:11:18Z"}
2026-09-30T03:26:35Z parking/lantai-1/slot/A1 {"slot_id": "A1", "status": "OCCUPIED", "distance_cm": 8.1, "ts": "2026-09-29T07:11:18Z"}
2026-09-30T03:26:36Z parking/lantai-1/slot/A1 {"slot_id": "A1", "status": "OCCUPIED", "distance_cm": 8.1, "ts": "2026-09-29T07:11:18Z"}
2026-09-30T03:26:37Z parking/lantai-1/slot/A1 {"slot_id": "A1", "status": "OCCUPIED", "distance_cm": 8.1, "ts": "2026-09-29T07:11:18Z"}
2026-09-30T03:26:38Z parking/lantai-1/slot/A1 {"slot_id": "A1", "status": "OCCUPIED", "distance_cm": 8.1, "ts": "2026-09-29T07:11:18Z"}
2026-09-30T03:26:39Z parking/lantai-1/slot/A1 {"slot_id": "A1", "status": "OCCUPIED", "distance_cm": 8.1, "ts": "2026-09-29T07:11:18Z"}
2026-09-30T03:26:40Z parking/lantai-1/slot/A1 {"slot_id": "A1", "status": "OCCUPIED", "distance_cm": 8.1, "ts": "2026-09-29T07:11:18Z"}
2026-09-30T03:26:41Z parking/lantai-1/slot/A1 {"slot_id": "A1", "status": "OCCUPIED", "distance_cm": 8.1, "ts": "2026-09-29T07:11:18Z"}
2026-09-30T03:26:42Z parking/lantai-1/slot/A1 {"slot_id": "A1", "status": "OCCUPIED", "distance_cm": 8.1, "ts": "2026-09-29T07:11:18Z"}
2026-09-30T03:26:44Z parking/lantai-1/slot/A1 {"slot_id": "A1", "status": "OCCUPIED", "distance_cm": 8.1, "ts": "2026-09-29T07:11:18Z"}
2026-09-30T03:26:45Z parking/lantai-1/slot/A1 {"slot_id": "A1", "status": "OCCUPIED", "distance_cm": 8.1, "ts": "2026-09-29T07:11:18Z"}
2026-09-30T03:26:46Z parking/lantai-1/slot/A1 {"slot_id": "A1", "status": "OCCUPIED", "distance_cm": 8.1, "ts": "2026-09-29T07:11:18Z"}
2026-09-30T03:26:47Z parking/lantai-1/slot/A1 {"slot_id": "A1", "status": "OCCUPIED", "distance_cm": 8.1, "ts": "2026-09-29T07:11:18Z"}
2026-09-30T03:26:48Z parking/lantai-1/slot/A1 {"slot_id": "A1", "status": "OCCUPIED", "distance_cm": 8.1, "ts": "2026-09-29T07:11:18Z"}
2026-09-30T03:26:49Z parking/lantai-1/slot/A1 {"slot_id": "A1", "status": "OCCUPIED", "distance_cm": 8.1, "ts": "2026-09-29T07:11:18Z"}
2026-09-30T03:26:50Z parking/lantai-1/slot/A1 {"slot_id": "A1", "status": "OCCUPIED", "distance_cm": 8.1, "ts": "2026-09-29T07:11:18Z"}
2026-09-30T03:26:51Z parking/lantai-1/slot/A1 {"slot_id": "A1", "status": "OCCUPIED", "distance_cm": 8.1, "ts": "2026-09-29T07:11:18Z"}
2026-09-30T03:26:52Z parking/lantai-1/slot/A1 {"slot_id": "A1", "status": "OCCUPIED", "distance_cm": 8.1, "ts": "2026-09-29T07:11:18Z"}
2026-09-30T03:26:53Z parking/lantai-1/slot/A1 {"slot_id": "A1", "status": "OCCUPIED", "distance_cm": 8.1, "ts": "2026-09-29T07:11:18Z"}
2026-09-30T03:26:54Z parking/lantai-1/slot/A1 {"slot_id": "A1", "status": "OCCUPIED", "distance_cm": 8.1, "ts": "2026-09-29T07:11:18Z"}
2026-09-30T03:26:55Z parking/lantai-1/slot/A1 {"slot_id": "A1", "status": "OCCUPIED", "distance_cm": 8.1, "ts": "2026-09-29T07:11:18Z"}
2026-09-30T03:26:56Z parking/lantai-1/slot/A1 {"slot_id": "A1", "status": "OCCUPIED", "distance_cm": 8.1, "ts": "2026-09-29T07:11:18Z"}
2026-09-30T03:26:57Z parking/lantai-1/slot/A1 {"slot_id": "A1", "status": "OCCUPIED", "distance_cm": 8.1, "ts": "2026-09-29T07:11:18Z"}
2026-09-30T03:26:58Z parking/lantai-1/slot/A1 {"slot_id": "A1", "status": "OCCUPIED", "distance_cm": 8.1, "ts": "2026-09-29T07:11:18Z"}
2026-09-30T03:26:59Z parking/lantai-1/slot/A1 {"slot_id": "A1", "status": "OCCUPIED", "distance_cm": 8.1, "ts": "2026-09-29T07:11:18Z"}
2026-09-30T03:27:00Z parking/lantai-1/slot/A1 {"slot_id": "A1", "status": "OCCUPIED", "distance_cm": 8.1, "ts": "2026-09-29T07:11:18Z"}
2026-09-30T03:27:01Z parking/lantai-1/slot/A1 {"slot_id": "A1", "status": "OCCUPIED", "distance_cm": 8.1, "ts": "2026-09-29T07:11:18Z"}
2026-09-30T03:27:02Z parking/lantai-1/slot/A1 {"slot_id": "A1", "status": "OCCUPIED", "distance_cm": 8.1, "ts": "2026-09-29T07:11:18Z"}
2026-09-30T03:27:03Z parking/lantai-1/slot/A1 {"slot_id": "A1", "status": "OCCUPIED", "distance_cm": 8.1, "ts": "2026-09-29T07:11:18Z"}
2026-09-30T03:27:04Z parking/lantai-1/slot/A1 {"slot_id": "A1", "status": "OCCUPIED", "distance_cm": 8.1, "ts": "2026-09-29T07:11:18Z"}
2026-09-30T03:27:05Z parking/lantai-1/slot/A1 {"slot_id": "A1", "status": "OCCUPIED", "distance_cm": 8.1, "ts": "2026-09-29T07:11:18Z"}
2026-09-30T03:27:06Z parking/lantai-1/slot/A1 {"slot_id": "A1", "status": "OCCUPIED", "distance_cm": 8.1, "ts": "2026-09-29T07:11:18Z"}
2026-09-30T03:27:07Z parking/lantai-1/slot/A1 {"slot_id": "A1", "status": "OCCUPIED", "distance_cm": 8.1, "ts": "2026-09-29T07:11:18Z"}
2026-09-30T03:27:08Z parking/lantai-1/slot/A1 {"slot_id": "A1", "status": "OCCUPIED", "distance_cm": 8.1, "ts": "2026-09-29T07:11:18Z"}
2026-09-30T03:27:09Z parking/lantai-1/slot/A1 {"slot_id": "A1", "status": "OCCUPIED", "distance_cm": 8.1, "ts": "2026-09-29T07:11:18Z"}
2026-09-30T03:27:10Z parking/lantai-1/slot/A1 {"slot_id": "A1", "status": "OCCUPIED", "distance_cm": 8.1, "ts": "2026-09-29T07:11:18Z"}
2026-09-30T03:28:04Z parking/lantai-1/slot/A1 {"slot_id": "A1", "status": "OCCUPIED", "distance_cm": 8.1, "ts": "2026-09-29T07:11:18Z"}
2026-09-30T03:28:05Z parking/lantai-1/slot/A1 {"slot_id": "A1", "status": "OCCUPIED", "distance_cm": 8.1, "ts": "2026-09-29T07:11:18Z"}
2026-09-30T03:28:06Z parking/lantai-1/slot/A1 {"slot_id": "A1", "status": "OCCUPIED", "distance_cm": 8.1, "ts": "2026-09-29T07:11:18Z"}
2026-09-30T03:28:07Z parking/lantai-1/slot/A1 {"slot_id": "A1", "status": "OCCUPIED", "distance_cm": 8.1, "ts": "2026-09-29T07:11:18Z"}
2026-09-30T03:28:08Z parking/lantai-1/slot/A1 {"slot_id": "A1", "status": "OCCUPIED", "distance_cm": 8.1, "ts": "2026-09-29T07:11:18Z"}
2026-09-30T03:28:09Z parking/lantai-1/slot/A1 {"slot_id": "A1", "status": "OCCUPIED", "distance_cm": 8.1, "ts": "2026-09-29T07:11:18Z"}
2026-09-30T03:28:10Z parking/lantai-1/slot/A1 {"slot_id": "A1", "status": "OCCUPIED", "distance_cm": 8.1, "ts": "2026-09-29T07:11:18Z"}
2026-09-30T03:28:11Z parking/lantai-1/slot/A1 {"slot_id": "A1", "status": "OCCUPIED", "distance_cm": 8.1, "ts": "2026-09-29T07:11:18Z"}
2026-09-30T03:28:12Z parking/lantai-1/slot/A1 {"slot_id": "A1", "status": "OCCUPIED", "distance_cm": 8.1, "ts": "2026-09-29T07:11:18Z"}
2026-09-30T03:28:13Z parking/lantai-1/slot/A1 {"slot_id": "A1", "status": "OCCUPIED", "distance_cm": 8.1, "ts": "2026-09-29T07:11:18Z"}
2026-09-30T03:28:14Z parking/lantai-1/slot/A1 {"slot_id": "A1", "status": "OCCUPIED", "distance_cm": 8.1, "ts": "2026-09-29T07:11:18Z"}
2026-09-30T03:28:15Z parking/lantai-1/slot/A1 {"slot_id": "A1", "status": "OCCUPIED", "distance_cm": 8.1, "ts": "2026-09-29T07:11:18Z"}
2026-09-30T03:28:16Z parking/lantai-1/slot/A1 {"slot_id": "A1", "status": "OCCUPIED", "distance_cm": 8.1, "ts": "2026-09-29T07:11:18Z"}
2026-09-30T03:28:17Z parking/lantai-1/slot/A1 {"slot_id": "A1", "status": "OCCUPIED", "distance_cm": 8.1, "ts": "2026-09-29T07:11:18Z"}
2026-09-30T03:28:18Z parking/lantai-1/slot/A1 {"slot_id": "A1", "status": "OCCUPIED", "distance_cm": 8.1, "ts": "2026-09-29T07:11:18Z"}
2026-09-30T03:28:19Z parking/lantai-1/slot/A1 {"slot_id": "A1", "status": "OCCUPIED", "distance_cm": 8.1, "ts": "2026-09-29T07:11:18Z"}
2026-09-30T03:28:20Z parking/lantai-1/slot/A1 {"slot_id": "A1", "status": "OCCUPIED", "distance_cm": 8.1, "ts": "2026-09-29T07:11:18Z"}
2026-09-30T03:28:21Z parking/lantai-1/slot/A1 {"slot_id": "A1", "status": "OCCUPIED", "distance_cm": 8.1, "ts": "2026-09-29T07:11:18Z"}
2026-09-30T03:28:22Z parking/lantai-1/slot/A1 {"slot_id": "A1", "status": "OCCUPIED", "distance_cm": 8.1, "ts": "2026-09-29T07:11:18Z"}
2026-09-30T03:28:23Z parking/lantai-1/slot/A1 {"slot_id": "A1", "status": "OCCUPIED", "distance_cm": 8.1, "ts": "2026-09-29T07:11:18Z"}
2026-09-30T03:28:24Z parking/lantai-1/slot/A1 {"slot_id": "A1", "status": "OCCUPIED", "distance_cm": 8.1, "ts": "2026-09-29T07:11:18Z"}
2026-09-30T03:28:25Z parking/lantai-1/slot/A1 {"slot_id": "A1", "status": "OCCUPIED", "distance_cm": 8.1, "ts": "2026-09-29T07:11:18Z"}
2026-09-30T03:28:26Z parking/lantai-1/slot/A1 {"slot_id": "A1", "status": "OCCUPIED", "distance_cm": 8.1, "ts": "2026-09-29T07:11:18Z"}
2026-09-30T03:28:27Z parking/lantai-1/slot/A1 {"slot_id": "A1", "status": "OCCUPIED", "distance_cm": 8.1, "ts": "2026-09-29T07:11:18Z"}
2026-09-30T03:28:28Z parking/lantai-1/slot/A1 {"slot_id": "A1", "status": "OCCUPIED", "distance_cm": 8.1, "ts": "2026-09-29T07:11:18Z"}
2026-09-30T03:28:29Z parking/lantai-1/slot/A1 {"slot_id": "A1", "status": "OCCUPIED", "distance_cm": 8.1, "ts": "2026-09-29T07:11:18Z"}
2026-09-30T03:28:30Z parking/lantai-1/slot/A1 {"slot_id": "A1", "status": "OCCUPIED", "distance_cm": 8.1, "ts": "2026-09-29T07:11:18Z"}
2026-09-30T03:28:31Z parking/lantai-1/slot/A1 {"slot_id": "A1", "status": "OCCUPIED", "distance_cm": 8.1, "ts": "2026-09-29T07:11:18Z"}
2026-09-30T03:28:32Z parking/lantai-1/slot/A1 {"slot_id": "A1", "status": "OCCUPIED", "distance_cm": 8.1, "ts": "2026-09-29T07:11:18Z"}
2026-09-30T03:28:33Z parking/lantai-1/slot/A1 {"slot_id": "A1", "status": "OCCUPIED", "distance_cm": 8.1, "ts": "2026-09-29T07:11:18Z"}
2026-09-30T03:28:34Z parking/lantai-1/slot/A1 {"slot_id": "A1", "status": "OCCUPIED", "distance_cm": 8.1, "ts": "2026-09-29T07:11:18Z"}
2026-09-30T03:28:35Z parking/lantai-1/slot/A1 {"slot_id": "A1", "status": "OCCUPIED", "distance_cm": 8.1, "ts": "2026-09-29T07:11:18Z"}
2026-09-30T03:28:36Z parking/lantai-1/slot/A1 {"slot_id": "A1", "status": "OCCUPIED", "distance_cm": 8.1, "ts": "2026-09-29T07:11:18Z"}
2026-09-30T03:28:37Z parking/lantai-1/slot/A1 {"slot_id": "A1", "status": "OCCUPIED", "distance_cm": 8.1, "ts": "2026-09-29T07:11:18Z"}
2026-09-30T03:28:38Z parking/lantai-1/slot/A1 {"slot_id": "A1", "status": "OCCUPIED", "distance_cm": 8.1, "ts": "2026-09-29T07:11:18Z"}
2026-09-30T03:28:39Z parking/lantai-1/slot/A1 {"slot_id": "A1", "status": "OCCUPIED", "distance_cm": 8.1, "ts": "2026-09-29T07:11:18Z"}
2026-09-30T03:28:40Z parking/lantai-1/slot/A1 {"slot_id": "A1", "status": "OCCUPIED", "distance_cm": 8.1, "ts": "2026-09-29T07:11:18Z"}
2026-09-30T03:28:41Z parking/lantai-1/slot/A1 {"slot_id": "A1", "status": "OCCUPIED", "distance_cm": 8.1, "ts": "2026-09-29T07:11:18Z"}
2026-09-30T03:29:03Z parking/lantai-1/slot/A3 {"slot_id": "A3", "status": "FREE", "distance_cm": 37.0, "ts": "2026-09-30T03:29:03Z"}
2026-09-30T03:29:06Z parking/lantai-1/slot/A2 {"slot_id": "A2", "status": "FREE", "distance_cm": 37.3, "ts": "2026-09-30T03:29:06Z"}
2026-09-30T03:29:09Z parking/lantai-1/slot/A1 {"slot_id": "A1", "status": "FREE", "distance_cm": -1, "ts": "2026-09-30T03:29:09Z"}
2026-09-30T03:29:10Z parking/lantai-1/slot/A2 {"slot_id": "A2", "status": "FREE", "distance_cm": -1, "ts": "2026-09-30T03:29:10Z"}
2026-09-30T03:29:11Z parking/lantai-1/slot/A3 {"slot_id": "A3", "status": "FREE", "distance_cm": -1, "ts": "2026-09-30T03:29:11Z"}
2026-09-30T03:29:25Z parking/lantai-1/slot/A1 {"slot_id": "A1", "status": "OCCUPIED", "distance_cm": 7.0, "ts": "2026-09-30T03:29:25Z"}
2026-09-30T03:29:26Z parking/lantai-1/slot/A2 {"slot_id": "A2", "status": "OCCUPIED", "distance_cm": 8.6, "ts": "2026-09-30T03:29:26Z"}
2026-09-30T03:29:26Z parking/lantai-1/slot/A3 {"slot_id": "A3", "status": "OCCUPIED", "distance_cm": 6.5, "ts": "2026-09-30T03:29:26Z"}
2026-09-30T03:29:27Z parking/lantai-1/slot/A1 {"slot_id": "A1", "status": "FREE", "distance_cm": 36.6, "ts": "2026-09-30T03:29:27Z"}
2026-09-30T03:29:36Z parking/lantai-1/slot/A2 {"slot_id": "A2", "status": "FREE", "distance_cm": 34.0, "ts": "2026-09-30T03:29:36Z"}
2026-09-30T03:29:38Z parking/lantai-1/slot/A1 {"slot_id": "A1", "status": "OCCUPIED", "distance_cm": 7.9, "ts": "2026-09-30T03:29:38Z"}
2026-09-30T03:29:41Z parking/lantai-1/slot/A3 {"slot_id": "A3", "status": "FREE", "distance_cm": 37.5, "ts": "2026-09-30T03:29:41Z"}
2026-09-30T03:29:43Z parking/lantai-1/slot/A1 {"slot_id": "A1", "status": "FREE", "distance_cm": 34.8, "ts": "2026-09-30T03:29:43Z"}
2026-09-30T03:30:03Z parking/lantai-1/slot/A3 {"slot_id": "A3", "status": "OCCUPIED", "distance_cm": 8.6, "ts": "2026-09-30T03:30:03Z"}
2026-09-30T03:30:07Z parking/lantai-1/slot/A1 {"slot_id": "A1", "status": "OCCUPIED", "distance_cm": 6.0, "ts": "2026-09-30T03:30:07Z"}
2026-09-30T03:30:07Z parking/lantai-1/slot/A2 {"slot_id": "A2", "status": "OCCUPIED", "distance_cm": 7.6, "ts": "2026-09-30T03:30:07Z"}
2026-09-30T03:30:10Z parking/lantai-1/slot/A3 {"slot_id": "A3", "status": "FREE", "distance_cm": 34.2, "ts": "2026-09-30T03:30:10Z"}
2026-09-30T03:30:15Z parking/lantai-1/slot/A1 {"slot_id": "A1", "status": "FREE", "distance_cm": 34.4, "ts": "2026-09-30T03:30:15Z"}
2026-09-30T03:30:18Z parking/lantai-1/slot/A2 {"slot_id": "A2", "status": "FREE", "distance_cm": 37.6, "ts": "2026-09-30T03:30:18Z"}
2026-09-30T03:30:23Z parking/lantai-1/slot/A3 {"slot_id": "A3", "status": "OCCUPIED", "distance_cm": 8.7, "ts": "2026-09-30T03:30:23Z"}
2026-09-30T03:30:23Z parking/lantai-1/slot/A1 {"slot_id": "A1", "status": "OCCUPIED", "distance_cm": 7.7, "ts": "2026-09-30T03:30:23Z"}
2026-09-30T03:30:30Z parking/lantai-1/slot/A2 {"slot_id": "A2", "status": "OCCUPIED", "distance_cm": 6.2, "ts": "2026-09-30T03:30:30Z"}
2026-09-30T03:30:30Z parking/lantai-1/slot/A1 {"slot_id": "A1", "status": "FREE", "distance_cm": 36.1, "ts": "2026-09-30T03:30:30Z"}
2026-09-30T03:31:03Z parking/lantai-1/slot/A2 {"slot_id": "A2", "status": "FREE", "distance_cm": 35.1, "ts": "2026-09-30T03:31:03Z"}
2026-09-30T03:31:04Z parking/lantai-1/slot/A3 {"slot_id": "A3", "status": "FREE", "distance_cm": 34.2, "ts": "2026-09-30T03:31:04Z"}
2026-09-30T03:31:10Z parking/lantai-1/slot/A1 {"slot_id": "A1", "status": "OCCUPIED", "distance_cm": 7.9, "ts": "2026-09-30T03:31:10Z"}
2026-09-30T03:31:12Z parking/lantai-1/slot/A2 {"slot_id": "A2", "status": "OCCUPIED", "distance_cm": 8.7, "ts": "2026-09-30T03:31:12Z"}
2026-09-30T03:31:22Z parking/lantai-1/slot/A1 {"slot_id": "A1", "status": "FREE", "distance_cm": 38.8, "ts": "2026-09-30T03:31:22Z"}
2026-09-30T03:31:22Z parking/lantai-1/slot/A3 {"slot_id": "A3", "status": "OCCUPIED", "distance_cm": 6.5, "ts": "2026-09-30T03:31:22Z"}
2026-09-30T03:31:24Z parking/lantai-1/slot/A2 {"slot_id": "A2", "status": "FREE", "distance_cm": 37.4, "ts": "2026-09-30T03:31:24Z"}
2026-09-30T03:31:27Z parking/lantai-1/slot/A1 {"slot_id": "A1", "status": "OCCUPIED", "distance_cm": 5.7, "ts": "2026-09-30T03:31:27Z"}
2026-09-30T03:31:33Z parking/lantai-1/slot/A3 {"slot_id": "A3", "status": "FREE", "distance_cm": 36.4, "ts": "2026-09-30T03:31:33Z"}
2026-09-30T03:31:35Z parking/lantai-1/slot/A2 {"slot_id": "A2", "status": "OCCUPIED", "distance_cm": 7.2, "ts": "2026-09-30T03:31:35Z"}
2026-09-30T03:31:35Z parking/lantai-1/slot/A1 {"slot_id": "A1", "status": "FREE", "distance_cm": 34.9, "ts": "2026-09-30T03:31:35Z"}
2026-09-30T03:31:43Z parking/lantai-1/slot/A1 {"slot_id": "A1", "status": "OCCUPIED", "distance_cm": 5.8, "ts": "2026-09-30T03:31:43Z"}
2026-09-30T03:31:46Z parking/lantai-1/slot/A2 {"slot_id": "A2", "status": "FREE", "distance_cm": 33.6, "ts": "2026-09-30T03:31:46Z"}
2026-09-30T03:31:47Z parking/lantai-1/slot/A3 {"slot_id": "A3", "status": "OCCUPIED", "distance_cm": 6.3, "ts": "2026-09-30T03:31:47Z"}
2026-09-30T03:31:51Z parking/lantai-1/slot/A1 {"slot_id": "A1", "status": "FREE", "distance_cm": 33.4, "ts": "2026-09-30T03:31:51Z"}
2026-09-30T03:31:57Z parking/lantai-1/slot/A2 {"slot_id": "A2", "status": "OCCUPIED", "distance_cm": 8.6, "ts": "2026-09-30T03:31:57Z"}
2026-09-30T03:31:59Z parking/lantai-1/slot/A1 {"slot_id": "A1", "status": "OCCUPIED", "distance_cm": 7.5, "ts": "2026-09-30T03:31:59Z"}
2026-09-30T03:32:01Z parking/lantai-1/slot/A3 {"slot_id": "A3", "status": "FREE", "distance_cm": 36.2, "ts": "2026-09-30T03:32:01Z"}
2026-09-30T03:32:07Z parking/lantai-1/slot/A1 {"slot_id": "A1", "status": "FREE", "distance_cm": 37.8, "ts": "2026-09-30T03:32:07Z"}
2026-09-30T03:32:08Z parking/lantai-1/slot/A2 {"slot_id": "A2", "status": "FREE", "distance_cm": 33.1, "ts": "2026-09-30T03:32:08Z"}
2026-09-30T03:32:15Z parking/lantai-1/slot/A3 {"slot_id": "A3", "status": "OCCUPIED", "distance_cm": 6.8, "ts": "2026-09-30T03:32:15Z"}
2026-09-30T03:32:15Z parking/lantai-1/slot/A1 {"slot_id": "A1", "status": "OCCUPIED", "distance_cm": 8.3, "ts": "2026-09-30T03:32:15Z"}
2026-09-30T03:32:19Z parking/lantai-1/slot/A2 {"slot_id": "A2", "status": "OCCUPIED", "distance_cm": 7.4, "ts": "2026-09-30T03:32:19Z"}
2026-09-30T03:32:23Z parking/lantai-1/slot/A1 {"slot_id": "A1", "status": "FREE", "distance_cm": 35.4, "ts": "2026-09-30T03:32:23Z"}
2026-09-30T03:32:52Z parking/lantai-1/slot/A2 {"slot_id": "A2", "status": "FREE", "distance_cm": 33.4, "ts": "2026-09-30T03:32:52Z"}
2026-09-30T03:32:57Z parking/lantai-1/slot/A3 {"slot_id": "A3", "status": "FREE", "distance_cm": 33.4, "ts": "2026-09-30T03:32:57Z"}
2026-09-30T03:33:02Z parking/lantai-1/slot/A1 {"slot_id": "A1", "status": "OCCUPIED", "distance_cm": 7.5, "ts": "2026-09-30T03:33:02Z"}
2026-09-30T03:33:03Z parking/lantai-1/slot/A2 {"slot_id": "A2", "status": "OCCUPIED", "distance_cm": 7.9, "ts": "2026-09-30T03:33:03Z"}
2026-09-30T03:33:10Z parking/lantai-1/slot/A1 {"slot_id": "A1", "status": "FREE", "distance_cm": 35.6, "ts": "2026-09-30T03:33:11Z"}
2026-09-30T03:33:11Z parking/lantai-1/slot/A3 {"slot_id": "A3", "status": "OCCUPIED", "distance_cm": 8.8, "ts": "2026-09-30T03:33:11Z"}
2026-09-30T03:33:14Z parking/lantai-1/slot/A2 {"slot_id": "A2", "status": "FREE", "distance_cm": 39.1, "ts": "2026-09-30T03:33:14Z"}
2026-09-30T03:33:19Z parking/lantai-1/slot/A1 {"slot_id": "A1", "status": "OCCUPIED", "distance_cm": 8.9, "ts": "2026-09-30T03:33:19Z"}
2026-09-30T03:33:25Z parking/lantai-1/slot/A3 {"slot_id": "A3", "status": "FREE", "distance_cm": 39.4, "ts": "2026-09-30T03:33:25Z"}
2026-09-30T03:33:25Z parking/lantai-1/slot/A2 {"slot_id": "A2", "status": "OCCUPIED", "distance_cm": 8.1, "ts": "2026-09-30T03:33:25Z"}
2026-09-30T03:34:20Z parking/lantai-1/slot/A1 {"slot_id": "A1", "status": "FREE", "distance_cm": 36.5, "ts": "2026-09-30T03:34:20Z"}
2026-09-30T03:35:09Z parking/lantai-1/slot/A3 {"slot_id": "A3", "status": "OCCUPIED", "distance_cm": 5.9, "ts": "2026-09-30T03:35:09Z"}
2026-09-30T03:35:09Z parking/lantai-1/slot/A2 {"slot_id": "A2", "status": "FREE", "distance_cm": 34.2, "ts": "2026-09-30T03:35:09Z"}
2026-09-30T03:35:11Z parking/lantai-1/slot/A1 {"slot_id": "A1", "status": "OCCUPIED", "distance_cm": 8.8, "ts": "2026-09-30T03:35:11Z"}
2026-09-30T03:35:15Z parking/lantai-1/slot/A2 {"slot_id": "A2", "status": "OCCUPIED", "distance_cm": 8.8, "ts": "2026-09-30T03:35:15Z"}
2026-09-30T03:35:17Z parking/lantai-1/slot/A3 {"slot_id": "A3", "status": "FREE", "distance_cm": 33.2, "ts": "2026-09-30T03:35:17Z"}
2026-09-30T03:35:19Z parking/lantai-1/slot/A1 {"slot_id": "A1", "status": "FREE", "distance_cm": 38.2, "ts": "2026-09-30T03:35:19Z"}
2026-09-30T03:35:26Z parking/lantai-1/slot/A2 {"slot_id": "A2", "status": "FREE", "distance_cm": 35.3, "ts": "2026-09-30T03:35:26Z"}
2026-09-30T03:35:27Z parking/lantai-1/slot/A1 {"slot_id": "A1", "status": "OCCUPIED", "distance_cm": 7.6, "ts": "2026-09-30T03:35:27Z"}
2026-09-30T03:35:40Z parking/lantai-1/slot/A3 {"slot_id": "A3", "status": "OCCUPIED", "distance_cm": 8.6, "ts": "2026-09-30T03:35:40Z"}
2026-09-30T03:35:40Z parking/lantai-1/slot/A2 {"slot_id": "A2", "status": "OCCUPIED", "distance_cm": 8.2, "ts": "2026-09-30T03:35:40Z"}
2026-09-30T03:35:49Z parking/lantai-1/slot/A1 {"slot_id": "A1", "status": "FREE", "distance_cm": 33.9, "ts": "2026-09-30T03:35:49Z"}
2026-09-30T03:35:51Z parking/lantai-1/slot/A3 {"slot_id": "A3", "status": "FREE", "distance_cm": 37.9, "ts": "2026-09-30T03:35:51Z"}
2026-09-30T03:35:51Z parking/lantai-1/slot/A2 {"slot_id": "A2", "status": "FREE", "distance_cm": 35.5, "ts": "2026-09-30T03:35:51Z"}
2026-09-30T03:36:30Z parking/lantai-1/slot/A2 {"slot_id": "A2", "status": "OCCUPIED", "distance_cm": 6.8, "ts": "2026-09-30T03:36:30Z"}
2026-09-30T03:36:30Z parking/lantai-1/slot/A3 {"slot_id": "A3", "status": "OCCUPIED", "distance_cm": 6.9, "ts": "2026-09-30T03:36:30Z"}
2026-09-30T03:36:30Z parking/lantai-1/slot/A1 {"slot_id": "A1", "status": "OCCUPIED", "distance_cm": 7.5, "ts": "2026-09-30T03:36:30Z"}
2026-09-30T03:36:32Z parking/lantai-1/slot/A2 {"slot_id": "A2", "status": "FREE", "distance_cm": 33.3, "ts": "2026-09-30T03:36:32Z"}
2026-09-30T03:36:49Z parking/lantai-1/slot/A1 {"slot_id": "A1", "status": "FREE", "distance_cm": 39.0, "ts": "2026-09-30T03:36:49Z"}
2026-09-30T03:36:55Z parking/lantai-1/slot/A1 {"slot_id": "A1", "status": "OCCUPIED", "distance_cm": 8.7, "ts": "2026-09-30T03:36:55Z"}
2026-09-30T03:36:55Z parking/lantai-1/slot/A3 {"slot_id": "A3", "status": "FREE", "distance_cm": 37.1, "ts": "2026-09-30T03:36:55Z"}
2026-09-30T03:36:58Z parking/lantai-1/slot/A3 {"slot_id": "A3", "status": "OCCUPIED", "distance_cm": 7.0, "ts": "2026-09-30T03:36:58Z"}
2026-09-30T03:36:58Z parking/lantai-1/slot/A1 {"slot_id": "A1", "status": "FREE", "distance_cm": 39.0, "ts": "2026-09-30T03:36:58Z"}
2026-09-30T03:37:11Z parking/lantai-1/slot/A3 {"slot_id": "A3", "status": "FREE", "distance_cm": 37.3, "ts": "2026-09-30T03:37:11Z"}
2026-09-30T03:37:11Z parking/lantai-1/slot/A2 {"slot_id": "A2", "status": "OCCUPIED", "distance_cm": 7.8, "ts": "2026-09-30T03:37:11Z"}
2026-09-30T03:37:27Z parking/lantai-1/slot/A3 {"slot_id": "A3", "status": "OCCUPIED", "distance_cm": 5.8, "ts": "2026-09-30T03:37:27Z"}
2026-09-30T03:37:43Z parking/lantai-1/slot/A3 {"slot_id": "A3", "status": "FREE", "distance_cm": 34.9, "ts": "2026-09-30T03:37:43Z"}
2026-09-30T03:37:43Z parking/lantai-1/slot/A2 {"slot_id": "A2", "status": "FREE", "distance_cm": 36.5, "ts": "2026-09-30T03:37:43Z"}
2026-09-30T03:37:49Z parking/lantai-1/slot/A2 {"slot_id": "A2", "status": "OCCUPIED", "distance_cm": 7.0, "ts": "2026-09-30T03:37:49Z"}
2026-09-30T03:37:51Z parking/lantai-1/slot/A3 {"slot_id": "A3", "status": "OCCUPIED", "distance_cm": 8.0, "ts": "2026-09-30T03:37:51Z"}
2026-09-30T03:37:51Z parking/lantai-1/slot/A1 {"slot_id": "A1", "status": "OCCUPIED", "distance_cm": 7.0, "ts": "2026-09-30T03:37:51Z"}
2026-09-30T03:37:59Z parking/lantai-1/slot/A1 {"slot_id": "A1", "status": "FREE", "distance_cm": 39.3, "ts": "2026-09-30T03:37:59Z"}
2026-09-30T03:38:00Z parking/lantai-1/slot/A2 {"slot_id": "A2", "status": "FREE", "distance_cm": 37.1, "ts": "2026-09-30T03:38:00Z"}
2026-09-30T03:38:13Z parking/lantai-1/slot/A3 {"slot_id": "A3", "status": "FREE", "distance_cm": 33.1, "ts": "2026-09-30T03:38:13Z"}
2026-09-30T03:38:13Z parking/lantai-1/slot/A1 {"slot_id": "A1", "status": "OCCUPIED", "distance_cm": 5.6, "ts": "2026-09-30T03:38:13Z"}
2026-09-30T03:38:14Z parking/lantai-1/slot/A2 {"slot_id": "A2", "status": "OCCUPIED", "distance_cm": 8.4, "ts": "2026-09-30T03:38:14Z"}
2026-09-30T03:38:15Z parking/lantai-1/slot/A1 {"slot_id": "A1", "status": "FREE", "distance_cm": 37.6, "ts": "2026-09-30T03:38:15Z"}
2026-09-30T03:38:22Z parking/lantai-1/slot/A3 {"slot_id": "A3", "status": "OCCUPIED", "distance_cm": 6.7, "ts": "2026-09-30T03:38:22Z"}
2026-09-30T03:38:22Z parking/lantai-1/slot/A2 {"slot_id": "A2", "status": "FREE", "distance_cm": 33.3, "ts": "2026-09-30T03:38:22Z"}
2026-09-30T03:38:23Z parking/lantai-1/slot/A1 {"slot_id": "A1", "status": "OCCUPIED", "distance_cm": 8.2, "ts": "2026-09-30T03:38:23Z"}
2026-09-30T03:38:30Z parking/lantai-1/slot/A1 {"slot_id": "A1", "status": "FREE", "distance_cm": 39.7, "ts": "2026-09-30T03:38:30Z"}
2026-09-30T03:38:32Z parking/lantai-1/slot/A3 {"slot_id": "A3", "status": "FREE", "distance_cm": 36.8, "ts": "2026-09-30T03:38:32Z"}
2026-09-30T03:38:32Z parking/lantai-1/slot/A2 {"slot_id": "A2", "status": "OCCUPIED", "distance_cm": 8.8, "ts": "2026-09-30T03:38:32Z"}
2026-09-30T03:38:50Z parking/lantai-1/slot/A2 {"slot_id": "A2", "status": "FREE", "distance_cm": 39.8, "ts": "2026-09-30T03:38:50Z"}
2026-09-30T03:38:50Z parking/lantai-1/slot/A3 {"slot_id": "A3", "status": "OCCUPIED", "distance_cm": 6.2, "ts": "2026-09-30T03:38:50Z"}
2026-09-30T03:38:55Z parking/lantai-1/slot/A1 {"slot_id": "A1", "status": "OCCUPIED", "distance_cm": 5.1, "ts": "2026-09-30T03:38:55Z"}
2026-09-30T03:38:55Z parking/lantai-1/slot/A2 {"slot_id": "A2", "status": "OCCUPIED", "distance_cm": 6.8, "ts": "2026-09-30T03:38:55Z"}
2026-09-30T03:39:01Z parking/lantai-1/slot/A3 {"slot_id": "A3", "status": "FREE", "distance_cm": 39.6, "ts": "2026-09-30T03:39:01Z"}
2026-09-30T03:39:03Z parking/lantai-1/slot/A1 {"slot_id": "A1", "status": "FREE", "distance_cm": 38.7, "ts": "2026-09-30T03:39:03Z"}
2026-09-30T03:39:13Z parking/lantai-1/slot/A1 {"slot_id": "A1", "status": "OCCUPIED", "distance_cm": 7.0, "ts": "2026-09-30T03:39:13Z"}
2026-09-30T03:39:13Z parking/lantai-1/slot/A2 {"slot_id": "A2", "status": "FREE", "distance_cm": 35.3, "ts": "2026-09-30T03:39:13Z"}
2026-09-30T03:39:16Z parking/lantai-1/slot/A3 {"slot_id": "A3", "status": "OCCUPIED", "distance_cm": 7.2, "ts": "2026-09-30T03:39:16Z"}
2026-09-30T03:39:18Z parking/lantai-1/slot/A2 {"slot_id": "A2", "status": "OCCUPIED", "distance_cm": 5.3, "ts": "2026-09-30T03:39:18Z"}
2026-09-30T03:39:19Z parking/lantai-1/slot/A1 {"slot_id": "A1", "status": "FREE", "distance_cm": 33.5, "ts": "2026-09-30T03:39:19Z"}
2026-09-30T03:39:29Z parking/lantai-1/slot/A2 {"slot_id": "A2", "status": "FREE", "distance_cm": 38.3, "ts": "2026-09-30T03:39:30Z"}
2026-09-30T03:39:29Z parking/lantai-1/slot/A1 {"slot_id": "A1", "status": "OCCUPIED", "distance_cm": 8.5, "ts": "2026-09-30T03:39:29Z"}
2026-09-30T03:39:31Z parking/lantai-1/slot/A3 {"slot_id": "A3", "status": "FREE", "distance_cm": 33.9, "ts": "2026-09-30T03:39:31Z"}
2026-09-30T03:39:36Z parking/lantai-1/slot/A1 {"slot_id": "A1", "status": "FREE", "distance_cm": 35.7, "ts": "2026-09-30T03:39:36Z"}
2026-09-30T03:39:39Z parking/lantai-1/slot/A2 {"slot_id": "A2", "status": "OCCUPIED", "distance_cm": 8.7, "ts": "2026-09-30T03:39:39Z"}
2026-09-30T03:39:42Z parking/lantai-1/slot/A3 {"slot_id": "A3", "status": "OCCUPIED", "distance_cm": 6.5, "ts": "2026-09-30T03:39:43Z"}
2026-09-30T03:39:43Z parking/lantai-1/slot/A1 {"slot_id": "A1", "status": "OCCUPIED", "distance_cm": 8.2, "ts": "2026-09-30T03:39:43Z"}
2026-09-30T03:39:52Z parking/lantai-1/slot/A2 {"slot_id": "A2", "status": "FREE", "distance_cm": 36.1, "ts": "2026-09-30T03:39:52Z"}
2026-09-30T03:39:54Z parking/lantai-1/slot/A1 {"slot_id": "A1", "status": "FREE", "distance_cm": 37.7, "ts": "2026-09-30T03:39:54Z"}
2026-09-30T03:40:00Z parking/lantai-1/slot/A2 {"slot_id": "A2", "status": "OCCUPIED", "distance_cm": 8.0, "ts": "2026-09-30T03:40:00Z"}
2026-09-30T03:40:02Z parking/lantai-1/slot/A3 {"slot_id": "A3", "status": "FREE", "distance_cm": 35.3, "ts": "2026-09-30T03:40:02Z"}
2026-09-30T03:40:06Z parking/lantai-1/slot/A1 {"slot_id": "A1", "status": "OCCUPIED", "distance_cm": 8.3, "ts": "2026-09-30T03:40:06Z"}
2026-09-30T03:40:08Z parking/lantai-1/slot/A1 {"slot_id": "A1", "status": "FREE", "distance_cm": 38.7, "ts": "2026-09-30T03:40:08Z"}
2026-09-30T03:40:10Z parking/lantai-1/slot/A3 {"slot_id": "A3", "status": "OCCUPIED", "distance_cm": 6.9, "ts": "2026-09-30T03:40:10Z"}
2026-09-30T03:40:11Z parking/lantai-1/slot/A2 {"slot_id": "A2", "status": "FREE", "distance_cm": 39.9, "ts": "2026-09-30T03:40:11Z"}
2026-09-30T03:40:15Z parking/lantai-1/slot/A1 {"slot_id": "A1", "status": "OCCUPIED", "distance_cm": 5.8, "ts": "2026-09-30T03:40:15Z"}
2026-09-30T03:40:23Z parking/lantai-1/slot/A1 {"slot_id": "A1", "status": "FREE", "distance_cm": 38.2, "ts": "2026-09-30T03:40:23Z"}
2026-09-30T03:40:23Z parking/lantai-1/slot/A2 {"slot_id": "A2", "status": "OCCUPIED", "distance_cm": 8.2, "ts": "2026-09-30T03:40:23Z"}
2026-09-30T03:40:31Z parking/lantai-1/slot/A3 {"slot_id": "A3", "status": "FREE", "distance_cm": 34.0, "ts": "2026-09-30T03:40:31Z"}
2026-09-30T03:40:34Z parking/lantai-1/slot/A1 {"slot_id": "A1", "status": "OCCUPIED", "distance_cm": 7.8, "ts": "2026-09-30T03:40:34Z"}
2026-09-30T03:40:34Z parking/lantai-1/slot/A2 {"slot_id": "A2", "status": "FREE", "distance_cm": 33.5, "ts": "2026-09-30T03:40:34Z"}
2026-09-30T03:40:39Z parking/lantai-1/slot/A1 {"slot_id": "A1", "status": "FREE", "distance_cm": 37.9, "ts": "2026-09-30T03:40:39Z"}
2026-09-30T03:40:39Z parking/lantai-1/slot/A3 {"slot_id": "A3", "status": "OCCUPIED", "distance_cm": 8.3, "ts": "2026-09-30T03:40:39Z"}
2026-09-30T03:40:45Z parking/lantai-1/slot/A2 {"slot_id": "A2", "status": "OCCUPIED", "distance_cm": 5.4, "ts": "2026-09-30T03:40:45Z"}
2026-09-30T03:40:47Z parking/lantai-1/slot/A1 {"slot_id": "A1", "status": "OCCUPIED", "distance_cm": 5.1, "ts": "2026-09-30T03:40:47Z"}
2026-09-30T03:40:53Z parking/lantai-1/slot/A3 {"slot_id": "A3", "status": "FREE", "distance_cm": 33.1, "ts": "2026-09-30T03:40:53Z"}
2026-09-30T03:40:54Z parking/lantai-1/slot/A1 {"slot_id": "A1", "status": "FREE", "distance_cm": 33.1, "ts": "2026-09-30T03:40:55Z"}
2026-09-30T03:40:56Z parking/lantai-1/slot/A2 {"slot_id": "A2", "status": "FREE", "distance_cm": 35.2, "ts": "2026-09-30T03:40:56Z"}
2026-09-30T03:41:03Z parking/lantai-1/slot/A1 {"slot_id": "A1", "status": "OCCUPIED", "distance_cm": 6.2, "ts": "2026-09-30T03:41:03Z"}
2026-09-30T03:41:07Z parking/lantai-1/slot/A3 {"slot_id": "A3", "status": "OCCUPIED", "distance_cm": 8.1, "ts": "2026-09-30T03:41:07Z"}
2026-09-30T03:41:07Z parking/lantai-1/slot/A2 {"slot_id": "A2", "status": "OCCUPIED", "distance_cm": 6.4, "ts": "2026-09-30T03:41:07Z"}
2026-09-30T03:41:11Z parking/lantai-1/slot/A1 {"slot_id": "A1", "status": "FREE", "distance_cm": 37.9, "ts": "2026-09-30T03:41:11Z"}
2026-09-30T03:41:18Z parking/lantai-1/slot/A2 {"slot_id": "A2", "status": "FREE", "distance_cm": 34.9, "ts": "2026-09-30T03:41:18Z"}
2026-09-30T03:41:20Z parking/lantai-1/slot/A3 {"slot_id": "A3", "status": "FREE", "distance_cm": 34.9, "ts": "2026-09-30T03:41:20Z"}
2026-09-30T03:41:28Z parking/lantai-1/slot/A2 {"slot_id": "A2", "status": "OCCUPIED", "distance_cm": 6.3, "ts": "2026-09-30T03:41:28Z"}
2026-09-30T03:41:34Z parking/lantai-1/slot/A3 {"slot_id": "A3", "status": "OCCUPIED", "distance_cm": 8.5, "ts": "2026-09-30T03:41:34Z"}
2026-09-30T03:41:39Z parking/lantai-1/slot/A2 {"slot_id": "A2", "status": "FREE", "distance_cm": 33.2, "ts": "2026-09-30T03:41:39Z"}
2026-09-30T03:41:49Z parking/lantai-1/slot/A3 {"slot_id": "A3", "status": "FREE", "distance_cm": 39.8, "ts": "2026-09-30T03:41:49Z"}
2026-09-30T03:41:51Z parking/lantai-1/slot/A2 {"slot_id": "A2", "status": "OCCUPIED", "distance_cm": 7.4, "ts": "2026-09-30T03:41:51Z"}
2026-09-30T03:41:51Z parking/lantai-1/slot/A1 {"slot_id": "A1", "status": "OCCUPIED", "distance_cm": 5.8, "ts": "2026-09-30T03:41:51Z"}
2026-09-30T03:42:00Z parking/lantai-1/slot/A1 {"slot_id": "A1", "status": "FREE", "distance_cm": 38.3, "ts": "2026-09-30T03:42:00Z"}
2026-09-30T03:42:02Z parking/lantai-1/slot/A2 {"slot_id": "A2", "status": "FREE", "distance_cm": 38.1, "ts": "2026-09-30T03:42:02Z"}
2026-09-30T03:42:02Z parking/lantai-1/slot/A3 {"slot_id": "A3", "status": "OCCUPIED", "distance_cm": 8.4, "ts": "2026-09-30T03:42:02Z"}
2026-09-30T03:42:06Z parking/lantai-1/slot/A1 {"slot_id": "A1", "status": "OCCUPIED", "distance_cm": 6.3, "ts": "2026-09-30T03:42:06Z"}
2026-09-30T03:42:12Z parking/lantai-1/slot/A2 {"slot_id": "A2", "status": "OCCUPIED", "distance_cm": 7.0, "ts": "2026-09-30T03:42:12Z"}
2026-09-30T03:42:14Z parking/lantai-1/slot/A1 {"slot_id": "A1", "status": "FREE", "distance_cm": 38.3, "ts": "2026-09-30T03:42:14Z"}
2026-09-30T03:42:22Z parking/lantai-1/slot/A1 {"slot_id": "A1", "status": "OCCUPIED", "distance_cm": 8.4, "ts": "2026-09-30T03:42:22Z"}
2026-09-30T03:42:23Z parking/lantai-1/slot/A2 {"slot_id": "A2", "status": "FREE", "distance_cm": 39.5, "ts": "2026-09-30T03:42:23Z"}
2026-09-30T03:42:30Z parking/lantai-1/slot/A1 {"slot_id": "A1", "status": "FREE", "distance_cm": 36.3, "ts": "2026-09-30T03:42:30Z"}
2026-09-30T03:42:34Z parking/lantai-1/slot/A2 {"slot_id": "A2", "status": "OCCUPIED", "distance_cm": 5.2, "ts": "2026-09-30T03:42:34Z"}
2026-09-30T03:42:38Z parking/lantai-1/slot/A1 {"slot_id": "A1", "status": "OCCUPIED", "distance_cm": 8.3, "ts": "2026-09-30T03:42:38Z"}
2026-09-30T03:42:53Z parking/lantai-1/slot/A2 {"slot_id": "A2", "status": "FREE", "distance_cm": 35.2, "ts": "2026-09-30T03:42:53Z"}
2026-09-30T03:42:53Z parking/lantai-1/slot/A1 {"slot_id": "A1", "status": "FREE", "distance_cm": 34.0, "ts": "2026-09-30T03:42:53Z"}
2026-09-30T03:42:53Z parking/lantai-1/slot/A3 {"slot_id": "A3", "status": "FREE", "distance_cm": 34.6, "ts": "2026-09-30T03:42:53Z"}
2026-09-30T03:42:55Z parking/lantai-1/slot/A1 {"slot_id": "A1", "status": "OCCUPIED", "distance_cm": 2.0, "ts": "2026-09-30T03:42:55Z"}
2026-09-30T03:42:57Z parking/lantai-1/slot/A2 {"slot_id": "A2", "status": "OCCUPIED", "distance_cm": 5.4, "ts": "2026-09-30T03:42:57Z"}
2026-09-30T03:42:59Z parking/lantai-1/slot/A3 {"slot_id": "A3", "status": "OCCUPIED", "distance_cm": 8.6, "ts": "2026-09-30T03:42:59Z"}
2026-09-30T03:43:16Z parking/lantai-1/slot/A3 {"slot_id": "A3", "status": "FREE", "distance_cm": 35.3, "ts": "2026-09-30T03:43:16Z"}
2026-09-30T03:43:16Z parking/lantai-1/slot/A2 {"slot_id": "A2", "status": "FREE", "distance_cm": 39.1, "ts": "2026-09-30T03:43:16Z"}
2026-09-30T03:43:19Z parking/lantai-1/slot/A1 {"slot_id": "A1", "status": "FREE", "distance_cm": 33.6, "ts": "2026-09-30T03:43:19Z"}
2026-09-30T03:43:20Z parking/lantai-1/slot/A2 {"slot_id": "A2", "status": "OCCUPIED", "distance_cm": 8.6, "ts": "2026-09-30T03:43:20Z"}
2026-09-30T03:43:39Z parking/lantai-1/slot/A3 {"slot_id": "A3", "status": "OCCUPIED", "distance_cm": 6.6, "ts": "2026-09-30T03:43:39Z"}
2026-09-30T03:43:39Z parking/lantai-1/slot/A1 {"slot_id": "A1", "status": "OCCUPIED", "distance_cm": 6.8, "ts": "2026-09-30T03:43:39Z"}
2026-09-30T03:43:43Z parking/lantai-1/slot/A3 {"slot_id": "A3", "status": "FREE", "distance_cm": 37.6, "ts": "2026-09-30T03:43:43Z"}
2026-09-30T03:43:43Z parking/lantai-1/slot/A1 {"slot_id": "A1", "status": "FREE", "distance_cm": 35.4, "ts": "2026-09-30T03:43:43Z"}
2026-09-30T03:43:45Z parking/lantai-1/slot/A1 {"slot_id": "A1", "status": "OCCUPIED", "distance_cm": 6.4, "ts": "2026-09-30T03:43:45Z"}
2026-09-30T03:43:51Z parking/lantai-1/slot/A2 {"slot_id": "A2", "status": "FREE", "distance_cm": 33.5, "ts": "2026-09-30T03:43:51Z"}
2026-09-30T03:43:54Z parking/lantai-1/slot/A3 {"slot_id": "A3", "status": "OCCUPIED", "distance_cm": 9.0, "ts": "2026-09-30T03:43:54Z"}
2026-09-30T03:44:02Z parking/lantai-1/slot/A2 {"slot_id": "A2", "status": "OCCUPIED", "distance_cm": 5.4, "ts": "2026-09-30T03:44:02Z"}
2026-09-30T03:44:08Z parking/lantai-1/slot/A3 {"slot_id": "A3", "status": "FREE", "distance_cm": 38.7, "ts": "2026-09-30T03:44:08Z"}
2026-09-30T03:44:10Z parking/lantai-1/slot/A1 {"slot_id": "A1", "status": "FREE", "distance_cm": 37.9, "ts": "2026-09-30T03:44:10Z"}
2026-09-30T03:44:13Z parking/lantai-1/slot/A2 {"slot_id": "A2", "status": "FREE", "distance_cm": 38.2, "ts": "2026-09-30T03:44:13Z"}
2026-09-30T03:44:14Z parking/lantai-1/slot/A1 {"slot_id": "A1", "status": "OCCUPIED", "distance_cm": 5.9, "ts": "2026-09-30T03:44:14Z"}
2026-09-30T03:44:27Z parking/lantai-1/slot/A3 {"slot_id": "A3", "status": "OCCUPIED", "distance_cm": 5.8, "ts": "2026-09-30T03:44:27Z"}
2026-09-30T03:44:27Z parking/lantai-1/slot/A1 {"slot_id": "A1", "status": "FREE", "distance_cm": 40.0, "ts": "2026-09-30T03:44:27Z"}
2026-09-30T03:44:28Z parking/lantai-1/slot/A2 {"slot_id": "A2", "status": "OCCUPIED", "distance_cm": 5.5, "ts": "2026-09-30T03:44:28Z"}
2026-09-30T03:44:31Z parking/lantai-1/slot/A1 {"slot_id": "A1", "status": "OCCUPIED", "distance_cm": 9.0, "ts": "2026-09-30T03:44:31Z"}
2026-09-30T03:44:37Z parking/lantai-1/slot/A2 {"slot_id": "A2", "status": "FREE", "distance_cm": 35.0, "ts": "2026-09-30T03:44:37Z"}
2026-09-30T03:44:38Z parking/lantai-1/slot/A3 {"slot_id": "A3", "status": "FREE", "distance_cm": 39.0, "ts": "2026-09-30T03:44:38Z"}
2026-09-30T03:44:39Z parking/lantai-1/slot/A1 {"slot_id": "A1", "status": "FREE", "distance_cm": 33.2, "ts": "2026-09-30T03:44:39Z"}
2026-09-30T03:44:46Z parking/lantai-1/slot/A1 {"slot_id": "A1", "status": "OCCUPIED", "distance_cm": 6.0, "ts": "2026-09-30T03:44:46Z"}
2026-09-30T03:44:46Z parking/lantai-1/slot/A2 {"slot_id": "A2", "status": "OCCUPIED", "distance_cm": 8.5, "ts": "2026-09-30T03:44:46Z"}
2026-09-30T03:44:51Z parking/lantai-1/slot/A3 {"slot_id": "A3", "status": "OCCUPIED", "distance_cm": 7.3, "ts": "2026-09-30T03:44:51Z"}
2026-09-30T03:44:54Z parking/lantai-1/slot/A1 {"slot_id": "A1", "status": "FREE", "distance_cm": 33.4, "ts": "2026-09-30T03:44:54Z"}
2026-09-30T03:44:57Z parking/lantai-1/slot/A2 {"slot_id": "A2", "status": "FREE", "distance_cm": 39.0, "ts": "2026-09-30T03:44:57Z"}
2026-09-30T03:45:06Z parking/lantai-1/slot/A3 {"slot_id": "A3", "status": "FREE", "distance_cm": 39.6, "ts": "2026-09-30T03:45:06Z"}
2026-09-30T03:45:09Z parking/lantai-1/slot/A2 {"slot_id": "A2", "status": "OCCUPIED", "distance_cm": 7.7, "ts": "2026-09-30T03:45:09Z"}
2026-09-30T03:45:19Z parking/lantai-1/slot/A1 {"slot_id": "A1", "status": "OCCUPIED", "distance_cm": 8.2, "ts": "2026-09-30T03:45:19Z"}
2026-09-30T03:45:19Z parking/lantai-1/slot/A3 {"slot_id": "A3", "status": "OCCUPIED", "distance_cm": 5.3, "ts": "2026-09-30T03:45:19Z"}
2026-09-30T03:45:20Z parking/lantai-1/slot/A2 {"slot_id": "A2", "status": "FREE", "distance_cm": 33.9, "ts": "2026-09-30T03:45:20Z"}
2026-09-30T03:45:29Z parking/lantai-1/slot/A1 {"slot_id": "A1", "status": "FREE", "distance_cm": 35.4, "ts": "2026-09-30T03:45:29Z"}
2026-09-30T03:45:31Z parking/lantai-1/slot/A2 {"slot_id": "A2", "status": "OCCUPIED", "distance_cm": 7.6, "ts": "2026-09-30T03:45:31Z"}
2026-09-30T03:45:52Z parking/lantai-1/slot/A1 {"slot_id": "A1", "status": "OCCUPIED", "distance_cm": 7.9, "ts": "2026-09-30T03:45:52Z"}
2026-09-30T03:45:59Z parking/lantai-1/slot/A1 {"slot_id": "A1", "status": "FREE", "distance_cm": 33.8, "ts": "2026-09-30T03:45:59Z"}
2026-09-30T03:46:14Z parking/lantai-1/slot/A3 {"slot_id": "A3", "status": "FREE", "distance_cm": 35.0, "ts": "2026-09-30T03:46:14Z"}
2026-09-30T03:46:16Z parking/lantai-1/slot/A3 {"slot_id": "A3", "status": "OCCUPIED", "distance_cm": 2.0, "ts": "2026-09-30T03:46:16Z"}
2026-09-30T03:46:24Z parking/lantai-1/slot/A1 {"slot_id": "A1", "status": "OCCUPIED", "distance_cm": 5.2, "ts": "2026-09-30T03:46:24Z"}
2026-09-30T03:46:43Z parking/lantai-1/slot/A2 {"slot_id": "A2", "status": "FREE", "distance_cm": 34.7, "ts": "2026-09-30T03:46:43Z"}
2026-09-30T03:46:45Z parking/lantai-1/slot/A2 {"slot_id": "A2", "status": "OCCUPIED", "distance_cm": 8.1, "ts": "2026-09-30T03:46:45Z"}
2026-09-30T03:46:46Z parking/lantai-1/slot/A1 {"slot_id": "A1", "status": "FREE", "distance_cm": 38.8, "ts": "2026-09-30T03:46:46Z"}
2026-09-30T03:46:47Z parking/lantai-1/slot/A2 {"slot_id": "A2", "status": "FREE", "distance_cm": 37.2, "ts": "2026-09-30T03:46:47Z"}
2026-09-30T03:46:56Z parking/lantai-1/slot/A3 {"slot_id": "A3", "status": "FREE", "distance_cm": 39.4, "ts": "2026-09-30T03:46:56Z"}
2026-09-30T03:46:58Z parking/lantai-1/slot/A2 {"slot_id": "A2", "status": "OCCUPIED", "distance_cm": 5.3, "ts": "2026-09-30T03:46:58Z"}
2026-09-30T03:47:00Z parking/lantai-1/slot/A1 {"slot_id": "A1", "status": "OCCUPIED", "distance_cm": 5.1, "ts": "2026-09-30T03:47:00Z"}
2026-09-30T03:47:14Z parking/lantai-1/slot/A2 {"slot_id": "A2", "status": "FREE", "distance_cm": 38.0, "ts": "2026-09-30T03:47:14Z"}
2026-09-30T03:47:15Z parking/lantai-1/slot/A3 {"slot_id": "A3", "status": "OCCUPIED", "distance_cm": 2.0, "ts": "2026-09-30T03:47:15Z"}
2026-09-30T03:47:19Z parking/lantai-1/slot/A1 {"slot_id": "A1", "status": "FREE", "distance_cm": 33.9, "ts": "2026-09-30T03:47:19Z"}
2026-09-30T03:47:21Z parking/lantai-1/slot/A2 {"slot_id": "A2", "status": "OCCUPIED", "distance_cm": 6.8, "ts": "2026-09-30T03:47:21Z"}
2026-09-30T03:47:25Z parking/lantai-1/slot/A3 {"slot_id": "A3", "status": "FREE", "distance_cm": 34.0, "ts": "2026-09-30T03:47:25Z"}
2026-09-30T03:47:50Z parking/lantai-1/slot/A2 {"slot_id": "A2", "status": "FREE", "distance_cm": 37.8, "ts": "2026-09-30T03:47:50Z"}
2026-09-30T03:47:51Z parking/lantai-1/slot/A3 {"slot_id": "A3", "status": "OCCUPIED", "distance_cm": 5.7, "ts": "2026-09-30T03:47:51Z"}
2026-09-30T03:47:53Z parking/lantai-1/slot/A3 {"slot_id": "A3", "status": "FREE", "distance_cm": 34.9, "ts": "2026-09-30T03:47:53Z"}
2026-09-30T03:48:02Z parking/lantai-1/slot/A1 {"slot_id": "A1", "status": "OCCUPIED", "distance_cm": 5.8, "ts": "2026-09-30T03:48:02Z"}
2026-09-30T03:48:05Z parking/lantai-1/slot/A2 {"slot_id": "A2", "status": "OCCUPIED", "distance_cm": 5.6, "ts": "2026-09-30T03:48:05Z"}
2026-09-30T03:48:07Z parking/lantai-1/slot/A3 {"slot_id": "A3", "status": "OCCUPIED", "distance_cm": 7.1, "ts": "2026-09-30T03:48:07Z"}
2026-09-30T03:48:07Z parking/lantai-1/slot/A1 {"slot_id": "A1", "status": "FREE", "distance_cm": 33.2, "ts": "2026-09-30T03:48:07Z"}
2026-09-30T03:48:21Z parking/lantai-1/slot/A2 {"slot_id": "A2", "status": "FREE", "distance_cm": 33.1, "ts": "2026-09-30T03:48:21Z"}
2026-09-30T03:48:21Z parking/lantai-1/slot/A3 {"slot_id": "A3", "status": "FREE", "distance_cm": 34.0, "ts": "2026-09-30T03:48:21Z"}
2026-09-30T03:48:26Z parking/lantai-1/slot/A2 {"slot_id": "A2", "status": "OCCUPIED", "distance_cm": 8.3, "ts": "2026-09-30T03:48:26Z"}
2026-09-30T03:48:30Z parking/lantai-1/slot/A1 {"slot_id": "A1", "status": "OCCUPIED", "distance_cm": 7.8, "ts": "2026-09-30T03:48:30Z"}
2026-09-30T03:48:34Z parking/lantai-1/slot/A3 {"slot_id": "A3", "status": "OCCUPIED", "distance_cm": 5.2, "ts": "2026-09-30T03:48:34Z"}
2026-09-30T03:48:37Z parking/lantai-1/slot/A2 {"slot_id": "A2", "status": "FREE", "distance_cm": 37.2, "ts": "2026-09-30T03:48:37Z"}
2026-09-30T03:48:48Z parking/lantai-1/slot/A1 {"slot_id": "A1", "status": "FREE", "distance_cm": 39.8, "ts": "2026-09-30T03:48:48Z"}
2026-09-30T03:48:49Z parking/lantai-1/slot/A2 {"slot_id": "A2", "status": "OCCUPIED", "distance_cm": 7.4, "ts": "2026-09-30T03:48:49Z"}
2026-09-30T03:48:52Z parking/lantai-1/slot/A1 {"slot_id": "A1", "status": "OCCUPIED", "distance_cm": 7.1, "ts": "2026-09-30T03:48:52Z"}
2026-09-30T03:48:52Z parking/lantai-1/slot/A3 {"slot_id": "A3", "status": "FREE", "distance_cm": 38.8, "ts": "2026-09-30T03:48:52Z"}
2026-09-30T03:48:55Z parking/lantai-1/slot/A1 {"slot_id": "A1", "status": "FREE", "distance_cm": 39.0, "ts": "2026-09-30T03:48:55Z"}
2026-09-30T03:49:04Z parking/lantai-1/slot/A2 {"slot_id": "A2", "status": "FREE", "distance_cm": 38.3, "ts": "2026-09-30T03:49:04Z"}
2026-09-30T03:49:05Z parking/lantai-1/slot/A1 {"slot_id": "A1", "status": "OCCUPIED", "distance_cm": 8.3, "ts": "2026-09-30T03:49:05Z"}
2026-09-30T03:49:05Z parking/lantai-1/slot/A3 {"slot_id": "A3", "status": "OCCUPIED", "distance_cm": 7.7, "ts": "2026-09-30T03:49:05Z"}
2026-09-30T03:49:11Z parking/lantai-1/slot/A2 {"slot_id": "A2", "status": "OCCUPIED", "distance_cm": 5.2, "ts": "2026-09-30T03:49:11Z"}
2026-09-30T03:49:11Z parking/lantai-1/slot/A1 {"slot_id": "A1", "status": "FREE", "distance_cm": 36.4, "ts": "2026-09-30T03:49:11Z"}
2026-09-30T03:49:40Z parking/lantai-1/slot/A1 {"slot_id": "A1", "status": "OCCUPIED", "distance_cm": 6.7, "ts": "2026-09-30T03:49:40Z"}
2026-09-30T03:49:45Z parking/lantai-1/slot/A1 {"slot_id": "A1", "status": "FREE", "distance_cm": 36.6, "ts": "2026-09-30T03:49:45Z"}
2026-09-30T03:49:46Z parking/lantai-1/slot/A2 {"slot_id": "A2", "status": "FREE", "distance_cm": 38.3, "ts": "2026-09-30T03:49:46Z"}
2026-09-30T03:49:47Z parking/lantai-1/slot/A3 {"slot_id": "A3", "status": "FREE", "distance_cm": 37.1, "ts": "2026-09-30T03:49:47Z"}
2026-09-30T03:49:54Z parking/lantai-1/slot/A1 {"slot_id": "A1", "status": "OCCUPIED", "distance_cm": 8.8, "ts": "2026-09-30T03:49:54Z"}
2026-09-30T03:49:55Z parking/lantai-1/slot/A2 {"slot_id": "A2", "status": "OCCUPIED", "distance_cm": 6.1, "ts": "2026-09-30T03:49:55Z"}
2026-09-30T03:49:59Z parking/lantai-1/slot/A3 {"slot_id": "A3", "status": "OCCUPIED", "distance_cm": 6.4, "ts": "2026-09-30T03:49:59Z"}
2026-09-30T03:50:00Z parking/lantai-1/slot/A1 {"slot_id": "A1", "status": "FREE", "distance_cm": 37.1, "ts": "2026-09-30T03:50:00Z"}
2026-09-30T03:50:06Z parking/lantai-1/slot/A2 {"slot_id": "A2", "status": "FREE", "distance_cm": 35.5, "ts": "2026-09-30T03:50:06Z"}
2026-09-30T03:50:07Z parking/lantai-1/slot/A1 {"slot_id": "A1", "status": "OCCUPIED", "distance_cm": 2.0, "ts": "2026-09-30T03:50:07Z"}
2026-09-30T03:50:23Z parking/lantai-1/slot/A3 {"slot_id": "A3", "status": "FREE", "distance_cm": 39.5, "ts": "2026-09-30T03:50:23Z"}
2026-09-30T03:50:23Z parking/lantai-1/slot/A2 {"slot_id": "A2", "status": "OCCUPIED", "distance_cm": 5.4, "ts": "2026-09-30T03:50:23Z"}
2026-09-30T03:50:27Z parking/lantai-1/slot/A3 {"slot_id": "A3", "status": "OCCUPIED", "distance_cm": 5.4, "ts": "2026-09-30T03:50:27Z"}
2026-09-30T03:50:28Z parking/lantai-1/slot/A2 {"slot_id": "A2", "status": "FREE", "distance_cm": 36.2, "ts": "2026-09-30T03:50:28Z"}
2026-09-30T03:50:30Z parking/lantai-1/slot/A1 {"slot_id": "A1", "status": "FREE", "distance_cm": 38.4, "ts": "2026-09-30T03:50:30Z"}
2026-09-30T03:51:08Z parking/lantai-1/slot/A2 {"slot_id": "A2", "status": "OCCUPIED", "distance_cm": 7.1, "ts": "2026-09-30T03:51:08Z"}
2026-09-30T03:51:08Z parking/lantai-1/slot/A3 {"slot_id": "A3", "status": "FREE", "distance_cm": 34.5, "ts": "2026-09-30T03:51:08Z"}
2026-09-30T03:51:10Z parking/lantai-1/slot/A1 {"slot_id": "A1", "status": "OCCUPIED", "distance_cm": 6.4, "ts": "2026-09-30T03:51:10Z"}
2026-09-30T03:51:11Z parking/lantai-1/slot/A2 {"slot_id": "A2", "status": "FREE", "distance_cm": 35.3, "ts": "2026-09-30T03:51:11Z"}
2026-09-30T03:51:30Z parking/lantai-1/slot/A1 {"slot_id": "A1", "status": "FREE", "distance_cm": 39.8, "ts": "2026-09-30T03:51:30Z"}
2026-09-30T03:51:32Z parking/lantai-1/slot/A2 {"slot_id": "A2", "status": "OCCUPIED", "distance_cm": 9.0, "ts": "2026-09-30T03:51:32Z"}
2026-09-30T03:51:32Z parking/lantai-1/slot/A1 {"slot_id": "A1", "status": "OCCUPIED", "distance_cm": 6.1, "ts": "2026-09-30T03:51:32Z"}
2026-09-30T03:51:32Z parking/lantai-1/slot/A3 {"slot_id": "A3", "status": "OCCUPIED", "distance_cm": 5.6, "ts": "2026-09-30T03:51:32Z"}
2026-09-30T03:51:34Z parking/lantai-1/slot/A2 {"slot_id": "A2", "status": "FREE", "distance_cm": 34.9, "ts": "2026-09-30T03:51:34Z"}
2026-09-30T03:51:35Z parking/lantai-1/slot/A1 {"slot_id": "A1", "status": "FREE", "distance_cm": 39.3, "ts": "2026-09-30T03:51:35Z"}
2026-09-30T03:51:37Z parking/lantai-1/slot/A3 {"slot_id": "A3", "status": "FREE", "distance_cm": 39.1, "ts": "2026-09-30T03:51:37Z"}
2026-09-30T03:51:54Z parking/lantai-1/slot/A2 {"slot_id": "A2", "status": "OCCUPIED", "distance_cm": 5.4, "ts": "2026-09-30T03:51:54Z"}
2026-09-30T03:51:58Z parking/lantai-1/slot/A2 {"slot_id": "A2", "status": "FREE", "distance_cm": 37.5, "ts": "2026-09-30T03:51:58Z"}
2026-09-30T03:51:58Z parking/lantai-1/slot/A3 {"slot_id": "A3", "status": "OCCUPIED", "distance_cm": 7.6, "ts": "2026-09-30T03:51:58Z"}
2026-09-30T03:52:01Z parking/lantai-1/slot/A1 {"slot_id": "A1", "status": "OCCUPIED", "distance_cm": 5.9, "ts": "2026-09-30T03:52:01Z"}
2026-09-30T03:52:04Z parking/lantai-1/slot/A3 {"slot_id": "A3", "status": "FREE", "distance_cm": 36.0, "ts": "2026-09-30T03:52:04Z"}
2026-09-30T03:52:06Z parking/lantai-1/slot/A2 {"slot_id": "A2", "status": "OCCUPIED", "distance_cm": 5.1, "ts": "2026-09-30T03:52:06Z"}
2026-09-30T03:52:06Z parking/lantai-1/slot/A1 {"slot_id": "A1", "status": "FREE", "distance_cm": 35.7, "ts": "2026-09-30T03:52:06Z"}
2026-09-30T03:52:15Z parking/lantai-1/slot/A1 {"slot_id": "A1", "status": "OCCUPIED", "distance_cm": 2.0, "ts": "2026-09-30T03:52:15Z"}
2026-09-30T03:52:20Z parking/lantai-1/slot/A2 {"slot_id": "A2", "status": "FREE", "distance_cm": 35.7, "ts": "2026-09-30T03:52:20Z"}
2026-09-30T03:52:20Z parking/lantai-1/slot/A3 {"slot_id": "A3", "status": "OCCUPIED", "distance_cm": 7.6, "ts": "2026-09-30T03:52:20Z"}
2026-09-30T03:52:29Z parking/lantai-1/slot/A2 {"slot_id": "A2", "status": "OCCUPIED", "distance_cm": 5.9, "ts": "2026-09-30T03:52:29Z"}
2026-09-30T03:52:33Z parking/lantai-1/slot/A3 {"slot_id": "A3", "status": "FREE", "distance_cm": 34.9, "ts": "2026-09-30T03:52:33Z"}
2026-09-30T03:52:40Z parking/lantai-1/slot/A1 {"slot_id": "A1", "status": "FREE", "distance_cm": 35.1, "ts": "2026-09-30T03:52:40Z"}
2026-09-30T03:52:40Z parking/lantai-1/slot/A2 {"slot_id": "A2", "status": "FREE", "distance_cm": 35.2, "ts": "2026-09-30T03:52:40Z"}
2026-09-30T03:52:59Z parking/lantai-1/slot/A3 {"slot_id": "A3", "status": "OCCUPIED", "distance_cm": 7.9, "ts": "2026-09-30T03:52:59Z"}
2026-09-30T03:52:59Z parking/lantai-1/slot/A1 {"slot_id": "A1", "status": "OCCUPIED", "distance_cm": 6.2, "ts": "2026-09-30T03:52:59Z"}
2026-09-30T03:53:11Z parking/lantai-1/slot/A3 {"slot_id": "A3", "status": "FREE", "distance_cm": 37.5, "ts": "2026-09-30T03:53:11Z"}
2026-09-30T03:53:13Z parking/lantai-1/slot/A2 {"slot_id": "A2", "status": "OCCUPIED", "distance_cm": 8.9, "ts": "2026-09-30T03:53:13Z"}
2026-09-30T03:53:16Z parking/lantai-1/slot/A3 {"slot_id": "A3", "status": "OCCUPIED", "distance_cm": 5.9, "ts": "2026-09-30T03:53:16Z"}
2026-09-30T03:53:17Z parking/lantai-1/slot/A1 {"slot_id": "A1", "status": "FREE", "distance_cm": 39.4, "ts": "2026-09-30T03:53:17Z"}
2026-09-30T03:53:19Z parking/lantai-1/slot/A1 {"slot_id": "A1", "status": "OCCUPIED", "distance_cm": 7.2, "ts": "2026-09-30T03:53:19Z"}
2026-09-30T03:53:24Z parking/lantai-1/slot/A2 {"slot_id": "A2", "status": "FREE", "distance_cm": 33.6, "ts": "2026-09-30T03:53:24Z"}
2026-09-30T03:53:27Z parking/lantai-1/slot/A1 {"slot_id": "A1", "status": "FREE", "distance_cm": 38.7, "ts": "2026-09-30T03:53:27Z"}
2026-09-30T03:53:29Z parking/lantai-1/slot/A3 {"slot_id": "A3", "status": "FREE", "distance_cm": 36.5, "ts": "2026-09-30T03:53:29Z"}
2026-09-30T03:54:02Z parking/lantai-1/slot/A2 {"slot_id": "A2", "status": "OCCUPIED", "distance_cm": 5.3, "ts": "2026-09-30T03:54:02Z"}
2026-09-30T03:54:06Z parking/lantai-1/slot/A1 {"slot_id": "A1", "status": "OCCUPIED", "distance_cm": 5.5, "ts": "2026-09-30T03:54:06Z"}
2026-09-30T03:54:07Z parking/lantai-1/slot/A2 {"slot_id": "A2", "status": "FREE", "distance_cm": 35.4, "ts": "2026-09-30T03:54:07Z"}
2026-09-30T03:54:10Z parking/lantai-1/slot/A3 {"slot_id": "A3", "status": "OCCUPIED", "distance_cm": 5.4, "ts": "2026-09-30T03:54:10Z"}
2026-09-30T03:54:14Z parking/lantai-1/slot/A1 {"slot_id": "A1", "status": "FREE", "distance_cm": 37.2, "ts": "2026-09-30T03:54:14Z"}
2026-09-30T03:54:18Z parking/lantai-1/slot/A2 {"slot_id": "A2", "status": "OCCUPIED", "distance_cm": 2.0, "ts": "2026-09-30T03:54:18Z"}
2026-09-30T03:54:25Z parking/lantai-1/slot/A1 {"slot_id": "A1", "status": "OCCUPIED", "distance_cm": 8.3, "ts": "2026-09-30T03:54:25Z"}
2026-09-30T03:54:26Z parking/lantai-1/slot/A3 {"slot_id": "A3", "status": "FREE", "distance_cm": 33.3, "ts": "2026-09-30T03:54:26Z"}
2026-09-30T03:54:30Z parking/lantai-1/slot/A2 {"slot_id": "A2", "status": "FREE", "distance_cm": 34.6, "ts": "2026-09-30T03:54:30Z"}
2026-09-30T03:54:34Z parking/lantai-1/slot/A1 {"slot_id": "A1", "status": "FREE", "distance_cm": 33.8, "ts": "2026-09-30T03:54:34Z"}
2026-09-30T03:54:47Z parking/lantai-1/slot/A3 {"slot_id": "A3", "status": "OCCUPIED", "distance_cm": 6.3, "ts": "2026-09-30T03:54:47Z"}
2026-09-30T03:54:47Z parking/lantai-1/slot/A2 {"slot_id": "A2", "status": "OCCUPIED", "distance_cm": 5.7, "ts": "2026-09-30T03:54:47Z"}
2026-09-30T03:54:52Z parking/lantai-1/slot/A2 {"slot_id": "A2", "status": "FREE", "distance_cm": 38.1, "ts": "2026-09-30T03:54:52Z"}
2026-09-30T03:54:53Z parking/lantai-1/slot/A3 {"slot_id": "A3", "status": "FREE", "distance_cm": 34.2, "ts": "2026-09-30T03:54:53Z"}
2026-09-30T03:54:55Z parking/lantai-1/slot/A1 {"slot_id": "A1", "status": "OCCUPIED", "distance_cm": 8.4, "ts": "2026-09-30T03:54:55Z"}
2026-09-30T03:55:04Z parking/lantai-1/slot/A1 {"slot_id": "A1", "status": "FREE", "distance_cm": 35.2, "ts": "2026-09-30T03:55:04Z"}
2026-09-30T03:55:06Z parking/lantai-1/slot/A3 {"slot_id": "A3", "status": "OCCUPIED", "distance_cm": 6.6, "ts": "2026-09-30T03:55:06Z"}
2026-09-30T03:55:10Z parking/lantai-1/slot/A1 {"slot_id": "A1", "status": "OCCUPIED", "distance_cm": 8.0, "ts": "2026-09-30T03:55:10Z"}
2026-09-30T03:55:18Z parking/lantai-1/slot/A1 {"slot_id": "A1", "status": "FREE", "distance_cm": 33.9, "ts": "2026-09-30T03:55:18Z"}
2026-09-30T03:55:20Z parking/lantai-1/slot/A3 {"slot_id": "A3", "status": "FREE", "distance_cm": 33.2, "ts": "2026-09-30T03:55:20Z"}
2026-09-30T03:55:25Z parking/lantai-1/slot/A2 {"slot_id": "A2", "status": "OCCUPIED", "distance_cm": 5.9, "ts": "2026-09-30T03:55:25Z"}
2026-09-30T03:55:33Z parking/lantai-1/slot/A1 {"slot_id": "A1", "status": "OCCUPIED", "distance_cm": 8.1, "ts": "2026-09-30T03:55:33Z"}
2026-09-30T03:55:34Z parking/lantai-1/slot/A3 {"slot_id": "A3", "status": "OCCUPIED", "distance_cm": 7.0, "ts": "2026-09-30T03:55:34Z"}
2026-09-30T03:55:35Z parking/lantai-1/slot/A1 {"slot_id": "A1", "status": "FREE", "distance_cm": 37.5, "ts": "2026-09-30T03:55:35Z"}
2026-09-30T03:55:38Z parking/lantai-1/slot/A2 {"slot_id": "A2", "status": "FREE", "distance_cm": 39.1, "ts": "2026-09-30T03:55:38Z"}
2026-09-30T03:55:48Z parking/lantai-1/slot/A1 {"slot_id": "A1", "status": "OCCUPIED", "distance_cm": 8.6, "ts": "2026-09-30T03:55:48Z"}
2026-09-30T03:55:48Z parking/lantai-1/slot/A2 {"slot_id": "A2", "status": "OCCUPIED", "distance_cm": 7.5, "ts": "2026-09-30T03:55:48Z"}
2026-09-30T03:55:51Z parking/lantai-1/slot/A1 {"slot_id": "A1", "status": "FREE", "distance_cm": 34.0, "ts": "2026-09-30T03:55:51Z"}
2026-09-30T03:55:58Z parking/lantai-1/slot/A2 {"slot_id": "A2", "status": "FREE", "distance_cm": 36.8, "ts": "2026-09-30T03:55:58Z"}
2026-09-30T03:56:00Z parking/lantai-1/slot/A3 {"slot_id": "A3", "status": "FREE", "distance_cm": 34.5, "ts": "2026-09-30T03:56:00Z"}
2026-09-30T03:56:03Z parking/lantai-1/slot/A3 {"slot_id": "A3", "status": "OCCUPIED", "distance_cm": 8.8, "ts": "2026-09-30T03:56:03Z"}
2026-09-30T03:56:09Z parking/lantai-1/slot/A2 {"slot_id": "A2", "status": "OCCUPIED", "distance_cm": 7.7, "ts": "2026-09-30T03:56:09Z"}
2026-09-30T03:56:24Z parking/lantai-1/slot/A2 {"slot_id": "A2", "status": "FREE", "distance_cm": 39.3, "ts": "2026-09-30T03:56:24Z"}
2026-09-30T03:56:27Z parking/lantai-1/slot/A3 {"slot_id": "A3", "status": "FREE", "distance_cm": 38.4, "ts": "2026-09-30T03:56:27Z"}
2026-09-30T03:56:31Z parking/lantai-1/slot/A1 {"slot_id": "A1", "status": "OCCUPIED", "distance_cm": 6.9, "ts": "2026-09-30T03:56:31Z"}
2026-09-30T03:56:31Z parking/lantai-1/slot/A3 {"slot_id": "A3", "status": "OCCUPIED", "distance_cm": 7.3, "ts": "2026-09-30T03:56:31Z"}
2026-09-30T03:56:32Z parking/lantai-1/slot/A2 {"slot_id": "A2", "status": "OCCUPIED", "distance_cm": 6.1, "ts": "2026-09-30T03:56:32Z"}
2026-09-30T03:56:41Z parking/lantai-1/slot/A1 {"slot_id": "A1", "status": "FREE", "distance_cm": 38.3, "ts": "2026-09-30T03:56:41Z"}
2026-09-30T03:56:46Z parking/lantai-1/slot/A2 {"slot_id": "A2", "status": "FREE", "distance_cm": 39.0, "ts": "2026-09-30T03:56:46Z"}
2026-09-30T03:57:00Z parking/lantai-1/slot/A2 {"slot_id": "A2", "status": "OCCUPIED", "distance_cm": 2.0, "ts": "2026-09-30T03:57:00Z"}
2026-09-30T03:57:03Z parking/lantai-1/slot/A1 {"slot_id": "A1", "status": "OCCUPIED", "distance_cm": 6.8, "ts": "2026-09-30T03:57:03Z"}
2026-09-30T03:57:04Z parking/lantai-1/slot/A2 {"slot_id": "A2", "status": "FREE", "distance_cm": 33.9, "ts": "2026-09-30T03:57:04Z"}
2026-09-30T03:57:14Z parking/lantai-1/slot/A2 {"slot_id": "A2", "status": "OCCUPIED", "distance_cm": 6.3, "ts": "2026-09-30T03:57:14Z"}
2026-09-30T03:57:14Z parking/lantai-1/slot/A3 {"slot_id": "A3", "status": "FREE", "distance_cm": 35.2, "ts": "2026-09-30T03:57:14Z"}
2026-09-30T03:57:16Z parking/lantai-1/slot/A1 {"slot_id": "A1", "status": "FREE", "distance_cm": 38.9, "ts": "2026-09-30T03:57:16Z"}
2026-09-30T03:57:19Z parking/lantai-1/slot/A1 {"slot_id": "A1", "status": "OCCUPIED", "distance_cm": 7.1, "ts": "2026-09-30T03:57:19Z"}
2026-09-30T03:57:33Z parking/lantai-1/slot/A2 {"slot_id": "A2", "status": "FREE", "distance_cm": 38.8, "ts": "2026-09-30T03:57:33Z"}
2026-09-30T03:57:33Z parking/lantai-1/slot/A3 {"slot_id": "A3", "status": "OCCUPIED", "distance_cm": 8.7, "ts": "2026-09-30T03:57:33Z"}
2026-09-30T03:57:36Z parking/lantai-1/slot/A2 {"slot_id": "A2", "status": "OCCUPIED", "distance_cm": 5.7, "ts": "2026-09-30T03:57:36Z"}
2026-09-30T03:57:40Z parking/lantai-1/slot/A3 {"slot_id": "A3", "status": "FREE", "distance_cm": 34.1, "ts": "2026-09-30T03:57:40Z"}
2026-09-30T03:57:42Z parking/lantai-1/slot/A1 {"slot_id": "A1", "status": "FREE", "distance_cm": 36.0, "ts": "2026-09-30T03:57:42Z"}
2026-09-30T03:57:53Z parking/lantai-1/slot/A2 {"slot_id": "A2", "status": "FREE", "distance_cm": 39.9, "ts": "2026-09-30T03:57:53Z"}
2026-09-30T03:57:54Z parking/lantai-1/slot/A1 {"slot_id": "A1", "status": "OCCUPIED", "distance_cm": 8.5, "ts": "2026-09-30T03:57:54Z"}
2026-09-30T03:57:55Z parking/lantai-1/slot/A3 {"slot_id": "A3", "status": "OCCUPIED", "distance_cm": 8.1, "ts": "2026-09-30T03:57:55Z"}
2026-09-30T03:57:58Z parking/lantai-1/slot/A2 {"slot_id": "A2", "status": "OCCUPIED", "distance_cm": 7.7, "ts": "2026-09-30T03:57:58Z"}
2026-09-30T03:58:00Z parking/lantai-1/slot/A1 {"slot_id": "A1", "status": "FREE", "distance_cm": 34.3, "ts": "2026-09-30T03:58:00Z"}
2026-09-30T03:58:07Z parking/lantai-1/slot/A1 {"slot_id": "A1", "status": "OCCUPIED", "distance_cm": 6.3, "ts": "2026-09-30T03:58:07Z"}
2026-09-30T03:58:09Z parking/lantai-1/slot/A3 {"slot_id": "A3", "status": "FREE", "distance_cm": 36.6, "ts": "2026-09-30T03:58:09Z"}
2026-09-30T03:58:11Z parking/lantai-1/slot/A2 {"slot_id": "A2", "status": "FREE", "distance_cm": 37.7, "ts": "2026-09-30T03:58:11Z"}
2026-09-30T03:58:15Z parking/lantai-1/slot/A1 {"slot_id": "A1", "status": "FREE", "distance_cm": 39.5, "ts": "2026-09-30T03:58:15Z"}
2026-09-30T03:58:54Z parking/lantai-1/slot/A1 {"slot_id": "A1", "status": "OCCUPIED", "distance_cm": 5.3, "ts": "2026-09-30T03:58:54Z"}
2026-09-30T03:58:55Z parking/lantai-1/slot/A3 {"slot_id": "A3", "status": "OCCUPIED", "distance_cm": 5.2, "ts": "2026-09-30T03:58:55Z"}
2026-09-30T03:58:59Z parking/lantai-1/slot/A2 {"slot_id": "A2", "status": "OCCUPIED", "distance_cm": 2.0, "ts": "2026-09-30T03:58:59Z"}
2026-09-30T03:59:01Z parking/lantai-1/slot/A2 {"slot_id": "A2", "status": "FREE", "distance_cm": 35.8, "ts": "2026-09-30T03:59:01Z"}
2026-09-30T03:59:03Z parking/lantai-1/slot/A1 {"slot_id": "A1", "status": "FREE", "distance_cm": 39.7, "ts": "2026-09-30T03:59:03Z"}
2026-09-30T03:59:05Z parking/lantai-1/slot/A3 {"slot_id": "A3", "status": "FREE", "distance_cm": 36.5, "ts": "2026-09-30T03:59:05Z"}
2026-09-30T03:59:05Z parking/lantai-1/slot/A2 {"slot_id": "A2", "status": "OCCUPIED", "distance_cm": 8.1, "ts": "2026-09-30T03:59:05Z"}
2026-09-30T03:59:11Z parking/lantai-1/slot/A1 {"slot_id": "A1", "status": "OCCUPIED", "distance_cm": 7.8, "ts": "2026-09-30T03:59:11Z"}
2026-09-30T03:59:15Z parking/lantai-1/slot/A2 {"slot_id": "A2", "status": "FREE", "distance_cm": 35.9, "ts": "2026-09-30T03:59:15Z"}
2026-09-30T03:59:18Z parking/lantai-1/slot/A3 {"slot_id": "A3", "status": "OCCUPIED", "distance_cm": 5.4, "ts": "2026-09-30T03:59:18Z"}
2026-09-30T03:59:19Z parking/lantai-1/slot/A1 {"slot_id": "A1", "status": "FREE", "distance_cm": 39.3, "ts": "2026-09-30T03:59:19Z"}
2026-09-30T03:59:26Z parking/lantai-1/slot/A2 {"slot_id": "A2", "status": "OCCUPIED", "distance_cm": 7.5, "ts": "2026-09-30T03:59:26Z"}
2026-09-30T03:59:26Z parking/lantai-1/slot/A1 {"slot_id": "A1", "status": "OCCUPIED", "distance_cm": 8.2, "ts": "2026-09-30T03:59:26Z"}
2026-09-30T03:59:33Z parking/lantai-1/slot/A3 {"slot_id": "A3", "status": "FREE", "distance_cm": 36.0, "ts": "2026-09-30T03:59:33Z"}
2026-09-30T03:59:37Z parking/lantai-1/slot/A2 {"slot_id": "A2", "status": "FREE", "distance_cm": 35.9, "ts": "2026-09-30T03:59:37Z"}
2026-09-30T03:59:39Z parking/lantai-1/slot/A1 {"slot_id": "A1", "status": "FREE", "distance_cm": 36.7, "ts": "2026-09-30T03:59:39Z"}
2026-09-30T03:59:43Z parking/lantai-1/slot/A1 {"slot_id": "A1", "status": "OCCUPIED", "distance_cm": 8.4, "ts": "2026-09-30T03:59:43Z"}
2026-09-30T03:59:46Z parking/lantai-1/slot/A3 {"slot_id": "A3", "status": "OCCUPIED", "distance_cm": 5.2, "ts": "2026-09-30T03:59:46Z"}
2026-09-30T03:59:50Z parking/lantai-1/slot/A2 {"slot_id": "A2", "status": "OCCUPIED", "distance_cm": 8.9, "ts": "2026-09-30T03:59:50Z"}
2026-09-30T03:59:50Z parking/lantai-1/slot/A1 {"slot_id": "A1", "status": "FREE", "distance_cm": 39.1, "ts": "2026-09-30T03:59:50Z"}
2026-09-30T03:59:59Z parking/lantai-1/slot/A1 {"slot_id": "A1", "status": "OCCUPIED", "distance_cm": 8.4, "ts": "2026-09-30T03:59:59Z"}
2026-09-30T04:00:00Z parking/lantai-1/slot/A2 {"slot_id": "A2", "status": "FREE", "distance_cm": 40.0, "ts": "2026-09-30T04:00:00Z"}
2026-09-30T04:00:01Z parking/lantai-1/slot/A3 {"slot_id": "A3", "status": "FREE", "distance_cm": 34.2, "ts": "2026-09-30T04:00:01Z"}
2026-09-30T04:00:08Z parking/lantai-1/slot/A1 {"slot_id": "A1", "status": "FREE", "distance_cm": 39.8, "ts": "2026-09-30T04:00:08Z"}
2026-09-30T04:00:12Z parking/lantai-1/slot/A2 {"slot_id": "A2", "status": "OCCUPIED", "distance_cm": 8.8, "ts": "2026-09-30T04:00:12Z"}
2026-09-30T04:00:16Z parking/lantai-1/slot/A1 {"slot_id": "A1", "status": "OCCUPIED", "distance_cm": 7.7, "ts": "2026-09-30T04:00:16Z"}
2026-09-30T04:00:16Z parking/lantai-1/slot/A3 {"slot_id": "A3", "status": "OCCUPIED", "distance_cm": 5.8, "ts": "2026-09-30T04:00:16Z"}
2026-09-30T04:00:23Z parking/lantai-1/slot/A2 {"slot_id": "A2", "status": "FREE", "distance_cm": 37.5, "ts": "2026-09-30T04:00:23Z"}
2026-09-30T04:00:26Z parking/lantai-1/slot/A1 {"slot_id": "A1", "status": "FREE", "distance_cm": 37.8, "ts": "2026-09-30T04:00:26Z"}
2026-09-30T04:00:29Z parking/lantai-1/slot/A3 {"slot_id": "A3", "status": "FREE", "distance_cm": 34.6, "ts": "2026-09-30T04:00:29Z"}
2026-09-30T04:00:31Z parking/lantai-1/slot/A1 {"slot_id": "A1", "status": "OCCUPIED", "distance_cm": 7.8, "ts": "2026-09-30T04:00:31Z"}
2026-09-30T04:00:33Z parking/lantai-1/slot/A2 {"slot_id": "A2", "status": "OCCUPIED", "distance_cm": 5.2, "ts": "2026-09-30T04:00:33Z"}
2026-09-30T04:01:49Z parking/lantai-1/slot/A1 {"slot_id": "A1", "status": "FREE", "distance_cm": 39.0, "ts": "2026-09-30T04:00:43Z"}
2026-09-30T04:01:49Z parking/lantai-1/slot/A1 {"slot_id": "A1", "status": "OCCUPIED", "distance_cm": 6.0, "ts": "2026-09-30T04:00:49Z"}
2026-09-30T04:01:49Z parking/lantai-1/slot/A1 {"slot_id": "A1", "status": "FREE", "distance_cm": 36.5, "ts": "2026-09-30T04:00:56Z"}
2026-09-30T04:01:49Z parking/lantai-1/slot/A1 {"slot_id": "A1", "status": "OCCUPIED", "distance_cm": 7.4, "ts": "2026-09-30T04:01:03Z"}
2026-09-30T04:01:49Z parking/lantai-1/slot/A1 {"slot_id": "A1", "status": "FREE", "distance_cm": 36.4, "ts": "2026-09-30T04:01:29Z"}
2026-09-30T04:01:49Z parking/lantai-1/slot/A1 {"slot_id": "A1", "status": "OCCUPIED", "distance_cm": 7.3, "ts": "2026-09-30T04:01:37Z"}
2026-09-30T04:01:49Z parking/lantai-1/slot/A1 {"slot_id": "A1", "status": "FREE", "distance_cm": 37.2, "ts": "2026-09-30T04:01:43Z"}
2026-09-30T04:01:49Z parking/lantai-1/slot/A3 {"slot_id": "A3", "status": "OCCUPIED", "distance_cm": 7.2, "ts": "2026-09-30T04:00:44Z"}
2026-09-30T04:01:49Z parking/lantai-1/slot/A3 {"slot_id": "A3", "status": "FREE", "distance_cm": 38.9, "ts": "2026-09-30T04:00:57Z"}
2026-09-30T04:01:49Z parking/lantai-1/slot/A3 {"slot_id": "A3", "status": "OCCUPIED", "distance_cm": 5.5, "ts": "2026-09-30T04:01:11Z"}
2026-09-30T04:01:49Z parking/lantai-1/slot/A3 {"slot_id": "A3", "status": "FREE", "distance_cm": 34.2, "ts": "2026-09-30T04:01:25Z"}
2026-09-30T04:01:49Z parking/lantai-1/slot/A3 {"slot_id": "A3", "status": "OCCUPIED", "distance_cm": 8.5, "ts": "2026-09-30T04:01:39Z"}
2026-09-30T04:01:49Z parking/lantai-1/slot/A2 {"slot_id": "A2", "status": "FREE", "distance_cm": 33.6, "ts": "2026-09-30T04:00:44Z"}
2026-09-30T04:01:49Z parking/lantai-1/slot/A2 {"slot_id": "A2", "status": "OCCUPIED", "distance_cm": 7.6, "ts": "2026-09-30T04:00:55Z"}
2026-09-30T04:01:49Z parking/lantai-1/slot/A2 {"slot_id": "A2", "status": "FREE", "distance_cm": 37.2, "ts": "2026-09-30T04:01:06Z"}
2026-09-30T04:01:49Z parking/lantai-1/slot/A2 {"slot_id": "A2", "status": "OCCUPIED", "distance_cm": 8.1, "ts": "2026-09-30T04:01:17Z"}
2026-09-30T04:01:49Z parking/lantai-1/slot/A2 {"slot_id": "A2", "status": "FREE", "distance_cm": 34.1, "ts": "2026-09-30T04:01:28Z"}
2026-09-30T04:01:49Z parking/lantai-1/slot/A2 {"slot_id": "A2", "status": "OCCUPIED", "distance_cm": 6.2, "ts": "2026-09-30T04:01:39Z"}
2026-09-30T04:01:51Z parking/lantai-1/slot/A2 {"slot_id": "A2", "status": "FREE", "distance_cm": 33.1, "ts": "2026-09-30T04:01:51Z"}
2026-09-30T04:01:51Z parking/lantai-1/slot/A1 {"slot_id": "A1", "status": "OCCUPIED", "distance_cm": 6.9, "ts": "2026-09-30T04:01:51Z"}
2026-09-30T04:01:54Z parking/lantai-1/slot/A3 {"slot_id": "A3", "status": "FREE", "distance_cm": 38.7, "ts": "2026-09-30T04:01:54Z"}
2026-09-30T04:01:58Z parking/lantai-1/slot/A1 {"slot_id": "A1", "status": "FREE", "distance_cm": 36.0, "ts": "2026-09-30T04:01:58Z"}
2026-09-30T04:02:00Z parking/lantai-1/slot/A2 {"slot_id": "A2", "status": "OCCUPIED", "distance_cm": 7.0, "ts": "2026-09-30T04:02:00Z"}
2026-09-30T04:02:19Z parking/lantai-1/slot/A3 {"slot_id": "A3", "status": "OCCUPIED", "distance_cm": 8.8, "ts": "2026-09-30T04:02:19Z"}
2026-09-30T04:02:20Z parking/lantai-1/slot/A2 {"slot_id": "A2", "status": "FREE", "distance_cm": 33.4, "ts": "2026-09-30T04:02:20Z"}
2026-09-30T04:02:21Z parking/lantai-1/slot/A3 {"slot_id": "A3", "status": "FREE", "distance_cm": 39.4, "ts": "2026-09-30T04:02:21Z"}
2026-09-30T04:02:23Z parking/lantai-1/slot/A1 {"slot_id": "A1", "status": "OCCUPIED", "distance_cm": 5.4, "ts": "2026-09-30T04:02:23Z"}
2026-09-30T04:02:23Z parking/lantai-1/slot/A2 {"slot_id": "A2", "status": "OCCUPIED", "distance_cm": 8.6, "ts": "2026-09-30T04:02:23Z"}
2026-09-30T04:02:31Z parking/lantai-1/slot/A1 {"slot_id": "A1", "status": "FREE", "distance_cm": 33.4, "ts": "2026-09-30T04:02:31Z"}
2026-09-30T04:02:34Z parking/lantai-1/slot/A3 {"slot_id": "A3", "status": "OCCUPIED", "distance_cm": 8.0, "ts": "2026-09-30T04:02:34Z"}
2026-09-30T04:02:36Z parking/lantai-1/slot/A2 {"slot_id": "A2", "status": "FREE", "distance_cm": 34.1, "ts": "2026-09-30T04:02:36Z"}
2026-09-30T04:02:39Z parking/lantai-1/slot/A1 {"slot_id": "A1", "status": "OCCUPIED", "distance_cm": 8.3, "ts": "2026-09-30T04:02:39Z"}
2026-09-30T04:02:44Z parking/lantai-1/slot/A2 {"slot_id": "A2", "status": "OCCUPIED", "distance_cm": 6.7, "ts": "2026-09-30T04:02:44Z"}
2026-09-30T04:02:46Z parking/lantai-1/slot/A1 {"slot_id": "A1", "status": "FREE", "distance_cm": 35.0, "ts": "2026-09-30T04:02:46Z"}
2026-09-30T04:02:48Z parking/lantai-1/slot/A3 {"slot_id": "A3", "status": "FREE", "distance_cm": 37.2, "ts": "2026-09-30T04:02:48Z"}
2026-09-30T04:02:54Z parking/lantai-1/slot/A1 {"slot_id": "A1", "status": "OCCUPIED", "distance_cm": 6.8, "ts": "2026-09-30T04:02:54Z"}
2026-09-30T04:02:55Z parking/lantai-1/slot/A2 {"slot_id": "A2", "status": "FREE", "distance_cm": 33.0, "ts": "2026-09-30T04:02:55Z"}
2026-09-30T04:03:08Z parking/lantai-1/slot/A3 {"slot_id": "A3", "status": "OCCUPIED", "distance_cm": 2.0, "ts": "2026-09-30T04:03:08Z"}
2026-09-30T04:03:08Z parking/lantai-1/slot/A2 {"slot_id": "A2", "status": "OCCUPIED", "distance_cm": 6.7, "ts": "2026-09-30T04:03:08Z"}
2026-09-30T04:03:17Z parking/lantai-1/slot/A3 {"slot_id": "A3", "status": "FREE", "distance_cm": 37.1, "ts": "2026-09-30T04:03:17Z"}
2026-09-30T04:03:20Z parking/lantai-1/slot/A2 {"slot_id": "A2", "status": "FREE", "distance_cm": 37.7, "ts": "2026-09-30T04:03:20Z"}
2026-09-30T04:03:21Z parking/lantai-1/slot/A1 {"slot_id": "A1", "status": "FREE", "distance_cm": 37.2, "ts": "2026-09-30T04:03:21Z"}
2026-09-30T04:03:27Z parking/lantai-1/slot/A1 {"slot_id": "A1", "status": "OCCUPIED", "distance_cm": 8.6, "ts": "2026-09-30T04:03:27Z"}
2026-09-30T04:03:29Z parking/lantai-1/slot/A2 {"slot_id": "A2", "status": "OCCUPIED", "distance_cm": 8.6, "ts": "2026-09-30T04:03:29Z"}
2026-09-30T04:03:31Z parking/lantai-1/slot/A3 {"slot_id": "A3", "status": "OCCUPIED", "distance_cm": 7.3, "ts": "2026-09-30T04:03:31Z"}
2026-09-30T04:03:35Z parking/lantai-1/slot/A1 {"slot_id": "A1", "status": "FREE", "distance_cm": 37.0, "ts": "2026-09-30T04:03:35Z"}
2026-09-30T04:03:40Z parking/lantai-1/slot/A2 {"slot_id": "A2", "status": "FREE", "distance_cm": 34.0, "ts": "2026-09-30T04:03:40Z"}
2026-09-30T04:03:43Z parking/lantai-1/slot/A1 {"slot_id": "A1", "status": "OCCUPIED", "distance_cm": 5.8, "ts": "2026-09-30T04:03:43Z"}
2026-09-30T04:03:45Z parking/lantai-1/slot/A3 {"slot_id": "A3", "status": "FREE", "distance_cm": 34.0, "ts": "2026-09-30T04:03:45Z"}
2026-09-30T04:03:51Z parking/lantai-1/slot/A2 {"slot_id": "A2", "status": "OCCUPIED", "distance_cm": 5.8, "ts": "2026-09-30T04:03:51Z"}
2026-09-30T04:03:51Z parking/lantai-1/slot/A1 {"slot_id": "A1", "status": "FREE", "distance_cm": 38.4, "ts": "2026-09-30T04:03:51Z"}
2026-09-30T04:04:01Z parking/lantai-1/slot/A2 {"slot_id": "A2", "status": "FREE", "distance_cm": 38.7, "ts": "2026-09-30T04:04:02Z"}
2026-09-30T04:04:02Z parking/lantai-1/slot/A1 {"slot_id": "A1", "status": "OCCUPIED", "distance_cm": 8.5, "ts": "2026-09-30T04:04:02Z"}
2026-09-30T04:04:02Z parking/lantai-1/slot/A3 {"slot_id": "A3", "status": "OCCUPIED", "distance_cm": 5.9, "ts": "2026-09-30T04:04:02Z"}
2026-09-30T04:04:06Z parking/lantai-1/slot/A1 {"slot_id": "A1", "status": "FREE", "distance_cm": 34.6, "ts": "2026-09-30T04:04:07Z"}
2026-09-30T04:04:13Z parking/lantai-1/slot/A2 {"slot_id": "A2", "status": "OCCUPIED", "distance_cm": 7.9, "ts": "2026-09-30T04:04:13Z"}
2026-09-30T04:04:13Z parking/lantai-1/slot/A3 {"slot_id": "A3", "status": "FREE", "distance_cm": 39.9, "ts": "2026-09-30T04:04:14Z"}
2026-09-30T04:04:15Z parking/lantai-1/slot/A1 {"slot_id": "A1", "status": "OCCUPIED", "distance_cm": 7.8, "ts": "2026-09-30T04:04:15Z"}
2026-09-30T04:04:23Z parking/lantai-1/slot/A1 {"slot_id": "A1", "status": "FREE", "distance_cm": 34.2, "ts": "2026-09-30T04:04:23Z"}
2026-09-30T04:04:24Z parking/lantai-1/slot/A2 {"slot_id": "A2", "status": "FREE", "distance_cm": 36.5, "ts": "2026-09-30T04:04:24Z"}
2026-09-30T04:04:27Z parking/lantai-1/slot/A3 {"slot_id": "A3", "status": "OCCUPIED", "distance_cm": 8.4, "ts": "2026-09-30T04:04:27Z"}
2026-09-30T04:04:32Z parking/lantai-1/slot/A1 {"slot_id": "A1", "status": "OCCUPIED", "distance_cm": 6.8, "ts": "2026-09-30T04:04:32Z"}
2026-09-30T04:04:36Z parking/lantai-1/slot/A2 {"slot_id": "A2", "status": "OCCUPIED", "distance_cm": 5.9, "ts": "2026-09-30T04:04:36Z"}
2026-09-30T04:04:40Z parking/lantai-1/slot/A1 {"slot_id": "A1", "status": "FREE", "distance_cm": 37.0, "ts": "2026-09-30T04:04:40Z"}
2026-09-30T04:04:41Z parking/lantai-1/slot/A3 {"slot_id": "A3", "status": "FREE", "distance_cm": 37.6, "ts": "2026-09-30T04:04:41Z"}
2026-09-30T04:04:45Z parking/lantai-1/slot/A2 {"slot_id": "A2", "status": "FREE", "distance_cm": 39.2, "ts": "2026-09-30T04:04:45Z"}
2026-09-30T04:04:46Z parking/lantai-1/slot/A1 {"slot_id": "A1", "status": "OCCUPIED", "distance_cm": 5.1, "ts": "2026-09-30T04:04:46Z"}
2026-09-30T04:04:55Z parking/lantai-1/slot/A3 {"slot_id": "A3", "status": "OCCUPIED", "distance_cm": 5.9, "ts": "2026-09-30T04:04:55Z"}
2026-09-30T04:04:56Z parking/lantai-1/slot/A1 {"slot_id": "A1", "status": "FREE", "distance_cm": 37.1, "ts": "2026-09-30T04:04:56Z"}
2026-09-30T04:04:56Z parking/lantai-1/slot/A2 {"slot_id": "A2", "status": "OCCUPIED", "distance_cm": 8.9, "ts": "2026-09-30T04:04:56Z"}
2026-09-30T04:05:03Z parking/lantai-1/slot/A1 {"slot_id": "A1", "status": "OCCUPIED", "distance_cm": 6.4, "ts": "2026-09-30T04:05:03Z"}
2026-09-30T04:05:08Z parking/lantai-1/slot/A2 {"slot_id": "A2", "status": "FREE", "distance_cm": 34.3, "ts": "2026-09-30T04:05:08Z"}
2026-09-30T04:05:10Z parking/lantai-1/slot/A3 {"slot_id": "A3", "status": "FREE", "distance_cm": 39.4, "ts": "2026-09-30T04:05:10Z"}
2026-09-30T04:05:11Z parking/lantai-1/slot/A1 {"slot_id": "A1", "status": "FREE", "distance_cm": 35.0, "ts": "2026-09-30T04:05:11Z"}
2026-09-30T04:05:22Z parking/lantai-1/slot/A2 {"slot_id": "A2", "status": "OCCUPIED", "distance_cm": 8.9, "ts": "2026-09-30T04:05:22Z"}
2026-09-30T04:05:23Z parking/lantai-1/slot/A3 {"slot_id": "A3", "status": "OCCUPIED", "distance_cm": 7.2, "ts": "2026-09-30T04:05:23Z"}
2026-09-30T04:05:30Z parking/lantai-1/slot/A2 {"slot_id": "A2", "status": "FREE", "distance_cm": 33.8, "ts": "2026-09-30T04:05:30Z"}
2026-09-30T04:05:35Z parking/lantai-1/slot/A1 {"slot_id": "A1", "status": "OCCUPIED", "distance_cm": 5.3, "ts": "2026-09-30T04:05:35Z"}
2026-09-30T04:05:37Z parking/lantai-1/slot/A3 {"slot_id": "A3", "status": "FREE", "distance_cm": 37.4, "ts": "2026-09-30T04:05:37Z"}
2026-09-30T04:05:41Z parking/lantai-1/slot/A2 {"slot_id": "A2", "status": "OCCUPIED", "distance_cm": 2.0, "ts": "2026-09-30T04:05:41Z"}
2026-09-30T04:05:45Z parking/lantai-1/slot/A1 {"slot_id": "A1", "status": "FREE", "distance_cm": 38.6, "ts": "2026-09-30T04:05:45Z"}
2026-09-30T04:05:51Z parking/lantai-1/slot/A1 {"slot_id": "A1", "status": "OCCUPIED", "distance_cm": 8.3, "ts": "2026-09-30T04:05:51Z"}
2026-09-30T04:05:51Z parking/lantai-1/slot/A3 {"slot_id": "A3", "status": "OCCUPIED", "distance_cm": 6.6, "ts": "2026-09-30T04:05:51Z"}
2026-09-30T04:05:52Z parking/lantai-1/slot/A2 {"slot_id": "A2", "status": "FREE", "distance_cm": 38.6, "ts": "2026-09-30T04:05:52Z"}
2026-09-30T04:06:05Z parking/lantai-1/slot/A1 {"slot_id": "A1", "status": "FREE", "distance_cm": 37.0, "ts": "2026-09-30T04:06:05Z"}
2026-09-30T04:06:07Z parking/lantai-1/slot/A3 {"slot_id": "A3", "status": "FREE", "distance_cm": 38.5, "ts": "2026-09-30T04:06:07Z"}
2026-09-30T04:06:07Z parking/lantai-1/slot/A2 {"slot_id": "A2", "status": "OCCUPIED", "distance_cm": 7.0, "ts": "2026-09-30T04:06:07Z"}
2026-09-30T04:06:07Z parking/lantai-1/slot/A1 {"slot_id": "A1", "status": "OCCUPIED", "distance_cm": 7.5, "ts": "2026-09-30T04:06:07Z"}
2026-09-30T04:06:14Z parking/lantai-1/slot/A2 {"slot_id": "A2", "status": "FREE", "distance_cm": 35.8, "ts": "2026-09-30T04:06:14Z"}
2026-09-30T04:06:15Z parking/lantai-1/slot/A1 {"slot_id": "A1", "status": "FREE", "distance_cm": 39.5, "ts": "2026-09-30T04:06:15Z"}
2026-09-30T04:06:19Z parking/lantai-1/slot/A3 {"slot_id": "A3", "status": "OCCUPIED", "distance_cm": 5.1, "ts": "2026-09-30T04:06:19Z"}
2026-09-30T04:06:22Z parking/lantai-1/slot/A1 {"slot_id": "A1", "status": "OCCUPIED", "distance_cm": 7.1, "ts": "2026-09-30T04:06:22Z"}
2026-09-30T04:06:24Z parking/lantai-1/slot/A2 {"slot_id": "A2", "status": "OCCUPIED", "distance_cm": 5.3, "ts": "2026-09-30T04:06:24Z"}
2026-09-30T04:06:31Z parking/lantai-1/slot/A1 {"slot_id": "A1", "status": "FREE", "distance_cm": 37.5, "ts": "2026-09-30T04:06:31Z"}
2026-09-30T04:06:35Z parking/lantai-1/slot/A3 {"slot_id": "A3", "status": "FREE", "distance_cm": 34.5, "ts": "2026-09-30T04:06:35Z"}
2026-09-30T04:06:36Z parking/lantai-1/slot/A2 {"slot_id": "A2", "status": "FREE", "distance_cm": 38.4, "ts": "2026-09-30T04:06:36Z"}
2026-09-30T04:06:47Z parking/lantai-1/slot/A3 {"slot_id": "A3", "status": "OCCUPIED", "distance_cm": 7.2, "ts": "2026-09-30T04:06:47Z"}
2026-09-30T04:06:47Z parking/lantai-1/slot/A2 {"slot_id": "A2", "status": "OCCUPIED", "distance_cm": 5.4, "ts": "2026-09-30T04:06:47Z"}
2026-09-30T04:06:55Z parking/lantai-1/slot/A1 {"slot_id": "A1", "status": "OCCUPIED", "distance_cm": 5.5, "ts": "2026-09-30T04:06:55Z"}
2026-09-30T04:06:58Z parking/lantai-1/slot/A2 {"slot_id": "A2", "status": "FREE", "distance_cm": 36.0, "ts": "2026-09-30T04:06:58Z"}
2026-09-30T04:07:01Z parking/lantai-1/slot/A3 {"slot_id": "A3", "status": "FREE", "distance_cm": 33.2, "ts": "2026-09-30T04:07:01Z"}
2026-09-30T04:07:03Z parking/lantai-1/slot/A1 {"slot_id": "A1", "status": "FREE", "distance_cm": 35.7, "ts": "2026-09-30T04:07:03Z"}
2026-09-30T04:07:09Z parking/lantai-1/slot/A2 {"slot_id": "A2", "status": "OCCUPIED", "distance_cm": 8.1, "ts": "2026-09-30T04:07:09Z"}
2026-09-30T04:07:12Z parking/lantai-1/slot/A1 {"slot_id": "A1", "status": "OCCUPIED", "distance_cm": 5.8, "ts": "2026-09-30T04:07:12Z"}
2026-09-30T04:07:15Z parking/lantai-1/slot/A3 {"slot_id": "A3", "status": "OCCUPIED", "distance_cm": 5.0, "ts": "2026-09-30T04:07:15Z"}
2026-09-30T04:07:19Z parking/lantai-1/slot/A1 {"slot_id": "A1", "status": "FREE", "distance_cm": 36.0, "ts": "2026-09-30T04:07:19Z"}
2026-09-30T04:07:20Z parking/lantai-1/slot/A2 {"slot_id": "A2", "status": "FREE", "distance_cm": 38.4, "ts": "2026-09-30T04:07:20Z"}
2026-09-30T04:07:27Z parking/lantai-1/slot/A1 {"slot_id": "A1", "status": "OCCUPIED", "distance_cm": 8.0, "ts": "2026-09-30T04:07:27Z"}
2026-09-30T04:07:30Z parking/lantai-1/slot/A3 {"slot_id": "A3", "status": "FREE", "distance_cm": 35.3, "ts": "2026-09-30T04:07:30Z"}
2026-09-30T04:07:31Z parking/lantai-1/slot/A2 {"slot_id": "A2", "status": "OCCUPIED", "distance_cm": 5.6, "ts": "2026-09-30T04:07:31Z"}
2026-09-30T04:07:35Z parking/lantai-1/slot/A1 {"slot_id": "A1", "status": "FREE", "distance_cm": 39.7, "ts": "2026-09-30T04:07:35Z"}
2026-09-30T04:07:42Z parking/lantai-1/slot/A2 {"slot_id": "A2", "status": "FREE", "distance_cm": 34.0, "ts": "2026-09-30T04:07:42Z"}
2026-09-30T04:07:43Z parking/lantai-1/slot/A1 {"slot_id": "A1", "status": "OCCUPIED", "distance_cm": 7.0, "ts": "2026-09-30T04:07:43Z"}
2026-09-30T04:07:43Z parking/lantai-1/slot/A3 {"slot_id": "A3", "status": "OCCUPIED", "distance_cm": 6.6, "ts": "2026-09-30T04:07:43Z"}
2026-09-30T04:07:52Z parking/lantai-1/slot/A1 {"slot_id": "A1", "status": "FREE", "distance_cm": 34.5, "ts": "2026-09-30T04:07:52Z"}
2026-09-30T04:07:53Z parking/lantai-1/slot/A2 {"slot_id": "A2", "status": "OCCUPIED", "distance_cm": 5.3, "ts": "2026-09-30T04:07:53Z"}
2026-09-30T04:07:59Z parking/lantai-1/slot/A3 {"slot_id": "A3", "status": "FREE", "distance_cm": 39.0, "ts": "2026-09-30T04:07:59Z"}
2026-09-30T04:07:59Z parking/lantai-1/slot/A1 {"slot_id": "A1", "status": "OCCUPIED", "distance_cm": 5.5, "ts": "2026-09-30T04:07:59Z"}
2026-09-30T04:08:03Z parking/lantai-1/slot/A2 {"slot_id": "A2", "status": "FREE", "distance_cm": 37.9, "ts": "2026-09-30T04:08:03Z"}
2026-09-30T04:08:07Z parking/lantai-1/slot/A1 {"slot_id": "A1", "status": "FREE", "distance_cm": 37.0, "ts": "2026-09-30T04:08:07Z"}
2026-09-30T04:08:10Z parking/lantai-1/slot/A3 {"slot_id": "A3", "status": "OCCUPIED", "distance_cm": 2.0, "ts": "2026-09-30T04:08:10Z"}
2026-09-30T04:08:14Z parking/lantai-1/slot/A2 {"slot_id": "A2", "status": "OCCUPIED", "distance_cm": 6.9, "ts": "2026-09-30T04:08:14Z"}
2026-09-30T04:08:15Z parking/lantai-1/slot/A1 {"slot_id": "A1", "status": "OCCUPIED", "distance_cm": 6.0, "ts": "2026-09-30T04:08:15Z"}
2026-09-30T04:08:23Z parking/lantai-1/slot/A1 {"slot_id": "A1", "status": "FREE", "distance_cm": 33.7, "ts": "2026-09-30T04:08:23Z"}
2026-09-30T04:08:25Z parking/lantai-1/slot/A3 {"slot_id": "A3", "status": "FREE", "distance_cm": 37.0, "ts": "2026-09-30T04:08:25Z"}
2026-09-30T04:08:26Z parking/lantai-1/slot/A2 {"slot_id": "A2", "status": "FREE", "distance_cm": 35.2, "ts": "2026-09-30T04:08:26Z"}
2026-09-30T04:08:31Z parking/lantai-1/slot/A1 {"slot_id": "A1", "status": "OCCUPIED", "distance_cm": 6.3, "ts": "2026-09-30T04:08:31Z"}
2026-09-30T04:08:40Z parking/lantai-1/slot/A1 {"slot_id": "A1", "status": "FREE", "distance_cm": 34.1, "ts": "2026-09-30T04:08:40Z"}
2026-09-30T04:08:40Z parking/lantai-1/slot/A3 {"slot_id": "A3", "status": "OCCUPIED", "distance_cm": 5.5, "ts": "2026-09-30T04:08:40Z"}
2026-09-30T04:08:40Z parking/lantai-1/slot/A2 {"slot_id": "A2", "status": "OCCUPIED", "distance_cm": 5.5, "ts": "2026-09-30T04:08:40Z"}
2026-09-30T04:08:47Z parking/lantai-1/slot/A1 {"slot_id": "A1", "status": "OCCUPIED", "distance_cm": 7.6, "ts": "2026-09-30T04:08:47Z"}
2026-09-30T04:08:48Z parking/lantai-1/slot/A2 {"slot_id": "A2", "status": "FREE", "distance_cm": 34.7, "ts": "2026-09-30T04:08:48Z"}
2026-09-30T04:08:53Z parking/lantai-1/slot/A3 {"slot_id": "A3", "status": "FREE", "distance_cm": 39.5, "ts": "2026-09-30T04:08:53Z"}
2026-09-30T04:08:55Z parking/lantai-1/slot/A1 {"slot_id": "A1", "status": "FREE", "distance_cm": 39.4, "ts": "2026-09-30T04:08:55Z"}
2026-09-30T04:08:59Z parking/lantai-1/slot/A2 {"slot_id": "A2", "status": "OCCUPIED", "distance_cm": 7.5, "ts": "2026-09-30T04:08:59Z"}
2026-09-30T04:09:03Z parking/lantai-1/slot/A1 {"slot_id": "A1", "status": "OCCUPIED", "distance_cm": 5.2, "ts": "2026-09-30T04:09:03Z"}
2026-09-30T04:09:07Z parking/lantai-1/slot/A3 {"slot_id": "A3", "status": "OCCUPIED", "distance_cm": 8.1, "ts": "2026-09-30T04:09:07Z"}
2026-09-30T04:09:15Z parking/lantai-1/slot/A2 {"slot_id": "A2", "status": "FREE", "distance_cm": 35.1, "ts": "2026-09-30T04:09:15Z"}
2026-09-30T04:09:21Z parking/lantai-1/slot/A2 {"slot_id": "A2", "status": "OCCUPIED", "distance_cm": 7.2, "ts": "2026-09-30T04:09:21Z"}
2026-09-30T04:09:21Z parking/lantai-1/slot/A3 {"slot_id": "A3", "status": "FREE", "distance_cm": 36.2, "ts": "2026-09-30T04:09:21Z"}
2026-09-30T04:09:27Z parking/lantai-1/slot/A1 {"slot_id": "A1", "status": "FREE", "distance_cm": 37.8, "ts": "2026-09-30T04:09:27Z"}
2026-09-30T04:09:33Z parking/lantai-1/slot/A2 {"slot_id": "A2", "status": "FREE", "distance_cm": 36.0, "ts": "2026-09-30T04:09:33Z"}
2026-09-30T04:09:35Z parking/lantai-1/slot/A1 {"slot_id": "A1", "status": "OCCUPIED", "distance_cm": 5.6, "ts": "2026-09-30T04:09:35Z"}
2026-09-30T04:09:35Z parking/lantai-1/slot/A3 {"slot_id": "A3", "status": "OCCUPIED", "distance_cm": 7.2, "ts": "2026-09-30T04:09:35Z"}
2026-09-30T04:09:43Z parking/lantai-1/slot/A2 {"slot_id": "A2", "status": "OCCUPIED", "distance_cm": 6.4, "ts": "2026-09-30T04:09:43Z"}
2026-09-30T04:09:43Z parking/lantai-1/slot/A1 {"slot_id": "A1", "status": "FREE", "distance_cm": 35.3, "ts": "2026-09-30T04:09:43Z"}
2026-09-30T04:09:49Z parking/lantai-1/slot/A3 {"slot_id": "A3", "status": "FREE", "distance_cm": 36.8, "ts": "2026-09-30T04:09:49Z"}
2026-09-30T04:09:51Z parking/lantai-1/slot/A1 {"slot_id": "A1", "status": "OCCUPIED", "distance_cm": 8.4, "ts": "2026-09-30T04:09:51Z"}
2026-09-30T04:09:59Z parking/lantai-1/slot/A2 {"slot_id": "A2", "status": "FREE", "distance_cm": 38.8, "ts": "2026-09-30T04:09:59Z"}
2026-09-30T04:10:03Z parking/lantai-1/slot/A3 {"slot_id": "A3", "status": "OCCUPIED", "distance_cm": 8.3, "ts": "2026-09-30T04:10:03Z"}
2026-09-30T04:10:04Z parking/lantai-1/slot/A1 {"slot_id": "A1", "status": "FREE", "distance_cm": 39.7, "ts": "2026-09-30T04:10:04Z"}
2026-09-30T04:10:05Z parking/lantai-1/slot/A2 {"slot_id": "A2", "status": "OCCUPIED", "distance_cm": 8.1, "ts": "2026-09-30T04:10:05Z"}
2026-09-30T04:10:07Z parking/lantai-1/slot/A1 {"slot_id": "A1", "status": "OCCUPIED", "distance_cm": 6.8, "ts": "2026-09-30T04:10:07Z"}
2026-09-30T04:10:15Z parking/lantai-1/slot/A1 {"slot_id": "A1", "status": "FREE", "distance_cm": 33.6, "ts": "2026-09-30T04:10:15Z"}
2026-09-30T04:10:16Z parking/lantai-1/slot/A2 {"slot_id": "A2", "status": "FREE", "distance_cm": 33.8, "ts": "2026-09-30T04:10:16Z"}
2026-09-30T04:10:17Z parking/lantai-1/slot/A3 {"slot_id": "A3", "status": "FREE", "distance_cm": 35.7, "ts": "2026-09-30T04:10:17Z"}
2026-09-30T04:10:25Z parking/lantai-1/slot/A1 {"slot_id": "A1", "status": "OCCUPIED", "distance_cm": 5.5, "ts": "2026-09-30T04:10:25Z"}
2026-09-30T04:10:26Z parking/lantai-1/slot/A2 {"slot_id": "A2", "status": "OCCUPIED", "distance_cm": 5.4, "ts": "2026-09-30T04:10:26Z"}
2026-09-30T04:10:30Z parking/lantai-1/slot/A3 {"slot_id": "A3", "status": "OCCUPIED", "distance_cm": 8.0, "ts": "2026-09-30T04:10:30Z"}
2026-09-30T04:10:30Z parking/lantai-1/slot/A1 {"slot_id": "A1", "status": "FREE", "distance_cm": 38.3, "ts": "2026-09-30T04:10:30Z"}
2026-09-30T04:10:37Z parking/lantai-1/slot/A2 {"slot_id": "A2", "status": "FREE", "distance_cm": 33.3, "ts": "2026-09-30T04:10:37Z"}
2026-09-30T04:10:41Z parking/lantai-1/slot/A1 {"slot_id": "A1", "status": "OCCUPIED", "distance_cm": 6.8, "ts": "2026-09-30T04:10:41Z"}
2026-09-30T04:10:44Z parking/lantai-1/slot/A3 {"slot_id": "A3", "status": "FREE", "distance_cm": 38.6, "ts": "2026-09-30T04:10:44Z"}
2026-09-30T04:10:47Z parking/lantai-1/slot/A1 {"slot_id": "A1", "status": "FREE", "distance_cm": 36.9, "ts": "2026-09-30T04:10:47Z"}
2026-09-30T04:10:48Z parking/lantai-1/slot/A2 {"slot_id": "A2", "status": "OCCUPIED", "distance_cm": 7.6, "ts": "2026-09-30T04:10:48Z"}
2026-09-30T04:10:55Z parking/lantai-1/slot/A1 {"slot_id": "A1", "status": "OCCUPIED", "distance_cm": 7.7, "ts": "2026-09-30T04:10:55Z"}
2026-09-30T04:13:54Z parking/lantai-1/slot/A2 {"slot_id": "A2", "status": "FREE", "distance_cm": 36.0, "ts": "2026-09-30T04:10:59Z"}
2026-09-30T04:13:54Z parking/lantai-1/slot/A2 {"slot_id": "A2", "status": "OCCUPIED", "distance_cm": 8.2, "ts": "2026-09-30T04:11:10Z"}
2026-09-30T04:13:54Z parking/lantai-1/slot/A2 {"slot_id": "A2", "status": "FREE", "distance_cm": 37.3, "ts": "2026-09-30T04:11:22Z"}
2026-09-30T04:13:54Z parking/lantai-1/slot/A2 {"slot_id": "A2", "status": "OCCUPIED", "distance_cm": 7.8, "ts": "2026-09-30T04:11:32Z"}
2026-09-30T04:13:54Z parking/lantai-1/slot/A2 {"slot_id": "A2", "status": "FREE", "distance_cm": 39.2, "ts": "2026-09-30T04:11:43Z"}
2026-09-30T04:13:54Z parking/lantai-1/slot/A2 {"slot_id": "A2", "status": "OCCUPIED", "distance_cm": 7.5, "ts": "2026-09-30T04:11:56Z"}
2026-09-30T04:13:54Z parking/lantai-1/slot/A2 {"slot_id": "A2", "status": "FREE", "distance_cm": 39.3, "ts": "2026-09-30T04:12:06Z"}
2026-09-30T04:13:54Z parking/lantai-1/slot/A2 {"slot_id": "A2", "status": "OCCUPIED", "distance_cm": 6.0, "ts": "2026-09-30T04:12:17Z"}
2026-09-30T04:13:54Z parking/lantai-1/slot/A2 {"slot_id": "A2", "status": "FREE", "distance_cm": 33.2, "ts": "2026-09-30T04:12:28Z"}
2026-09-30T04:13:54Z parking/lantai-1/slot/A2 {"slot_id": "A2", "status": "OCCUPIED", "distance_cm": 7.1, "ts": "2026-09-30T04:12:39Z"}
2026-09-30T04:13:54Z parking/lantai-1/slot/A2 {"slot_id": "A2", "status": "FREE", "distance_cm": 35.2, "ts": "2026-09-30T04:12:50Z"}
2026-09-30T04:13:54Z parking/lantai-1/slot/A2 {"slot_id": "A2", "status": "OCCUPIED", "distance_cm": 7.9, "ts": "2026-09-30T04:13:01Z"}
2026-09-30T04:13:54Z parking/lantai-1/slot/A2 {"slot_id": "A2", "status": "FREE", "distance_cm": 34.4, "ts": "2026-09-30T04:13:14Z"}
2026-09-30T04:13:54Z parking/lantai-1/slot/A2 {"slot_id": "A2", "status": "OCCUPIED", "distance_cm": 9.0, "ts": "2026-09-30T04:13:23Z"}
2026-09-30T04:13:54Z parking/lantai-1/slot/A2 {"slot_id": "A2", "status": "FREE", "distance_cm": 38.2, "ts": "2026-09-30T04:13:34Z"}
2026-09-30T04:13:54Z parking/lantai-1/slot/A2 {"slot_id": "A2", "status": "OCCUPIED", "distance_cm": 7.9, "ts": "2026-09-30T04:13:44Z"}
2026-09-30T04:14:00Z parking/lantai-1/slot/A1 {"slot_id": "A1", "status": "FREE", "distance_cm": 39.0, "ts": "2026-09-30T04:11:03Z"}
2026-09-30T04:14:00Z parking/lantai-1/slot/A1 {"slot_id": "A1", "status": "OCCUPIED", "distance_cm": 7.4, "ts": "2026-09-30T04:11:11Z"}
2026-09-30T04:14:00Z parking/lantai-1/slot/A1 {"slot_id": "A1", "status": "FREE", "distance_cm": 35.5, "ts": "2026-09-30T04:11:19Z"}
2026-09-30T04:14:00Z parking/lantai-1/slot/A1 {"slot_id": "A1", "status": "OCCUPIED", "distance_cm": 8.1, "ts": "2026-09-30T04:11:27Z"}
2026-09-30T04:14:00Z parking/lantai-1/slot/A1 {"slot_id": "A1", "status": "FREE", "distance_cm": 34.0, "ts": "2026-09-30T04:11:38Z"}
2026-09-30T04:14:00Z parking/lantai-1/slot/A1 {"slot_id": "A1", "status": "OCCUPIED", "distance_cm": 6.3, "ts": "2026-09-30T04:11:42Z"}
2026-09-30T04:14:00Z parking/lantai-1/slot/A1 {"slot_id": "A1", "status": "FREE", "distance_cm": 39.1, "ts": "2026-09-30T04:11:55Z"}
2026-09-30T04:14:00Z parking/lantai-1/slot/A1 {"slot_id": "A1", "status": "OCCUPIED", "distance_cm": 6.8, "ts": "2026-09-30T04:11:59Z"}
2026-09-30T04:14:00Z parking/lantai-1/slot/A1 {"slot_id": "A1", "status": "FREE", "distance_cm": 37.1, "ts": "2026-09-30T04:12:07Z"}
2026-09-30T04:14:00Z parking/lantai-1/slot/A1 {"slot_id": "A1", "status": "OCCUPIED", "distance_cm": 6.9, "ts": "2026-09-30T04:12:16Z"}
2026-09-30T04:14:00Z parking/lantai-1/slot/A1 {"slot_id": "A1", "status": "FREE", "distance_cm": 34.9, "ts": "2026-09-30T04:12:23Z"}
2026-09-30T04:14:00Z parking/lantai-1/slot/A1 {"slot_id": "A1", "status": "OCCUPIED", "distance_cm": 7.1, "ts": "2026-09-30T04:12:31Z"}
2026-09-30T04:14:00Z parking/lantai-1/slot/A1 {"slot_id": "A1", "status": "FREE", "distance_cm": 35.3, "ts": "2026-09-30T04:12:39Z"}
2026-09-30T04:14:00Z parking/lantai-1/slot/A1 {"slot_id": "A1", "status": "OCCUPIED", "distance_cm": 7.5, "ts": "2026-09-30T04:12:46Z"}
2026-09-30T04:14:00Z parking/lantai-1/slot/A1 {"slot_id": "A1", "status": "FREE", "distance_cm": 34.6, "ts": "2026-09-30T04:12:54Z"}
2026-09-30T04:14:00Z parking/lantai-1/slot/A1 {"slot_id": "A1", "status": "OCCUPIED", "distance_cm": 8.3, "ts": "2026-09-30T04:13:02Z"}
2026-09-30T04:14:00Z parking/lantai-1/slot/A1 {"slot_id": "A1", "status": "FREE", "distance_cm": 36.8, "ts": "2026-09-30T04:13:19Z"}
2026-09-30T04:14:00Z parking/lantai-1/slot/A1 {"slot_id": "A1", "status": "OCCUPIED", "distance_cm": 5.9, "ts": "2026-09-30T04:13:21Z"}
2026-09-30T04:14:00Z parking/lantai-1/slot/A1 {"slot_id": "A1", "status": "FREE", "distance_cm": 33.1, "ts": "2026-09-30T04:13:28Z"}
2026-09-30T04:14:00Z parking/lantai-1/slot/A3 {"slot_id": "A3", "status": "OCCUPIED", "distance_cm": 7.5, "ts": "2026-09-30T04:10:58Z"}
2026-09-30T04:14:00Z parking/lantai-1/slot/A3 {"slot_id": "A3", "status": "FREE", "distance_cm": 35.4, "ts": "2026-09-30T04:11:12Z"}
2026-09-30T04:14:00Z parking/lantai-1/slot/A3 {"slot_id": "A3", "status": "OCCUPIED", "distance_cm": 2.0, "ts": "2026-09-30T04:11:24Z"}
2026-09-30T04:14:00Z parking/lantai-1/slot/A3 {"slot_id": "A3", "status": "FREE", "distance_cm": 37.9, "ts": "2026-09-30T04:11:40Z"}
2026-09-30T04:14:00Z parking/lantai-1/slot/A3 {"slot_id": "A3", "status": "OCCUPIED", "distance_cm": 6.3, "ts": "2026-09-30T04:11:56Z"}
2026-09-30T04:14:00Z parking/lantai-1/slot/A3 {"slot_id": "A3", "status": "FREE", "distance_cm": 33.8, "ts": "2026-09-30T04:12:09Z"}
2026-09-30T04:14:00Z parking/lantai-1/slot/A3 {"slot_id": "A3", "status": "OCCUPIED", "distance_cm": 2.0, "ts": "2026-09-30T04:12:23Z"}
2026-09-30T04:14:00Z parking/lantai-1/slot/A3 {"slot_id": "A3", "status": "FREE", "distance_cm": 39.6, "ts": "2026-09-30T04:12:37Z"}
2026-09-30T04:14:00Z parking/lantai-1/slot/A3 {"slot_id": "A3", "status": "OCCUPIED", "distance_cm": 8.9, "ts": "2026-09-30T04:12:50Z"}
2026-09-30T04:14:00Z parking/lantai-1/slot/A3 {"slot_id": "A3", "status": "FREE", "distance_cm": 36.3, "ts": "2026-09-30T04:13:04Z"}
2026-09-30T04:14:00Z parking/lantai-1/slot/A3 {"slot_id": "A3", "status": "OCCUPIED", "distance_cm": 6.3, "ts": "2026-09-30T04:13:19Z"}
2026-09-30T04:14:00Z parking/lantai-1/slot/A3 {"slot_id": "A3", "status": "FREE", "distance_cm": 36.2, "ts": "2026-09-30T04:13:34Z"}
2026-09-30T04:14:00Z parking/lantai-1/slot/A3 {"slot_id": "A3", "status": "OCCUPIED", "distance_cm": 7.0, "ts": "2026-09-30T04:13:46Z"}
2026-09-30T04:14:00Z parking/lantai-1/slot/A1 {"slot_id": "A1", "status": "OCCUPIED", "distance_cm": 6.5, "ts": "2026-09-30T04:13:35Z"}
2026-09-30T04:14:00Z parking/lantai-1/slot/A1 {"slot_id": "A1", "status": "FREE", "distance_cm": 33.8, "ts": "2026-09-30T04:13:43Z"}
2026-09-30T04:14:00Z parking/lantai-1/slot/A1 {"slot_id": "A1", "status": "OCCUPIED", "distance_cm": 6.9, "ts": "2026-09-30T04:14:00Z"}
2026-09-30T04:14:01Z parking/lantai-1/slot/A2 {"slot_id": "A2", "status": "FREE", "distance_cm": 39.8, "ts": "2026-09-30T04:14:01Z"}
2026-09-30T04:14:02Z parking/lantai-1/slot/A1 {"slot_id": "A1", "status": "FREE", "distance_cm": 35.4, "ts": "2026-09-30T04:14:02Z"}
2026-09-30T04:14:02Z parking/lantai-1/slot/A3 {"slot_id": "A3", "status": "FREE", "distance_cm": 38.3, "ts": "2026-09-30T04:14:02Z"}
2026-09-30T04:14:07Z parking/lantai-1/slot/A1 {"slot_id": "A1", "status": "OCCUPIED", "distance_cm": 7.1, "ts": "2026-09-30T04:14:07Z"}
2026-09-30T04:14:07Z parking/lantai-1/slot/A2 {"slot_id": "A2", "status": "OCCUPIED", "distance_cm": 5.1, "ts": "2026-09-30T04:14:07Z"}
2026-09-30T04:14:14Z parking/lantai-1/slot/A1 {"slot_id": "A1", "status": "FREE", "distance_cm": 34.2, "ts": "2026-09-30T04:14:14Z"}
2026-09-30T04:14:15Z parking/lantai-1/slot/A3 {"slot_id": "A3", "status": "OCCUPIED", "distance_cm": 8.3, "ts": "2026-09-30T04:14:15Z"}
2026-09-30T04:14:18Z parking/lantai-1/slot/A2 {"slot_id": "A2", "status": "FREE", "distance_cm": 35.2, "ts": "2026-09-30T04:14:18Z"}
2026-09-30T04:14:22Z parking/lantai-1/slot/A1 {"slot_id": "A1", "status": "OCCUPIED", "distance_cm": 5.0, "ts": "2026-09-30T04:14:22Z"}
2026-09-30T04:14:29Z parking/lantai-1/slot/A2 {"slot_id": "A2", "status": "OCCUPIED", "distance_cm": 7.9, "ts": "2026-09-30T04:14:29Z"}
2026-09-30T04:14:29Z parking/lantai-1/slot/A3 {"slot_id": "A3", "status": "FREE", "distance_cm": 36.5, "ts": "2026-09-30T04:14:29Z"}
2026-09-30T04:14:30Z parking/lantai-1/slot/A1 {"slot_id": "A1", "status": "FREE", "distance_cm": 33.5, "ts": "2026-09-30T04:14:30Z"}
2026-09-30T04:14:39Z parking/lantai-1/slot/A1 {"slot_id": "A1", "status": "OCCUPIED", "distance_cm": 8.6, "ts": "2026-09-30T04:14:39Z"}
2026-09-30T04:14:40Z parking/lantai-1/slot/A2 {"slot_id": "A2", "status": "FREE", "distance_cm": 37.0, "ts": "2026-09-30T04:14:40Z"}
2026-09-30T04:14:43Z parking/lantai-1/slot/A3 {"slot_id": "A3", "status": "OCCUPIED", "distance_cm": 9.0, "ts": "2026-09-30T04:14:43Z"}
2026-09-30T04:14:47Z parking/lantai-1/slot/A1 {"slot_id": "A1", "status": "FREE", "distance_cm": 35.3, "ts": "2026-09-30T04:14:47Z"}
2026-09-30T04:14:51Z parking/lantai-1/slot/A2 {"slot_id": "A2", "status": "OCCUPIED", "distance_cm": 5.2, "ts": "2026-09-30T04:14:51Z"}
2026-09-30T04:14:55Z parking/lantai-1/slot/A1 {"slot_id": "A1", "status": "OCCUPIED", "distance_cm": 6.8, "ts": "2026-09-30T04:14:55Z"}
2026-09-30T04:14:57Z parking/lantai-1/slot/A3 {"slot_id": "A3", "status": "FREE", "distance_cm": 39.2, "ts": "2026-09-30T04:14:57Z"}
2026-09-30T04:15:02Z parking/lantai-1/slot/A2 {"slot_id": "A2", "status": "FREE", "distance_cm": 34.4, "ts": "2026-09-30T04:15:02Z"}
2026-09-30T04:15:03Z parking/lantai-1/slot/A1 {"slot_id": "A1", "status": "FREE", "distance_cm": 38.8, "ts": "2026-09-30T04:15:03Z"}
2026-09-30T04:15:11Z parking/lantai-1/slot/A3 {"slot_id": "A3", "status": "OCCUPIED", "distance_cm": 7.7, "ts": "2026-09-30T04:15:11Z"}
2026-09-30T04:15:13Z parking/lantai-1/slot/A2 {"slot_id": "A2", "status": "OCCUPIED", "distance_cm": 5.9, "ts": "2026-09-30T04:15:13Z"}
2026-09-30T04:15:17Z parking/lantai-1/slot/A1 {"slot_id": "A1", "status": "OCCUPIED", "distance_cm": 6.5, "ts": "2026-09-30T04:15:18Z"}
2026-09-30T04:15:21Z parking/lantai-1/slot/A1 {"slot_id": "A1", "status": "FREE", "distance_cm": 39.6, "ts": "2026-09-30T04:15:22Z"}
2026-09-30T04:15:23Z parking/lantai-1/slot/A2 {"slot_id": "A2", "status": "FREE", "distance_cm": 34.9, "ts": "2026-09-30T04:15:24Z"}
2026-09-30T04:15:24Z parking/lantai-1/slot/A3 {"slot_id": "A3", "status": "FREE", "distance_cm": 35.8, "ts": "2026-09-30T04:15:25Z"}
2026-09-30T04:15:27Z parking/lantai-1/slot/A1 {"slot_id": "A1", "status": "OCCUPIED", "distance_cm": 7.3, "ts": "2026-09-30T04:15:27Z"}
2026-09-30T04:15:35Z parking/lantai-1/slot/A2 {"slot_id": "A2", "status": "OCCUPIED", "distance_cm": 6.0, "ts": "2026-09-30T04:15:35Z"}
2026-09-30T04:15:35Z parking/lantai-1/slot/A1 {"slot_id": "A1", "status": "FREE", "distance_cm": 34.3, "ts": "2026-09-30T04:15:35Z"}
2026-09-30T04:15:39Z parking/lantai-1/slot/A3 {"slot_id": "A3", "status": "OCCUPIED", "distance_cm": 7.5, "ts": "2026-09-30T04:15:39Z"}
2026-09-30T04:15:43Z parking/lantai-1/slot/A1 {"slot_id": "A1", "status": "OCCUPIED", "distance_cm": 8.3, "ts": "2026-09-30T04:15:43Z"}
2026-09-30T04:15:46Z parking/lantai-1/slot/A2 {"slot_id": "A2", "status": "FREE", "distance_cm": 36.8, "ts": "2026-09-30T04:15:46Z"}
2026-09-30T04:15:51Z parking/lantai-1/slot/A1 {"slot_id": "A1", "status": "FREE", "distance_cm": 36.1, "ts": "2026-09-30T04:15:51Z"}
2026-09-30T04:16:00Z parking/lantai-1/slot/A3 {"slot_id": "A3", "status": "FREE", "distance_cm": 33.4, "ts": "2026-09-30T04:16:00Z"}
2026-09-30T04:16:02Z parking/lantai-1/slot/A2 {"slot_id": "A2", "status": "OCCUPIED", "distance_cm": 7.4, "ts": "2026-09-30T04:16:02Z"}
2026-09-30T04:16:02Z parking/lantai-1/slot/A1 {"slot_id": "A1", "status": "OCCUPIED", "distance_cm": 8.0, "ts": "2026-09-30T04:16:02Z"}
2026-09-30T04:16:07Z parking/lantai-1/slot/A3 {"slot_id": "A3", "status": "OCCUPIED", "distance_cm": 5.5, "ts": "2026-09-30T04:16:07Z"}
2026-09-30T04:16:08Z parking/lantai-1/slot/A2 {"slot_id": "A2", "status": "FREE", "distance_cm": 35.9, "ts": "2026-09-30T04:16:08Z"}
2026-09-30T04:16:08Z parking/lantai-1/slot/A1 {"slot_id": "A1", "status": "FREE", "distance_cm": 34.0, "ts": "2026-09-30T04:16:08Z"}
2026-09-30T04:16:15Z parking/lantai-1/slot/A1 {"slot_id": "A1", "status": "OCCUPIED", "distance_cm": 9.0, "ts": "2026-09-30T04:16:15Z"}
2026-09-30T04:16:19Z parking/lantai-1/slot/A2 {"slot_id": "A2", "status": "OCCUPIED", "distance_cm": 7.0, "ts": "2026-09-30T04:16:19Z"}
2026-09-30T04:16:21Z parking/lantai-1/slot/A3 {"slot_id": "A3", "status": "FREE", "distance_cm": 39.9, "ts": "2026-09-30T04:16:21Z"}
2026-09-30T04:16:23Z parking/lantai-1/slot/A1 {"slot_id": "A1", "status": "FREE", "distance_cm": 36.0, "ts": "2026-09-30T04:16:23Z"}
2026-09-30T04:16:30Z parking/lantai-1/slot/A2 {"slot_id": "A2", "status": "FREE", "distance_cm": 36.6, "ts": "2026-09-30T04:16:30Z"}
2026-09-30T04:16:31Z parking/lantai-1/slot/A1 {"slot_id": "A1", "status": "OCCUPIED", "distance_cm": 6.9, "ts": "2026-09-30T04:16:31Z"}
2026-09-30T04:16:36Z parking/lantai-1/slot/A3 {"slot_id": "A3", "status": "OCCUPIED", "distance_cm": 6.9, "ts": "2026-09-30T04:16:36Z"}
2026-09-30T04:16:44Z parking/lantai-1/slot/A1 {"slot_id": "A1", "status": "FREE", "distance_cm": 38.3, "ts": "2026-09-30T04:16:44Z"}
2026-09-30T04:16:44Z parking/lantai-1/slot/A2 {"slot_id": "A2", "status": "OCCUPIED", "distance_cm": 8.7, "ts": "2026-09-30T04:16:44Z"}
2026-09-30T04:16:47Z parking/lantai-1/slot/A1 {"slot_id": "A1", "status": "OCCUPIED", "distance_cm": 6.6, "ts": "2026-09-30T04:16:47Z"}
2026-09-30T04:16:50Z parking/lantai-1/slot/A3 {"slot_id": "A3", "status": "FREE", "distance_cm": 39.9, "ts": "2026-09-30T04:16:50Z"}
2026-09-30T04:16:52Z parking/lantai-1/slot/A2 {"slot_id": "A2", "status": "FREE", "distance_cm": 37.7, "ts": "2026-09-30T04:16:52Z"}
2026-09-30T04:16:55Z parking/lantai-1/slot/A1 {"slot_id": "A1", "status": "FREE", "distance_cm": 37.4, "ts": "2026-09-30T04:16:55Z"}
2026-09-30T04:17:03Z parking/lantai-1/slot/A2 {"slot_id": "A2", "status": "OCCUPIED", "distance_cm": 9.0, "ts": "2026-09-30T04:17:03Z"}
2026-09-30T04:17:03Z parking/lantai-1/slot/A1 {"slot_id": "A1", "status": "OCCUPIED", "distance_cm": 6.6, "ts": "2026-09-30T04:17:03Z"}
2026-09-30T04:17:04Z parking/lantai-1/slot/A3 {"slot_id": "A3", "status": "OCCUPIED", "distance_cm": 5.3, "ts": "2026-09-30T04:17:04Z"}
2026-09-30T04:17:11Z parking/lantai-1/slot/A1 {"slot_id": "A1", "status": "FREE", "distance_cm": 34.3, "ts": "2026-09-30T04:17:11Z"}
2026-09-30T04:17:19Z parking/lantai-1/slot/A2 {"slot_id": "A2", "status": "FREE", "distance_cm": 37.1, "ts": "2026-09-30T04:17:19Z"}
2026-09-30T04:17:20Z parking/lantai-1/slot/A1 {"slot_id": "A1", "status": "OCCUPIED", "distance_cm": 8.1, "ts": "2026-09-30T04:17:20Z"}
2026-09-30T04:17:20Z parking/lantai-1/slot/A3 {"slot_id": "A3", "status": "FREE", "distance_cm": 38.0, "ts": "2026-09-30T04:17:20Z"}
2026-09-30T04:17:24Z parking/lantai-1/slot/A2 {"slot_id": "A2", "status": "OCCUPIED", "distance_cm": 8.6, "ts": "2026-09-30T04:17:24Z"}
2026-09-30T04:17:26Z parking/lantai-1/slot/A1 {"slot_id": "A1", "status": "FREE", "distance_cm": 35.5, "ts": "2026-09-30T04:17:26Z"}
2026-09-30T04:17:30Z parking/lantai-1/slot/A3 {"slot_id": "A3", "status": "OCCUPIED", "distance_cm": 6.3, "ts": "2026-09-30T04:17:30Z"}
2026-09-30T04:17:34Z parking/lantai-1/slot/A1 {"slot_id": "A1", "status": "OCCUPIED", "distance_cm": 6.2, "ts": "2026-09-30T04:17:34Z"}
2026-09-30T04:17:35Z parking/lantai-1/slot/A2 {"slot_id": "A2", "status": "FREE", "distance_cm": 36.4, "ts": "2026-09-30T04:17:35Z"}
2026-09-30T04:17:43Z parking/lantai-1/slot/A1 {"slot_id": "A1", "status": "FREE", "distance_cm": 37.2, "ts": "2026-09-30T04:17:43Z"}
2026-09-30T04:17:44Z parking/lantai-1/slot/A3 {"slot_id": "A3", "status": "FREE", "distance_cm": 37.2, "ts": "2026-09-30T04:17:44Z"}
2026-09-30T04:17:47Z parking/lantai-1/slot/A2 {"slot_id": "A2", "status": "OCCUPIED", "distance_cm": 8.8, "ts": "2026-09-30T04:17:47Z"}
2026-09-30T04:17:55Z parking/lantai-1/slot/A1 {"slot_id": "A1", "status": "OCCUPIED", "distance_cm": 5.9, "ts": "2026-09-30T04:17:55Z"}
2026-09-30T04:17:58Z parking/lantai-1/slot/A2 {"slot_id": "A2", "status": "FREE", "distance_cm": 37.4, "ts": "2026-09-30T04:17:58Z"}
2026-09-30T04:17:58Z parking/lantai-1/slot/A3 {"slot_id": "A3", "status": "OCCUPIED", "distance_cm": 6.6, "ts": "2026-09-30T04:17:58Z"}
2026-09-30T04:18:00Z parking/lantai-1/slot/A1 {"slot_id": "A1", "status": "FREE", "distance_cm": 40.0, "ts": "2026-09-30T04:18:00Z"}
2026-09-30T04:18:07Z parking/lantai-1/slot/A1 {"slot_id": "A1", "status": "OCCUPIED", "distance_cm": 8.4, "ts": "2026-09-30T04:18:07Z"}
2026-09-30T04:18:09Z parking/lantai-1/slot/A2 {"slot_id": "A2", "status": "OCCUPIED", "distance_cm": 7.5, "ts": "2026-09-30T04:18:09Z"}
2026-09-30T04:18:12Z parking/lantai-1/slot/A3 {"slot_id": "A3", "status": "FREE", "distance_cm": 37.7, "ts": "2026-09-30T04:18:12Z"}
2026-09-30T04:18:15Z parking/lantai-1/slot/A1 {"slot_id": "A1", "status": "FREE", "distance_cm": 36.1, "ts": "2026-09-30T04:18:15Z"}
2026-09-30T04:18:21Z parking/lantai-1/slot/A2 {"slot_id": "A2", "status": "FREE", "distance_cm": 36.3, "ts": "2026-09-30T04:18:21Z"}
2026-09-30T04:18:23Z parking/lantai-1/slot/A1 {"slot_id": "A1", "status": "OCCUPIED", "distance_cm": 5.8, "ts": "2026-09-30T04:18:23Z"}
2026-09-30T04:18:26Z parking/lantai-1/slot/A3 {"slot_id": "A3", "status": "OCCUPIED", "distance_cm": 7.8, "ts": "2026-09-30T04:18:26Z"}
2026-09-30T04:18:31Z parking/lantai-1/slot/A2 {"slot_id": "A2", "status": "OCCUPIED", "distance_cm": 7.3, "ts": "2026-09-30T04:18:31Z"}
2026-09-30T04:18:36Z parking/lantai-1/slot/A1 {"slot_id": "A1", "status": "FREE", "distance_cm": 35.2, "ts": "2026-09-30T04:18:36Z"}
2026-09-30T04:18:39Z parking/lantai-1/slot/A1 {"slot_id": "A1", "status": "OCCUPIED", "distance_cm": 5.8, "ts": "2026-09-30T04:18:39Z"}
2026-09-30T04:18:40Z parking/lantai-1/slot/A3 {"slot_id": "A3", "status": "FREE", "distance_cm": 35.5, "ts": "2026-09-30T04:18:40Z"}
2026-09-30T04:18:42Z parking/lantai-1/slot/A2 {"slot_id": "A2", "status": "FREE", "distance_cm": 37.7, "ts": "2026-09-30T04:18:42Z"}
2026-09-30T04:18:47Z parking/lantai-1/slot/A1 {"slot_id": "A1", "status": "FREE", "distance_cm": 38.5, "ts": "2026-09-30T04:18:47Z"}
2026-09-30T04:18:53Z parking/lantai-1/slot/A2 {"slot_id": "A2", "status": "OCCUPIED", "distance_cm": 2.0, "ts": "2026-09-30T04:18:53Z"}
2026-09-30T04:18:54Z parking/lantai-1/slot/A3 {"slot_id": "A3", "status": "OCCUPIED", "distance_cm": 5.5, "ts": "2026-09-30T04:18:54Z"}
2026-09-30T04:18:55Z parking/lantai-1/slot/A1 {"slot_id": "A1", "status": "OCCUPIED", "distance_cm": 6.7, "ts": "2026-09-30T04:18:55Z"}
2026-09-30T04:19:03Z parking/lantai-1/slot/A1 {"slot_id": "A1", "status": "FREE", "distance_cm": 33.6, "ts": "2026-09-30T04:19:03Z"}
2026-09-30T04:19:04Z parking/lantai-1/slot/A2 {"slot_id": "A2", "status": "FREE", "distance_cm": 33.8, "ts": "2026-09-30T04:19:04Z"}
2026-09-30T04:19:08Z parking/lantai-1/slot/A3 {"slot_id": "A3", "status": "FREE", "distance_cm": 38.5, "ts": "2026-09-30T04:19:08Z"}
2026-09-30T04:19:15Z parking/lantai-1/slot/A2 {"slot_id": "A2", "status": "OCCUPIED", "distance_cm": 8.8, "ts": "2026-09-30T04:19:15Z"}
2026-09-30T04:19:20Z parking/lantai-1/slot/A1 {"slot_id": "A1", "status": "OCCUPIED", "distance_cm": 6.4, "ts": "2026-09-30T04:19:20Z"}
2026-09-30T04:19:22Z parking/lantai-1/slot/A1 {"slot_id": "A1", "status": "FREE", "distance_cm": 35.4, "ts": "2026-09-30T04:19:22Z"}
2026-09-30T04:19:23Z parking/lantai-1/slot/A3 {"slot_id": "A3", "status": "OCCUPIED", "distance_cm": 6.8, "ts": "2026-09-30T04:19:23Z"}
2026-09-30T04:19:26Z parking/lantai-1/slot/A2 {"slot_id": "A2", "status": "FREE", "distance_cm": 39.4, "ts": "2026-09-30T04:19:26Z"}
2026-09-30T04:19:28Z parking/lantai-1/slot/A1 {"slot_id": "A1", "status": "OCCUPIED", "distance_cm": 7.4, "ts": "2026-09-30T04:19:28Z"}
2026-09-30T04:19:35Z parking/lantai-1/slot/A1 {"slot_id": "A1", "status": "FREE", "distance_cm": 36.0, "ts": "2026-09-30T04:19:35Z"}
2026-09-30T04:19:36Z parking/lantai-1/slot/A3 {"slot_id": "A3", "status": "FREE", "distance_cm": 39.0, "ts": "2026-09-30T04:19:36Z"}
2026-09-30T04:19:37Z parking/lantai-1/slot/A2 {"slot_id": "A2", "status": "OCCUPIED", "distance_cm": 8.3, "ts": "2026-09-30T04:19:37Z"}
2026-09-30T04:19:42Z parking/lantai-1/slot/A1 {"slot_id": "A1", "status": "OCCUPIED", "distance_cm": 7.5, "ts": "2026-09-30T04:19:42Z"}
2026-09-30T04:19:47Z parking/lantai-1/slot/A2 {"slot_id": "A2", "status": "FREE", "distance_cm": 36.4, "ts": "2026-09-30T04:19:47Z"}
2026-09-30T04:19:50Z parking/lantai-1/slot/A1 {"slot_id": "A1", "status": "FREE", "distance_cm": 39.0, "ts": "2026-09-30T04:19:50Z"}
2026-09-30T04:19:50Z parking/lantai-1/slot/A3 {"slot_id": "A3", "status": "OCCUPIED", "distance_cm": 6.0, "ts": "2026-09-30T04:19:50Z"}
2026-09-30T04:19:58Z parking/lantai-1/slot/A2 {"slot_id": "A2", "status": "OCCUPIED", "distance_cm": 8.2, "ts": "2026-09-30T04:19:58Z"}
2026-09-30T04:19:58Z parking/lantai-1/slot/A1 {"slot_id": "A1", "status": "OCCUPIED", "distance_cm": 7.7, "ts": "2026-09-30T04:19:58Z"}
2026-09-30T04:20:04Z parking/lantai-1/slot/A3 {"slot_id": "A3", "status": "FREE", "distance_cm": 37.5, "ts": "2026-09-30T04:20:04Z"}
2026-09-30T04:20:06Z parking/lantai-1/slot/A1 {"slot_id": "A1", "status": "FREE", "distance_cm": 33.5, "ts": "2026-09-30T04:20:06Z"}
2026-09-30T04:20:09Z parking/lantai-1/slot/A2 {"slot_id": "A2", "status": "FREE", "distance_cm": 33.5, "ts": "2026-09-30T04:20:09Z"}
2026-09-30T04:20:14Z parking/lantai-1/slot/A1 {"slot_id": "A1", "status": "OCCUPIED", "distance_cm": 8.3, "ts": "2026-09-30T04:20:14Z"}
2026-09-30T04:20:18Z parking/lantai-1/slot/A3 {"slot_id": "A3", "status": "OCCUPIED", "distance_cm": 7.8, "ts": "2026-09-30T04:20:18Z"}
2026-09-30T04:20:20Z parking/lantai-1/slot/A2 {"slot_id": "A2", "status": "OCCUPIED", "distance_cm": 6.4, "ts": "2026-09-30T04:20:20Z"}
2026-09-30T04:20:22Z parking/lantai-1/slot/A1 {"slot_id": "A1", "status": "FREE", "distance_cm": 35.6, "ts": "2026-09-30T04:20:22Z"}
2026-09-30T04:20:31Z parking/lantai-1/slot/A2 {"slot_id": "A2", "status": "FREE", "distance_cm": 38.9, "ts": "2026-09-30T04:20:31Z"}
2026-09-30T04:20:32Z parking/lantai-1/slot/A3 {"slot_id": "A3", "status": "FREE", "distance_cm": 39.9, "ts": "2026-09-30T04:20:32Z"}
2026-09-30T04:20:33Z parking/lantai-1/slot/A1 {"slot_id": "A1", "status": "OCCUPIED", "distance_cm": 7.6, "ts": "2026-09-30T04:20:33Z"}
2026-09-30T04:20:39Z parking/lantai-1/slot/A1 {"slot_id": "A1", "status": "FREE", "distance_cm": 34.3, "ts": "2026-09-30T04:20:39Z"}
2026-09-30T04:20:42Z parking/lantai-1/slot/A2 {"slot_id": "A2", "status": "OCCUPIED", "distance_cm": 8.5, "ts": "2026-09-30T04:20:42Z"}
2026-09-30T04:20:46Z parking/lantai-1/slot/A3 {"slot_id": "A3", "status": "OCCUPIED", "distance_cm": 6.6, "ts": "2026-09-30T04:20:46Z"}
2026-09-30T04:20:48Z parking/lantai-1/slot/A1 {"slot_id": "A1", "status": "OCCUPIED", "distance_cm": 5.7, "ts": "2026-09-30T04:20:48Z"}
2026-09-30T04:20:53Z parking/lantai-1/slot/A2 {"slot_id": "A2", "status": "FREE", "distance_cm": 38.8, "ts": "2026-09-30T04:20:53Z"}
2026-09-30T04:20:54Z parking/lantai-1/slot/A1 {"slot_id": "A1", "status": "FREE", "distance_cm": 39.0, "ts": "2026-09-30T04:20:54Z"}
2026-09-30T04:21:00Z parking/lantai-1/slot/A3 {"slot_id": "A3", "status": "FREE", "distance_cm": 33.9, "ts": "2026-09-30T04:21:00Z"}
2026-09-30T04:21:02Z parking/lantai-1/slot/A1 {"slot_id": "A1", "status": "OCCUPIED", "distance_cm": 7.1, "ts": "2026-09-30T04:21:02Z"}
2026-09-30T04:21:04Z parking/lantai-1/slot/A2 {"slot_id": "A2", "status": "OCCUPIED", "distance_cm": 7.8, "ts": "2026-09-30T04:21:04Z"}
2026-09-30T04:21:11Z parking/lantai-1/slot/A1 {"slot_id": "A1", "status": "FREE", "distance_cm": 34.5, "ts": "2026-09-30T04:21:11Z"}
2026-09-30T04:21:14Z parking/lantai-1/slot/A3 {"slot_id": "A3", "status": "OCCUPIED", "distance_cm": 8.9, "ts": "2026-09-30T04:21:14Z"}
2026-09-30T04:21:15Z parking/lantai-1/slot/A2 {"slot_id": "A2", "status": "FREE", "distance_cm": 33.2, "ts": "2026-09-30T04:21:15Z"}
2026-09-30T04:21:18Z parking/lantai-1/slot/A1 {"slot_id": "A1", "status": "OCCUPIED", "distance_cm": 7.5, "ts": "2026-09-30T04:21:18Z"}
2026-09-30T04:21:26Z parking/lantai-1/slot/A1 {"slot_id": "A1", "status": "FREE", "distance_cm": 38.4, "ts": "2026-09-30T04:21:26Z"}
2026-09-30T04:21:26Z parking/lantai-1/slot/A2 {"slot_id": "A2", "status": "OCCUPIED", "distance_cm": 6.2, "ts": "2026-09-30T04:21:26Z"}
2026-09-30T04:21:28Z parking/lantai-1/slot/A3 {"slot_id": "A3", "status": "FREE", "distance_cm": 36.2, "ts": "2026-09-30T04:21:28Z"}
2026-09-30T04:21:34Z parking/lantai-1/slot/A1 {"slot_id": "A1", "status": "OCCUPIED", "distance_cm": 7.4, "ts": "2026-09-30T04:21:34Z"}
2026-09-30T04:21:37Z parking/lantai-1/slot/A2 {"slot_id": "A2", "status": "FREE", "distance_cm": 37.8, "ts": "2026-09-30T04:21:37Z"}
2026-09-30T04:21:45Z parking/lantai-1/slot/A3 {"slot_id": "A3", "status": "OCCUPIED", "distance_cm": 5.0, "ts": "2026-09-30T04:21:45Z"}
2026-09-30T04:21:45Z parking/lantai-1/slot/A1 {"slot_id": "A1", "status": "FREE", "distance_cm": 33.9, "ts": "2026-09-30T04:21:45Z"}
2026-09-30T04:21:49Z parking/lantai-1/slot/A2 {"slot_id": "A2", "status": "OCCUPIED", "distance_cm": 5.9, "ts": "2026-09-30T04:21:49Z"}
2026-09-30T04:21:51Z parking/lantai-1/slot/A1 {"slot_id": "A1", "status": "OCCUPIED", "distance_cm": 6.6, "ts": "2026-09-30T04:21:51Z"}
2026-09-30T04:21:57Z parking/lantai-1/slot/A3 {"slot_id": "A3", "status": "FREE", "distance_cm": 35.2, "ts": "2026-09-30T04:21:57Z"}
2026-09-30T04:21:59Z parking/lantai-1/slot/A1 {"slot_id": "A1", "status": "FREE", "distance_cm": 33.4, "ts": "2026-09-30T04:21:59Z"}
2026-09-30T04:22:01Z parking/lantai-1/slot/A2 {"slot_id": "A2", "status": "FREE", "distance_cm": 38.0, "ts": "2026-09-30T04:22:01Z"}
2026-09-30T04:22:07Z parking/lantai-1/slot/A1 {"slot_id": "A1", "status": "OCCUPIED", "distance_cm": 5.9, "ts": "2026-09-30T04:22:07Z"}
2026-09-30T04:22:11Z parking/lantai-1/slot/A3 {"slot_id": "A3", "status": "OCCUPIED", "distance_cm": 5.6, "ts": "2026-09-30T04:22:11Z"}
2026-09-30T04:22:11Z parking/lantai-1/slot/A2 {"slot_id": "A2", "status": "OCCUPIED", "distance_cm": 7.9, "ts": "2026-09-30T04:22:11Z"}
2026-09-30T04:22:15Z parking/lantai-1/slot/A1 {"slot_id": "A1", "status": "FREE", "distance_cm": 35.2, "ts": "2026-09-30T04:22:15Z"}
2026-09-30T04:22:22Z parking/lantai-1/slot/A2 {"slot_id": "A2", "status": "FREE", "distance_cm": 34.0, "ts": "2026-09-30T04:22:22Z"}
2026-09-30T04:22:22Z parking/lantai-1/slot/A1 {"slot_id": "A1", "status": "OCCUPIED", "distance_cm": 5.1, "ts": "2026-09-30T04:22:22Z"}
2026-09-30T04:22:25Z parking/lantai-1/slot/A3 {"slot_id": "A3", "status": "FREE", "distance_cm": 33.1, "ts": "2026-09-30T04:22:25Z"}
2026-09-30T04:22:30Z parking/lantai-1/slot/A1 {"slot_id": "A1", "status": "FREE", "distance_cm": 38.2, "ts": "2026-09-30T04:22:30Z"}
2026-09-30T04:22:33Z parking/lantai-1/slot/A2 {"slot_id": "A2", "status": "OCCUPIED", "distance_cm": 6.1, "ts": "2026-09-30T04:22:33Z"}
2026-09-30T04:22:38Z parking/lantai-1/slot/A1 {"slot_id": "A1", "status": "OCCUPIED", "distance_cm": 7.9, "ts": "2026-09-30T04:22:38Z"}
2026-09-30T04:22:39Z parking/lantai-1/slot/A3 {"slot_id": "A3", "status": "OCCUPIED", "distance_cm": 7.2, "ts": "2026-09-30T04:22:39Z"}
2026-09-30T04:22:44Z parking/lantai-1/slot/A2 {"slot_id": "A2", "status": "FREE", "distance_cm": 39.5, "ts": "2026-09-30T04:22:44Z"}
2026-09-30T04:22:46Z parking/lantai-1/slot/A1 {"slot_id": "A1", "status": "FREE", "distance_cm": 33.9, "ts": "2026-09-30T04:22:46Z"}
2026-09-30T04:22:53Z parking/lantai-1/slot/A3 {"slot_id": "A3", "status": "FREE", "distance_cm": 38.4, "ts": "2026-09-30T04:22:53Z"}
2026-09-30T04:22:55Z parking/lantai-1/slot/A2 {"slot_id": "A2", "status": "OCCUPIED", "distance_cm": 8.8, "ts": "2026-09-30T04:22:55Z"}
2026-09-30T04:22:58Z parking/lantai-1/slot/A1 {"slot_id": "A1", "status": "OCCUPIED", "distance_cm": 6.6, "ts": "2026-09-30T04:22:58Z"}
2026-09-30T04:23:03Z parking/lantai-1/slot/A1 {"slot_id": "A1", "status": "FREE", "distance_cm": 38.4, "ts": "2026-09-30T04:23:03Z"}
2026-09-30T04:23:06Z parking/lantai-1/slot/A2 {"slot_id": "A2", "status": "FREE", "distance_cm": 36.4, "ts": "2026-09-30T04:23:06Z"}
2026-09-30T04:23:07Z parking/lantai-1/slot/A3 {"slot_id": "A3", "status": "OCCUPIED", "distance_cm": 6.3, "ts": "2026-09-30T04:23:07Z"}
2026-09-30T04:23:11Z parking/lantai-1/slot/A1 {"slot_id": "A1", "status": "OCCUPIED", "distance_cm": 6.1, "ts": "2026-09-30T04:23:11Z"}
2026-09-30T04:23:17Z parking/lantai-1/slot/A2 {"slot_id": "A2", "status": "OCCUPIED", "distance_cm": 6.6, "ts": "2026-09-30T04:23:17Z"}
2026-09-30T04:23:19Z parking/lantai-1/slot/A1 {"slot_id": "A1", "status": "FREE", "distance_cm": 34.3, "ts": "2026-09-30T04:23:19Z"}
2026-09-30T04:23:21Z parking/lantai-1/slot/A3 {"slot_id": "A3", "status": "FREE", "distance_cm": 35.6, "ts": "2026-09-30T04:23:21Z"}
2026-09-30T04:23:27Z parking/lantai-1/slot/A1 {"slot_id": "A1", "status": "OCCUPIED", "distance_cm": 6.1, "ts": "2026-09-30T04:23:27Z"}
2026-09-30T04:23:28Z parking/lantai-1/slot/A2 {"slot_id": "A2", "status": "FREE", "distance_cm": 35.3, "ts": "2026-09-30T04:23:28Z"}
2026-09-30T04:23:35Z parking/lantai-1/slot/A3 {"slot_id": "A3", "status": "OCCUPIED", "distance_cm": 6.9, "ts": "2026-09-30T04:23:35Z"}
2026-09-30T04:23:39Z parking/lantai-1/slot/A2 {"slot_id": "A2", "status": "OCCUPIED", "distance_cm": 9.0, "ts": "2026-09-30T04:23:39Z"}
2026-09-30T04:23:40Z parking/lantai-1/slot/A1 {"slot_id": "A1", "status": "FREE", "distance_cm": 39.7, "ts": "2026-09-30T04:23:40Z"}
2026-09-30T04:23:45Z parking/lantai-1/slot/A1 {"slot_id": "A1", "status": "OCCUPIED", "distance_cm": 7.3, "ts": "2026-09-30T04:23:45Z"}
2026-09-30T04:23:49Z parking/lantai-1/slot/A3 {"slot_id": "A3", "status": "FREE", "distance_cm": 35.0, "ts": "2026-09-30T04:23:49Z"}
2026-09-30T04:23:50Z parking/lantai-1/slot/A2 {"slot_id": "A2", "status": "FREE", "distance_cm": 38.4, "ts": "2026-09-30T04:23:50Z"}
2026-09-30T04:23:51Z parking/lantai-1/slot/A1 {"slot_id": "A1", "status": "FREE", "distance_cm": 36.4, "ts": "2026-09-30T04:23:51Z"}
2026-09-30T04:23:59Z parking/lantai-1/slot/A1 {"slot_id": "A1", "status": "OCCUPIED", "distance_cm": 5.9, "ts": "2026-09-30T04:23:59Z"}
2026-09-30T04:24:01Z parking/lantai-1/slot/A2 {"slot_id": "A2", "status": "OCCUPIED", "distance_cm": 7.7, "ts": "2026-09-30T04:24:01Z"}
2026-09-30T04:24:03Z parking/lantai-1/slot/A3 {"slot_id": "A3", "status": "OCCUPIED", "distance_cm": 7.2, "ts": "2026-09-30T04:24:03Z"}
2026-09-30T04:24:07Z parking/lantai-1/slot/A1 {"slot_id": "A1", "status": "FREE", "distance_cm": 37.0, "ts": "2026-09-30T04:24:07Z"}
2026-09-30T04:24:12Z parking/lantai-1/slot/A2 {"slot_id": "A2", "status": "FREE", "distance_cm": 36.1, "ts": "2026-09-30T04:24:12Z"}
2026-09-30T04:24:17Z parking/lantai-1/slot/A3 {"slot_id": "A3", "status": "FREE", "distance_cm": 33.5, "ts": "2026-09-30T04:24:17Z"}
2026-09-30T04:24:23Z parking/lantai-1/slot/A2 {"slot_id": "A2", "status": "OCCUPIED", "distance_cm": 7.2, "ts": "2026-09-30T04:24:23Z"}
2026-09-30T04:24:31Z parking/lantai-1/slot/A3 {"slot_id": "A3", "status": "OCCUPIED", "distance_cm": 5.6, "ts": "2026-09-30T04:24:31Z"}
2026-09-30T04:24:31Z parking/lantai-1/slot/A1 {"slot_id": "A1", "status": "OCCUPIED", "distance_cm": 7.0, "ts": "2026-09-30T04:24:31Z"}
2026-09-30T04:24:34Z parking/lantai-1/slot/A2 {"slot_id": "A2", "status": "FREE", "distance_cm": 35.4, "ts": "2026-09-30T04:24:34Z"}
2026-09-30T04:24:39Z parking/lantai-1/slot/A1 {"slot_id": "A1", "status": "FREE", "distance_cm": 39.3, "ts": "2026-09-30T04:24:39Z"}
2026-09-30T04:24:45Z parking/lantai-1/slot/A3 {"slot_id": "A3", "status": "FREE", "distance_cm": 39.4, "ts": "2026-09-30T04:24:45Z"}
2026-09-30T04:24:45Z parking/lantai-1/slot/A2 {"slot_id": "A2", "status": "OCCUPIED", "distance_cm": 7.4, "ts": "2026-09-30T04:24:45Z"}
2026-09-30T04:24:48Z parking/lantai-1/slot/A1 {"slot_id": "A1", "status": "OCCUPIED", "distance_cm": 7.8, "ts": "2026-09-30T04:24:48Z"}
2026-09-30T04:24:55Z parking/lantai-1/slot/A1 {"slot_id": "A1", "status": "FREE", "distance_cm": 37.8, "ts": "2026-09-30T04:24:55Z"}
2026-09-30T04:24:56Z parking/lantai-1/slot/A2 {"slot_id": "A2", "status": "FREE", "distance_cm": 33.6, "ts": "2026-09-30T04:24:56Z"}
2026-09-30T04:24:59Z parking/lantai-1/slot/A3 {"slot_id": "A3", "status": "OCCUPIED", "distance_cm": 7.9, "ts": "2026-09-30T04:24:59Z"}
2026-09-30T04:25:03Z parking/lantai-1/slot/A1 {"slot_id": "A1", "status": "OCCUPIED", "distance_cm": 5.7, "ts": "2026-09-30T04:25:03Z"}
2026-09-30T04:25:08Z parking/lantai-1/slot/A2 {"slot_id": "A2", "status": "OCCUPIED", "distance_cm": 5.2, "ts": "2026-09-30T04:25:08Z"}
2026-09-30T04:25:11Z parking/lantai-1/slot/A1 {"slot_id": "A1", "status": "FREE", "distance_cm": 35.8, "ts": "2026-09-30T04:25:11Z"}
2026-09-30T04:25:16Z parking/lantai-1/slot/A3 {"slot_id": "A3", "status": "FREE", "distance_cm": 36.0, "ts": "2026-09-30T04:25:16Z"}
2026-09-30T04:25:18Z parking/lantai-1/slot/A2 {"slot_id": "A2", "status": "FREE", "distance_cm": 36.6, "ts": "2026-09-30T04:25:18Z"}
2026-09-30T04:25:19Z parking/lantai-1/slot/A1 {"slot_id": "A1", "status": "OCCUPIED", "distance_cm": 6.0, "ts": "2026-09-30T04:25:19Z"}
2026-09-30T04:25:27Z parking/lantai-1/slot/A3 {"slot_id": "A3", "status": "OCCUPIED", "distance_cm": 6.1, "ts": "2026-09-30T04:25:27Z"}
2026-09-30T04:25:27Z parking/lantai-1/slot/A1 {"slot_id": "A1", "status": "FREE", "distance_cm": 36.4, "ts": "2026-09-30T04:25:27Z"}
2026-09-30T04:25:29Z parking/lantai-1/slot/A2 {"slot_id": "A2", "status": "OCCUPIED", "distance_cm": 8.9, "ts": "2026-09-30T04:25:29Z"}
2026-09-30T04:25:33Z parking/lantai-1/slot/A1 {"slot_id": "A1", "status": "OCCUPIED", "distance_cm": 8.6, "ts": "2026-09-30T04:25:33Z"}
2026-09-30T04:25:40Z parking/lantai-1/slot/A2 {"slot_id": "A2", "status": "FREE", "distance_cm": 36.5, "ts": "2026-09-30T04:25:40Z"}
2026-09-30T04:25:41Z parking/lantai-1/slot/A3 {"slot_id": "A3", "status": "FREE", "distance_cm": 35.1, "ts": "2026-09-30T04:25:41Z"}
2026-09-30T04:25:42Z parking/lantai-1/slot/A1 {"slot_id": "A1", "status": "FREE", "distance_cm": 34.0, "ts": "2026-09-30T04:25:42Z"}
2026-09-30T04:25:50Z parking/lantai-1/slot/A1 {"slot_id": "A1", "status": "OCCUPIED", "distance_cm": 2.0, "ts": "2026-09-30T04:25:50Z"}
2026-09-30T04:25:51Z parking/lantai-1/slot/A2 {"slot_id": "A2", "status": "OCCUPIED", "distance_cm": 5.8, "ts": "2026-09-30T04:25:51Z"}
2026-09-30T04:26:37Z parking/lantai-1/slot/A3 {"slot_id": "A3", "status": "OCCUPIED", "distance_cm": 6.6, "ts": "2026-09-30T04:25:55Z"}
2026-09-30T04:26:37Z parking/lantai-1/slot/A3 {"slot_id": "A3", "status": "FREE", "distance_cm": 38.0, "ts": "2026-09-30T04:26:11Z"}
2026-09-30T04:26:37Z parking/lantai-1/slot/A3 {"slot_id": "A3", "status": "OCCUPIED", "distance_cm": 8.7, "ts": "2026-09-30T04:26:22Z"}
2026-09-30T04:26:37Z parking/lantai-1/slot/A3 {"slot_id": "A3", "status": "OCCUPIED", "distance_cm": 6.6, "ts": "2026-09-30T04:25:55Z"}
2026-09-30T04:26:38Z parking/lantai-1/slot/A1 {"slot_id": "A1", "status": "FREE", "distance_cm": 37.3, "ts": "2026-09-30T04:25:58Z"}
2026-09-30T04:26:38Z parking/lantai-1/slot/A1 {"slot_id": "A1", "status": "OCCUPIED", "distance_cm": 8.0, "ts": "2026-09-30T04:26:11Z"}
2026-09-30T04:26:38Z parking/lantai-1/slot/A1 {"slot_id": "A1", "status": "FREE", "distance_cm": 37.7, "ts": "2026-09-30T04:26:16Z"}
2026-09-30T04:26:38Z parking/lantai-1/slot/A1 {"slot_id": "A1", "status": "OCCUPIED", "distance_cm": 6.7, "ts": "2026-09-30T04:26:23Z"}
2026-09-30T04:26:38Z parking/lantai-1/slot/A1 {"slot_id": "A1", "status": "FREE", "distance_cm": 33.1, "ts": "2026-09-30T04:26:31Z"}
2026-09-30T04:26:38Z parking/lantai-1/slot/A3 {"slot_id": "A3", "status": "FREE", "distance_cm": 38.7, "ts": "2026-09-30T04:26:38Z"}
2026-09-30T04:26:39Z parking/lantai-1/slot/A1 {"slot_id": "A1", "status": "OCCUPIED", "distance_cm": 9.0, "ts": "2026-09-30T04:26:39Z"}
2026-09-30T04:26:39Z parking/lantai-1/slot/A2 {"slot_id": "A2", "status": "FREE", "distance_cm": 38.1, "ts": "2026-09-30T04:26:02Z"}
2026-09-30T04:26:39Z parking/lantai-1/slot/A2 {"slot_id": "A2", "status": "OCCUPIED", "distance_cm": 6.1, "ts": "2026-09-30T04:26:13Z"}
2026-09-30T04:26:39Z parking/lantai-1/slot/A2 {"slot_id": "A2", "status": "FREE", "distance_cm": 33.9, "ts": "2026-09-30T04:26:27Z"}
2026-09-30T04:26:39Z parking/lantai-1/slot/A2 {"slot_id": "A2", "status": "OCCUPIED", "distance_cm": 7.7, "ts": "2026-09-30T04:26:35Z"}
2026-09-30T04:26:46Z parking/lantai-1/slot/A2 {"slot_id": "A2", "status": "FREE", "distance_cm": 39.4, "ts": "2026-09-30T04:26:46Z"}
2026-09-30T04:26:47Z parking/lantai-1/slot/A1 {"slot_id": "A1", "status": "FREE", "distance_cm": 37.7, "ts": "2026-09-30T04:26:47Z"}
2026-09-30T04:26:51Z parking/lantai-1/slot/A3 {"slot_id": "A3", "status": "OCCUPIED", "distance_cm": 5.7, "ts": "2026-09-30T04:26:51Z"}
2026-09-30T04:26:55Z parking/lantai-1/slot/A1 {"slot_id": "A1", "status": "OCCUPIED", "distance_cm": 5.6, "ts": "2026-09-30T04:26:55Z"}
2026-09-30T04:26:57Z parking/lantai-1/slot/A2 {"slot_id": "A2", "status": "OCCUPIED", "distance_cm": 6.6, "ts": "2026-09-30T04:26:57Z"}
2026-09-30T04:27:02Z parking/lantai-1/slot/A1 {"slot_id": "A1", "status": "FREE", "distance_cm": 36.0, "ts": "2026-09-30T04:27:02Z"}
2026-09-30T04:27:05Z parking/lantai-1/slot/A3 {"slot_id": "A3", "status": "FREE", "distance_cm": 36.3, "ts": "2026-09-30T04:27:05Z"}
2026-09-30T04:27:08Z parking/lantai-1/slot/A2 {"slot_id": "A2", "status": "FREE", "distance_cm": 39.7, "ts": "2026-09-30T04:27:08Z"}
2026-09-30T04:27:11Z parking/lantai-1/slot/A1 {"slot_id": "A1", "status": "OCCUPIED", "distance_cm": 5.9, "ts": "2026-09-30T04:27:11Z"}
2026-09-30T04:27:19Z parking/lantai-1/slot/A2 {"slot_id": "A2", "status": "OCCUPIED", "distance_cm": 8.6, "ts": "2026-09-30T04:27:19Z"}
2026-09-30T04:27:19Z parking/lantai-1/slot/A3 {"slot_id": "A3", "status": "OCCUPIED", "distance_cm": 5.2, "ts": "2026-09-30T04:27:19Z"}
2026-09-30T04:27:24Z parking/lantai-1/slot/A1 {"slot_id": "A1", "status": "FREE", "distance_cm": 37.3, "ts": "2026-09-30T04:27:24Z"}
2026-09-30T04:27:27Z parking/lantai-1/slot/A1 {"slot_id": "A1", "status": "OCCUPIED", "distance_cm": 6.5, "ts": "2026-09-30T04:27:27Z"}
2026-09-30T04:27:30Z parking/lantai-1/slot/A2 {"slot_id": "A2", "status": "FREE", "distance_cm": 39.6, "ts": "2026-09-30T04:27:30Z"}
2026-09-30T04:27:34Z parking/lantai-1/slot/A3 {"slot_id": "A3", "status": "FREE", "distance_cm": 33.5, "ts": "2026-09-30T04:27:34Z"}
2026-09-30T04:27:35Z parking/lantai-1/slot/A1 {"slot_id": "A1", "status": "FREE", "distance_cm": 34.3, "ts": "2026-09-30T04:27:35Z"}
2026-09-30T04:27:41Z parking/lantai-1/slot/A2 {"slot_id": "A2", "status": "OCCUPIED", "distance_cm": 8.6, "ts": "2026-09-30T04:27:41Z"}
2026-09-30T04:27:43Z parking/lantai-1/slot/A1 {"slot_id": "A1", "status": "OCCUPIED", "distance_cm": 8.8, "ts": "2026-09-30T04:27:43Z"}
2026-09-30T04:27:47Z parking/lantai-1/slot/A3 {"slot_id": "A3", "status": "OCCUPIED", "distance_cm": 6.0, "ts": "2026-09-30T04:27:47Z"}
2026-09-30T04:27:51Z parking/lantai-1/slot/A1 {"slot_id": "A1", "status": "FREE", "distance_cm": 35.5, "ts": "2026-09-30T04:27:51Z"}
2026-09-30T04:27:52Z parking/lantai-1/slot/A2 {"slot_id": "A2", "status": "FREE", "distance_cm": 34.6, "ts": "2026-09-30T04:27:52Z"}
2026-09-30T04:27:59Z parking/lantai-1/slot/A1 {"slot_id": "A1", "status": "OCCUPIED", "distance_cm": 5.7, "ts": "2026-09-30T04:27:59Z"}
2026-09-30T04:28:01Z parking/lantai-1/slot/A3 {"slot_id": "A3", "status": "FREE", "distance_cm": 33.4, "ts": "2026-09-30T04:28:01Z"}
2026-09-30T04:28:03Z parking/lantai-1/slot/A2 {"slot_id": "A2", "status": "OCCUPIED", "distance_cm": 7.2, "ts": "2026-09-30T04:28:03Z"}
2026-09-30T04:28:09Z parking/lantai-1/slot/A1 {"slot_id": "A1", "status": "FREE", "distance_cm": 39.6, "ts": "2026-09-30T04:28:09Z"}
2026-09-30T04:28:14Z parking/lantai-1/slot/A2 {"slot_id": "A2", "status": "FREE", "distance_cm": 37.3, "ts": "2026-09-30T04:28:14Z"}
2026-09-30T04:28:15Z parking/lantai-1/slot/A1 {"slot_id": "A1", "status": "OCCUPIED", "distance_cm": 7.2, "ts": "2026-09-30T04:28:15Z"}
2026-09-30T04:28:16Z parking/lantai-1/slot/A3 {"slot_id": "A3", "status": "OCCUPIED", "distance_cm": 7.9, "ts": "2026-09-30T04:28:16Z"}
2026-09-30T04:28:25Z parking/lantai-1/slot/A2 {"slot_id": "A2", "status": "OCCUPIED", "distance_cm": 7.0, "ts": "2026-09-30T04:28:25Z"}
2026-09-30T04:28:25Z parking/lantai-1/slot/A1 {"slot_id": "A1", "status": "FREE", "distance_cm": 34.2, "ts": "2026-09-30T04:28:25Z"}
2026-09-30T04:28:29Z parking/lantai-1/slot/A3 {"slot_id": "A3", "status": "FREE", "distance_cm": 38.6, "ts": "2026-09-30T04:28:29Z"}
2026-09-30T04:28:31Z parking/lantai-1/slot/A1 {"slot_id": "A1", "status": "OCCUPIED", "distance_cm": 8.8, "ts": "2026-09-30T04:28:31Z"}
2026-09-30T04:28:40Z parking/lantai-1/slot/A2 {"slot_id": "A2", "status": "FREE", "distance_cm": 34.1, "ts": "2026-09-30T04:28:40Z"}
2026-09-30T04:28:40Z parking/lantai-1/slot/A1 {"slot_id": "A1", "status": "FREE", "distance_cm": 39.8, "ts": "2026-09-30T04:28:40Z"}
2026-09-30T04:28:43Z parking/lantai-1/slot/A3 {"slot_id": "A3", "status": "OCCUPIED", "distance_cm": 7.9, "ts": "2026-09-30T04:28:43Z"}
2026-09-30T04:28:46Z parking/lantai-1/slot/A1 {"slot_id": "A1", "status": "OCCUPIED", "distance_cm": 7.3, "ts": "2026-09-30T04:28:46Z"}
2026-09-30T04:28:47Z parking/lantai-1/slot/A2 {"slot_id": "A2", "status": "OCCUPIED", "distance_cm": 5.3, "ts": "2026-09-30T04:28:47Z"}
2026-09-30T04:28:56Z parking/lantai-1/slot/A1 {"slot_id": "A1", "status": "FREE", "distance_cm": 38.1, "ts": "2026-09-30T04:28:56Z"}
2026-09-30T04:28:57Z parking/lantai-1/slot/A3 {"slot_id": "A3", "status": "FREE", "distance_cm": 37.3, "ts": "2026-09-30T04:28:57Z"}
2026-09-30T04:28:58Z parking/lantai-1/slot/A2 {"slot_id": "A2", "status": "FREE", "distance_cm": 33.1, "ts": "2026-09-30T04:28:58Z"}
2026-09-30T04:29:04Z parking/lantai-1/slot/A1 {"slot_id": "A1", "status": "OCCUPIED", "distance_cm": 8.5, "ts": "2026-09-30T04:29:04Z"}
2026-09-30T04:29:09Z parking/lantai-1/slot/A2 {"slot_id": "A2", "status": "OCCUPIED", "distance_cm": 6.2, "ts": "2026-09-30T04:29:09Z"}
2026-09-30T04:29:11Z parking/lantai-1/slot/A3 {"slot_id": "A3", "status": "OCCUPIED", "distance_cm": 7.6, "ts": "2026-09-30T04:29:11Z"}
2026-09-30T04:29:11Z parking/lantai-1/slot/A1 {"slot_id": "A1", "status": "FREE", "distance_cm": 37.7, "ts": "2026-09-30T04:29:11Z"}
2026-09-30T04:29:19Z parking/lantai-1/slot/A1 {"slot_id": "A1", "status": "OCCUPIED", "distance_cm": 6.4, "ts": "2026-09-30T04:29:19Z"}
2026-09-30T04:29:20Z parking/lantai-1/slot/A2 {"slot_id": "A2", "status": "FREE", "distance_cm": 39.4, "ts": "2026-09-30T04:29:20Z"}
2026-09-30T04:29:27Z parking/lantai-1/slot/A3 {"slot_id": "A3", "status": "FREE", "distance_cm": 36.4, "ts": "2026-09-30T04:29:27Z"}
2026-09-30T04:29:27Z parking/lantai-1/slot/A1 {"slot_id": "A1", "status": "FREE", "distance_cm": 34.8, "ts": "2026-09-30T04:29:27Z"}
2026-09-30T04:29:31Z parking/lantai-1/slot/A2 {"slot_id": "A2", "status": "OCCUPIED", "distance_cm": 8.3, "ts": "2026-09-30T04:29:31Z"}
2026-09-30T04:29:35Z parking/lantai-1/slot/A1 {"slot_id": "A1", "status": "OCCUPIED", "distance_cm": 7.1, "ts": "2026-09-30T04:29:35Z"}
2026-09-30T04:29:39Z parking/lantai-1/slot/A3 {"slot_id": "A3", "status": "OCCUPIED", "distance_cm": 5.2, "ts": "2026-09-30T04:29:39Z"}
2026-09-30T04:29:42Z parking/lantai-1/slot/A2 {"slot_id": "A2", "status": "FREE", "distance_cm": 38.1, "ts": "2026-09-30T04:29:42Z"}
2026-09-30T04:29:44Z parking/lantai-1/slot/A1 {"slot_id": "A1", "status": "FREE", "distance_cm": 34.1, "ts": "2026-09-30T04:29:44Z"}
2026-09-30T04:29:52Z parking/lantai-1/slot/A1 {"slot_id": "A1", "status": "OCCUPIED", "distance_cm": 7.0, "ts": "2026-09-30T04:29:52Z"}
2026-09-30T04:29:53Z parking/lantai-1/slot/A3 {"slot_id": "A3", "status": "FREE", "distance_cm": 36.1, "ts": "2026-09-30T04:29:53Z"}
2026-09-30T04:29:53Z parking/lantai-1/slot/A2 {"slot_id": "A2", "status": "OCCUPIED", "distance_cm": 8.6, "ts": "2026-09-30T04:29:53Z"}
2026-09-30T04:29:59Z parking/lantai-1/slot/A1 {"slot_id": "A1", "status": "FREE", "distance_cm": 38.1, "ts": "2026-09-30T04:29:59Z"}
2026-09-30T04:30:03Z parking/lantai-1/slot/A2 {"slot_id": "A2", "status": "FREE", "distance_cm": 38.7, "ts": "2026-09-30T04:30:03Z"}
2026-09-30T04:30:07Z parking/lantai-1/slot/A3 {"slot_id": "A3", "status": "OCCUPIED", "distance_cm": 7.0, "ts": "2026-09-30T04:30:07Z"}
2026-09-30T04:30:07Z parking/lantai-1/slot/A1 {"slot_id": "A1", "status": "OCCUPIED", "distance_cm": 2.0, "ts": "2026-09-30T04:30:07Z"}
2026-09-30T04:30:15Z parking/lantai-1/slot/A1 {"slot_id": "A1", "status": "FREE", "distance_cm": 34.6, "ts": "2026-09-30T04:30:15Z"}
2026-09-30T04:30:15Z parking/lantai-1/slot/A2 {"slot_id": "A2", "status": "OCCUPIED", "distance_cm": 8.8, "ts": "2026-09-30T04:30:15Z"}
2026-09-30T04:30:21Z parking/lantai-1/slot/A3 {"slot_id": "A3", "status": "FREE", "distance_cm": 39.9, "ts": "2026-09-30T04:30:21Z"}
2026-09-30T04:30:23Z parking/lantai-1/slot/A1 {"slot_id": "A1", "status": "OCCUPIED", "distance_cm": 8.8, "ts": "2026-09-30T04:30:23Z"}
2026-09-30T04:30:25Z parking/lantai-1/slot/A2 {"slot_id": "A2", "status": "FREE", "distance_cm": 39.8, "ts": "2026-09-30T04:30:25Z"}
2026-09-30T04:30:31Z parking/lantai-1/slot/A1 {"slot_id": "A1", "status": "FREE", "distance_cm": 36.4, "ts": "2026-09-30T04:30:31Z"}
2026-09-30T04:30:35Z parking/lantai-1/slot/A3 {"slot_id": "A3", "status": "OCCUPIED", "distance_cm": 8.4, "ts": "2026-09-30T04:30:35Z"}
2026-09-30T04:30:36Z parking/lantai-1/slot/A2 {"slot_id": "A2", "status": "OCCUPIED", "distance_cm": 5.4, "ts": "2026-09-30T04:30:36Z"}
2026-09-30T04:30:40Z parking/lantai-1/slot/A1 {"slot_id": "A1", "status": "OCCUPIED", "distance_cm": 8.4, "ts": "2026-09-30T04:30:40Z"}
2026-09-30T04:30:47Z parking/lantai-1/slot/A1 {"slot_id": "A1", "status": "FREE", "distance_cm": 35.4, "ts": "2026-09-30T04:30:47Z"}
2026-09-30T04:30:48Z parking/lantai-1/slot/A2 {"slot_id": "A2", "status": "FREE", "distance_cm": 36.9, "ts": "2026-09-30T04:30:48Z"}
2026-09-30T04:30:49Z parking/lantai-1/slot/A3 {"slot_id": "A3", "status": "FREE", "distance_cm": 33.4, "ts": "2026-09-30T04:30:49Z"}
2026-09-30T04:30:55Z parking/lantai-1/slot/A1 {"slot_id": "A1", "status": "OCCUPIED", "distance_cm": 7.2, "ts": "2026-09-30T04:30:55Z"}
2026-09-30T04:31:00Z parking/lantai-1/slot/A2 {"slot_id": "A2", "status": "OCCUPIED", "distance_cm": 6.7, "ts": "2026-09-30T04:31:00Z"}
2026-09-30T04:31:03Z parking/lantai-1/slot/A3 {"slot_id": "A3", "status": "OCCUPIED", "distance_cm": 5.9, "ts": "2026-09-30T04:31:03Z"}
2026-09-30T04:31:03Z parking/lantai-1/slot/A1 {"slot_id": "A1", "status": "FREE", "distance_cm": 33.5, "ts": "2026-09-30T04:31:03Z"}
2026-09-30T04:31:10Z parking/lantai-1/slot/A2 {"slot_id": "A2", "status": "FREE", "distance_cm": 35.5, "ts": "2026-09-30T04:31:10Z"}
2026-09-30T04:31:11Z parking/lantai-1/slot/A1 {"slot_id": "A1", "status": "OCCUPIED", "distance_cm": 5.8, "ts": "2026-09-30T04:31:11Z"}
2026-09-30T04:31:17Z parking/lantai-1/slot/A3 {"slot_id": "A3", "status": "FREE", "distance_cm": 38.8, "ts": "2026-09-30T04:31:17Z"}
2026-09-30T04:31:19Z parking/lantai-1/slot/A1 {"slot_id": "A1", "status": "FREE", "distance_cm": 36.2, "ts": "2026-09-30T04:31:19Z"}
2026-09-30T04:31:21Z parking/lantai-1/slot/A2 {"slot_id": "A2", "status": "OCCUPIED", "distance_cm": 8.0, "ts": "2026-09-30T04:31:21Z"}
2026-09-30T04:31:27Z parking/lantai-1/slot/A1 {"slot_id": "A1", "status": "OCCUPIED", "distance_cm": 6.6, "ts": "2026-09-30T04:31:27Z"}
2026-09-30T04:31:31Z parking/lantai-1/slot/A3 {"slot_id": "A3", "status": "OCCUPIED", "distance_cm": 8.7, "ts": "2026-09-30T04:31:31Z"}
2026-09-30T04:31:32Z parking/lantai-1/slot/A2 {"slot_id": "A2", "status": "FREE", "distance_cm": 38.4, "ts": "2026-09-30T04:31:32Z"}
2026-09-30T04:31:35Z parking/lantai-1/slot/A1 {"slot_id": "A1", "status": "FREE", "distance_cm": 37.7, "ts": "2026-09-30T04:31:35Z"}
2026-09-30T04:31:43Z parking/lantai-1/slot/A2 {"slot_id": "A2", "status": "OCCUPIED", "distance_cm": 6.7, "ts": "2026-09-30T04:31:43Z"}
2026-09-30T04:31:43Z parking/lantai-1/slot/A1 {"slot_id": "A1", "status": "OCCUPIED", "distance_cm": 5.2, "ts": "2026-09-30T04:31:43Z"}
2026-09-30T04:31:45Z parking/lantai-1/slot/A3 {"slot_id": "A3", "status": "FREE", "distance_cm": 38.9, "ts": "2026-09-30T04:31:45Z"}
2026-09-30T04:31:51Z parking/lantai-1/slot/A1 {"slot_id": "A1", "status": "FREE", "distance_cm": 34.8, "ts": "2026-09-30T04:31:51Z"}
2026-09-30T04:31:56Z parking/lantai-1/slot/A2 {"slot_id": "A2", "status": "FREE", "distance_cm": 34.1, "ts": "2026-09-30T04:31:56Z"}
2026-09-30T04:31:59Z parking/lantai-1/slot/A3 {"slot_id": "A3", "status": "OCCUPIED", "distance_cm": 7.8, "ts": "2026-09-30T04:31:59Z"}
2026-09-30T04:32:00Z parking/lantai-1/slot/A1 {"slot_id": "A1", "status": "OCCUPIED", "distance_cm": 8.1, "ts": "2026-09-30T04:32:00Z"}
2026-09-30T04:32:05Z parking/lantai-1/slot/A2 {"slot_id": "A2", "status": "OCCUPIED", "distance_cm": 5.3, "ts": "2026-09-30T04:32:05Z"}
2026-09-30T04:32:07Z parking/lantai-1/slot/A1 {"slot_id": "A1", "status": "FREE", "distance_cm": 34.8, "ts": "2026-09-30T04:32:07Z"}
2026-09-30T04:32:13Z parking/lantai-1/slot/A3 {"slot_id": "A3", "status": "FREE", "distance_cm": 39.6, "ts": "2026-09-30T04:32:13Z"}
2026-09-30T04:32:15Z parking/lantai-1/slot/A1 {"slot_id": "A1", "status": "OCCUPIED", "distance_cm": 8.0, "ts": "2026-09-30T04:32:15Z"}
2026-09-30T04:32:16Z parking/lantai-1/slot/A2 {"slot_id": "A2", "status": "FREE", "distance_cm": 39.7, "ts": "2026-09-30T04:32:16Z"}
2026-09-30T04:32:23Z parking/lantai-1/slot/A1 {"slot_id": "A1", "status": "FREE", "distance_cm": 39.4, "ts": "2026-09-30T04:32:23Z"}
2026-09-30T04:32:27Z parking/lantai-1/slot/A3 {"slot_id": "A3", "status": "OCCUPIED", "distance_cm": 7.3, "ts": "2026-09-30T04:32:27Z"}
2026-09-30T04:32:27Z parking/lantai-1/slot/A2 {"slot_id": "A2", "status": "OCCUPIED", "distance_cm": 7.8, "ts": "2026-09-30T04:32:27Z"}
2026-09-30T04:32:31Z parking/lantai-1/slot/A1 {"slot_id": "A1", "status": "OCCUPIED", "distance_cm": 8.2, "ts": "2026-09-30T04:32:31Z"}
2026-09-30T04:32:37Z parking/lantai-1/slot/A2 {"slot_id": "A2", "status": "FREE", "distance_cm": 35.7, "ts": "2026-09-30T04:32:38Z"}
2026-09-30T04:32:38Z parking/lantai-1/slot/A1 {"slot_id": "A1", "status": "FREE", "distance_cm": 38.9, "ts": "2026-09-30T04:32:39Z"}
2026-09-30T04:32:43Z parking/lantai-1/slot/A3 {"slot_id": "A3", "status": "FREE", "distance_cm": 36.6, "ts": "2026-09-30T04:32:43Z"}
2026-09-30T04:32:47Z parking/lantai-1/slot/A1 {"slot_id": "A1", "status": "OCCUPIED", "distance_cm": 2.0, "ts": "2026-09-30T04:32:47Z"}
2026-09-30T04:32:49Z parking/lantai-1/slot/A2 {"slot_id": "A2", "status": "OCCUPIED", "distance_cm": 5.4, "ts": "2026-09-30T04:32:49Z"}
2026-09-30T04:32:55Z parking/lantai-1/slot/A3 {"slot_id": "A3", "status": "OCCUPIED", "distance_cm": 8.1, "ts": "2026-09-30T04:32:55Z"}
2026-09-30T04:32:55Z parking/lantai-1/slot/A1 {"slot_id": "A1", "status": "FREE", "distance_cm": 35.4, "ts": "2026-09-30T04:32:55Z"}
2026-09-30T04:33:00Z parking/lantai-1/slot/A2 {"slot_id": "A2", "status": "FREE", "distance_cm": 33.7, "ts": "2026-09-30T04:33:00Z"}
2026-09-30T04:33:03Z parking/lantai-1/slot/A1 {"slot_id": "A1", "status": "OCCUPIED", "distance_cm": 8.7, "ts": "2026-09-30T04:33:03Z"}
2026-09-30T04:33:09Z parking/lantai-1/slot/A3 {"slot_id": "A3", "status": "FREE", "distance_cm": 39.4, "ts": "2026-09-30T04:33:09Z"}
2026-09-30T04:33:11Z parking/lantai-1/slot/A1 {"slot_id": "A1", "status": "FREE", "distance_cm": 33.1, "ts": "2026-09-30T04:33:11Z"}
2026-09-30T04:33:12Z parking/lantai-1/slot/A2 {"slot_id": "A2", "status": "OCCUPIED", "distance_cm": 8.5, "ts": "2026-09-30T04:33:12Z"}
2026-09-30T04:33:18Z parking/lantai-1/slot/A1 {"slot_id": "A1", "status": "OCCUPIED", "distance_cm": 8.0, "ts": "2026-09-30T04:33:18Z"}
2026-09-30T04:33:22Z parking/lantai-1/slot/A2 {"slot_id": "A2", "status": "FREE", "distance_cm": 38.8, "ts": "2026-09-30T04:33:22Z"}
2026-09-30T04:33:23Z parking/lantai-1/slot/A3 {"slot_id": "A3", "status": "OCCUPIED", "distance_cm": 8.7, "ts": "2026-09-30T04:33:23Z"}
2026-09-30T04:33:26Z parking/lantai-1/slot/A1 {"slot_id": "A1", "status": "FREE", "distance_cm": 37.3, "ts": "2026-09-30T04:33:26Z"}
2026-09-30T04:33:33Z parking/lantai-1/slot/A2 {"slot_id": "A2", "status": "OCCUPIED", "distance_cm": 7.5, "ts": "2026-09-30T04:33:33Z"}
2026-09-30T04:33:34Z parking/lantai-1/slot/A1 {"slot_id": "A1", "status": "OCCUPIED", "distance_cm": 7.8, "ts": "2026-09-30T04:33:34Z"}
2026-09-30T04:33:37Z parking/lantai-1/slot/A3 {"slot_id": "A3", "status": "FREE", "distance_cm": 36.2, "ts": "2026-09-30T04:33:37Z"}
2026-09-30T04:33:46Z parking/lantai-1/slot/A1 {"slot_id": "A1", "status": "FREE", "distance_cm": 33.7, "ts": "2026-09-30T04:33:46Z"}
2026-09-30T04:33:47Z parking/lantai-1/slot/A2 {"slot_id": "A2", "status": "FREE", "distance_cm": 34.8, "ts": "2026-09-30T04:33:47Z"}
2026-09-30T04:33:51Z parking/lantai-1/slot/A3 {"slot_id": "A3", "status": "OCCUPIED", "distance_cm": 8.6, "ts": "2026-09-30T04:33:51Z"}
2026-09-30T04:33:54Z parking/lantai-1/slot/A1 {"slot_id": "A1", "status": "OCCUPIED", "distance_cm": 6.9, "ts": "2026-09-30T04:33:54Z"}
2026-09-30T04:33:55Z parking/lantai-1/slot/A2 {"slot_id": "A2", "status": "OCCUPIED", "distance_cm": 6.5, "ts": "2026-09-30T04:33:55Z"}
2026-09-30T04:33:59Z parking/lantai-1/slot/A1 {"slot_id": "A1", "status": "FREE", "distance_cm": 36.3, "ts": "2026-09-30T04:33:59Z"}
2026-09-30T04:34:05Z parking/lantai-1/slot/A3 {"slot_id": "A3", "status": "FREE", "distance_cm": 39.6, "ts": "2026-09-30T04:34:05Z"}
2026-09-30T04:34:06Z parking/lantai-1/slot/A2 {"slot_id": "A2", "status": "FREE", "distance_cm": 34.8, "ts": "2026-09-30T04:34:06Z"}
2026-09-30T04:34:07Z parking/lantai-1/slot/A1 {"slot_id": "A1", "status": "OCCUPIED", "distance_cm": 5.5, "ts": "2026-09-30T04:34:07Z"}
2026-09-30T04:34:15Z parking/lantai-1/slot/A1 {"slot_id": "A1", "status": "FREE", "distance_cm": 34.1, "ts": "2026-09-30T04:34:15Z"}
2026-09-30T04:34:17Z parking/lantai-1/slot/A2 {"slot_id": "A2", "status": "OCCUPIED", "distance_cm": 5.7, "ts": "2026-09-30T04:34:17Z"}
2026-09-30T04:34:19Z parking/lantai-1/slot/A3 {"slot_id": "A3", "status": "OCCUPIED", "distance_cm": 7.5, "ts": "2026-09-30T04:34:19Z"}
2026-09-30T04:34:23Z parking/lantai-1/slot/A1 {"slot_id": "A1", "status": "OCCUPIED", "distance_cm": 5.3, "ts": "2026-09-30T04:34:23Z"}
2026-09-30T04:34:31Z parking/lantai-1/slot/A1 {"slot_id": "A1", "status": "FREE", "distance_cm": 36.6, "ts": "2026-09-30T04:34:31Z"}
2026-09-30T04:34:32Z parking/lantai-1/slot/A2 {"slot_id": "A2", "status": "FREE", "distance_cm": 37.7, "ts": "2026-09-30T04:34:32Z"}
2026-09-30T04:34:35Z parking/lantai-1/slot/A3 {"slot_id": "A3", "status": "FREE", "distance_cm": 39.2, "ts": "2026-09-30T04:34:35Z"}
2026-09-30T04:34:39Z parking/lantai-1/slot/A1 {"slot_id": "A1", "status": "OCCUPIED", "distance_cm": 5.5, "ts": "2026-09-30T04:34:39Z"}
2026-09-30T04:34:39Z parking/lantai-1/slot/A2 {"slot_id": "A2", "status": "OCCUPIED", "distance_cm": 8.0, "ts": "2026-09-30T04:34:39Z"}
2026-09-30T04:34:47Z parking/lantai-1/slot/A3 {"slot_id": "A3", "status": "OCCUPIED", "distance_cm": 5.1, "ts": "2026-09-30T04:34:47Z"}
2026-09-30T04:34:47Z parking/lantai-1/slot/A1 {"slot_id": "A1", "status": "FREE", "distance_cm": 33.2, "ts": "2026-09-30T04:34:47Z"}
2026-09-30T04:34:51Z parking/lantai-1/slot/A2 {"slot_id": "A2", "status": "FREE", "distance_cm": 38.3, "ts": "2026-09-30T04:34:51Z"}
2026-09-30T04:34:55Z parking/lantai-1/slot/A1 {"slot_id": "A1", "status": "OCCUPIED", "distance_cm": 6.2, "ts": "2026-09-30T04:34:55Z"}
2026-09-30T04:35:01Z parking/lantai-1/slot/A2 {"slot_id": "A2", "status": "OCCUPIED", "distance_cm": 5.1, "ts": "2026-09-30T04:35:01Z"}
2026-09-30T04:35:03Z parking/lantai-1/slot/A3 {"slot_id": "A3", "status": "FREE", "distance_cm": 33.2, "ts": "2026-09-30T04:35:03Z"}
2026-09-30T04:35:03Z parking/lantai-1/slot/A1 {"slot_id": "A1", "status": "FREE", "distance_cm": 38.4, "ts": "2026-09-30T04:35:03Z"}
2026-09-30T04:35:11Z parking/lantai-1/slot/A1 {"slot_id": "A1", "status": "OCCUPIED", "distance_cm": 6.8, "ts": "2026-09-30T04:35:11Z"}
2026-09-30T04:35:13Z parking/lantai-1/slot/A2 {"slot_id": "A2", "status": "FREE", "distance_cm": 39.2, "ts": "2026-09-30T04:35:13Z"}
2026-09-30T04:35:15Z parking/lantai-1/slot/A3 {"slot_id": "A3", "status": "OCCUPIED", "distance_cm": 5.7, "ts": "2026-09-30T04:35:15Z"}
2026-09-30T04:35:19Z parking/lantai-1/slot/A1 {"slot_id": "A1", "status": "FREE", "distance_cm": 38.1, "ts": "2026-09-30T04:35:19Z"}
2026-09-30T04:35:23Z parking/lantai-1/slot/A2 {"slot_id": "A2", "status": "OCCUPIED", "distance_cm": 6.7, "ts": "2026-09-30T04:35:23Z"}
2026-09-30T04:35:27Z parking/lantai-1/slot/A1 {"slot_id": "A1", "status": "OCCUPIED", "distance_cm": 6.6, "ts": "2026-09-30T04:35:27Z"}
2026-09-30T04:35:29Z parking/lantai-1/slot/A3 {"slot_id": "A3", "status": "FREE", "distance_cm": 38.5, "ts": "2026-09-30T04:35:29Z"}
2026-09-30T04:35:34Z parking/lantai-1/slot/A2 {"slot_id": "A2", "status": "FREE", "distance_cm": 38.7, "ts": "2026-09-30T04:35:34Z"}
2026-09-30T04:35:36Z parking/lantai-1/slot/A1 {"slot_id": "A1", "status": "FREE", "distance_cm": 36.0, "ts": "2026-09-30T04:35:36Z"}
2026-09-30T04:35:43Z parking/lantai-1/slot/A3 {"slot_id": "A3", "status": "OCCUPIED", "distance_cm": 5.9, "ts": "2026-09-30T04:35:43Z"}
2026-09-30T04:35:45Z parking/lantai-1/slot/A2 {"slot_id": "A2", "status": "OCCUPIED", "distance_cm": 6.4, "ts": "2026-09-30T04:35:45Z"}
2026-09-30T04:35:48Z parking/lantai-1/slot/A1 {"slot_id": "A1", "status": "OCCUPIED", "distance_cm": 6.0, "ts": "2026-09-30T04:35:48Z"}
2026-09-30T04:35:50Z parking/lantai-1/slot/A1 {"slot_id": "A1", "status": "FREE", "distance_cm": 33.7, "ts": "2026-09-30T04:35:50Z"}
2026-09-30T04:35:56Z parking/lantai-1/slot/A2 {"slot_id": "A2", "status": "FREE", "distance_cm": 37.5, "ts": "2026-09-30T04:35:56Z"}
2026-09-30T04:35:56Z parking/lantai-1/slot/A3 {"slot_id": "A3", "status": "FREE", "distance_cm": 36.8, "ts": "2026-09-30T04:35:56Z"}
2026-09-30T04:35:58Z parking/lantai-1/slot/A1 {"slot_id": "A1", "status": "OCCUPIED", "distance_cm": 7.7, "ts": "2026-09-30T04:35:58Z"}
2026-09-30T04:36:06Z parking/lantai-1/slot/A2 {"slot_id": "A2", "status": "OCCUPIED", "distance_cm": 2.0, "ts": "2026-09-30T04:36:06Z"}
2026-09-30T04:36:06Z parking/lantai-1/slot/A1 {"slot_id": "A1", "status": "FREE", "distance_cm": 37.6, "ts": "2026-09-30T04:36:06Z"}
2026-09-30T04:36:10Z parking/lantai-1/slot/A3 {"slot_id": "A3", "status": "OCCUPIED", "distance_cm": 8.0, "ts": "2026-09-30T04:36:10Z"}
2026-09-30T04:36:14Z parking/lantai-1/slot/A1 {"slot_id": "A1", "status": "OCCUPIED", "distance_cm": 6.6, "ts": "2026-09-30T04:36:14Z"}
2026-09-30T04:36:17Z parking/lantai-1/slot/A2 {"slot_id": "A2", "status": "FREE", "distance_cm": 33.1, "ts": "2026-09-30T04:36:17Z"}
2026-09-30T04:36:24Z parking/lantai-1/slot/A1 {"slot_id": "A1", "status": "FREE", "distance_cm": 33.0, "ts": "2026-09-30T04:36:24Z"}
2026-09-30T04:36:26Z parking/lantai-1/slot/A3 {"slot_id": "A3", "status": "FREE", "distance_cm": 34.6, "ts": "2026-09-30T04:36:26Z"}
2026-09-30T04:36:29Z parking/lantai-1/slot/A2 {"slot_id": "A2", "status": "OCCUPIED", "distance_cm": 6.4, "ts": "2026-09-30T04:36:29Z"}
2026-09-30T04:36:31Z parking/lantai-1/slot/A1 {"slot_id": "A1", "status": "OCCUPIED", "distance_cm": 5.2, "ts": "2026-09-30T04:36:31Z"}
2026-09-30T04:36:38Z parking/lantai-1/slot/A1 {"slot_id": "A1", "status": "FREE", "distance_cm": 33.2, "ts": "2026-09-30T04:36:38Z"}
2026-09-30T04:36:39Z parking/lantai-1/slot/A3 {"slot_id": "A3", "status": "OCCUPIED", "distance_cm": 6.5, "ts": "2026-09-30T04:36:39Z"}
2026-09-30T04:36:40Z parking/lantai-1/slot/A2 {"slot_id": "A2", "status": "FREE", "distance_cm": 39.7, "ts": "2026-09-30T04:36:40Z"}
2026-09-30T04:36:46Z parking/lantai-1/slot/A1 {"slot_id": "A1", "status": "OCCUPIED", "distance_cm": 7.1, "ts": "2026-09-30T04:36:46Z"}
2026-09-30T04:36:51Z parking/lantai-1/slot/A2 {"slot_id": "A2", "status": "OCCUPIED", "distance_cm": 8.4, "ts": "2026-09-30T04:36:51Z"}
2026-09-30T04:36:53Z parking/lantai-1/slot/A3 {"slot_id": "A3", "status": "FREE", "distance_cm": 38.3, "ts": "2026-09-30T04:36:53Z"}
2026-09-30T04:36:54Z parking/lantai-1/slot/A1 {"slot_id": "A1", "status": "FREE", "distance_cm": 34.9, "ts": "2026-09-30T04:36:54Z"}
2026-09-30T04:37:02Z parking/lantai-1/slot/A1 {"slot_id": "A1", "status": "OCCUPIED", "distance_cm": 5.8, "ts": "2026-09-30T04:37:02Z"}
2026-09-30T04:37:03Z parking/lantai-1/slot/A2 {"slot_id": "A2", "status": "FREE", "distance_cm": 37.9, "ts": "2026-09-30T04:37:03Z"}
2026-09-30T04:37:06Z parking/lantai-1/slot/A3 {"slot_id": "A3", "status": "OCCUPIED", "distance_cm": 5.4, "ts": "2026-09-30T04:37:06Z"}
2026-09-30T04:37:11Z parking/lantai-1/slot/A1 {"slot_id": "A1", "status": "FREE", "distance_cm": 38.6, "ts": "2026-09-30T04:37:11Z"}
2026-09-30T04:37:13Z parking/lantai-1/slot/A2 {"slot_id": "A2", "status": "OCCUPIED", "distance_cm": 8.0, "ts": "2026-09-30T04:37:13Z"}
2026-09-30T04:37:19Z parking/lantai-1/slot/A1 {"slot_id": "A1", "status": "OCCUPIED", "distance_cm": 6.0, "ts": "2026-09-30T04:37:19Z"}
2026-09-30T04:37:20Z parking/lantai-1/slot/A3 {"slot_id": "A3", "status": "FREE", "distance_cm": 37.8, "ts": "2026-09-30T04:37:20Z"}
2026-09-30T04:37:25Z parking/lantai-1/slot/A2 {"slot_id": "A2", "status": "FREE", "distance_cm": 37.8, "ts": "2026-09-30T04:37:25Z"}
2026-09-30T04:37:26Z parking/lantai-1/slot/A1 {"slot_id": "A1", "status": "FREE", "distance_cm": 34.5, "ts": "2026-09-30T04:37:26Z"}
2026-09-30T04:37:34Z parking/lantai-1/slot/A3 {"slot_id": "A3", "status": "OCCUPIED", "distance_cm": 8.4, "ts": "2026-09-30T04:37:34Z"}
2026-09-30T04:37:34Z parking/lantai-1/slot/A1 {"slot_id": "A1", "status": "OCCUPIED", "distance_cm": 6.4, "ts": "2026-09-30T04:37:34Z"}
2026-09-30T04:37:35Z parking/lantai-1/slot/A2 {"slot_id": "A2", "status": "OCCUPIED", "distance_cm": 8.9, "ts": "2026-09-30T04:37:35Z"}
2026-09-30T04:37:42Z parking/lantai-1/slot/A1 {"slot_id": "A1", "status": "FREE", "distance_cm": 37.3, "ts": "2026-09-30T04:37:42Z"}
2026-09-30T04:37:45Z parking/lantai-1/slot/A2 {"slot_id": "A2", "status": "FREE", "distance_cm": 36.3, "ts": "2026-09-30T04:37:45Z"}
2026-09-30T04:37:48Z parking/lantai-1/slot/A3 {"slot_id": "A3", "status": "FREE", "distance_cm": 36.3, "ts": "2026-09-30T04:37:48Z"}
2026-09-30T04:37:52Z parking/lantai-1/slot/A1 {"slot_id": "A1", "status": "OCCUPIED", "distance_cm": 8.5, "ts": "2026-09-30T04:37:52Z"}
2026-09-30T04:37:56Z parking/lantai-1/slot/A2 {"slot_id": "A2", "status": "OCCUPIED", "distance_cm": 8.9, "ts": "2026-09-30T04:37:56Z"}
2026-09-30T04:37:59Z parking/lantai-1/slot/A1 {"slot_id": "A1", "status": "FREE", "distance_cm": 36.5, "ts": "2026-09-30T04:37:59Z"}
2026-09-30T04:38:02Z parking/lantai-1/slot/A3 {"slot_id": "A3", "status": "OCCUPIED", "distance_cm": 8.3, "ts": "2026-09-30T04:38:02Z"}
2026-09-30T04:38:07Z parking/lantai-1/slot/A1 {"slot_id": "A1", "status": "OCCUPIED", "distance_cm": 7.2, "ts": "2026-09-30T04:38:07Z"}
2026-09-30T04:38:07Z parking/lantai-1/slot/A2 {"slot_id": "A2", "status": "FREE", "distance_cm": 35.7, "ts": "2026-09-30T04:38:07Z"}
2026-09-30T04:38:14Z parking/lantai-1/slot/A1 {"slot_id": "A1", "status": "FREE", "distance_cm": 37.9, "ts": "2026-09-30T04:38:14Z"}
2026-09-30T04:38:16Z parking/lantai-1/slot/A3 {"slot_id": "A3", "status": "FREE", "distance_cm": 36.9, "ts": "2026-09-30T04:38:16Z"}
2026-09-30T04:38:18Z parking/lantai-1/slot/A2 {"slot_id": "A2", "status": "OCCUPIED", "distance_cm": 7.3, "ts": "2026-09-30T04:38:18Z"}
2026-09-30T04:38:22Z parking/lantai-1/slot/A1 {"slot_id": "A1", "status": "OCCUPIED", "distance_cm": 5.8, "ts": "2026-09-30T04:38:22Z"}
2026-09-30T04:38:29Z parking/lantai-1/slot/A2 {"slot_id": "A2", "status": "FREE", "distance_cm": 37.5, "ts": "2026-09-30T04:38:29Z"}
2026-09-30T04:38:30Z parking/lantai-1/slot/A1 {"slot_id": "A1", "status": "FREE", "distance_cm": 33.9, "ts": "2026-09-30T04:38:30Z"}
2026-09-30T04:38:31Z parking/lantai-1/slot/A3 {"slot_id": "A3", "status": "OCCUPIED", "distance_cm": 8.8, "ts": "2026-09-30T04:38:31Z"}
2026-09-30T04:38:38Z parking/lantai-1/slot/A1 {"slot_id": "A1", "status": "OCCUPIED", "distance_cm": 7.7, "ts": "2026-09-30T04:38:38Z"}
2026-09-30T04:38:40Z parking/lantai-1/slot/A2 {"slot_id": "A2", "status": "OCCUPIED", "distance_cm": 7.6, "ts": "2026-09-30T04:38:40Z"}
2026-09-30T04:38:44Z parking/lantai-1/slot/A3 {"slot_id": "A3", "status": "FREE", "distance_cm": 36.1, "ts": "2026-09-30T04:38:44Z"}
2026-09-30T04:38:47Z parking/lantai-1/slot/A1 {"slot_id": "A1", "status": "FREE", "distance_cm": 35.0, "ts": "2026-09-30T04:38:47Z"}
2026-09-30T04:38:51Z parking/lantai-1/slot/A2 {"slot_id": "A2", "status": "FREE", "distance_cm": 33.9, "ts": "2026-09-30T04:38:51Z"}
2026-09-30T04:38:55Z parking/lantai-1/slot/A1 {"slot_id": "A1", "status": "OCCUPIED", "distance_cm": 8.2, "ts": "2026-09-30T04:38:55Z"}
2026-09-30T04:38:58Z parking/lantai-1/slot/A3 {"slot_id": "A3", "status": "OCCUPIED", "distance_cm": 7.9, "ts": "2026-09-30T04:38:58Z"}
2026-09-30T04:39:02Z parking/lantai-1/slot/A2 {"slot_id": "A2", "status": "OCCUPIED", "distance_cm": 8.1, "ts": "2026-09-30T04:39:02Z"}
2026-09-30T04:39:03Z parking/lantai-1/slot/A1 {"slot_id": "A1", "status": "FREE", "distance_cm": 39.3, "ts": "2026-09-30T04:39:03Z"}
2026-09-30T04:39:11Z parking/lantai-1/slot/A1 {"slot_id": "A1", "status": "OCCUPIED", "distance_cm": 7.0, "ts": "2026-09-30T04:39:11Z"}
2026-09-30T04:39:12Z parking/lantai-1/slot/A3 {"slot_id": "A3", "status": "FREE", "distance_cm": 33.2, "ts": "2026-09-30T04:39:12Z"}
2026-09-30T04:39:13Z parking/lantai-1/slot/A2 {"slot_id": "A2", "status": "FREE", "distance_cm": 35.3, "ts": "2026-09-30T04:39:13Z"}
2026-09-30T04:39:19Z parking/lantai-1/slot/A1 {"slot_id": "A1", "status": "FREE", "distance_cm": 39.8, "ts": "2026-09-30T04:39:19Z"}
2026-09-30T04:39:24Z parking/lantai-1/slot/A2 {"slot_id": "A2", "status": "OCCUPIED", "distance_cm": 7.1, "ts": "2026-09-30T04:39:24Z"}
2026-09-30T04:39:26Z parking/lantai-1/slot/A3 {"slot_id": "A3", "status": "OCCUPIED", "distance_cm": 7.5, "ts": "2026-09-30T04:39:26Z"}
2026-09-30T04:39:31Z parking/lantai-1/slot/A1 {"slot_id": "A1", "status": "OCCUPIED", "distance_cm": 6.6, "ts": "2026-09-30T04:39:31Z"}
2026-09-30T04:39:35Z parking/lantai-1/slot/A1 {"slot_id": "A1", "status": "FREE", "distance_cm": 34.2, "ts": "2026-09-30T04:39:35Z"}
2026-09-30T04:39:35Z parking/lantai-1/slot/A2 {"slot_id": "A2", "status": "FREE", "distance_cm": 34.9, "ts": "2026-09-30T04:39:35Z"}
2026-09-30T04:39:41Z parking/lantai-1/slot/A3 {"slot_id": "A3", "status": "FREE", "distance_cm": 39.7, "ts": "2026-09-30T04:39:41Z"}
2026-09-30T04:39:43Z parking/lantai-1/slot/A1 {"slot_id": "A1", "status": "OCCUPIED", "distance_cm": 8.6, "ts": "2026-09-30T04:39:43Z"}
2026-09-30T04:39:46Z parking/lantai-1/slot/A2 {"slot_id": "A2", "status": "OCCUPIED", "distance_cm": 7.5, "ts": "2026-09-30T04:39:46Z"}
2026-09-30T04:39:51Z parking/lantai-1/slot/A1 {"slot_id": "A1", "status": "FREE", "distance_cm": 35.0, "ts": "2026-09-30T04:39:51Z"}
2026-09-30T04:39:55Z parking/lantai-1/slot/A3 {"slot_id": "A3", "status": "OCCUPIED", "distance_cm": 8.3, "ts": "2026-09-30T04:39:55Z"}
2026-09-30T04:39:57Z parking/lantai-1/slot/A2 {"slot_id": "A2", "status": "FREE", "distance_cm": 33.6, "ts": "2026-09-30T04:39:57Z"}
2026-09-30T04:39:59Z parking/lantai-1/slot/A1 {"slot_id": "A1", "status": "OCCUPIED", "distance_cm": 7.4, "ts": "2026-09-30T04:39:59Z"}
2026-09-30T04:40:08Z parking/lantai-1/slot/A2 {"slot_id": "A2", "status": "OCCUPIED", "distance_cm": 9.0, "ts": "2026-09-30T04:40:08Z"}
2026-09-30T04:40:09Z parking/lantai-1/slot/A3 {"slot_id": "A3", "status": "FREE", "distance_cm": 34.5, "ts": "2026-09-30T04:40:09Z"}
2026-09-30T04:40:09Z parking/lantai-1/slot/A1 {"slot_id": "A1", "status": "FREE", "distance_cm": 38.9, "ts": "2026-09-30T04:40:09Z"}
2026-09-30T04:40:15Z parking/lantai-1/slot/A1 {"slot_id": "A1", "status": "OCCUPIED", "distance_cm": 5.3, "ts": "2026-09-30T04:40:15Z"}
2026-09-30T04:40:19Z parking/lantai-1/slot/A2 {"slot_id": "A2", "status": "FREE", "distance_cm": 33.6, "ts": "2026-09-30T04:40:19Z"}
2026-09-30T04:40:23Z parking/lantai-1/slot/A3 {"slot_id": "A3", "status": "OCCUPIED", "distance_cm": 6.0, "ts": "2026-09-30T04:40:23Z"}
2026-09-30T04:40:23Z parking/lantai-1/slot/A1 {"slot_id": "A1", "status": "FREE", "distance_cm": 35.5, "ts": "2026-09-30T04:40:23Z"}
2026-09-30T04:40:30Z parking/lantai-1/slot/A2 {"slot_id": "A2", "status": "OCCUPIED", "distance_cm": 8.6, "ts": "2026-09-30T04:40:30Z"}
2026-09-30T04:40:31Z parking/lantai-1/slot/A1 {"slot_id": "A1", "status": "OCCUPIED", "distance_cm": 6.2, "ts": "2026-09-30T04:40:31Z"}
2026-09-30T04:40:39Z parking/lantai-1/slot/A3 {"slot_id": "A3", "status": "FREE", "distance_cm": 33.9, "ts": "2026-09-30T04:40:39Z"}
2026-09-30T04:40:39Z parking/lantai-1/slot/A1 {"slot_id": "A1", "status": "FREE", "distance_cm": 37.4, "ts": "2026-09-30T04:40:39Z"}
2026-09-30T04:40:41Z parking/lantai-1/slot/A2 {"slot_id": "A2", "status": "FREE", "distance_cm": 35.9, "ts": "2026-09-30T04:40:41Z"}
2026-09-30T04:40:48Z parking/lantai-1/slot/A1 {"slot_id": "A1", "status": "OCCUPIED", "distance_cm": 5.3, "ts": "2026-09-30T04:40:48Z"}
2026-09-30T04:40:51Z parking/lantai-1/slot/A3 {"slot_id": "A3", "status": "OCCUPIED", "distance_cm": 7.1, "ts": "2026-09-30T04:40:51Z"}
2026-09-30T04:40:52Z parking/lantai-1/slot/A2 {"slot_id": "A2", "status": "OCCUPIED", "distance_cm": 8.8, "ts": "2026-09-30T04:40:52Z"}
2026-09-30T04:40:55Z parking/lantai-1/slot/A1 {"slot_id": "A1", "status": "FREE", "distance_cm": 36.7, "ts": "2026-09-30T04:40:55Z"}
2026-09-30T04:41:03Z parking/lantai-1/slot/A1 {"slot_id": "A1", "status": "OCCUPIED", "distance_cm": 7.3, "ts": "2026-09-30T04:41:03Z"}
2026-09-30T04:41:03Z parking/lantai-1/slot/A2 {"slot_id": "A2", "status": "FREE", "distance_cm": 36.2, "ts": "2026-09-30T04:41:03Z"}
2026-09-30T04:41:06Z parking/lantai-1/slot/A3 {"slot_id": "A3", "status": "FREE", "distance_cm": 34.8, "ts": "2026-09-30T04:41:06Z"}
2026-09-30T04:41:11Z parking/lantai-1/slot/A1 {"slot_id": "A1", "status": "FREE", "distance_cm": 37.9, "ts": "2026-09-30T04:41:11Z"}
2026-09-30T04:41:14Z parking/lantai-1/slot/A2 {"slot_id": "A2", "status": "OCCUPIED", "distance_cm": 2.0, "ts": "2026-09-30T04:41:14Z"}
2026-09-30T04:41:19Z parking/lantai-1/slot/A1 {"slot_id": "A1", "status": "OCCUPIED", "distance_cm": 6.2, "ts": "2026-09-30T04:41:19Z"}
2026-09-30T04:41:19Z parking/lantai-1/slot/A3 {"slot_id": "A3", "status": "OCCUPIED", "distance_cm": 6.8, "ts": "2026-09-30T04:41:19Z"}
2026-09-30T04:41:27Z parking/lantai-1/slot/A1 {"slot_id": "A1", "status": "FREE", "distance_cm": 36.1, "ts": "2026-09-30T04:41:27Z"}
2026-09-30T04:41:27Z parking/lantai-1/slot/A2 {"slot_id": "A2", "status": "FREE", "distance_cm": 36.1, "ts": "2026-09-30T04:41:27Z"}
2026-09-30T04:41:32Z parking/lantai-1/slot/A3 {"slot_id": "A3", "status": "FREE", "distance_cm": 36.1, "ts": "2026-09-30T04:41:32Z"}
2026-09-30T04:41:34Z parking/lantai-1/slot/A1 {"slot_id": "A1", "status": "OCCUPIED", "distance_cm": 6.7, "ts": "2026-09-30T04:41:34Z"}
2026-09-30T04:41:37Z parking/lantai-1/slot/A2 {"slot_id": "A2", "status": "OCCUPIED", "distance_cm": 8.6, "ts": "2026-09-30T04:41:37Z"}
2026-09-30T04:41:42Z parking/lantai-1/slot/A1 {"slot_id": "A1", "status": "FREE", "distance_cm": 35.1, "ts": "2026-09-30T04:41:42Z"}
2026-09-30T04:41:47Z parking/lantai-1/slot/A3 {"slot_id": "A3", "status": "OCCUPIED", "distance_cm": 5.8, "ts": "2026-09-30T04:41:47Z"}
2026-09-30T04:41:48Z parking/lantai-1/slot/A2 {"slot_id": "A2", "status": "FREE", "distance_cm": 38.0, "ts": "2026-09-30T04:41:48Z"}
2026-09-30T04:41:51Z parking/lantai-1/slot/A1 {"slot_id": "A1", "status": "OCCUPIED", "distance_cm": 5.5, "ts": "2026-09-30T04:41:51Z"}
2026-09-30T04:41:59Z parking/lantai-1/slot/A2 {"slot_id": "A2", "status": "OCCUPIED", "distance_cm": 6.5, "ts": "2026-09-30T04:41:59Z"}
2026-09-30T04:41:59Z parking/lantai-1/slot/A1 {"slot_id": "A1", "status": "FREE", "distance_cm": 37.7, "ts": "2026-09-30T04:41:59Z"}
2026-09-30T04:42:02Z parking/lantai-1/slot/A3 {"slot_id": "A3", "status": "FREE", "distance_cm": 33.1, "ts": "2026-09-30T04:42:02Z"}
2026-09-30T04:42:07Z parking/lantai-1/slot/A1 {"slot_id": "A1", "status": "OCCUPIED", "distance_cm": 5.5, "ts": "2026-09-30T04:42:07Z"}
2026-09-30T04:42:10Z parking/lantai-1/slot/A2 {"slot_id": "A2", "status": "FREE", "distance_cm": 37.1, "ts": "2026-09-30T04:42:10Z"}
2026-09-30T04:42:15Z parking/lantai-1/slot/A3 {"slot_id": "A3", "status": "OCCUPIED", "distance_cm": 6.9, "ts": "2026-09-30T04:42:15Z"}
2026-09-30T04:42:15Z parking/lantai-1/slot/A1 {"slot_id": "A1", "status": "FREE", "distance_cm": 38.8, "ts": "2026-09-30T04:42:15Z"}
2026-09-30T04:42:21Z parking/lantai-1/slot/A2 {"slot_id": "A2", "status": "OCCUPIED", "distance_cm": 6.8, "ts": "2026-09-30T04:42:21Z"}
2026-09-30T04:42:27Z parking/lantai-1/slot/A1 {"slot_id": "A1", "status": "OCCUPIED", "distance_cm": 6.0, "ts": "2026-09-30T04:42:27Z"}
2026-09-30T04:42:29Z parking/lantai-1/slot/A3 {"slot_id": "A3", "status": "FREE", "distance_cm": 38.4, "ts": "2026-09-30T04:42:29Z"}
2026-09-30T04:42:31Z parking/lantai-1/slot/A1 {"slot_id": "A1", "status": "FREE", "distance_cm": 39.6, "ts": "2026-09-30T04:42:31Z"}
2026-09-30T04:42:32Z parking/lantai-1/slot/A2 {"slot_id": "A2", "status": "FREE", "distance_cm": 37.0, "ts": "2026-09-30T04:42:32Z"}
2026-09-30T04:42:40Z parking/lantai-1/slot/A1 {"slot_id": "A1", "status": "OCCUPIED", "distance_cm": 8.5, "ts": "2026-09-30T04:42:40Z"}
2026-09-30T04:42:43Z parking/lantai-1/slot/A3 {"slot_id": "A3", "status": "OCCUPIED", "distance_cm": 6.4, "ts": "2026-09-30T04:42:43Z"}
2026-09-30T04:42:43Z parking/lantai-1/slot/A2 {"slot_id": "A2", "status": "OCCUPIED", "distance_cm": 6.6, "ts": "2026-09-30T04:42:43Z"}
2026-09-30T04:42:47Z parking/lantai-1/slot/A1 {"slot_id": "A1", "status": "FREE", "distance_cm": 38.0, "ts": "2026-09-30T04:42:47Z"}
2026-09-30T04:42:54Z parking/lantai-1/slot/A2 {"slot_id": "A2", "status": "FREE", "distance_cm": 33.2, "ts": "2026-09-30T04:42:54Z"}
2026-09-30T04:42:54Z parking/lantai-1/slot/A1 {"slot_id": "A1", "status": "OCCUPIED", "distance_cm": 8.9, "ts": "2026-09-30T04:42:54Z"}
2026-09-30T04:42:57Z parking/lantai-1/slot/A3 {"slot_id": "A3", "status": "FREE", "distance_cm": 35.5, "ts": "2026-09-30T04:42:57Z"}
2026-09-30T04:43:02Z parking/lantai-1/slot/A1 {"slot_id": "A1", "status": "FREE", "distance_cm": 38.8, "ts": "2026-09-30T04:43:02Z"}
2026-09-30T04:43:05Z parking/lantai-1/slot/A2 {"slot_id": "A2", "status": "OCCUPIED", "distance_cm": 6.9, "ts": "2026-09-30T04:43:05Z"}
2026-09-30T04:43:11Z parking/lantai-1/slot/A1 {"slot_id": "A1", "status": "OCCUPIED", "distance_cm": 8.5, "ts": "2026-09-30T04:43:11Z"}
2026-09-30T04:43:11Z parking/lantai-1/slot/A3 {"slot_id": "A3", "status": "OCCUPIED", "distance_cm": 6.2, "ts": "2026-09-30T04:43:11Z"}
2026-09-30T04:43:17Z parking/lantai-1/slot/A2 {"slot_id": "A2", "status": "FREE", "distance_cm": 37.0, "ts": "2026-09-30T04:43:17Z"}
2026-09-30T04:43:18Z parking/lantai-1/slot/A1 {"slot_id": "A1", "status": "FREE", "distance_cm": 35.9, "ts": "2026-09-30T04:43:18Z"}
2026-09-30T04:43:25Z parking/lantai-1/slot/A3 {"slot_id": "A3", "status": "FREE", "distance_cm": 33.4, "ts": "2026-09-30T04:43:25Z"}
2026-09-30T04:43:26Z parking/lantai-1/slot/A1 {"slot_id": "A1", "status": "OCCUPIED", "distance_cm": 6.5, "ts": "2026-09-30T04:43:26Z"}
2026-09-30T04:43:26Z parking/lantai-1/slot/A2 {"slot_id": "A2", "status": "OCCUPIED", "distance_cm": 8.2, "ts": "2026-09-30T04:43:26Z"}
2026-09-30T04:43:35Z parking/lantai-1/slot/A1 {"slot_id": "A1", "status": "FREE", "distance_cm": 35.0, "ts": "2026-09-30T04:43:35Z"}
2026-09-30T04:43:38Z parking/lantai-1/slot/A2 {"slot_id": "A2", "status": "FREE", "distance_cm": 36.9, "ts": "2026-09-30T04:43:38Z"}
2026-09-30T04:43:39Z parking/lantai-1/slot/A3 {"slot_id": "A3", "status": "OCCUPIED", "distance_cm": 5.0, "ts": "2026-09-30T04:43:39Z"}
2026-09-30T04:43:43Z parking/lantai-1/slot/A1 {"slot_id": "A1", "status": "OCCUPIED", "distance_cm": 6.9, "ts": "2026-09-30T04:43:43Z"}
2026-09-30T04:43:49Z parking/lantai-1/slot/A2 {"slot_id": "A2", "status": "OCCUPIED", "distance_cm": 7.8, "ts": "2026-09-30T04:43:49Z"}
2026-09-30T04:43:52Z parking/lantai-1/slot/A1 {"slot_id": "A1", "status": "FREE", "distance_cm": 36.7, "ts": "2026-09-30T04:43:52Z"}
2026-09-30T04:43:53Z parking/lantai-1/slot/A3 {"slot_id": "A3", "status": "FREE", "distance_cm": 38.6, "ts": "2026-09-30T04:43:53Z"}
2026-09-30T04:44:55Z parking/lantai-1/slot/A1 {"slot_id": "A1", "status": "OCCUPIED", "distance_cm": 7.9, "ts": "2026-09-30T04:43:59Z"}
2026-09-30T04:44:55Z parking/lantai-1/slot/A1 {"slot_id": "A1", "status": "FREE", "distance_cm": 40.0, "ts": "2026-09-30T04:44:07Z"}
2026-09-30T04:44:55Z parking/lantai-1/slot/A1 {"slot_id": "A1", "status": "OCCUPIED", "distance_cm": 7.5, "ts": "2026-09-30T04:44:14Z"}
2026-09-30T04:44:55Z parking/lantai-1/slot/A1 {"slot_id": "A1", "status": "FREE", "distance_cm": 34.6, "ts": "2026-09-30T04:44:22Z"}
2026-09-30T04:44:55Z parking/lantai-1/slot/A1 {"slot_id": "A1", "status": "OCCUPIED", "distance_cm": 5.8, "ts": "2026-09-30T04:44:30Z"}
2026-09-30T04:44:55Z parking/lantai-1/slot/A1 {"slot_id": "A1", "status": "FREE", "distance_cm": 37.9, "ts": "2026-09-30T04:44:40Z"}
2026-09-30T04:44:55Z parking/lantai-1/slot/A1 {"slot_id": "A1", "status": "OCCUPIED", "distance_cm": 5.7, "ts": "2026-09-30T04:44:47Z"}
2026-09-30T04:44:55Z parking/lantai-1/slot/A1 {"slot_id": "A1", "status": "FREE", "distance_cm": 36.3, "ts": "2026-09-30T04:44:55Z"}
2026-09-30T04:44:57Z parking/lantai-1/slot/A3 {"slot_id": "A3", "status": "OCCUPIED", "distance_cm": 6.4, "ts": "2026-09-30T04:44:07Z"}
2026-09-30T04:44:57Z parking/lantai-1/slot/A3 {"slot_id": "A3", "status": "FREE", "distance_cm": 39.4, "ts": "2026-09-30T04:44:20Z"}
2026-09-30T04:44:57Z parking/lantai-1/slot/A3 {"slot_id": "A3", "status": "OCCUPIED", "distance_cm": 8.4, "ts": "2026-09-30T04:44:34Z"}
2026-09-30T04:44:57Z parking/lantai-1/slot/A3 {"slot_id": "A3", "status": "FREE", "distance_cm": 39.2, "ts": "2026-09-30T04:44:49Z"}
2026-09-30T04:44:59Z parking/lantai-1/slot/A2 {"slot_id": "A2", "status": "FREE", "distance_cm": 34.4, "ts": "2026-09-30T04:44:00Z"}
2026-09-30T04:44:59Z parking/lantai-1/slot/A2 {"slot_id": "A2", "status": "OCCUPIED", "distance_cm": 5.7, "ts": "2026-09-30T04:44:10Z"}
2026-09-30T04:44:59Z parking/lantai-1/slot/A2 {"slot_id": "A2", "status": "FREE", "distance_cm": 37.3, "ts": "2026-09-30T04:44:21Z"}
2026-09-30T04:44:59Z parking/lantai-1/slot/A2 {"slot_id": "A2", "status": "OCCUPIED", "distance_cm": 7.3, "ts": "2026-09-30T04:44:32Z"}
2026-09-30T04:44:59Z parking/lantai-1/slot/A2 {"slot_id": "A2", "status": "FREE", "distance_cm": 37.9, "ts": "2026-09-30T04:44:44Z"}
2026-09-30T04:44:59Z parking/lantai-1/slot/A2 {"slot_id": "A2", "status": "OCCUPIED", "distance_cm": 8.8, "ts": "2026-09-30T04:44:55Z"}
2026-09-30T04:45:03Z parking/lantai-1/slot/A3 {"slot_id": "A3", "status": "OCCUPIED", "distance_cm": 6.2, "ts": "2026-09-30T04:45:03Z"}
2026-09-30T04:45:03Z parking/lantai-1/slot/A1 {"slot_id": "A1", "status": "OCCUPIED", "distance_cm": 7.7, "ts": "2026-09-30T04:45:03Z"}
2026-09-30T04:45:06Z parking/lantai-1/slot/A2 {"slot_id": "A2", "status": "FREE", "distance_cm": 37.8, "ts": "2026-09-30T04:45:06Z"}
2026-09-30T04:45:11Z parking/lantai-1/slot/A1 {"slot_id": "A1", "status": "FREE", "distance_cm": 33.8, "ts": "2026-09-30T04:45:11Z"}
2026-09-30T04:45:21Z parking/lantai-1/slot/A2 {"slot_id": "A2", "status": "OCCUPIED", "distance_cm": 5.2, "ts": "2026-09-30T04:45:21Z"}
2026-09-30T04:45:21Z parking/lantai-1/slot/A3 {"slot_id": "A3", "status": "FREE", "distance_cm": 36.9, "ts": "2026-09-30T04:45:21Z"}
2026-09-30T04:45:22Z parking/lantai-1/slot/A1 {"slot_id": "A1", "status": "OCCUPIED", "distance_cm": 6.6, "ts": "2026-09-30T04:45:22Z"}
2026-09-30T04:45:27Z parking/lantai-1/slot/A1 {"slot_id": "A1", "status": "FREE", "distance_cm": 38.1, "ts": "2026-09-30T04:45:27Z"}
2026-09-30T04:45:27Z parking/lantai-1/slot/A2 {"slot_id": "A2", "status": "FREE", "distance_cm": 35.2, "ts": "2026-09-30T04:45:27Z"}
2026-09-30T04:45:30Z parking/lantai-1/slot/A3 {"slot_id": "A3", "status": "OCCUPIED", "distance_cm": 7.9, "ts": "2026-09-30T04:45:30Z"}
2026-09-30T04:45:35Z parking/lantai-1/slot/A1 {"slot_id": "A1", "status": "OCCUPIED", "distance_cm": 6.2, "ts": "2026-09-30T04:45:35Z"}
2026-09-30T04:45:38Z parking/lantai-1/slot/A2 {"slot_id": "A2", "status": "OCCUPIED", "distance_cm": 6.3, "ts": "2026-09-30T04:45:38Z"}
2026-09-30T04:45:43Z parking/lantai-1/slot/A1 {"slot_id": "A1", "status": "FREE", "distance_cm": 38.1, "ts": "2026-09-30T04:45:43Z"}
2026-09-30T04:45:44Z parking/lantai-1/slot/A3 {"slot_id": "A3", "status": "FREE", "distance_cm": 37.6, "ts": "2026-09-30T04:45:44Z"}
2026-09-30T04:45:50Z parking/lantai-1/slot/A2 {"slot_id": "A2", "status": "FREE", "distance_cm": 34.6, "ts": "2026-09-30T04:45:50Z"}
2026-09-30T04:45:51Z parking/lantai-1/slot/A1 {"slot_id": "A1", "status": "OCCUPIED", "distance_cm": 7.3, "ts": "2026-09-30T04:45:51Z"}
2026-09-30T04:45:58Z parking/lantai-1/slot/A3 {"slot_id": "A3", "status": "OCCUPIED", "distance_cm": 5.0, "ts": "2026-09-30T04:45:58Z"}
2026-09-30T04:46:00Z parking/lantai-1/slot/A2 {"slot_id": "A2", "status": "OCCUPIED", "distance_cm": 5.3, "ts": "2026-09-30T04:46:00Z"}
2026-09-30T04:46:05Z parking/lantai-1/slot/A1 {"slot_id": "A1", "status": "FREE", "distance_cm": 37.4, "ts": "2026-09-30T04:46:05Z"}
2026-09-30T04:46:07Z parking/lantai-1/slot/A1 {"slot_id": "A1", "status": "OCCUPIED", "distance_cm": 7.2, "ts": "2026-09-30T04:46:07Z"}
2026-09-30T04:46:11Z parking/lantai-1/slot/A2 {"slot_id": "A2", "status": "FREE", "distance_cm": 36.7, "ts": "2026-09-30T04:46:11Z"}
2026-09-30T04:46:12Z parking/lantai-1/slot/A3 {"slot_id": "A3", "status": "FREE", "distance_cm": 34.3, "ts": "2026-09-30T04:46:12Z"}
2026-09-30T04:46:15Z parking/lantai-1/slot/A1 {"slot_id": "A1", "status": "FREE", "distance_cm": 36.5, "ts": "2026-09-30T04:46:15Z"}
2026-09-30T04:46:22Z parking/lantai-1/slot/A2 {"slot_id": "A2", "status": "OCCUPIED", "distance_cm": 7.3, "ts": "2026-09-30T04:46:22Z"}
2026-09-30T04:46:23Z parking/lantai-1/slot/A1 {"slot_id": "A1", "status": "OCCUPIED", "distance_cm": 6.5, "ts": "2026-09-30T04:46:23Z"}
2026-09-30T04:46:26Z parking/lantai-1/slot/A3 {"slot_id": "A3", "status": "OCCUPIED", "distance_cm": 5.0, "ts": "2026-09-30T04:46:26Z"}
2026-09-30T04:46:31Z parking/lantai-1/slot/A1 {"slot_id": "A1", "status": "FREE", "distance_cm": 36.9, "ts": "2026-09-30T04:46:31Z"}
2026-09-30T04:46:33Z parking/lantai-1/slot/A2 {"slot_id": "A2", "status": "FREE", "distance_cm": 34.7, "ts": "2026-09-30T04:46:33Z"}
2026-09-30T04:46:41Z parking/lantai-1/slot/A3 {"slot_id": "A3", "status": "FREE", "distance_cm": 33.1, "ts": "2026-09-30T04:46:41Z"}
2026-09-30T04:46:41Z parking/lantai-1/slot/A1 {"slot_id": "A1", "status": "OCCUPIED", "distance_cm": 5.4, "ts": "2026-09-30T04:46:41Z"}
2026-09-30T04:46:45Z parking/lantai-1/slot/A2 {"slot_id": "A2", "status": "OCCUPIED", "distance_cm": 8.8, "ts": "2026-09-30T04:46:45Z"}
2026-09-30T04:46:47Z parking/lantai-1/slot/A1 {"slot_id": "A1", "status": "FREE", "distance_cm": 38.9, "ts": "2026-09-30T04:46:47Z"}
2026-09-30T04:46:55Z parking/lantai-1/slot/A1 {"slot_id": "A1", "status": "OCCUPIED", "distance_cm": 7.7, "ts": "2026-09-30T04:46:55Z"}
2026-09-30T04:46:55Z parking/lantai-1/slot/A3 {"slot_id": "A3", "status": "OCCUPIED", "distance_cm": 5.2, "ts": "2026-09-30T04:46:55Z"}
2026-09-30T04:46:56Z parking/lantai-1/slot/A2 {"slot_id": "A2", "status": "FREE", "distance_cm": 35.8, "ts": "2026-09-30T04:46:56Z"}
2026-09-30T04:47:03Z parking/lantai-1/slot/A1 {"slot_id": "A1", "status": "FREE", "distance_cm": 39.6, "ts": "2026-09-30T04:47:03Z"}
2026-09-30T04:47:07Z parking/lantai-1/slot/A2 {"slot_id": "A2", "status": "OCCUPIED", "distance_cm": 5.3, "ts": "2026-09-30T04:47:07Z"}
2026-09-30T04:47:09Z parking/lantai-1/slot/A3 {"slot_id": "A3", "status": "FREE", "distance_cm": 35.8, "ts": "2026-09-30T04:47:09Z"}
2026-09-30T04:47:11Z parking/lantai-1/slot/A1 {"slot_id": "A1", "status": "OCCUPIED", "distance_cm": 7.3, "ts": "2026-09-30T04:47:11Z"}
2026-09-30T04:47:18Z parking/lantai-1/slot/A2 {"slot_id": "A2", "status": "FREE", "distance_cm": 37.5, "ts": "2026-09-30T04:47:18Z"}
2026-09-30T04:47:20Z parking/lantai-1/slot/A1 {"slot_id": "A1", "status": "FREE", "distance_cm": 39.1, "ts": "2026-09-30T04:47:20Z"}
2026-09-30T04:47:23Z parking/lantai-1/slot/A3 {"slot_id": "A3", "status": "OCCUPIED", "distance_cm": 7.9, "ts": "2026-09-30T04:47:23Z"}
2026-09-30T04:47:27Z parking/lantai-1/slot/A1 {"slot_id": "A1", "status": "OCCUPIED", "distance_cm": 7.1, "ts": "2026-09-30T04:47:27Z"}
2026-09-30T04:47:29Z parking/lantai-1/slot/A2 {"slot_id": "A2", "status": "OCCUPIED", "distance_cm": 6.6, "ts": "2026-09-30T04:47:29Z"}
2026-09-30T04:47:35Z parking/lantai-1/slot/A1 {"slot_id": "A1", "status": "FREE", "distance_cm": 38.1, "ts": "2026-09-30T04:47:35Z"}
2026-09-30T04:47:37Z parking/lantai-1/slot/A3 {"slot_id": "A3", "status": "FREE", "distance_cm": 34.3, "ts": "2026-09-30T04:47:37Z"}
2026-09-30T04:47:40Z parking/lantai-1/slot/A2 {"slot_id": "A2", "status": "FREE", "distance_cm": 36.8, "ts": "2026-09-30T04:47:40Z"}
2026-09-30T04:47:43Z parking/lantai-1/slot/A1 {"slot_id": "A1", "status": "OCCUPIED", "distance_cm": 7.1, "ts": "2026-09-30T04:47:43Z"}
2026-09-30T04:47:50Z parking/lantai-1/slot/A1 {"slot_id": "A1", "status": "FREE", "distance_cm": 33.2, "ts": "2026-09-30T04:47:50Z"}
2026-09-30T04:47:51Z parking/lantai-1/slot/A3 {"slot_id": "A3", "status": "OCCUPIED", "distance_cm": 8.2, "ts": "2026-09-30T04:47:51Z"}
2026-09-30T04:47:51Z parking/lantai-1/slot/A2 {"slot_id": "A2", "status": "OCCUPIED", "distance_cm": 6.2, "ts": "2026-09-30T04:47:51Z"}
2026-09-30T04:48:04Z parking/lantai-1/slot/A1 {"slot_id": "A1", "status": "OCCUPIED", "distance_cm": 8.1, "ts": "2026-09-30T04:48:04Z"}
2026-09-30T04:48:04Z parking/lantai-1/slot/A2 {"slot_id": "A2", "status": "FREE", "distance_cm": 35.0, "ts": "2026-09-30T04:48:04Z"}
2026-09-30T04:48:05Z parking/lantai-1/slot/A3 {"slot_id": "A3", "status": "FREE", "distance_cm": 35.5, "ts": "2026-09-30T04:48:05Z"}
2026-09-30T04:48:07Z parking/lantai-1/slot/A1 {"slot_id": "A1", "status": "FREE", "distance_cm": 33.3, "ts": "2026-09-30T04:48:07Z"}
2026-09-30T04:48:13Z parking/lantai-1/slot/A2 {"slot_id": "A2", "status": "OCCUPIED", "distance_cm": 7.4, "ts": "2026-09-30T04:48:13Z"}
2026-09-30T04:48:15Z parking/lantai-1/slot/A1 {"slot_id": "A1", "status": "OCCUPIED", "distance_cm": 6.7, "ts": "2026-09-30T04:48:15Z"}
2026-09-30T04:48:19Z parking/lantai-1/slot/A3 {"slot_id": "A3", "status": "OCCUPIED", "distance_cm": 5.7, "ts": "2026-09-30T04:48:19Z"}
2026-09-30T04:48:24Z parking/lantai-1/slot/A2 {"slot_id": "A2", "status": "FREE", "distance_cm": 36.1, "ts": "2026-09-30T04:48:24Z"}
2026-09-30T06:08:32Z parking/lantai-1/slot/A1 {"slot_id": "A1", "status": "FREE", "distance_cm": 34.8, "ts": "2026-09-30T04:58:16Z"}
2026-09-30T06:08:32Z parking/lantai-1/slot/A1 {"slot_id": "A1", "status": "OCCUPIED", "distance_cm": 5.4, "ts": "2026-09-30T04:58:23Z"}
2026-09-30T06:08:32Z parking/lantai-1/slot/A1 {"slot_id": "A1", "status": "FREE", "distance_cm": 38.0, "ts": "2026-09-30T04:58:32Z"}
2026-09-30T06:08:32Z parking/lantai-1/slot/A1 {"slot_id": "A1", "status": "OCCUPIED", "distance_cm": 6.2, "ts": "2026-09-30T04:58:39Z"}
2026-09-30T06:08:32Z parking/lantai-1/slot/A1 {"slot_id": "A1", "status": "FREE", "distance_cm": 33.2, "ts": "2026-09-30T04:58:46Z"}
2026-09-30T06:08:32Z parking/lantai-1/slot/A1 {"slot_id": "A1", "status": "OCCUPIED", "distance_cm": 8.1, "ts": "2026-09-30T04:58:55Z"}
2026-09-30T06:08:32Z parking/lantai-1/slot/A1 {"slot_id": "A1", "status": "FREE", "distance_cm": 39.5, "ts": "2026-09-30T04:59:04Z"}
2026-09-30T06:08:32Z parking/lantai-1/slot/A1 {"slot_id": "A1", "status": "OCCUPIED", "distance_cm": 8.7, "ts": "2026-09-30T04:59:11Z"}
2026-09-30T06:08:32Z parking/lantai-1/slot/A1 {"slot_id": "A1", "status": "FREE", "distance_cm": 38.2, "ts": "2026-09-30T04:59:34Z"}
2026-09-30T06:08:32Z parking/lantai-1/slot/A1 {"slot_id": "A1", "status": "OCCUPIED", "distance_cm": 5.2, "ts": "2026-09-30T04:59:43Z"}
2026-09-30T06:08:32Z parking/lantai-1/slot/A1 {"slot_id": "A1", "status": "FREE", "distance_cm": 38.2, "ts": "2026-09-30T04:59:51Z"}
2026-09-30T06:08:32Z parking/lantai-1/slot/A1 {"slot_id": "A1", "status": "OCCUPIED", "distance_cm": 5.2, "ts": "2026-09-30T04:59:59Z"}
2026-09-30T06:08:32Z parking/lantai-1/slot/A3 {"slot_id": "A3", "status": "FREE", "distance_cm": 35.1, "ts": "2026-09-30T04:48:33Z"}
2026-09-30T06:08:32Z parking/lantai-1/slot/A3 {"slot_id": "A3", "status": "OCCUPIED", "distance_cm": 8.6, "ts": "2026-09-30T04:48:46Z"}
2026-09-30T06:08:32Z parking/lantai-1/slot/A3 {"slot_id": "A3", "status": "FREE", "distance_cm": 33.4, "ts": "2026-09-30T04:49:00Z"}
2026-09-30T06:08:32Z parking/lantai-1/slot/A3 {"slot_id": "A3", "status": "OCCUPIED", "distance_cm": 7.1, "ts": "2026-09-30T04:49:14Z"}
2026-09-30T06:08:32Z parking/lantai-1/slot/A3 {"slot_id": "A3", "status": "FREE", "distance_cm": 39.5, "ts": "2026-09-30T04:49:28Z"}
2026-09-30T06:08:32Z parking/lantai-1/slot/A3 {"slot_id": "A3", "status": "OCCUPIED", "distance_cm": 8.2, "ts": "2026-09-30T04:49:42Z"}
2026-09-30T06:08:32Z parking/lantai-1/slot/A3 {"slot_id": "A3", "status": "FREE", "distance_cm": 39.0, "ts": "2026-09-30T04:49:56Z"}
2026-09-30T06:08:32Z parking/lantai-1/slot/A3 {"slot_id": "A3", "status": "OCCUPIED", "distance_cm": 8.3, "ts": "2026-09-30T04:50:10Z"}
2026-09-30T06:08:32Z parking/lantai-1/slot/A3 {"slot_id": "A3", "status": "FREE", "distance_cm": 39.7, "ts": "2026-09-30T04:50:24Z"}
2026-09-30T06:08:32Z parking/lantai-1/slot/A3 {"slot_id": "A3", "status": "OCCUPIED", "distance_cm": 6.1, "ts": "2026-09-30T04:50:39Z"}
2026-09-30T06:08:32Z parking/lantai-1/slot/A3 {"slot_id": "A3", "status": "FREE", "distance_cm": 38.0, "ts": "2026-09-30T04:50:53Z"}
2026-09-30T06:08:32Z parking/lantai-1/slot/A3 {"slot_id": "A3", "status": "OCCUPIED", "distance_cm": 7.4, "ts": "2026-09-30T04:51:11Z"}
2026-09-30T06:08:32Z parking/lantai-1/slot/A3 {"slot_id": "A3", "status": "FREE", "distance_cm": 34.0, "ts": "2026-09-30T04:51:22Z"}
2026-09-30T06:08:32Z parking/lantai-1/slot/A3 {"slot_id": "A3", "status": "OCCUPIED", "distance_cm": 6.5, "ts": "2026-09-30T04:51:34Z"}
2026-09-30T06:08:32Z parking/lantai-1/slot/A3 {"slot_id": "A3", "status": "FREE", "distance_cm": 33.7, "ts": "2026-09-30T04:51:49Z"}
2026-09-30T06:08:32Z parking/lantai-1/slot/A3 {"slot_id": "A3", "status": "OCCUPIED", "distance_cm": 8.4, "ts": "2026-09-30T04:52:03Z"}
2026-09-30T06:08:32Z parking/lantai-1/slot/A3 {"slot_id": "A3", "status": "FREE", "distance_cm": 38.1, "ts": "2026-09-30T04:52:17Z"}
2026-09-30T06:08:32Z parking/lantai-1/slot/A3 {"slot_id": "A3", "status": "OCCUPIED", "distance_cm": 6.8, "ts": "2026-09-30T04:52:31Z"}
2026-09-30T06:08:32Z parking/lantai-1/slot/A3 {"slot_id": "A3", "status": "FREE", "distance_cm": 35.4, "ts": "2026-09-30T04:52:44Z"}
2026-09-30T06:08:32Z parking/lantai-1/slot/A3 {"slot_id": "A3", "status": "FREE", "distance_cm": 35.1, "ts": "2026-09-30T04:48:33Z"}
2026-09-30T06:08:32Z parking/lantai-1/slot/A1 {"slot_id": "A1", "status": "FREE", "distance_cm": 34.4, "ts": "2026-09-30T05:00:11Z"}
2026-09-30T06:08:32Z parking/lantai-1/slot/A1 {"slot_id": "A1", "status": "OCCUPIED", "distance_cm": 6.9, "ts": "2026-09-30T05:00:15Z"}
2026-09-30T06:08:32Z parking/lantai-1/slot/A1 {"slot_id": "A1", "status": "FREE", "distance_cm": 34.8, "ts": "2026-09-30T05:00:23Z"}
2026-09-30T06:08:32Z parking/lantai-1/slot/A1 {"slot_id": "A1", "status": "OCCUPIED", "distance_cm": 6.2, "ts": "2026-09-30T05:00:31Z"}
2026-09-30T06:08:32Z parking/lantai-1/slot/A1 {"slot_id": "A1", "status": "FREE", "distance_cm": 36.0, "ts": "2026-09-30T05:00:39Z"}
2026-09-30T06:08:32Z parking/lantai-1/slot/A1 {"slot_id": "A1", "status": "OCCUPIED", "distance_cm": 6.9, "ts": "2026-09-30T05:00:47Z"}
2026-09-30T06:08:32Z parking/lantai-1/slot/A1 {"slot_id": "A1", "status": "FREE", "distance_cm": 36.5, "ts": "2026-09-30T05:01:01Z"}
2026-09-30T06:08:32Z parking/lantai-1/slot/A1 {"slot_id": "A1", "status": "FREE", "distance_cm": 36.2, "ts": "2026-09-30T04:48:29Z"}
2026-09-30T06:08:32Z parking/lantai-1/slot/A1 {"slot_id": "A1", "status": "OCCUPIED", "distance_cm": 7.2, "ts": "2026-09-30T04:48:31Z"}
2026-09-30T06:08:32Z parking/lantai-1/slot/A2 {"slot_id": "A2", "status": "OCCUPIED", "distance_cm": 5.1, "ts": "2026-09-30T04:48:35Z"}
2026-09-30T06:08:32Z parking/lantai-1/slot/A2 {"slot_id": "A2", "status": "FREE", "distance_cm": 39.2, "ts": "2026-09-30T04:48:45Z"}
2026-09-30T06:08:32Z parking/lantai-1/slot/A2 {"slot_id": "A2", "status": "OCCUPIED", "distance_cm": 5.4, "ts": "2026-09-30T04:48:56Z"}
2026-09-30T06:08:32Z parking/lantai-1/slot/A2 {"slot_id": "A2", "status": "FREE", "distance_cm": 36.1, "ts": "2026-09-30T04:49:07Z"}
2026-09-30T06:08:32Z parking/lantai-1/slot/A2 {"slot_id": "A2", "status": "OCCUPIED", "distance_cm": 5.2, "ts": "2026-09-30T04:49:18Z"}
2026-09-30T06:08:32Z parking/lantai-1/slot/A2 {"slot_id": "A2", "status": "FREE", "distance_cm": 36.5, "ts": "2026-09-30T04:49:30Z"}
2026-09-30T06:08:32Z parking/lantai-1/slot/A2 {"slot_id": "A2", "status": "OCCUPIED", "distance_cm": 8.4, "ts": "2026-09-30T04:49:40Z"}
2026-09-30T06:08:32Z parking/lantai-1/slot/A2 {"slot_id": "A2", "status": "FREE", "distance_cm": 37.6, "ts": "2026-09-30T04:49:51Z"}
2026-09-30T06:08:32Z parking/lantai-1/slot/A2 {"slot_id": "A2", "status": "OCCUPIED", "distance_cm": 7.8, "ts": "2026-09-30T04:50:02Z"}
2026-09-30T06:08:32Z parking/lantai-1/slot/A2 {"slot_id": "A2", "status": "FREE", "distance_cm": 33.3, "ts": "2026-09-30T04:50:13Z"}
2026-09-30T06:08:32Z parking/lantai-1/slot/A2 {"slot_id": "A2", "status": "OCCUPIED", "distance_cm": 8.2, "ts": "2026-09-30T04:50:24Z"}
2026-09-30T06:08:32Z parking/lantai-1/slot/A2 {"slot_id": "A2", "status": "FREE", "distance_cm": 39.2, "ts": "2026-09-30T04:50:36Z"}
2026-09-30T06:08:32Z parking/lantai-1/slot/A2 {"slot_id": "A2", "status": "OCCUPIED", "distance_cm": 7.9, "ts": "2026-09-30T04:50:47Z"}
2026-09-30T06:08:32Z parking/lantai-1/slot/A2 {"slot_id": "A2", "status": "FREE", "distance_cm": 37.0, "ts": "2026-09-30T04:50:58Z"}
2026-09-30T06:08:32Z parking/lantai-1/slot/A2 {"slot_id": "A2", "status": "OCCUPIED", "distance_cm": 2.0, "ts": "2026-09-30T04:51:12Z"}
2026-09-30T06:08:32Z parking/lantai-1/slot/A2 {"slot_id": "A2", "status": "FREE", "distance_cm": 39.6, "ts": "2026-09-30T04:51:23Z"}
2026-09-30T06:08:32Z parking/lantai-1/slot/A2 {"slot_id": "A2", "status": "OCCUPIED", "distance_cm": 8.1, "ts": "2026-09-30T04:51:30Z"}
2026-09-30T06:08:32Z parking/lantai-1/slot/A2 {"slot_id": "A2", "status": "FREE", "distance_cm": 33.8, "ts": "2026-09-30T04:51:41Z"}
2026-09-30T06:08:32Z parking/lantai-1/slot/A2 {"slot_id": "A2", "status": "OCCUPIED", "distance_cm": 7.6, "ts": "2026-09-30T04:51:52Z"}
2026-09-30T06:08:32Z parking/lantai-1/slot/A2 {"slot_id": "A2", "status": "FREE", "distance_cm": 39.9, "ts": "2026-09-30T04:52:04Z"}
2026-09-30T06:08:32Z parking/lantai-1/slot/A3 {"slot_id": "A3", "status": "OCCUPIED", "distance_cm": 7.2, "ts": "2026-09-30T04:52:58Z"}
2026-09-30T06:08:32Z parking/lantai-1/slot/A1 {"slot_id": "A1", "status": "OCCUPIED", "distance_cm": 6.9, "ts": "2026-09-30T05:01:03Z"}
2026-09-30T06:08:32Z parking/lantai-1/slot/A1 {"slot_id": "A1", "status": "FREE", "distance_cm": 37.5, "ts": "2026-09-30T05:01:11Z"}
2026-09-30T06:08:32Z parking/lantai-1/slot/A1 {"slot_id": "A1", "status": "OCCUPIED", "distance_cm": 8.2, "ts": "2026-09-30T05:01:19Z"}
2026-09-30T06:08:32Z parking/lantai-1/slot/A1 {"slot_id": "A1", "status": "FREE", "distance_cm": 39.3, "ts": "2026-09-30T05:01:27Z"}
2026-09-30T06:08:32Z parking/lantai-1/slot/A1 {"slot_id": "A1", "status": "OCCUPIED", "distance_cm": 5.2, "ts": "2026-09-30T05:01:35Z"}
2026-09-30T06:08:32Z parking/lantai-1/slot/A1 {"slot_id": "A1", "status": "FREE", "distance_cm": 34.1, "ts": "2026-09-30T05:01:45Z"}
2026-09-30T06:08:32Z parking/lantai-1/slot/A1 {"slot_id": "A1", "status": "OCCUPIED", "distance_cm": 6.7, "ts": "2026-09-30T05:01:51Z"}
2026-09-30T06:08:32Z parking/lantai-1/slot/A1 {"slot_id": "A1", "status": "FREE", "distance_cm": 33.4, "ts": "2026-09-30T05:01:59Z"}
2026-09-30T06:08:32Z parking/lantai-1/slot/A1 {"slot_id": "A1", "status": "OCCUPIED", "distance_cm": 6.2, "ts": "2026-09-30T05:02:08Z"}
2026-09-30T06:08:32Z parking/lantai-1/slot/A1 {"slot_id": "A1", "status": "FREE", "distance_cm": 35.6, "ts": "2026-09-30T05:02:21Z"}
2026-09-30T06:08:32Z parking/lantai-1/slot/A1 {"slot_id": "A1", "status": "OCCUPIED", "distance_cm": 5.3, "ts": "2026-09-30T05:02:23Z"}
2026-09-30T06:08:32Z parking/lantai-1/slot/A3 {"slot_id": "A3", "status": "FREE", "distance_cm": 34.3, "ts": "2026-09-30T04:53:12Z"}
2026-09-30T06:08:32Z parking/lantai-1/slot/A3 {"slot_id": "A3", "status": "OCCUPIED", "distance_cm": 5.5, "ts": "2026-09-30T04:53:27Z"}
2026-09-30T06:08:32Z parking/lantai-1/slot/A3 {"slot_id": "A3", "status": "FREE", "distance_cm": 36.4, "ts": "2026-09-30T04:53:41Z"}
2026-09-30T06:08:32Z parking/lantai-1/slot/A1 {"slot_id": "A1", "status": "FREE", "distance_cm": 33.2, "ts": "2026-09-30T05:02:31Z"}
2026-09-30T06:08:32Z parking/lantai-1/slot/A2 {"slot_id": "A2", "status": "OCCUPIED", "distance_cm": 8.9, "ts": "2026-09-30T04:52:15Z"}
2026-09-30T06:08:32Z parking/lantai-1/slot/A1 {"slot_id": "A1", "status": "OCCUPIED", "distance_cm": 6.3, "ts": "2026-09-30T05:02:39Z"}
2026-09-30T06:08:32Z parking/lantai-1/slot/A1 {"slot_id": "A1", "status": "FREE", "distance_cm": 34.4, "ts": "2026-09-30T05:02:46Z"}
2026-09-30T06:08:32Z parking/lantai-1/slot/A1 {"slot_id": "A1", "status": "OCCUPIED", "distance_cm": 5.3, "ts": "2026-09-30T05:02:54Z"}
2026-09-30T06:08:32Z parking/lantai-1/slot/A1 {"slot_id": "A1", "status": "FREE", "distance_cm": 35.2, "ts": "2026-09-30T05:03:04Z"}
2026-09-30T06:08:32Z parking/lantai-1/slot/A1 {"slot_id": "A1", "status": "OCCUPIED", "distance_cm": 6.4, "ts": "2026-09-30T05:03:11Z"}
2026-09-30T06:08:32Z parking/lantai-1/slot/A1 {"slot_id": "A1", "status": "FREE", "distance_cm": 35.5, "ts": "2026-09-30T05:03:19Z"}
2026-09-30T06:08:32Z parking/lantai-1/slot/A1 {"slot_id": "A1", "status": "OCCUPIED", "distance_cm": 6.5, "ts": "2026-09-30T05:03:27Z"}
2026-09-30T06:08:32Z parking/lantai-1/slot/A1 {"slot_id": "A1", "status": "FREE", "distance_cm": 33.9, "ts": "2026-09-30T05:03:35Z"}
2026-09-30T06:08:32Z parking/lantai-1/slot/A3 {"slot_id": "A3", "status": "OCCUPIED", "distance_cm": 6.2, "ts": "2026-09-30T04:53:55Z"}
2026-09-30T06:08:32Z parking/lantai-1/slot/A3 {"slot_id": "A3", "status": "FREE", "distance_cm": 36.7, "ts": "2026-09-30T04:54:10Z"}
2026-09-30T06:08:32Z parking/lantai-1/slot/A3 {"slot_id": "A3", "status": "OCCUPIED", "distance_cm": 8.5, "ts": "2026-09-30T04:54:23Z"}
2026-09-30T06:08:32Z parking/lantai-1/slot/A3 {"slot_id": "A3", "status": "FREE", "distance_cm": 38.0, "ts": "2026-09-30T04:54:37Z"}
2026-09-30T06:08:32Z parking/lantai-1/slot/A3 {"slot_id": "A3", "status": "OCCUPIED", "distance_cm": 6.4, "ts": "2026-09-30T04:54:51Z"}
2026-09-30T06:08:32Z parking/lantai-1/slot/A3 {"slot_id": "A3", "status": "FREE", "distance_cm": 36.8, "ts": "2026-09-30T04:55:05Z"}
2026-09-30T06:08:32Z parking/lantai-1/slot/A3 {"slot_id": "A3", "status": "OCCUPIED", "distance_cm": 8.9, "ts": "2026-09-30T04:55:19Z"}
2026-09-30T06:08:32Z parking/lantai-1/slot/A3 {"slot_id": "A3", "status": "FREE", "distance_cm": 33.2, "ts": "2026-09-30T04:55:33Z"}
2026-09-30T06:08:32Z parking/lantai-1/slot/A3 {"slot_id": "A3", "status": "OCCUPIED", "distance_cm": 7.7, "ts": "2026-09-30T04:55:51Z"}
2026-09-30T06:08:32Z parking/lantai-1/slot/A3 {"slot_id": "A3", "status": "FREE", "distance_cm": 39.9, "ts": "2026-09-30T04:56:01Z"}
2026-09-30T06:08:32Z parking/lantai-1/slot/A3 {"slot_id": "A3", "status": "OCCUPIED", "distance_cm": 6.1, "ts": "2026-09-30T04:56:15Z"}
2026-09-30T06:08:32Z parking/lantai-1/slot/A3 {"slot_id": "A3", "status": "FREE", "distance_cm": 35.7, "ts": "2026-09-30T04:56:29Z"}
2026-09-30T06:08:32Z parking/lantai-1/slot/A3 {"slot_id": "A3", "status": "OCCUPIED", "distance_cm": 2.0, "ts": "2026-09-30T04:56:43Z"}
2026-09-30T06:08:32Z parking/lantai-1/slot/A3 {"slot_id": "A3", "status": "FREE", "distance_cm": 37.8, "ts": "2026-09-30T04:56:58Z"}
2026-09-30T06:08:32Z parking/lantai-1/slot/A3 {"slot_id": "A3", "status": "OCCUPIED", "distance_cm": 6.0, "ts": "2026-09-30T04:57:13Z"}
2026-09-30T06:08:32Z parking/lantai-1/slot/A3 {"slot_id": "A3", "status": "FREE", "distance_cm": 36.0, "ts": "2026-09-30T04:57:25Z"}
2026-09-30T06:08:32Z parking/lantai-1/slot/A3 {"slot_id": "A3", "status": "OCCUPIED", "distance_cm": 5.4, "ts": "2026-09-30T04:57:39Z"}
2026-09-30T06:08:32Z parking/lantai-1/slot/A2 {"slot_id": "A2", "status": "FREE", "distance_cm": 38.2, "ts": "2026-09-30T04:52:26Z"}
2026-09-30T06:08:32Z parking/lantai-1/slot/A2 {"slot_id": "A2", "status": "OCCUPIED", "distance_cm": 5.2, "ts": "2026-09-30T04:52:36Z"}
2026-09-30T06:08:32Z parking/lantai-1/slot/A2 {"slot_id": "A2", "status": "FREE", "distance_cm": 35.4, "ts": "2026-09-30T04:52:47Z"}
2026-09-30T06:08:32Z parking/lantai-1/slot/A2 {"slot_id": "A2", "status": "OCCUPIED", "distance_cm": 7.0, "ts": "2026-09-30T04:52:58Z"}
2026-09-30T06:08:32Z parking/lantai-1/slot/A2 {"slot_id": "A2", "status": "FREE", "distance_cm": 39.5, "ts": "2026-09-30T04:53:09Z"}
2026-09-30T06:08:32Z parking/lantai-1/slot/A2 {"slot_id": "A2", "status": "OCCUPIED", "distance_cm": 7.2, "ts": "2026-09-30T04:53:21Z"}
2026-09-30T06:08:32Z parking/lantai-1/slot/A2 {"slot_id": "A2", "status": "FREE", "distance_cm": 38.0, "ts": "2026-09-30T04:53:32Z"}
2026-09-30T06:08:32Z parking/lantai-1/slot/A2 {"slot_id": "A2", "status": "OCCUPIED", "distance_cm": 6.1, "ts": "2026-09-30T04:53:43Z"}
2026-09-30T06:08:33Z parking/lantai-1/slot/A2 {"slot_id": "A2", "status": "FREE", "distance_cm": 37.1, "ts": "2026-09-30T04:53:55Z"}
2026-09-30T06:08:33Z parking/lantai-1/slot/A2 {"slot_id": "A2", "status": "OCCUPIED", "distance_cm": 8.6, "ts": "2026-09-30T04:54:05Z"}
2026-09-30T06:08:33Z parking/lantai-1/slot/A2 {"slot_id": "A2", "status": "FREE", "distance_cm": 33.9, "ts": "2026-09-30T04:54:16Z"}
2026-09-30T06:08:33Z parking/lantai-1/slot/A2 {"slot_id": "A2", "status": "OCCUPIED", "distance_cm": 6.4, "ts": "2026-09-30T04:54:27Z"}
2026-09-30T06:08:33Z parking/lantai-1/slot/A2 {"slot_id": "A2", "status": "FREE", "distance_cm": 36.0, "ts": "2026-09-30T04:54:38Z"}
2026-09-30T06:08:33Z parking/lantai-1/slot/A2 {"slot_id": "A2", "status": "OCCUPIED", "distance_cm": 5.9, "ts": "2026-09-30T04:54:49Z"}
2026-09-30T06:08:33Z parking/lantai-1/slot/A2 {"slot_id": "A2", "status": "FREE", "distance_cm": 33.4, "ts": "2026-09-30T04:55:01Z"}
2026-09-30T06:08:33Z parking/lantai-1/slot/A2 {"slot_id": "A2", "status": "OCCUPIED", "distance_cm": 6.6, "ts": "2026-09-30T04:55:15Z"}
2026-09-30T06:08:33Z parking/lantai-1/slot/A2 {"slot_id": "A2", "status": "FREE", "distance_cm": 38.9, "ts": "2026-09-30T04:55:22Z"}
2026-09-30T06:08:33Z parking/lantai-1/slot/A2 {"slot_id": "A2", "status": "OCCUPIED", "distance_cm": 6.7, "ts": "2026-09-30T04:55:33Z"}
2026-09-30T06:08:33Z parking/lantai-1/slot/A2 {"slot_id": "A2", "status": "FREE", "distance_cm": 36.5, "ts": "2026-09-30T04:55:44Z"}
2026-09-30T06:08:33Z parking/lantai-1/slot/A3 {"slot_id": "A3", "status": "FREE", "distance_cm": 39.2, "ts": "2026-09-30T04:57:53Z"}
2026-09-30T06:08:33Z parking/lantai-1/slot/A1 {"slot_id": "A1", "status": "OCCUPIED", "distance_cm": 7.4, "ts": "2026-09-30T05:03:46Z"}
2026-09-30T06:08:33Z parking/lantai-1/slot/A1 {"slot_id": "A1", "status": "FREE", "distance_cm": 35.3, "ts": "2026-09-30T05:03:51Z"}
2026-09-30T06:08:33Z parking/lantai-1/slot/A1 {"slot_id": "A1", "status": "OCCUPIED", "distance_cm": 6.7, "ts": "2026-09-30T05:04:01Z"}
2026-09-30T06:08:33Z parking/lantai-1/slot/A1 {"slot_id": "A1", "status": "FREE", "distance_cm": 39.3, "ts": "2026-09-30T05:04:08Z"}
2026-09-30T06:08:33Z parking/lantai-1/slot/A1 {"slot_id": "A1", "status": "OCCUPIED", "distance_cm": 5.1, "ts": "2026-09-30T05:04:15Z"}
2026-09-30T06:08:33Z parking/lantai-1/slot/A1 {"slot_id": "A1", "status": "FREE", "distance_cm": 35.5, "ts": "2026-09-30T05:04:28Z"}
2026-09-30T06:08:33Z parking/lantai-1/slot/A1 {"slot_id": "A1", "status": "OCCUPIED", "distance_cm": 7.2, "ts": "2026-09-30T05:04:31Z"}
2026-09-30T06:08:33Z parking/lantai-1/slot/A1 {"slot_id": "A1", "status": "FREE", "distance_cm": 33.0, "ts": "2026-09-30T05:04:39Z"}
2026-09-30T06:08:33Z parking/lantai-1/slot/A1 {"slot_id": "A1", "status": "OCCUPIED", "distance_cm": 7.0, "ts": "2026-09-30T05:04:48Z"}
2026-09-30T06:08:33Z parking/lantai-1/slot/A1 {"slot_id": "A1", "status": "FREE", "distance_cm": 33.7, "ts": "2026-09-30T05:04:55Z"}
2026-09-30T06:08:33Z parking/lantai-1/slot/A1 {"slot_id": "A1", "status": "OCCUPIED", "distance_cm": 7.0, "ts": "2026-09-30T05:05:03Z"}
2026-09-30T06:08:33Z parking/lantai-1/slot/A1 {"slot_id": "A1", "status": "FREE", "distance_cm": 39.8, "ts": "2026-09-30T05:05:27Z"}
2026-09-30T06:08:33Z parking/lantai-1/slot/A2 {"slot_id": "A2", "status": "OCCUPIED", "distance_cm": 6.1, "ts": "2026-09-30T04:55:55Z"}
2026-09-30T06:08:33Z parking/lantai-1/slot/A3 {"slot_id": "A3", "status": "OCCUPIED", "distance_cm": 6.6, "ts": "2026-09-30T04:58:06Z"}
2026-09-30T06:08:33Z parking/lantai-1/slot/A3 {"slot_id": "A3", "status": "FREE", "distance_cm": 35.8, "ts": "2026-09-30T04:58:21Z"}
2026-09-30T06:08:33Z parking/lantai-1/slot/A1 {"slot_id": "A1", "status": "OCCUPIED", "distance_cm": 8.5, "ts": "2026-09-30T05:05:35Z"}
2026-09-30T06:08:33Z parking/lantai-1/slot/A1 {"slot_id": "A1", "status": "FREE", "distance_cm": 38.2, "ts": "2026-09-30T05:05:43Z"}
2026-09-30T06:08:33Z parking/lantai-1/slot/A1 {"slot_id": "A1", "status": "OCCUPIED", "distance_cm": 6.3, "ts": "2026-09-30T05:06:07Z"}
2026-09-30T06:08:33Z parking/lantai-1/slot/A1 {"slot_id": "A1", "status": "FREE", "distance_cm": 34.6, "ts": "2026-09-30T05:06:15Z"}
2026-09-30T06:08:33Z parking/lantai-1/slot/A1 {"slot_id": "A1", "status": "OCCUPIED", "distance_cm": 8.5, "ts": "2026-09-30T05:06:23Z"}
2026-09-30T06:08:33Z parking/lantai-1/slot/A1 {"slot_id": "A1", "status": "FREE", "distance_cm": 38.8, "ts": "2026-09-30T05:06:32Z"}
2026-09-30T06:08:33Z parking/lantai-1/slot/A1 {"slot_id": "A1", "status": "OCCUPIED", "distance_cm": 8.8, "ts": "2026-09-30T05:06:39Z"}
2026-09-30T06:08:33Z parking/lantai-1/slot/A1 {"slot_id": "A1", "status": "FREE", "distance_cm": 38.6, "ts": "2026-09-30T05:06:46Z"}
2026-09-30T06:08:33Z parking/lantai-1/slot/A2 {"slot_id": "A2", "status": "FREE", "distance_cm": 33.8, "ts": "2026-09-30T04:56:06Z"}
2026-09-30T06:08:33Z parking/lantai-1/slot/A2 {"slot_id": "A2", "status": "OCCUPIED", "distance_cm": 5.3, "ts": "2026-09-30T04:56:17Z"}
2026-09-30T06:08:33Z parking/lantai-1/slot/A2 {"slot_id": "A2", "status": "FREE", "distance_cm": 34.8, "ts": "2026-09-30T04:56:28Z"}
2026-09-30T06:08:33Z parking/lantai-1/slot/A2 {"slot_id": "A2", "status": "OCCUPIED", "distance_cm": 7.3, "ts": "2026-09-30T04:56:39Z"}
2026-09-30T06:08:33Z parking/lantai-1/slot/A2 {"slot_id": "A2", "status": "FREE", "distance_cm": 35.7, "ts": "2026-09-30T04:56:50Z"}
2026-09-30T06:08:33Z parking/lantai-1/slot/A2 {"slot_id": "A2", "status": "OCCUPIED", "distance_cm": 7.6, "ts": "2026-09-30T04:57:01Z"}
2026-09-30T06:08:33Z parking/lantai-1/slot/A2 {"slot_id": "A2", "status": "FREE", "distance_cm": 33.6, "ts": "2026-09-30T04:57:12Z"}
2026-09-30T06:08:33Z parking/lantai-1/slot/A2 {"slot_id": "A2", "status": "OCCUPIED", "distance_cm": 5.4, "ts": "2026-09-30T04:57:24Z"}
2026-09-30T06:08:33Z parking/lantai-1/slot/A2 {"slot_id": "A2", "status": "FREE", "distance_cm": 39.7, "ts": "2026-09-30T04:57:34Z"}
2026-09-30T06:08:33Z parking/lantai-1/slot/A2 {"slot_id": "A2", "status": "OCCUPIED", "distance_cm": 5.5, "ts": "2026-09-30T04:57:45Z"}
2026-09-30T06:08:33Z parking/lantai-1/slot/A2 {"slot_id": "A2", "status": "FREE", "distance_cm": 35.8, "ts": "2026-09-30T04:57:58Z"}
2026-09-30T06:08:33Z parking/lantai-1/slot/A2 {"slot_id": "A2", "status": "OCCUPIED", "distance_cm": 5.8, "ts": "2026-09-30T04:58:06Z"}
2026-09-30T06:08:33Z parking/lantai-1/slot/A2 {"slot_id": "A2", "status": "FREE", "distance_cm": 36.9, "ts": "2026-09-30T04:58:18Z"}
2026-09-30T06:08:33Z parking/lantai-1/slot/A2 {"slot_id": "A2", "status": "OCCUPIED", "distance_cm": 5.4, "ts": "2026-09-30T04:58:29Z"}
2026-09-30T06:08:33Z parking/lantai-1/slot/A2 {"slot_id": "A2", "status": "FREE", "distance_cm": 34.6, "ts": "2026-09-30T04:58:40Z"}
2026-09-30T06:08:33Z parking/lantai-1/slot/A2 {"slot_id": "A2", "status": "OCCUPIED", "distance_cm": 5.7, "ts": "2026-09-30T04:58:53Z"}
2026-09-30T06:08:33Z parking/lantai-1/slot/A2 {"slot_id": "A2", "status": "FREE", "distance_cm": 39.3, "ts": "2026-09-30T04:59:03Z"}
2026-09-30T06:08:33Z parking/lantai-1/slot/A2 {"slot_id": "A2", "status": "OCCUPIED", "distance_cm": 8.9, "ts": "2026-09-30T04:59:14Z"}
2026-09-30T06:08:33Z parking/lantai-1/slot/A2 {"slot_id": "A2", "status": "FREE", "distance_cm": 34.7, "ts": "2026-09-30T04:59:24Z"}
2026-09-30T06:08:33Z parking/lantai-1/slot/A3 {"slot_id": "A3", "status": "OCCUPIED", "distance_cm": 5.4, "ts": "2026-09-30T04:58:35Z"}
2026-09-30T06:08:33Z parking/lantai-1/slot/A3 {"slot_id": "A3", "status": "FREE", "distance_cm": 38.8, "ts": "2026-09-30T04:58:51Z"}
2026-09-30T06:08:33Z parking/lantai-1/slot/A3 {"slot_id": "A3", "status": "OCCUPIED", "distance_cm": 7.0, "ts": "2026-09-30T04:59:04Z"}
2026-09-30T06:08:33Z parking/lantai-1/slot/A3 {"slot_id": "A3", "status": "FREE", "distance_cm": 35.1, "ts": "2026-09-30T04:59:17Z"}
2026-09-30T06:08:33Z parking/lantai-1/slot/A3 {"slot_id": "A3", "status": "OCCUPIED", "distance_cm": 5.0, "ts": "2026-09-30T04:59:32Z"}
2026-09-30T06:08:33Z parking/lantai-1/slot/A3 {"slot_id": "A3", "status": "FREE", "distance_cm": 34.3, "ts": "2026-09-30T04:59:44Z"}
2026-09-30T06:08:33Z parking/lantai-1/slot/A3 {"slot_id": "A3", "status": "OCCUPIED", "distance_cm": 6.8, "ts": "2026-09-30T04:59:58Z"}
2026-09-30T06:08:33Z parking/lantai-1/slot/A3 {"slot_id": "A3", "status": "FREE", "distance_cm": 33.1, "ts": "2026-09-30T05:00:12Z"}
2026-09-30T06:08:33Z parking/lantai-1/slot/A3 {"slot_id": "A3", "status": "OCCUPIED", "distance_cm": 5.8, "ts": "2026-09-30T05:00:27Z"}
2026-09-30T06:08:33Z parking/lantai-1/slot/A3 {"slot_id": "A3", "status": "FREE", "distance_cm": 34.4, "ts": "2026-09-30T05:00:41Z"}
2026-09-30T06:08:33Z parking/lantai-1/slot/A3 {"slot_id": "A3", "status": "OCCUPIED", "distance_cm": 8.4, "ts": "2026-09-30T05:00:57Z"}
2026-09-30T06:08:33Z parking/lantai-1/slot/A3 {"slot_id": "A3", "status": "FREE", "distance_cm": 35.8, "ts": "2026-09-30T05:01:08Z"}
2026-09-30T06:08:33Z parking/lantai-1/slot/A3 {"slot_id": "A3", "status": "OCCUPIED", "distance_cm": 6.6, "ts": "2026-09-30T05:01:22Z"}
2026-09-30T06:08:33Z parking/lantai-1/slot/A3 {"slot_id": "A3", "status": "FREE", "distance_cm": 33.3, "ts": "2026-09-30T05:01:36Z"}
2026-09-30T06:08:33Z parking/lantai-1/slot/A3 {"slot_id": "A3", "status": "OCCUPIED", "distance_cm": 5.8, "ts": "2026-09-30T05:01:51Z"}
2026-09-30T06:08:33Z parking/lantai-1/slot/A3 {"slot_id": "A3", "status": "FREE", "distance_cm": 39.6, "ts": "2026-09-30T05:02:05Z"}
2026-09-30T06:08:33Z parking/lantai-1/slot/A3 {"slot_id": "A3", "status": "OCCUPIED", "distance_cm": 5.8, "ts": "2026-09-30T05:02:19Z"}
2026-09-30T06:08:33Z parking/lantai-1/slot/A1 {"slot_id": "A1", "status": "OCCUPIED", "distance_cm": 8.6, "ts": "2026-09-30T05:06:54Z"}
2026-09-30T06:08:33Z parking/lantai-1/slot/A1 {"slot_id": "A1", "status": "FREE", "distance_cm": 39.8, "ts": "2026-09-30T05:07:02Z"}
2026-09-30T06:08:33Z parking/lantai-1/slot/A1 {"slot_id": "A1", "status": "OCCUPIED", "distance_cm": 8.5, "ts": "2026-09-30T05:07:10Z"}
2026-09-30T06:08:33Z parking/lantai-1/slot/A1 {"slot_id": "A1", "status": "FREE", "distance_cm": 39.1, "ts": "2026-09-30T05:07:21Z"}
2026-09-30T06:08:33Z parking/lantai-1/slot/A1 {"slot_id": "A1", "status": "OCCUPIED", "distance_cm": 6.0, "ts": "2026-09-30T05:07:27Z"}
2026-09-30T06:08:33Z parking/lantai-1/slot/A1 {"slot_id": "A1", "status": "FREE", "distance_cm": 33.6, "ts": "2026-09-30T05:07:35Z"}
2026-09-30T06:08:33Z parking/lantai-1/slot/A1 {"slot_id": "A1", "status": "OCCUPIED", "distance_cm": 5.2, "ts": "2026-09-30T05:07:43Z"}
2026-09-30T06:08:33Z parking/lantai-1/slot/A1 {"slot_id": "A1", "status": "FREE", "distance_cm": 33.8, "ts": "2026-09-30T05:07:51Z"}
2026-09-30T06:08:33Z parking/lantai-1/slot/A1 {"slot_id": "A1", "status": "OCCUPIED", "distance_cm": 8.8, "ts": "2026-09-30T05:08:01Z"}
2026-09-30T06:08:33Z parking/lantai-1/slot/A1 {"slot_id": "A1", "status": "FREE", "distance_cm": 33.2, "ts": "2026-09-30T05:08:07Z"}
2026-09-30T06:08:33Z parking/lantai-1/slot/A1 {"slot_id": "A1", "status": "OCCUPIED", "distance_cm": 8.5, "ts": "2026-09-30T05:08:15Z"}
2026-09-30T06:08:33Z parking/lantai-1/slot/A2 {"slot_id": "A2", "status": "OCCUPIED", "distance_cm": 6.3, "ts": "2026-09-30T04:59:34Z"}
2026-09-30T06:08:33Z parking/lantai-1/slot/A3 {"slot_id": "A3", "status": "FREE", "distance_cm": 36.4, "ts": "2026-09-30T05:02:33Z"}
2026-09-30T06:08:33Z parking/lantai-1/slot/A3 {"slot_id": "A3", "status": "OCCUPIED", "distance_cm": 5.1, "ts": "2026-09-30T05:02:47Z"}
2026-09-30T06:08:33Z parking/lantai-1/slot/A3 {"slot_id": "A3", "status": "FREE", "distance_cm": 37.5, "ts": "2026-09-30T05:03:01Z"}
2026-09-30T06:08:33Z parking/lantai-1/slot/A1 {"slot_id": "A1", "status": "FREE", "distance_cm": 36.6, "ts": "2026-09-30T05:08:23Z"}
2026-09-30T06:08:33Z parking/lantai-1/slot/A2 {"slot_id": "A2", "status": "FREE", "distance_cm": 36.8, "ts": "2026-09-30T04:59:45Z"}
2026-09-30T06:08:33Z parking/lantai-1/slot/A2 {"slot_id": "A2", "status": "OCCUPIED", "distance_cm": 7.3, "ts": "2026-09-30T04:59:56Z"}
2026-09-30T06:08:33Z parking/lantai-1/slot/A2 {"slot_id": "A2", "status": "FREE", "distance_cm": 38.6, "ts": "2026-09-30T05:00:09Z"}
2026-09-30T06:08:33Z parking/lantai-1/slot/A2 {"slot_id": "A2", "status": "OCCUPIED", "distance_cm": 7.4, "ts": "2026-09-30T05:00:19Z"}
2026-09-30T06:08:33Z parking/lantai-1/slot/A2 {"slot_id": "A2", "status": "FREE", "distance_cm": 37.5, "ts": "2026-09-30T05:00:30Z"}
2026-09-30T06:08:33Z parking/lantai-1/slot/A2 {"slot_id": "A2", "status": "OCCUPIED", "distance_cm": 7.7, "ts": "2026-09-30T05:00:41Z"}
2026-09-30T06:08:33Z parking/lantai-1/slot/A2 {"slot_id": "A2", "status": "FREE", "distance_cm": 33.1, "ts": "2026-09-30T05:00:52Z"}
2026-09-30T06:08:33Z parking/lantai-1/slot/A2 {"slot_id": "A2", "status": "OCCUPIED", "distance_cm": 5.3, "ts": "2026-09-30T05:01:03Z"}
2026-09-30T06:08:33Z parking/lantai-1/slot/A2 {"slot_id": "A2", "status": "FREE", "distance_cm": 33.1, "ts": "2026-09-30T05:01:14Z"}
2026-09-30T06:08:33Z parking/lantai-1/slot/A2 {"slot_id": "A2", "status": "OCCUPIED", "distance_cm": 5.8, "ts": "2026-09-30T05:01:25Z"}
2026-09-30T06:08:33Z parking/lantai-1/slot/A2 {"slot_id": "A2", "status": "FREE", "distance_cm": 34.1, "ts": "2026-09-30T05:01:35Z"}
2026-09-30T06:08:33Z parking/lantai-1/slot/A2 {"slot_id": "A2", "status": "OCCUPIED", "distance_cm": 9.0, "ts": "2026-09-30T05:01:48Z"}
2026-09-30T06:08:33Z parking/lantai-1/slot/A2 {"slot_id": "A2", "status": "FREE", "distance_cm": 33.2, "ts": "2026-09-30T05:01:58Z"}
2026-09-30T06:08:33Z parking/lantai-1/slot/A2 {"slot_id": "A2", "status": "OCCUPIED", "distance_cm": 6.6, "ts": "2026-09-30T05:02:09Z"}
2026-09-30T06:08:33Z parking/lantai-1/slot/A2 {"slot_id": "A2", "status": "FREE", "distance_cm": 38.0, "ts": "2026-09-30T05:02:20Z"}
2026-09-30T06:08:33Z parking/lantai-1/slot/A2 {"slot_id": "A2", "status": "OCCUPIED", "distance_cm": 5.4, "ts": "2026-09-30T05:02:31Z"}
2026-09-30T06:08:33Z parking/lantai-1/slot/A2 {"slot_id": "A2", "status": "FREE", "distance_cm": 39.7, "ts": "2026-09-30T05:02:42Z"}
2026-09-30T06:08:33Z parking/lantai-1/slot/A2 {"slot_id": "A2", "status": "OCCUPIED", "distance_cm": 5.4, "ts": "2026-09-30T05:02:53Z"}
2026-09-30T06:08:33Z parking/lantai-1/slot/A2 {"slot_id": "A2", "status": "FREE", "distance_cm": 37.6, "ts": "2026-09-30T05:03:06Z"}
2026-09-30T06:08:33Z parking/lantai-1/slot/A1 {"slot_id": "A1", "status": "OCCUPIED", "distance_cm": 6.5, "ts": "2026-09-30T05:08:31Z"}
2026-09-30T06:08:33Z parking/lantai-1/slot/A1 {"slot_id": "A1", "status": "FREE", "distance_cm": 36.6, "ts": "2026-09-30T05:08:40Z"}
2026-09-30T06:08:33Z parking/lantai-1/slot/A1 {"slot_id": "A1", "status": "OCCUPIED", "distance_cm": 6.4, "ts": "2026-09-30T05:08:48Z"}
2026-09-30T06:08:33Z parking/lantai-1/slot/A1 {"slot_id": "A1", "status": "FREE", "distance_cm": 34.9, "ts": "2026-09-30T05:08:55Z"}
2026-09-30T06:08:33Z parking/lantai-1/slot/A1 {"slot_id": "A1", "status": "OCCUPIED", "distance_cm": 7.9, "ts": "2026-09-30T05:09:03Z"}
2026-09-30T06:08:33Z parking/lantai-1/slot/A1 {"slot_id": "A1", "status": "FREE", "distance_cm": 37.5, "ts": "2026-09-30T05:09:13Z"}
2026-09-30T06:08:33Z parking/lantai-1/slot/A1 {"slot_id": "A1", "status": "OCCUPIED", "distance_cm": 8.1, "ts": "2026-09-30T05:09:19Z"}
2026-09-30T06:08:33Z parking/lantai-1/slot/A1 {"slot_id": "A1", "status": "FREE", "distance_cm": 35.7, "ts": "2026-09-30T05:09:27Z"}
2026-09-30T06:08:33Z parking/lantai-1/slot/A3 {"slot_id": "A3", "status": "OCCUPIED", "distance_cm": 8.9, "ts": "2026-09-30T05:03:16Z"}
2026-09-30T06:08:33Z parking/lantai-1/slot/A3 {"slot_id": "A3", "status": "FREE", "distance_cm": 34.3, "ts": "2026-09-30T05:03:30Z"}
2026-09-30T06:08:33Z parking/lantai-1/slot/A3 {"slot_id": "A3", "status": "OCCUPIED", "distance_cm": 5.2, "ts": "2026-09-30T05:03:44Z"}
2026-09-30T06:08:33Z parking/lantai-1/slot/A3 {"slot_id": "A3", "status": "FREE", "distance_cm": 37.2, "ts": "2026-09-30T05:03:57Z"}
2026-09-30T06:08:33Z parking/lantai-1/slot/A3 {"slot_id": "A3", "status": "OCCUPIED", "distance_cm": 8.4, "ts": "2026-09-30T05:04:11Z"}
2026-09-30T06:08:33Z parking/lantai-1/slot/A3 {"slot_id": "A3", "status": "FREE", "distance_cm": 33.4, "ts": "2026-09-30T05:04:28Z"}
2026-09-30T06:08:33Z parking/lantai-1/slot/A3 {"slot_id": "A3", "status": "OCCUPIED", "distance_cm": 6.4, "ts": "2026-09-30T05:04:39Z"}
2026-09-30T06:08:33Z parking/lantai-1/slot/A3 {"slot_id": "A3", "status": "FREE", "distance_cm": 37.1, "ts": "2026-09-30T05:04:53Z"}
2026-09-30T06:08:33Z parking/lantai-1/slot/A3 {"slot_id": "A3", "status": "OCCUPIED", "distance_cm": 8.9, "ts": "2026-09-30T05:05:07Z"}
2026-09-30T06:08:33Z parking/lantai-1/slot/A3 {"slot_id": "A3", "status": "FREE", "distance_cm": 38.2, "ts": "2026-09-30T05:05:21Z"}
2026-09-30T06:08:33Z parking/lantai-1/slot/A3 {"slot_id": "A3", "status": "OCCUPIED", "distance_cm": 6.1, "ts": "2026-09-30T05:05:35Z"}
2026-09-30T06:08:33Z parking/lantai-1/slot/A3 {"slot_id": "A3", "status": "FREE", "distance_cm": 34.0, "ts": "2026-09-30T05:05:57Z"}
2026-09-30T06:08:33Z parking/lantai-1/slot/A3 {"slot_id": "A3", "status": "OCCUPIED", "distance_cm": 7.2, "ts": "2026-09-30T05:06:02Z"}
2026-09-30T06:08:33Z parking/lantai-1/slot/A3 {"slot_id": "A3", "status": "FREE", "distance_cm": 37.6, "ts": "2026-09-30T05:06:16Z"}
2026-09-30T06:08:33Z parking/lantai-1/slot/A3 {"slot_id": "A3", "status": "OCCUPIED", "distance_cm": 5.7, "ts": "2026-09-30T05:06:32Z"}
2026-09-30T06:08:33Z parking/lantai-1/slot/A3 {"slot_id": "A3", "status": "FREE", "distance_cm": 36.2, "ts": "2026-09-30T05:06:44Z"}
2026-09-30T06:08:33Z parking/lantai-1/slot/A3 {"slot_id": "A3", "status": "OCCUPIED", "distance_cm": 8.2, "ts": "2026-09-30T05:06:58Z"}
2026-09-30T06:08:33Z parking/lantai-1/slot/A2 {"slot_id": "A2", "status": "OCCUPIED", "distance_cm": 5.2, "ts": "2026-09-30T05:03:15Z"}
2026-09-30T06:08:33Z parking/lantai-1/slot/A3 {"slot_id": "A3", "status": "FREE", "distance_cm": 38.7, "ts": "2026-09-30T05:07:12Z"}
2026-09-30T06:08:33Z parking/lantai-1/slot/A1 {"slot_id": "A1", "status": "OCCUPIED", "distance_cm": 8.3, "ts": "2026-09-30T05:09:34Z"}
2026-09-30T06:08:33Z parking/lantai-1/slot/A1 {"slot_id": "A1", "status": "FREE", "distance_cm": 39.2, "ts": "2026-09-30T05:09:43Z"}
2026-09-30T06:08:33Z parking/lantai-1/slot/A1 {"slot_id": "A1", "status": "OCCUPIED", "distance_cm": 5.7, "ts": "2026-09-30T05:09:51Z"}
2026-09-30T06:08:33Z parking/lantai-1/slot/A1 {"slot_id": "A1", "status": "FREE", "distance_cm": 38.2, "ts": "2026-09-30T05:10:06Z"}
2026-09-30T06:08:33Z parking/lantai-1/slot/A1 {"slot_id": "A1", "status": "OCCUPIED", "distance_cm": 8.2, "ts": "2026-09-30T05:10:08Z"}
2026-09-30T06:08:33Z parking/lantai-1/slot/A1 {"slot_id": "A1", "status": "FREE", "distance_cm": 37.1, "ts": "2026-09-30T05:10:15Z"}
2026-09-30T06:08:33Z parking/lantai-1/slot/A1 {"slot_id": "A1", "status": "OCCUPIED", "distance_cm": 6.5, "ts": "2026-09-30T05:10:23Z"}
2026-09-30T06:08:33Z parking/lantai-1/slot/A1 {"slot_id": "A1", "status": "FREE", "distance_cm": 37.5, "ts": "2026-09-30T05:10:32Z"}
2026-09-30T06:08:33Z parking/lantai-1/slot/A1 {"slot_id": "A1", "status": "OCCUPIED", "distance_cm": 5.7, "ts": "2026-09-30T05:10:43Z"}
2026-09-30T06:08:33Z parking/lantai-1/slot/A1 {"slot_id": "A1", "status": "FREE", "distance_cm": 36.3, "ts": "2026-09-30T05:10:47Z"}
2026-09-30T06:08:33Z parking/lantai-1/slot/A1 {"slot_id": "A1", "status": "OCCUPIED", "distance_cm": 5.4, "ts": "2026-09-30T05:10:57Z"}
2026-09-30T06:08:33Z parking/lantai-1/slot/A2 {"slot_id": "A2", "status": "FREE", "distance_cm": 39.8, "ts": "2026-09-30T05:03:26Z"}
2026-09-30T06:08:33Z parking/lantai-1/slot/A2 {"slot_id": "A2", "status": "OCCUPIED", "distance_cm": 6.3, "ts": "2026-09-30T05:03:37Z"}
2026-09-30T06:08:33Z parking/lantai-1/slot/A2 {"slot_id": "A2", "status": "FREE", "distance_cm": 34.2, "ts": "2026-09-30T05:03:50Z"}
2026-09-30T06:08:33Z parking/lantai-1/slot/A2 {"slot_id": "A2", "status": "OCCUPIED", "distance_cm": 6.0, "ts": "2026-09-30T05:03:59Z"}
2026-09-30T06:08:33Z parking/lantai-1/slot/A2 {"slot_id": "A2", "status": "FREE", "distance_cm": 33.6, "ts": "2026-09-30T05:04:10Z"}
2026-09-30T06:08:33Z parking/lantai-1/slot/A2 {"slot_id": "A2", "status": "OCCUPIED", "distance_cm": 8.0, "ts": "2026-09-30T05:04:27Z"}
2026-09-30T06:08:33Z parking/lantai-1/slot/A2 {"slot_id": "A2", "status": "FREE", "distance_cm": 39.1, "ts": "2026-09-30T05:04:32Z"}
2026-09-30T06:08:33Z parking/lantai-1/slot/A2 {"slot_id": "A2", "status": "OCCUPIED", "distance_cm": 6.3, "ts": "2026-09-30T05:04:43Z"}
2026-09-30T06:08:33Z parking/lantai-1/slot/A2 {"slot_id": "A2", "status": "FREE", "distance_cm": 35.3, "ts": "2026-09-30T05:04:54Z"}
2026-09-30T06:08:33Z parking/lantai-1/slot/A2 {"slot_id": "A2", "status": "OCCUPIED", "distance_cm": 7.1, "ts": "2026-09-30T05:05:06Z"}
2026-09-30T06:08:33Z parking/lantai-1/slot/A2 {"slot_id": "A2", "status": "FREE", "distance_cm": 35.4, "ts": "2026-09-30T05:05:20Z"}
2026-09-30T06:08:33Z parking/lantai-1/slot/A2 {"slot_id": "A2", "status": "OCCUPIED", "distance_cm": 6.0, "ts": "2026-09-30T05:05:27Z"}
2026-09-30T06:08:33Z parking/lantai-1/slot/A2 {"slot_id": "A2", "status": "FREE", "distance_cm": 33.8, "ts": "2026-09-30T05:05:38Z"}
2026-09-30T06:08:33Z parking/lantai-1/slot/A2 {"slot_id": "A2", "status": "OCCUPIED", "distance_cm": 8.3, "ts": "2026-09-30T05:05:57Z"}
2026-09-30T06:08:33Z parking/lantai-1/slot/A2 {"slot_id": "A2", "status": "FREE", "distance_cm": 33.1, "ts": "2026-09-30T05:05:59Z"}
2026-09-30T06:08:33Z parking/lantai-1/slot/A2 {"slot_id": "A2", "status": "OCCUPIED", "distance_cm": 8.6, "ts": "2026-09-30T05:06:11Z"}
2026-09-30T06:08:33Z parking/lantai-1/slot/A2 {"slot_id": "A2", "status": "FREE", "distance_cm": 35.7, "ts": "2026-09-30T05:06:21Z"}
2026-09-30T06:08:33Z parking/lantai-1/slot/A2 {"slot_id": "A2", "status": "OCCUPIED", "distance_cm": 5.2, "ts": "2026-09-30T05:06:33Z"}
2026-09-30T06:08:33Z parking/lantai-1/slot/A2 {"slot_id": "A2", "status": "FREE", "distance_cm": 33.7, "ts": "2026-09-30T05:06:43Z"}
2026-09-30T06:08:33Z parking/lantai-1/slot/A1 {"slot_id": "A1", "status": "FREE", "distance_cm": 33.1, "ts": "2026-09-30T05:11:03Z"}
2026-09-30T06:08:33Z parking/lantai-1/slot/A3 {"slot_id": "A3", "status": "OCCUPIED", "distance_cm": 8.9, "ts": "2026-09-30T05:07:26Z"}
2026-09-30T06:08:33Z parking/lantai-1/slot/A3 {"slot_id": "A3", "status": "FREE", "distance_cm": 36.5, "ts": "2026-09-30T05:07:41Z"}
2026-09-30T06:08:33Z parking/lantai-1/slot/A2 {"slot_id": "A2", "status": "OCCUPIED", "distance_cm": 5.2, "ts": "2026-09-30T05:06:54Z"}
2026-09-30T06:08:33Z parking/lantai-1/slot/A1 {"slot_id": "A1", "status": "OCCUPIED", "distance_cm": 8.8, "ts": "2026-09-30T05:11:11Z"}
2026-09-30T06:08:33Z parking/lantai-1/slot/A1 {"slot_id": "A1", "status": "FREE", "distance_cm": 37.6, "ts": "2026-09-30T05:11:19Z"}
2026-09-30T06:08:33Z parking/lantai-1/slot/A1 {"slot_id": "A1", "status": "OCCUPIED", "distance_cm": 6.7, "ts": "2026-09-30T05:11:27Z"}
2026-09-30T06:08:33Z parking/lantai-1/slot/A1 {"slot_id": "A1", "status": "FREE", "distance_cm": 35.2, "ts": "2026-09-30T05:11:35Z"}
2026-09-30T06:08:33Z parking/lantai-1/slot/A1 {"slot_id": "A1", "status": "OCCUPIED", "distance_cm": 5.4, "ts": "2026-09-30T05:11:43Z"}
2026-09-30T06:08:33Z parking/lantai-1/slot/A1 {"slot_id": "A1", "status": "FREE", "distance_cm": 38.0, "ts": "2026-09-30T05:12:06Z"}
2026-09-30T06:08:33Z parking/lantai-1/slot/A1 {"slot_id": "A1", "status": "OCCUPIED", "distance_cm": 6.2, "ts": "2026-09-30T05:12:14Z"}
2026-09-30T06:08:33Z parking/lantai-1/slot/A1 {"slot_id": "A1", "status": "FREE", "distance_cm": 37.1, "ts": "2026-09-30T05:12:22Z"}
2026-09-30T06:08:33Z parking/lantai-1/slot/A3 {"slot_id": "A3", "status": "OCCUPIED", "distance_cm": 5.5, "ts": "2026-09-30T05:07:55Z"}
2026-09-30T06:08:33Z parking/lantai-1/slot/A3 {"slot_id": "A3", "status": "FREE", "distance_cm": 39.9, "ts": "2026-09-30T05:08:09Z"}
2026-09-30T06:08:33Z parking/lantai-1/slot/A3 {"slot_id": "A3", "status": "OCCUPIED", "distance_cm": 6.2, "ts": "2026-09-30T05:08:23Z"}
2026-09-30T06:08:33Z parking/lantai-1/slot/A3 {"slot_id": "A3", "status": "FREE", "distance_cm": 37.2, "ts": "2026-09-30T05:08:37Z"}
2026-09-30T06:08:33Z parking/lantai-1/slot/A3 {"slot_id": "A3", "status": "OCCUPIED", "distance_cm": 6.9, "ts": "2026-09-30T05:08:52Z"}
2026-09-30T06:08:33Z parking/lantai-1/slot/A3 {"slot_id": "A3", "status": "FREE", "distance_cm": 33.9, "ts": "2026-09-30T05:09:05Z"}
2026-09-30T06:08:33Z parking/lantai-1/slot/A3 {"slot_id": "A3", "status": "OCCUPIED", "distance_cm": 7.3, "ts": "2026-09-30T05:09:19Z"}
2026-09-30T06:08:33Z parking/lantai-1/slot/A3 {"slot_id": "A3", "status": "FREE", "distance_cm": 33.1, "ts": "2026-09-30T05:09:33Z"}
2026-09-30T06:08:33Z parking/lantai-1/slot/A3 {"slot_id": "A3", "status": "OCCUPIED", "distance_cm": 5.8, "ts": "2026-09-30T05:09:47Z"}
2026-09-30T06:08:33Z parking/lantai-1/slot/A3 {"slot_id": "A3", "status": "FREE", "distance_cm": 34.9, "ts": "2026-09-30T05:10:06Z"}
2026-09-30T06:08:33Z parking/lantai-1/slot/A3 {"slot_id": "A3", "status": "OCCUPIED", "distance_cm": 5.4, "ts": "2026-09-30T05:10:15Z"}
2026-09-30T06:08:33Z parking/lantai-1/slot/A3 {"slot_id": "A3", "status": "FREE", "distance_cm": 39.0, "ts": "2026-09-30T05:10:29Z"}
2026-09-30T06:08:33Z parking/lantai-1/slot/A3 {"slot_id": "A3", "status": "OCCUPIED", "distance_cm": 7.6, "ts": "2026-09-30T05:10:43Z"}
2026-09-30T06:08:33Z parking/lantai-1/slot/A3 {"slot_id": "A3", "status": "FREE", "distance_cm": 34.0, "ts": "2026-09-30T05:10:57Z"}
2026-09-30T06:08:33Z parking/lantai-1/slot/A3 {"slot_id": "A3", "status": "OCCUPIED", "distance_cm": 5.9, "ts": "2026-09-30T05:11:11Z"}
2026-09-30T06:08:33Z parking/lantai-1/slot/A3 {"slot_id": "A3", "status": "FREE", "distance_cm": 33.6, "ts": "2026-09-30T05:11:25Z"}
2026-09-30T06:08:33Z parking/lantai-1/slot/A3 {"slot_id": "A3", "status": "OCCUPIED", "distance_cm": 6.1, "ts": "2026-09-30T05:11:39Z"}
2026-09-30T06:08:33Z parking/lantai-1/slot/A1 {"slot_id": "A1", "status": "OCCUPIED", "distance_cm": 6.0, "ts": "2026-09-30T05:12:30Z"}
2026-09-30T06:08:33Z parking/lantai-1/slot/A1 {"slot_id": "A1", "status": "FREE", "distance_cm": 38.1, "ts": "2026-09-30T05:12:40Z"}
2026-09-30T06:08:33Z parking/lantai-1/slot/A1 {"slot_id": "A1", "status": "OCCUPIED", "distance_cm": 5.5, "ts": "2026-09-30T05:12:47Z"}
2026-09-30T06:08:33Z parking/lantai-1/slot/A1 {"slot_id": "A1", "status": "FREE", "distance_cm": 35.2, "ts": "2026-09-30T05:12:55Z"}
2026-09-30T06:08:33Z parking/lantai-1/slot/A1 {"slot_id": "A1", "status": "OCCUPIED", "distance_cm": 7.2, "ts": "2026-09-30T05:13:02Z"}
2026-09-30T06:08:33Z parking/lantai-1/slot/A1 {"slot_id": "A1", "status": "FREE", "distance_cm": 34.5, "ts": "2026-09-30T05:13:27Z"}
2026-09-30T06:08:33Z parking/lantai-1/slot/A1 {"slot_id": "A1", "status": "OCCUPIED", "distance_cm": 6.1, "ts": "2026-09-30T05:13:35Z"}
2026-09-30T06:08:33Z parking/lantai-1/slot/A1 {"slot_id": "A1", "status": "FREE", "distance_cm": 35.4, "ts": "2026-09-30T05:13:43Z"}
2026-09-30T06:08:33Z parking/lantai-1/slot/A1 {"slot_id": "A1", "status": "OCCUPIED", "distance_cm": 6.1, "ts": "2026-09-30T05:13:54Z"}
2026-09-30T06:08:33Z parking/lantai-1/slot/A1 {"slot_id": "A1", "status": "FREE", "distance_cm": 34.3, "ts": "2026-09-30T05:13:59Z"}
2026-09-30T06:08:33Z parking/lantai-1/slot/A1 {"slot_id": "A1", "status": "OCCUPIED", "distance_cm": 5.7, "ts": "2026-09-30T05:14:07Z"}
2026-09-30T06:08:33Z parking/lantai-1/slot/A2 {"slot_id": "A2", "status": "FREE", "distance_cm": 38.6, "ts": "2026-09-30T05:07:05Z"}
2026-09-30T06:08:33Z parking/lantai-1/slot/A2 {"slot_id": "A2", "status": "OCCUPIED", "distance_cm": 5.9, "ts": "2026-09-30T05:07:17Z"}
2026-09-30T06:08:33Z parking/lantai-1/slot/A2 {"slot_id": "A2", "status": "FREE", "distance_cm": 34.6, "ts": "2026-09-30T05:07:27Z"}
2026-09-30T06:08:33Z parking/lantai-1/slot/A2 {"slot_id": "A2", "status": "OCCUPIED", "distance_cm": 5.6, "ts": "2026-09-30T05:07:39Z"}
2026-09-30T06:08:33Z parking/lantai-1/slot/A2 {"slot_id": "A2", "status": "FREE", "distance_cm": 39.2, "ts": "2026-09-30T05:07:50Z"}
2026-09-30T06:08:33Z parking/lantai-1/slot/A2 {"slot_id": "A2", "status": "OCCUPIED", "distance_cm": 7.0, "ts": "2026-09-30T05:08:01Z"}
2026-09-30T06:08:33Z parking/lantai-1/slot/A2 {"slot_id": "A2", "status": "FREE", "distance_cm": 38.3, "ts": "2026-09-30T05:08:11Z"}
2026-09-30T06:08:33Z parking/lantai-1/slot/A2 {"slot_id": "A2", "status": "OCCUPIED", "distance_cm": 8.3, "ts": "2026-09-30T05:08:23Z"}
2026-09-30T06:08:33Z parking/lantai-1/slot/A2 {"slot_id": "A2", "status": "FREE", "distance_cm": 38.5, "ts": "2026-09-30T05:08:33Z"}
2026-09-30T06:08:33Z parking/lantai-1/slot/A2 {"slot_id": "A2", "status": "OCCUPIED", "distance_cm": 6.0, "ts": "2026-09-30T05:08:46Z"}
2026-09-30T06:08:33Z parking/lantai-1/slot/A2 {"slot_id": "A2", "status": "FREE", "distance_cm": 33.4, "ts": "2026-09-30T05:08:56Z"}
2026-09-30T06:08:33Z parking/lantai-1/slot/A2 {"slot_id": "A2", "status": "OCCUPIED", "distance_cm": 8.4, "ts": "2026-09-30T05:09:07Z"}
2026-09-30T06:08:33Z parking/lantai-1/slot/A2 {"slot_id": "A2", "status": "FREE", "distance_cm": 35.7, "ts": "2026-09-30T05:09:18Z"}
2026-09-30T06:08:33Z parking/lantai-1/slot/A2 {"slot_id": "A2", "status": "OCCUPIED", "distance_cm": 8.6, "ts": "2026-09-30T05:09:29Z"}
2026-09-30T06:08:33Z parking/lantai-1/slot/A2 {"slot_id": "A2", "status": "FREE", "distance_cm": 33.1, "ts": "2026-09-30T05:09:40Z"}
2026-09-30T06:08:33Z parking/lantai-1/slot/A2 {"slot_id": "A2", "status": "OCCUPIED", "distance_cm": 6.7, "ts": "2026-09-30T05:09:51Z"}
2026-09-30T06:08:33Z parking/lantai-1/slot/A2 {"slot_id": "A2", "status": "FREE", "distance_cm": 36.2, "ts": "2026-09-30T05:10:08Z"}
2026-09-30T06:08:33Z parking/lantai-1/slot/A2 {"slot_id": "A2", "status": "OCCUPIED", "distance_cm": 5.6, "ts": "2026-09-30T05:10:13Z"}
2026-09-30T06:08:33Z parking/lantai-1/slot/A2 {"slot_id": "A2", "status": "FREE", "distance_cm": 37.8, "ts": "2026-09-30T05:10:24Z"}
2026-09-30T06:08:33Z parking/lantai-1/slot/A3 {"slot_id": "A3", "status": "FREE", "distance_cm": 35.2, "ts": "2026-09-30T05:11:56Z"}
2026-09-30T06:08:33Z parking/lantai-1/slot/A2 {"slot_id": "A2", "status": "OCCUPIED", "distance_cm": 5.6, "ts": "2026-09-30T05:10:35Z"}
2026-09-30T06:08:33Z parking/lantai-1/slot/A1 {"slot_id": "A1", "status": "FREE", "distance_cm": 36.0, "ts": "2026-09-30T05:14:15Z"}
2026-09-30T06:08:33Z parking/lantai-1/slot/A3 {"slot_id": "A3", "status": "OCCUPIED", "distance_cm": 2.0, "ts": "2026-09-30T05:12:07Z"}
2026-09-30T06:08:33Z parking/lantai-1/slot/A3 {"slot_id": "A3", "status": "FREE", "distance_cm": 35.7, "ts": "2026-09-30T05:12:20Z"}
2026-09-30T06:08:33Z parking/lantai-1/slot/A2 {"slot_id": "A2", "status": "FREE", "distance_cm": 37.1, "ts": "2026-09-30T05:10:46Z"}
2026-09-30T06:08:33Z parking/lantai-1/slot/A1 {"slot_id": "A1", "status": "OCCUPIED", "distance_cm": 8.2, "ts": "2026-09-30T05:14:23Z"}
2026-09-30T06:08:33Z parking/lantai-1/slot/A1 {"slot_id": "A1", "status": "FREE", "distance_cm": 36.7, "ts": "2026-09-30T05:14:34Z"}
2026-09-30T06:08:33Z parking/lantai-1/slot/A1 {"slot_id": "A1", "status": "OCCUPIED", "distance_cm": 5.7, "ts": "2026-09-30T05:14:41Z"}
2026-09-30T06:08:33Z parking/lantai-1/slot/A1 {"slot_id": "A1", "status": "FREE", "distance_cm": 36.3, "ts": "2026-09-30T05:14:49Z"}
2026-09-30T06:08:33Z parking/lantai-1/slot/A1 {"slot_id": "A1", "status": "OCCUPIED", "distance_cm": 7.0, "ts": "2026-09-30T05:14:55Z"}
2026-09-30T06:08:33Z parking/lantai-1/slot/A1 {"slot_id": "A1", "status": "FREE", "distance_cm": 38.0, "ts": "2026-09-30T05:15:03Z"}
2026-09-30T06:08:33Z parking/lantai-1/slot/A1 {"slot_id": "A1", "status": "OCCUPIED", "distance_cm": 7.9, "ts": "2026-09-30T05:15:12Z"}
2026-09-30T06:08:33Z parking/lantai-1/slot/A1 {"slot_id": "A1", "status": "FREE", "distance_cm": 35.6, "ts": "2026-09-30T05:15:21Z"}
2026-09-30T06:08:33Z parking/lantai-1/slot/A3 {"slot_id": "A3", "status": "OCCUPIED", "distance_cm": 7.2, "ts": "2026-09-30T05:12:39Z"}
2026-09-30T06:08:33Z parking/lantai-1/slot/A3 {"slot_id": "A3", "status": "FREE", "distance_cm": 36.2, "ts": "2026-09-30T05:12:49Z"}
2026-09-30T06:08:33Z parking/lantai-1/slot/A3 {"slot_id": "A3", "status": "OCCUPIED", "distance_cm": 8.1, "ts": "2026-09-30T05:13:02Z"}
2026-09-30T06:08:33Z parking/lantai-1/slot/A3 {"slot_id": "A3", "status": "FREE", "distance_cm": 33.6, "ts": "2026-09-30T05:13:19Z"}
2026-09-30T06:08:33Z parking/lantai-1/slot/A3 {"slot_id": "A3", "status": "OCCUPIED", "distance_cm": 5.0, "ts": "2026-09-30T05:13:31Z"}
2026-09-30T06:08:33Z parking/lantai-1/slot/A3 {"slot_id": "A3", "status": "FREE", "distance_cm": 37.0, "ts": "2026-09-30T05:13:45Z"}
2026-09-30T06:08:33Z parking/lantai-1/slot/A3 {"slot_id": "A3", "status": "OCCUPIED", "distance_cm": 2.0, "ts": "2026-09-30T05:13:59Z"}
2026-09-30T06:08:33Z parking/lantai-1/slot/A3 {"slot_id": "A3", "status": "FREE", "distance_cm": 34.3, "ts": "2026-09-30T05:14:13Z"}
2026-09-30T06:08:33Z parking/lantai-1/slot/A3 {"slot_id": "A3", "status": "OCCUPIED", "distance_cm": 5.6, "ts": "2026-09-30T05:14:28Z"}
2026-09-30T06:08:33Z parking/lantai-1/slot/A3 {"slot_id": "A3", "status": "FREE", "distance_cm": 39.5, "ts": "2026-09-30T05:14:42Z"}
2026-09-30T06:08:33Z parking/lantai-1/slot/A3 {"slot_id": "A3", "status": "OCCUPIED", "distance_cm": 6.8, "ts": "2026-09-30T05:14:55Z"}
2026-09-30T06:08:33Z parking/lantai-1/slot/A3 {"slot_id": "A3", "status": "FREE", "distance_cm": 33.7, "ts": "2026-09-30T05:15:10Z"}
2026-09-30T06:08:33Z parking/lantai-1/slot/A3 {"slot_id": "A3", "status": "OCCUPIED", "distance_cm": 8.0, "ts": "2026-09-30T05:15:23Z"}
2026-09-30T06:08:33Z parking/lantai-1/slot/A3 {"slot_id": "A3", "status": "FREE", "distance_cm": 37.2, "ts": "2026-09-30T05:15:39Z"}
2026-09-30T06:08:33Z parking/lantai-1/slot/A3 {"slot_id": "A3", "status": "OCCUPIED", "distance_cm": 7.6, "ts": "2026-09-30T05:15:51Z"}
2026-09-30T06:08:33Z parking/lantai-1/slot/A3 {"slot_id": "A3", "status": "FREE", "distance_cm": 36.4, "ts": "2026-09-30T05:16:04Z"}
2026-09-30T06:08:33Z parking/lantai-1/slot/A3 {"slot_id": "A3", "status": "OCCUPIED", "distance_cm": 5.9, "ts": "2026-09-30T05:16:18Z"}
2026-09-30T06:08:33Z parking/lantai-1/slot/A3 {"slot_id": "A3", "status": "FREE", "distance_cm": 33.2, "ts": "2026-09-30T05:16:38Z"}
2026-09-30T06:08:33Z parking/lantai-1/slot/A1 {"slot_id": "A1", "status": "OCCUPIED", "distance_cm": 7.0, "ts": "2026-09-30T05:15:27Z"}
2026-09-30T06:08:33Z parking/lantai-1/slot/A1 {"slot_id": "A1", "status": "FREE", "distance_cm": 36.4, "ts": "2026-09-30T05:15:36Z"}
2026-09-30T06:08:33Z parking/lantai-1/slot/A1 {"slot_id": "A1", "status": "OCCUPIED", "distance_cm": 8.0, "ts": "2026-09-30T05:15:43Z"}
2026-09-30T06:08:33Z parking/lantai-1/slot/A1 {"slot_id": "A1", "status": "FREE", "distance_cm": 34.4, "ts": "2026-09-30T05:15:59Z"}
2026-09-30T06:08:33Z parking/lantai-1/slot/A1 {"slot_id": "A1", "status": "OCCUPIED", "distance_cm": 5.1, "ts": "2026-09-30T05:16:01Z"}
2026-09-30T06:08:33Z parking/lantai-1/slot/A1 {"slot_id": "A1", "status": "FREE", "distance_cm": 38.8, "ts": "2026-09-30T05:16:07Z"}
2026-09-30T06:08:33Z parking/lantai-1/slot/A1 {"slot_id": "A1", "status": "OCCUPIED", "distance_cm": 8.5, "ts": "2026-09-30T05:16:16Z"}
2026-09-30T06:08:33Z parking/lantai-1/slot/A1 {"slot_id": "A1", "status": "FREE", "distance_cm": 33.3, "ts": "2026-09-30T05:16:23Z"}
2026-09-30T06:08:33Z parking/lantai-1/slot/A1 {"slot_id": "A1", "status": "OCCUPIED", "distance_cm": 8.4, "ts": "2026-09-30T05:16:31Z"}
2026-09-30T06:08:33Z parking/lantai-1/slot/A1 {"slot_id": "A1", "status": "FREE", "distance_cm": 38.7, "ts": "2026-09-30T05:16:44Z"}
2026-09-30T06:08:33Z parking/lantai-1/slot/A1 {"slot_id": "A1", "status": "OCCUPIED", "distance_cm": 6.9, "ts": "2026-09-30T05:16:47Z"}
2026-09-30T06:08:33Z parking/lantai-1/slot/A2 {"slot_id": "A2", "status": "OCCUPIED", "distance_cm": 5.2, "ts": "2026-09-30T05:10:57Z"}
2026-09-30T06:08:33Z parking/lantai-1/slot/A2 {"slot_id": "A2", "status": "FREE", "distance_cm": 35.7, "ts": "2026-09-30T05:11:08Z"}
2026-09-30T06:08:33Z parking/lantai-1/slot/A2 {"slot_id": "A2", "status": "OCCUPIED", "distance_cm": 8.9, "ts": "2026-09-30T05:11:19Z"}
2026-09-30T06:08:33Z parking/lantai-1/slot/A2 {"slot_id": "A2", "status": "FREE", "distance_cm": 34.4, "ts": "2026-09-30T05:11:30Z"}
2026-09-30T06:08:33Z parking/lantai-1/slot/A2 {"slot_id": "A2", "status": "OCCUPIED", "distance_cm": 6.7, "ts": "2026-09-30T05:11:41Z"}
2026-09-30T06:08:33Z parking/lantai-1/slot/A2 {"slot_id": "A2", "status": "FREE", "distance_cm": 38.7, "ts": "2026-09-30T05:11:56Z"}
2026-09-30T06:08:33Z parking/lantai-1/slot/A2 {"slot_id": "A2", "status": "OCCUPIED", "distance_cm": 5.5, "ts": "2026-09-30T05:12:02Z"}
2026-09-30T06:08:33Z parking/lantai-1/slot/A2 {"slot_id": "A2", "status": "FREE", "distance_cm": 36.1, "ts": "2026-09-30T05:12:13Z"}
2026-09-30T06:08:33Z parking/lantai-1/slot/A2 {"slot_id": "A2", "status": "OCCUPIED", "distance_cm": 6.9, "ts": "2026-09-30T05:12:24Z"}
2026-09-30T06:08:34Z parking/lantai-1/slot/A2 {"slot_id": "A2", "status": "FREE", "distance_cm": 34.7, "ts": "2026-09-30T05:12:35Z"}
2026-09-30T06:08:34Z parking/lantai-1/slot/A2 {"slot_id": "A2", "status": "OCCUPIED", "distance_cm": 6.0, "ts": "2026-09-30T05:12:47Z"}
2026-09-30T06:08:34Z parking/lantai-1/slot/A2 {"slot_id": "A2", "status": "FREE", "distance_cm": 34.9, "ts": "2026-09-30T05:12:57Z"}
2026-09-30T06:08:34Z parking/lantai-1/slot/A2 {"slot_id": "A2", "status": "OCCUPIED", "distance_cm": 6.3, "ts": "2026-09-30T05:13:14Z"}
2026-09-30T06:08:34Z parking/lantai-1/slot/A2 {"slot_id": "A2", "status": "FREE", "distance_cm": 33.6, "ts": "2026-09-30T05:13:21Z"}
2026-09-30T06:08:34Z parking/lantai-1/slot/A2 {"slot_id": "A2", "status": "OCCUPIED", "distance_cm": 5.2, "ts": "2026-09-30T05:13:31Z"}
2026-09-30T06:08:34Z parking/lantai-1/slot/A2 {"slot_id": "A2", "status": "FREE", "distance_cm": 34.3, "ts": "2026-09-30T05:13:42Z"}
2026-09-30T06:08:34Z parking/lantai-1/slot/A2 {"slot_id": "A2", "status": "OCCUPIED", "distance_cm": 6.5, "ts": "2026-09-30T05:13:53Z"}
2026-09-30T06:08:34Z parking/lantai-1/slot/A2 {"slot_id": "A2", "status": "FREE", "distance_cm": 36.1, "ts": "2026-09-30T05:14:04Z"}
2026-09-30T06:08:34Z parking/lantai-1/slot/A2 {"slot_id": "A2", "status": "OCCUPIED", "distance_cm": 7.9, "ts": "2026-09-30T05:14:15Z"}
2026-09-30T06:08:34Z parking/lantai-1/slot/A3 {"slot_id": "A3", "status": "OCCUPIED", "distance_cm": 5.6, "ts": "2026-09-30T05:16:47Z"}
2026-09-30T06:08:34Z parking/lantai-1/slot/A3 {"slot_id": "A3", "status": "FREE", "distance_cm": 34.9, "ts": "2026-09-30T05:17:01Z"}
2026-09-30T06:08:34Z parking/lantai-1/slot/A1 {"slot_id": "A1", "status": "FREE", "distance_cm": 37.7, "ts": "2026-09-30T05:16:55Z"}
2026-09-30T06:08:34Z parking/lantai-1/slot/A2 {"slot_id": "A2", "status": "FREE", "distance_cm": 34.6, "ts": "2026-09-30T05:14:27Z"}
2026-09-30T06:08:34Z parking/lantai-1/slot/A1 {"slot_id": "A1", "status": "OCCUPIED", "distance_cm": 5.0, "ts": "2026-09-30T05:17:03Z"}
2026-09-30T06:08:34Z parking/lantai-1/slot/A1 {"slot_id": "A1", "status": "FREE", "distance_cm": 34.0, "ts": "2026-09-30T05:17:10Z"}
2026-09-30T06:08:34Z parking/lantai-1/slot/A1 {"slot_id": "A1", "status": "OCCUPIED", "distance_cm": 6.3, "ts": "2026-09-30T05:17:19Z"}
2026-09-30T06:08:34Z parking/lantai-1/slot/A1 {"slot_id": "A1", "status": "FREE", "distance_cm": 36.4, "ts": "2026-09-30T05:17:28Z"}
2026-09-30T06:08:34Z parking/lantai-1/slot/A1 {"slot_id": "A1", "status": "OCCUPIED", "distance_cm": 7.0, "ts": "2026-09-30T05:17:35Z"}
2026-09-30T06:08:34Z parking/lantai-1/slot/A1 {"slot_id": "A1", "status": "FREE", "distance_cm": 33.4, "ts": "2026-09-30T05:17:42Z"}
2026-09-30T06:08:34Z parking/lantai-1/slot/A1 {"slot_id": "A1", "status": "OCCUPIED", "distance_cm": 8.1, "ts": "2026-09-30T05:17:53Z"}
2026-09-30T06:08:34Z parking/lantai-1/slot/A1 {"slot_id": "A1", "status": "FREE", "distance_cm": 36.6, "ts": "2026-09-30T05:18:00Z"}
2026-09-30T06:08:34Z parking/lantai-1/slot/A3 {"slot_id": "A3", "status": "OCCUPIED", "distance_cm": 7.2, "ts": "2026-09-30T05:17:17Z"}
2026-09-30T06:08:34Z parking/lantai-1/slot/A3 {"slot_id": "A3", "status": "FREE", "distance_cm": 33.2, "ts": "2026-09-30T05:17:29Z"}
2026-09-30T06:08:34Z parking/lantai-1/slot/A3 {"slot_id": "A3", "status": "OCCUPIED", "distance_cm": 5.7, "ts": "2026-09-30T05:17:43Z"}
2026-09-30T06:08:34Z parking/lantai-1/slot/A3 {"slot_id": "A3", "status": "FREE", "distance_cm": 37.8, "ts": "2026-09-30T05:17:57Z"}
2026-09-30T06:08:34Z parking/lantai-1/slot/A3 {"slot_id": "A3", "status": "OCCUPIED", "distance_cm": 6.7, "ts": "2026-09-30T05:18:11Z"}
2026-09-30T06:08:34Z parking/lantai-1/slot/A3 {"slot_id": "A3", "status": "FREE", "distance_cm": 38.6, "ts": "2026-09-30T05:18:25Z"}
2026-09-30T06:08:34Z parking/lantai-1/slot/A3 {"slot_id": "A3", "status": "OCCUPIED", "distance_cm": 7.4, "ts": "2026-09-30T05:18:39Z"}
2026-09-30T06:08:34Z parking/lantai-1/slot/A3 {"slot_id": "A3", "status": "FREE", "distance_cm": 35.2, "ts": "2026-09-30T05:18:53Z"}
2026-09-30T06:08:34Z parking/lantai-1/slot/A3 {"slot_id": "A3", "status": "OCCUPIED", "distance_cm": 5.3, "ts": "2026-09-30T05:19:07Z"}
2026-09-30T06:08:34Z parking/lantai-1/slot/A3 {"slot_id": "A3", "status": "FREE", "distance_cm": 34.4, "ts": "2026-09-30T05:19:21Z"}
2026-09-30T06:08:34Z parking/lantai-1/slot/A3 {"slot_id": "A3", "status": "OCCUPIED", "distance_cm": 6.7, "ts": "2026-09-30T05:19:35Z"}
2026-09-30T06:08:34Z parking/lantai-1/slot/A3 {"slot_id": "A3", "status": "FREE", "distance_cm": 38.3, "ts": "2026-09-30T05:19:49Z"}
2026-09-30T06:08:34Z parking/lantai-1/slot/A3 {"slot_id": "A3", "status": "OCCUPIED", "distance_cm": 6.1, "ts": "2026-09-30T05:20:03Z"}
2026-09-30T06:08:34Z parking/lantai-1/slot/A3 {"slot_id": "A3", "status": "FREE", "distance_cm": 35.3, "ts": "2026-09-30T05:20:17Z"}
2026-09-30T06:08:34Z parking/lantai-1/slot/A3 {"slot_id": "A3", "status": "OCCUPIED", "distance_cm": 6.4, "ts": "2026-09-30T05:20:34Z"}
2026-09-30T06:08:34Z parking/lantai-1/slot/A3 {"slot_id": "A3", "status": "FREE", "distance_cm": 33.8, "ts": "2026-09-30T05:20:46Z"}
2026-09-30T06:08:34Z parking/lantai-1/slot/A3 {"slot_id": "A3", "status": "OCCUPIED", "distance_cm": 6.9, "ts": "2026-09-30T05:20:59Z"}
2026-09-30T06:08:34Z parking/lantai-1/slot/A2 {"slot_id": "A2", "status": "OCCUPIED", "distance_cm": 8.9, "ts": "2026-09-30T05:14:37Z"}
2026-09-30T06:08:34Z parking/lantai-1/slot/A3 {"slot_id": "A3", "status": "FREE", "distance_cm": 34.7, "ts": "2026-09-30T05:21:13Z"}
2026-09-30T06:08:34Z parking/lantai-1/slot/A1 {"slot_id": "A1", "status": "OCCUPIED", "distance_cm": 8.0, "ts": "2026-09-30T05:18:07Z"}
2026-09-30T06:08:34Z parking/lantai-1/slot/A1 {"slot_id": "A1", "status": "FREE", "distance_cm": 36.7, "ts": "2026-09-30T05:18:15Z"}
2026-09-30T06:08:34Z parking/lantai-1/slot/A1 {"slot_id": "A1", "status": "OCCUPIED", "distance_cm": 8.6, "ts": "2026-09-30T05:18:23Z"}
2026-09-30T06:08:34Z parking/lantai-1/slot/A1 {"slot_id": "A1", "status": "FREE", "distance_cm": 36.7, "ts": "2026-09-30T05:18:47Z"}
2026-09-30T06:08:34Z parking/lantai-1/slot/A1 {"slot_id": "A1", "status": "OCCUPIED", "distance_cm": 5.8, "ts": "2026-09-30T05:18:56Z"}
2026-09-30T06:08:34Z parking/lantai-1/slot/A1 {"slot_id": "A1", "status": "FREE", "distance_cm": 37.8, "ts": "2026-09-30T05:19:03Z"}
2026-09-30T06:08:34Z parking/lantai-1/slot/A1 {"slot_id": "A1", "status": "OCCUPIED", "distance_cm": 5.4, "ts": "2026-09-30T05:19:16Z"}
2026-09-30T06:08:34Z parking/lantai-1/slot/A1 {"slot_id": "A1", "status": "FREE", "distance_cm": 35.5, "ts": "2026-09-30T05:19:19Z"}
2026-09-30T06:08:34Z parking/lantai-1/slot/A1 {"slot_id": "A1", "status": "OCCUPIED", "distance_cm": 6.3, "ts": "2026-09-30T05:19:32Z"}
2026-09-30T06:08:34Z parking/lantai-1/slot/A1 {"slot_id": "A1", "status": "FREE", "distance_cm": 36.6, "ts": "2026-09-30T05:19:35Z"}
2026-09-30T06:08:34Z parking/lantai-1/slot/A1 {"slot_id": "A1", "status": "OCCUPIED", "distance_cm": 7.7, "ts": "2026-09-30T05:19:43Z"}
2026-09-30T06:08:34Z parking/lantai-1/slot/A2 {"slot_id": "A2", "status": "FREE", "distance_cm": 36.6, "ts": "2026-09-30T05:14:51Z"}
2026-09-30T06:08:34Z parking/lantai-1/slot/A2 {"slot_id": "A2", "status": "OCCUPIED", "distance_cm": 7.4, "ts": "2026-09-30T05:14:59Z"}
2026-09-30T06:08:34Z parking/lantai-1/slot/A2 {"slot_id": "A2", "status": "FREE", "distance_cm": 34.9, "ts": "2026-09-30T05:15:11Z"}
2026-09-30T06:08:34Z parking/lantai-1/slot/A2 {"slot_id": "A2", "status": "OCCUPIED", "distance_cm": 7.3, "ts": "2026-09-30T05:15:21Z"}
2026-09-30T06:08:34Z parking/lantai-1/slot/A2 {"slot_id": "A2", "status": "FREE", "distance_cm": 34.9, "ts": "2026-09-30T05:15:32Z"}
2026-09-30T06:08:34Z parking/lantai-1/slot/A2 {"slot_id": "A2", "status": "OCCUPIED", "distance_cm": 6.9, "ts": "2026-09-30T05:15:43Z"}
2026-09-30T06:08:34Z parking/lantai-1/slot/A2 {"slot_id": "A2", "status": "FREE", "distance_cm": 37.5, "ts": "2026-09-30T05:15:59Z"}
2026-09-30T06:08:34Z parking/lantai-1/slot/A2 {"slot_id": "A2", "status": "OCCUPIED", "distance_cm": 7.1, "ts": "2026-09-30T05:16:04Z"}
2026-09-30T06:08:34Z parking/lantai-1/slot/A2 {"slot_id": "A2", "status": "FREE", "distance_cm": 40.0, "ts": "2026-09-30T05:16:15Z"}
2026-09-30T06:08:34Z parking/lantai-1/slot/A2 {"slot_id": "A2", "status": "OCCUPIED", "distance_cm": 5.9, "ts": "2026-09-30T05:16:27Z"}
2026-09-30T06:08:34Z parking/lantai-1/slot/A2 {"slot_id": "A2", "status": "FREE", "distance_cm": 34.0, "ts": "2026-09-30T05:16:40Z"}
2026-09-30T06:08:34Z parking/lantai-1/slot/A2 {"slot_id": "A2", "status": "OCCUPIED", "distance_cm": 8.6, "ts": "2026-09-30T05:16:49Z"}
2026-09-30T06:08:34Z parking/lantai-1/slot/A2 {"slot_id": "A2", "status": "FREE", "distance_cm": 33.6, "ts": "2026-09-30T05:17:00Z"}
2026-09-30T06:08:34Z parking/lantai-1/slot/A2 {"slot_id": "A2", "status": "OCCUPIED", "distance_cm": 2.0, "ts": "2026-09-30T05:17:11Z"}
2026-09-30T06:08:34Z parking/lantai-1/slot/A2 {"slot_id": "A2", "status": "FREE", "distance_cm": 33.7, "ts": "2026-09-30T05:17:22Z"}
2026-09-30T06:08:34Z parking/lantai-1/slot/A2 {"slot_id": "A2", "status": "OCCUPIED", "distance_cm": 6.0, "ts": "2026-09-30T05:17:33Z"}
2026-09-30T06:08:34Z parking/lantai-1/slot/A2 {"slot_id": "A2", "status": "FREE", "distance_cm": 35.7, "ts": "2026-09-30T05:17:44Z"}
2026-09-30T06:08:34Z parking/lantai-1/slot/A2 {"slot_id": "A2", "status": "OCCUPIED", "distance_cm": 5.3, "ts": "2026-09-30T05:17:56Z"}
2026-09-30T06:08:34Z parking/lantai-1/slot/A2 {"slot_id": "A2", "status": "FREE", "distance_cm": 39.5, "ts": "2026-09-30T05:18:05Z"}
2026-09-30T06:08:34Z parking/lantai-1/slot/A3 {"slot_id": "A3", "status": "OCCUPIED", "distance_cm": 5.8, "ts": "2026-09-30T05:21:27Z"}
2026-09-30T06:08:34Z parking/lantai-1/slot/A3 {"slot_id": "A3", "status": "FREE", "distance_cm": 37.2, "ts": "2026-09-30T05:21:41Z"}
2026-09-30T06:08:34Z parking/lantai-1/slot/A2 {"slot_id": "A2", "status": "OCCUPIED", "distance_cm": 6.1, "ts": "2026-09-30T05:18:16Z"}
2026-09-30T06:08:34Z parking/lantai-1/slot/A3 {"slot_id": "A3", "status": "OCCUPIED", "distance_cm": 6.6, "ts": "2026-09-30T05:21:55Z"}
2026-09-30T06:08:34Z parking/lantai-1/slot/A3 {"slot_id": "A3", "status": "FREE", "distance_cm": 39.9, "ts": "2026-09-30T05:22:09Z"}
2026-09-30T06:08:34Z parking/lantai-1/slot/A3 {"slot_id": "A3", "status": "OCCUPIED", "distance_cm": 7.5, "ts": "2026-09-30T05:22:22Z"}
2026-09-30T06:08:34Z parking/lantai-1/slot/A3 {"slot_id": "A3", "status": "FREE", "distance_cm": 37.2, "ts": "2026-09-30T05:22:37Z"}
2026-09-30T06:08:34Z parking/lantai-1/slot/A3 {"slot_id": "A3", "status": "OCCUPIED", "distance_cm": 8.6, "ts": "2026-09-30T05:22:51Z"}
2026-09-30T06:08:34Z parking/lantai-1/slot/A3 {"slot_id": "A3", "status": "FREE", "distance_cm": 38.0, "ts": "2026-09-30T05:23:05Z"}
2026-09-30T06:08:34Z parking/lantai-1/slot/A3 {"slot_id": "A3", "status": "OCCUPIED", "distance_cm": 6.8, "ts": "2026-09-30T05:23:19Z"}
2026-09-30T06:08:34Z parking/lantai-1/slot/A3 {"slot_id": "A3", "status": "FREE", "distance_cm": 36.6, "ts": "2026-09-30T05:23:33Z"}
2026-09-30T06:08:34Z parking/lantai-1/slot/A3 {"slot_id": "A3", "status": "OCCUPIED", "distance_cm": 5.7, "ts": "2026-09-30T05:23:48Z"}
2026-09-30T06:08:34Z parking/lantai-1/slot/A3 {"slot_id": "A3", "status": "FREE", "distance_cm": 35.2, "ts": "2026-09-30T05:24:01Z"}
2026-09-30T06:08:34Z parking/lantai-1/slot/A3 {"slot_id": "A3", "status": "OCCUPIED", "distance_cm": 7.8, "ts": "2026-09-30T05:24:15Z"}
2026-09-30T06:08:34Z parking/lantai-1/slot/A3 {"slot_id": "A3", "status": "FREE", "distance_cm": 34.8, "ts": "2026-09-30T05:24:29Z"}
2026-09-30T06:08:34Z parking/lantai-1/slot/A3 {"slot_id": "A3", "status": "OCCUPIED", "distance_cm": 2.0, "ts": "2026-09-30T05:24:45Z"}
2026-09-30T06:08:34Z parking/lantai-1/slot/A3 {"slot_id": "A3", "status": "FREE", "distance_cm": 36.5, "ts": "2026-09-30T05:24:56Z"}
2026-09-30T06:08:34Z parking/lantai-1/slot/A3 {"slot_id": "A3", "status": "OCCUPIED", "distance_cm": 2.0, "ts": "2026-09-30T05:25:10Z"}
2026-09-30T06:08:34Z parking/lantai-1/slot/A3 {"slot_id": "A3", "status": "FREE", "distance_cm": 37.0, "ts": "2026-09-30T05:25:25Z"}
2026-09-30T06:08:34Z parking/lantai-1/slot/A3 {"slot_id": "A3", "status": "OCCUPIED", "distance_cm": 8.0, "ts": "2026-09-30T05:25:41Z"}
2026-09-30T06:08:34Z parking/lantai-1/slot/A1 {"slot_id": "A1", "status": "FREE", "distance_cm": 34.1, "ts": "2026-09-30T05:19:51Z"}
2026-09-30T06:08:34Z parking/lantai-1/slot/A3 {"slot_id": "A3", "status": "FREE", "distance_cm": 38.9, "ts": "2026-09-30T05:25:52Z"}
2026-09-30T06:08:34Z parking/lantai-1/slot/A2 {"slot_id": "A2", "status": "FREE", "distance_cm": 33.3, "ts": "2026-09-30T05:18:27Z"}
2026-09-30T06:08:34Z parking/lantai-1/slot/A2 {"slot_id": "A2", "status": "OCCUPIED", "distance_cm": 8.2, "ts": "2026-09-30T05:18:39Z"}
2026-09-30T06:08:34Z parking/lantai-1/slot/A2 {"slot_id": "A2", "status": "FREE", "distance_cm": 38.9, "ts": "2026-09-30T05:18:50Z"}
2026-09-30T06:08:34Z parking/lantai-1/slot/A2 {"slot_id": "A2", "status": "OCCUPIED", "distance_cm": 2.0, "ts": "2026-09-30T05:19:01Z"}
2026-09-30T06:08:34Z parking/lantai-1/slot/A2 {"slot_id": "A2", "status": "FREE", "distance_cm": 36.8, "ts": "2026-09-30T05:19:17Z"}
2026-09-30T06:08:34Z parking/lantai-1/slot/A2 {"slot_id": "A2", "status": "OCCUPIED", "distance_cm": 5.9, "ts": "2026-09-30T05:19:23Z"}
2026-09-30T06:08:34Z parking/lantai-1/slot/A2 {"slot_id": "A2", "status": "FREE", "distance_cm": 34.3, "ts": "2026-09-30T05:19:34Z"}
2026-09-30T06:08:34Z parking/lantai-1/slot/A2 {"slot_id": "A2", "status": "OCCUPIED", "distance_cm": 6.8, "ts": "2026-09-30T05:19:46Z"}
2026-09-30T06:08:34Z parking/lantai-1/slot/A2 {"slot_id": "A2", "status": "FREE", "distance_cm": 33.8, "ts": "2026-09-30T05:19:56Z"}
2026-09-30T06:08:34Z parking/lantai-1/slot/A2 {"slot_id": "A2", "status": "OCCUPIED", "distance_cm": 6.9, "ts": "2026-09-30T05:20:07Z"}
2026-09-30T06:08:34Z parking/lantai-1/slot/A2 {"slot_id": "A2", "status": "FREE", "distance_cm": 37.3, "ts": "2026-09-30T05:20:18Z"}
2026-09-30T06:08:34Z parking/lantai-1/slot/A2 {"slot_id": "A2", "status": "OCCUPIED", "distance_cm": 7.5, "ts": "2026-09-30T05:20:29Z"}
2026-09-30T06:08:34Z parking/lantai-1/slot/A2 {"slot_id": "A2", "status": "FREE", "distance_cm": 35.2, "ts": "2026-09-30T05:20:40Z"}
2026-09-30T06:08:34Z parking/lantai-1/slot/A2 {"slot_id": "A2", "status": "OCCUPIED", "distance_cm": 8.9, "ts": "2026-09-30T05:20:51Z"}
2026-09-30T06:08:34Z parking/lantai-1/slot/A2 {"slot_id": "A2", "status": "FREE", "distance_cm": 35.8, "ts": "2026-09-30T05:21:02Z"}
2026-09-30T06:08:34Z parking/lantai-1/slot/A2 {"slot_id": "A2", "status": "OCCUPIED", "distance_cm": 7.9, "ts": "2026-09-30T05:21:13Z"}
2026-09-30T06:08:34Z parking/lantai-1/slot/A2 {"slot_id": "A2", "status": "FREE", "distance_cm": 37.3, "ts": "2026-09-30T05:21:24Z"}
2026-09-30T06:08:34Z parking/lantai-1/slot/A2 {"slot_id": "A2", "status": "OCCUPIED", "distance_cm": 5.9, "ts": "2026-09-30T05:21:35Z"}
2026-09-30T06:08:34Z parking/lantai-1/slot/A2 {"slot_id": "A2", "status": "FREE", "distance_cm": 38.7, "ts": "2026-09-30T05:21:47Z"}
2026-09-30T06:08:34Z parking/lantai-1/slot/A1 {"slot_id": "A1", "status": "OCCUPIED", "distance_cm": 5.7, "ts": "2026-09-30T05:19:59Z"}
2026-09-30T06:08:34Z parking/lantai-1/slot/A1 {"slot_id": "A1", "status": "FREE", "distance_cm": 37.4, "ts": "2026-09-30T05:20:07Z"}
2026-09-30T06:08:34Z parking/lantai-1/slot/A1 {"slot_id": "A1", "status": "OCCUPIED", "distance_cm": 7.2, "ts": "2026-09-30T05:20:15Z"}
2026-09-30T06:08:34Z parking/lantai-1/slot/A1 {"slot_id": "A1", "status": "FREE", "distance_cm": 37.0, "ts": "2026-09-30T05:20:23Z"}
2026-09-30T06:08:34Z parking/lantai-1/slot/A1 {"slot_id": "A1", "status": "OCCUPIED", "distance_cm": 8.9, "ts": "2026-09-30T05:20:34Z"}
2026-09-30T06:08:34Z parking/lantai-1/slot/A1 {"slot_id": "A1", "status": "FREE", "distance_cm": 37.8, "ts": "2026-09-30T05:20:40Z"}
2026-09-30T06:08:34Z parking/lantai-1/slot/A1 {"slot_id": "A1", "status": "OCCUPIED", "distance_cm": 8.0, "ts": "2026-09-30T05:20:47Z"}
2026-09-30T06:08:34Z parking/lantai-1/slot/A1 {"slot_id": "A1", "status": "FREE", "distance_cm": 38.6, "ts": "2026-09-30T05:20:55Z"}
2026-09-30T06:08:34Z parking/lantai-1/slot/A3 {"slot_id": "A3", "status": "OCCUPIED", "distance_cm": 8.9, "ts": "2026-09-30T05:26:06Z"}
2026-09-30T06:08:34Z parking/lantai-1/slot/A2 {"slot_id": "A2", "status": "OCCUPIED", "distance_cm": 6.4, "ts": "2026-09-30T05:22:00Z"}
2026-09-30T06:08:34Z parking/lantai-1/slot/A3 {"slot_id": "A3", "status": "FREE", "distance_cm": 34.6, "ts": "2026-09-30T05:26:20Z"}
2026-09-30T06:08:34Z parking/lantai-1/slot/A1 {"slot_id": "A1", "status": "OCCUPIED", "distance_cm": 8.2, "ts": "2026-09-30T05:21:05Z"}
2026-09-30T06:08:34Z parking/lantai-1/slot/A1 {"slot_id": "A1", "status": "FREE", "distance_cm": 35.4, "ts": "2026-09-30T05:21:16Z"}
2026-09-30T06:08:34Z parking/lantai-1/slot/A1 {"slot_id": "A1", "status": "OCCUPIED", "distance_cm": 5.2, "ts": "2026-09-30T05:21:22Z"}
2026-09-30T06:08:34Z parking/lantai-1/slot/A1 {"slot_id": "A1", "status": "FREE", "distance_cm": 38.2, "ts": "2026-09-30T05:21:27Z"}
2026-09-30T06:08:34Z parking/lantai-1/slot/A1 {"slot_id": "A1", "status": "OCCUPIED", "distance_cm": 5.9, "ts": "2026-09-30T05:21:35Z"}
2026-09-30T06:08:34Z parking/lantai-1/slot/A1 {"slot_id": "A1", "status": "FREE", "distance_cm": 33.8, "ts": "2026-09-30T05:21:43Z"}
2026-09-30T06:08:34Z parking/lantai-1/slot/A1 {"slot_id": "A1", "status": "OCCUPIED", "distance_cm": 8.6, "ts": "2026-09-30T05:21:55Z"}
2026-09-30T06:08:34Z parking/lantai-1/slot/A1 {"slot_id": "A1", "status": "FREE", "distance_cm": 34.5, "ts": "2026-09-30T05:22:01Z"}
2026-09-30T06:08:34Z parking/lantai-1/slot/A1 {"slot_id": "A1", "status": "OCCUPIED", "distance_cm": 7.3, "ts": "2026-09-30T05:22:07Z"}
2026-09-30T06:08:34Z parking/lantai-1/slot/A1 {"slot_id": "A1", "status": "FREE", "distance_cm": 34.4, "ts": "2026-09-30T05:22:15Z"}
2026-09-30T06:08:34Z parking/lantai-1/slot/A1 {"slot_id": "A1", "status": "OCCUPIED", "distance_cm": 6.2, "ts": "2026-09-30T05:22:23Z"}
2026-09-30T06:08:34Z parking/lantai-1/slot/A1 {"slot_id": "A1", "status": "FREE", "distance_cm": 37.5, "ts": "2026-09-30T05:22:31Z"}
2026-09-30T06:08:34Z parking/lantai-1/slot/A2 {"slot_id": "A2", "status": "FREE", "distance_cm": 38.9, "ts": "2026-09-30T05:22:08Z"}
2026-09-30T06:08:34Z parking/lantai-1/slot/A3 {"slot_id": "A3", "status": "OCCUPIED", "distance_cm": 8.8, "ts": "2026-09-30T05:26:35Z"}
2026-09-30T06:08:34Z parking/lantai-1/slot/A3 {"slot_id": "A3", "status": "FREE", "distance_cm": 37.3, "ts": "2026-09-30T05:26:50Z"}
2026-09-30T06:08:34Z parking/lantai-1/slot/A3 {"slot_id": "A3", "status": "OCCUPIED", "distance_cm": 5.8, "ts": "2026-09-30T05:27:03Z"}
2026-09-30T06:08:34Z parking/lantai-1/slot/A3 {"slot_id": "A3", "status": "FREE", "distance_cm": 34.8, "ts": "2026-09-30T05:27:17Z"}
2026-09-30T06:08:34Z parking/lantai-1/slot/A3 {"slot_id": "A3", "status": "OCCUPIED", "distance_cm": 5.2, "ts": "2026-09-30T05:27:31Z"}
2026-09-30T06:08:34Z parking/lantai-1/slot/A3 {"slot_id": "A3", "status": "FREE", "distance_cm": 36.7, "ts": "2026-09-30T05:27:45Z"}
2026-09-30T06:08:34Z parking/lantai-1/slot/A3 {"slot_id": "A3", "status": "OCCUPIED", "distance_cm": 6.7, "ts": "2026-09-30T05:27:59Z"}
2026-09-30T06:08:34Z parking/lantai-1/slot/A3 {"slot_id": "A3", "status": "FREE", "distance_cm": 33.6, "ts": "2026-09-30T05:28:13Z"}
2026-09-30T06:08:34Z parking/lantai-1/slot/A3 {"slot_id": "A3", "status": "OCCUPIED", "distance_cm": 6.9, "ts": "2026-09-30T05:28:27Z"}
2026-09-30T06:08:34Z parking/lantai-1/slot/A3 {"slot_id": "A3", "status": "FREE", "distance_cm": 39.4, "ts": "2026-09-30T05:28:41Z"}
2026-09-30T06:08:34Z parking/lantai-1/slot/A3 {"slot_id": "A3", "status": "OCCUPIED", "distance_cm": 5.4, "ts": "2026-09-30T05:28:55Z"}
2026-09-30T06:08:34Z parking/lantai-1/slot/A3 {"slot_id": "A3", "status": "FREE", "distance_cm": 39.0, "ts": "2026-09-30T05:29:09Z"}
2026-09-30T06:08:34Z parking/lantai-1/slot/A3 {"slot_id": "A3", "status": "OCCUPIED", "distance_cm": 2.0, "ts": "2026-09-30T05:29:22Z"}
2026-09-30T06:08:34Z parking/lantai-1/slot/A3 {"slot_id": "A3", "status": "FREE", "distance_cm": 34.3, "ts": "2026-09-30T05:29:37Z"}
2026-09-30T06:08:34Z parking/lantai-1/slot/A3 {"slot_id": "A3", "status": "OCCUPIED", "distance_cm": 5.1, "ts": "2026-09-30T05:29:53Z"}
2026-09-30T06:08:34Z parking/lantai-1/slot/A3 {"slot_id": "A3", "status": "FREE", "distance_cm": 34.4, "ts": "2026-09-30T05:30:05Z"}
2026-09-30T06:08:34Z parking/lantai-1/slot/A3 {"slot_id": "A3", "status": "OCCUPIED", "distance_cm": 6.2, "ts": "2026-09-30T05:30:18Z"}
2026-09-30T06:08:34Z parking/lantai-1/slot/A3 {"slot_id": "A3", "status": "FREE", "distance_cm": 38.6, "ts": "2026-09-30T05:30:32Z"}
2026-09-30T06:08:34Z parking/lantai-1/slot/A3 {"slot_id": "A3", "status": "OCCUPIED", "distance_cm": 5.6, "ts": "2026-09-30T05:30:52Z"}
2026-09-30T06:08:34Z parking/lantai-1/slot/A2 {"slot_id": "A2", "status": "OCCUPIED", "distance_cm": 6.0, "ts": "2026-09-30T05:22:19Z"}
2026-09-30T06:08:34Z parking/lantai-1/slot/A2 {"slot_id": "A2", "status": "FREE", "distance_cm": 36.2, "ts": "2026-09-30T05:22:30Z"}
2026-09-30T06:08:34Z parking/lantai-1/slot/A2 {"slot_id": "A2", "status": "OCCUPIED", "distance_cm": 5.2, "ts": "2026-09-30T05:22:41Z"}
2026-09-30T06:08:34Z parking/lantai-1/slot/A2 {"slot_id": "A2", "status": "FREE", "distance_cm": 38.3, "ts": "2026-09-30T05:22:53Z"}
2026-09-30T06:08:34Z parking/lantai-1/slot/A2 {"slot_id": "A2", "status": "OCCUPIED", "distance_cm": 9.0, "ts": "2026-09-30T05:23:03Z"}
2026-09-30T06:08:34Z parking/lantai-1/slot/A2 {"slot_id": "A2", "status": "FREE", "distance_cm": 38.4, "ts": "2026-09-30T05:23:14Z"}
2026-09-30T06:08:34Z parking/lantai-1/slot/A2 {"slot_id": "A2", "status": "OCCUPIED", "distance_cm": 8.6, "ts": "2026-09-30T05:23:25Z"}
2026-09-30T06:08:34Z parking/lantai-1/slot/A2 {"slot_id": "A2", "status": "FREE", "distance_cm": 34.8, "ts": "2026-09-30T05:23:36Z"}
2026-09-30T06:08:34Z parking/lantai-1/slot/A2 {"slot_id": "A2", "status": "OCCUPIED", "distance_cm": 6.9, "ts": "2026-09-30T05:23:48Z"}
2026-09-30T06:08:34Z parking/lantai-1/slot/A2 {"slot_id": "A2", "status": "FREE", "distance_cm": 33.9, "ts": "2026-09-30T05:24:02Z"}
2026-09-30T06:08:34Z parking/lantai-1/slot/A2 {"slot_id": "A2", "status": "OCCUPIED", "distance_cm": 6.8, "ts": "2026-09-30T05:24:09Z"}
2026-09-30T06:08:34Z parking/lantai-1/slot/A2 {"slot_id": "A2", "status": "FREE", "distance_cm": 36.0, "ts": "2026-09-30T05:24:21Z"}
2026-09-30T06:08:34Z parking/lantai-1/slot/A2 {"slot_id": "A2", "status": "OCCUPIED", "distance_cm": 8.4, "ts": "2026-09-30T05:24:31Z"}
2026-09-30T06:08:34Z parking/lantai-1/slot/A2 {"slot_id": "A2", "status": "FREE", "distance_cm": 36.5, "ts": "2026-09-30T05:24:44Z"}
2026-09-30T06:08:34Z parking/lantai-1/slot/A2 {"slot_id": "A2", "status": "OCCUPIED", "distance_cm": 7.4, "ts": "2026-09-30T05:24:52Z"}
2026-09-30T06:08:34Z parking/lantai-1/slot/A2 {"slot_id": "A2", "status": "FREE", "distance_cm": 36.9, "ts": "2026-09-30T05:25:03Z"}
2026-09-30T06:08:34Z parking/lantai-1/slot/A2 {"slot_id": "A2", "status": "OCCUPIED", "distance_cm": 5.9, "ts": "2026-09-30T05:25:14Z"}
2026-09-30T06:08:34Z parking/lantai-1/slot/A2 {"slot_id": "A2", "status": "FREE", "distance_cm": 35.0, "ts": "2026-09-30T05:25:26Z"}
2026-09-30T06:08:34Z parking/lantai-1/slot/A2 {"slot_id": "A2", "status": "OCCUPIED", "distance_cm": 5.5, "ts": "2026-09-30T05:25:37Z"}
2026-09-30T06:08:34Z parking/lantai-1/slot/A1 {"slot_id": "A1", "status": "OCCUPIED", "distance_cm": 5.2, "ts": "2026-09-30T05:22:39Z"}
2026-09-30T06:08:34Z parking/lantai-1/slot/A1 {"slot_id": "A1", "status": "FREE", "distance_cm": 34.1, "ts": "2026-09-30T05:22:47Z"}
2026-09-30T06:08:34Z parking/lantai-1/slot/A1 {"slot_id": "A1", "status": "OCCUPIED", "distance_cm": 7.7, "ts": "2026-09-30T05:22:55Z"}
2026-09-30T06:08:34Z parking/lantai-1/slot/A1 {"slot_id": "A1", "status": "FREE", "distance_cm": 35.7, "ts": "2026-09-30T05:23:03Z"}
2026-09-30T06:08:34Z parking/lantai-1/slot/A1 {"slot_id": "A1", "status": "OCCUPIED", "distance_cm": 5.3, "ts": "2026-09-30T05:23:26Z"}
2026-09-30T06:08:34Z parking/lantai-1/slot/A1 {"slot_id": "A1", "status": "FREE", "distance_cm": 38.4, "ts": "2026-09-30T05:23:34Z"}
2026-09-30T06:08:34Z parking/lantai-1/slot/A1 {"slot_id": "A1", "status": "OCCUPIED", "distance_cm": 6.9, "ts": "2026-09-30T05:23:42Z"}
2026-09-30T06:08:34Z parking/lantai-1/slot/A1 {"slot_id": "A1", "status": "FREE", "distance_cm": 38.0, "ts": "2026-09-30T05:24:00Z"}
2026-09-30T06:08:34Z parking/lantai-1/slot/A3 {"slot_id": "A3", "status": "FREE", "distance_cm": 37.7, "ts": "2026-09-30T05:31:05Z"}
2026-09-30T06:08:34Z parking/lantai-1/slot/A2 {"slot_id": "A2", "status": "FREE", "distance_cm": 39.1, "ts": "2026-09-30T05:25:47Z"}
2026-09-30T06:08:34Z parking/lantai-1/slot/A1 {"slot_id": "A1", "status": "OCCUPIED", "distance_cm": 6.5, "ts": "2026-09-30T05:24:02Z"}
2026-09-30T06:08:34Z parking/lantai-1/slot/A1 {"slot_id": "A1", "status": "FREE", "distance_cm": 37.9, "ts": "2026-09-30T05:24:07Z"}
2026-09-30T06:08:34Z parking/lantai-1/slot/A1 {"slot_id": "A1", "status": "OCCUPIED", "distance_cm": 7.0, "ts": "2026-09-30T05:24:15Z"}
2026-09-30T06:08:34Z parking/lantai-1/slot/A1 {"slot_id": "A1", "status": "FREE", "distance_cm": 36.3, "ts": "2026-09-30T05:24:24Z"}
2026-09-30T06:08:34Z parking/lantai-1/slot/A1 {"slot_id": "A1", "status": "OCCUPIED", "distance_cm": 5.3, "ts": "2026-09-30T05:24:31Z"}
2026-09-30T06:08:34Z parking/lantai-1/slot/A1 {"slot_id": "A1", "status": "FREE", "distance_cm": 35.4, "ts": "2026-09-30T05:24:39Z"}
2026-09-30T06:08:34Z parking/lantai-1/slot/A1 {"slot_id": "A1", "status": "OCCUPIED", "distance_cm": 7.1, "ts": "2026-09-30T05:24:46Z"}
2026-09-30T06:08:34Z parking/lantai-1/slot/A1 {"slot_id": "A1", "status": "FREE", "distance_cm": 37.2, "ts": "2026-09-30T05:24:54Z"}
2026-09-30T06:08:34Z parking/lantai-1/slot/A1 {"slot_id": "A1", "status": "OCCUPIED", "distance_cm": 8.8, "ts": "2026-09-30T05:25:02Z"}
2026-09-30T06:08:34Z parking/lantai-1/slot/A1 {"slot_id": "A1", "status": "FREE", "distance_cm": 37.5, "ts": "2026-09-30T05:25:11Z"}
2026-09-30T06:08:34Z parking/lantai-1/slot/A1 {"slot_id": "A1", "status": "OCCUPIED", "distance_cm": 7.0, "ts": "2026-09-30T05:25:24Z"}
2026-09-30T06:08:34Z parking/lantai-1/slot/A2 {"slot_id": "A2", "status": "OCCUPIED", "distance_cm": 6.4, "ts": "2026-09-30T05:25:58Z"}
2026-09-30T06:08:34Z parking/lantai-1/slot/A3 {"slot_id": "A3", "status": "OCCUPIED", "distance_cm": 7.6, "ts": "2026-09-30T05:31:14Z"}
2026-09-30T06:08:34Z parking/lantai-1/slot/A3 {"slot_id": "A3", "status": "FREE", "distance_cm": 33.6, "ts": "2026-09-30T05:31:30Z"}
2026-09-30T06:08:34Z parking/lantai-1/slot/A3 {"slot_id": "A3", "status": "OCCUPIED", "distance_cm": 8.9, "ts": "2026-09-30T05:31:42Z"}
2026-09-30T06:08:34Z parking/lantai-1/slot/A3 {"slot_id": "A3", "status": "FREE", "distance_cm": 33.1, "ts": "2026-09-30T05:31:56Z"}
2026-09-30T06:08:34Z parking/lantai-1/slot/A3 {"slot_id": "A3", "status": "OCCUPIED", "distance_cm": 2.0, "ts": "2026-09-30T05:32:10Z"}
2026-09-30T06:08:34Z parking/lantai-1/slot/A3 {"slot_id": "A3", "status": "FREE", "distance_cm": 37.6, "ts": "2026-09-30T05:32:25Z"}
2026-09-30T06:08:34Z parking/lantai-1/slot/A3 {"slot_id": "A3", "status": "OCCUPIED", "distance_cm": 6.5, "ts": "2026-09-30T05:32:38Z"}
2026-09-30T06:08:34Z parking/lantai-1/slot/A3 {"slot_id": "A3", "status": "FREE", "distance_cm": 39.4, "ts": "2026-09-30T05:32:52Z"}
2026-09-30T06:08:34Z parking/lantai-1/slot/A3 {"slot_id": "A3", "status": "OCCUPIED", "distance_cm": 5.3, "ts": "2026-09-30T05:33:07Z"}
2026-09-30T06:08:34Z parking/lantai-1/slot/A3 {"slot_id": "A3", "status": "FREE", "distance_cm": 38.8, "ts": "2026-09-30T05:33:21Z"}
2026-09-30T06:08:34Z parking/lantai-1/slot/A3 {"slot_id": "A3", "status": "OCCUPIED", "distance_cm": 6.9, "ts": "2026-09-30T05:33:39Z"}
2026-09-30T06:08:34Z parking/lantai-1/slot/A3 {"slot_id": "A3", "status": "FREE", "distance_cm": 33.9, "ts": "2026-09-30T05:33:48Z"}
2026-09-30T06:08:34Z parking/lantai-1/slot/A3 {"slot_id": "A3", "status": "OCCUPIED", "distance_cm": 7.3, "ts": "2026-09-30T05:34:03Z"}
2026-09-30T06:08:34Z parking/lantai-1/slot/A1 {"slot_id": "A1", "status": "FREE", "distance_cm": 38.3, "ts": "2026-09-30T05:25:28Z"}
2026-09-30T06:08:34Z parking/lantai-1/slot/A3 {"slot_id": "A3", "status": "FREE", "distance_cm": 34.7, "ts": "2026-09-30T05:34:17Z"}
2026-09-30T06:08:34Z parking/lantai-1/slot/A3 {"slot_id": "A3", "status": "OCCUPIED", "distance_cm": 5.1, "ts": "2026-09-30T05:34:31Z"}
2026-09-30T06:08:34Z parking/lantai-1/slot/A3 {"slot_id": "A3", "status": "FREE", "distance_cm": 39.1, "ts": "2026-09-30T05:34:45Z"}
2026-09-30T06:08:34Z parking/lantai-1/slot/A3 {"slot_id": "A3", "status": "OCCUPIED", "distance_cm": 7.9, "ts": "2026-09-30T05:35:03Z"}
2026-09-30T06:08:34Z parking/lantai-1/slot/A3 {"slot_id": "A3", "status": "FREE", "distance_cm": 34.6, "ts": "2026-09-30T05:35:13Z"}
2026-09-30T06:08:34Z parking/lantai-1/slot/A3 {"slot_id": "A3", "status": "OCCUPIED", "distance_cm": 7.8, "ts": "2026-09-30T05:35:29Z"}
2026-09-30T06:08:34Z parking/lantai-1/slot/A3 {"slot_id": "A3", "status": "FREE", "distance_cm": 39.9, "ts": "2026-09-30T05:35:40Z"}
2026-09-30T06:08:34Z parking/lantai-1/slot/A1 {"slot_id": "A1", "status": "OCCUPIED", "distance_cm": 8.4, "ts": "2026-09-30T05:25:35Z"}
2026-09-30T06:08:34Z parking/lantai-1/slot/A1 {"slot_id": "A1", "status": "FREE", "distance_cm": 36.9, "ts": "2026-09-30T05:25:43Z"}
2026-09-30T06:08:34Z parking/lantai-1/slot/A1 {"slot_id": "A1", "status": "OCCUPIED", "distance_cm": 5.8, "ts": "2026-09-30T05:25:51Z"}
2026-09-30T06:08:34Z parking/lantai-1/slot/A1 {"slot_id": "A1", "status": "FREE", "distance_cm": 38.1, "ts": "2026-09-30T05:26:00Z"}
2026-09-30T06:08:34Z parking/lantai-1/slot/A1 {"slot_id": "A1", "status": "OCCUPIED", "distance_cm": 6.3, "ts": "2026-09-30T05:26:07Z"}
2026-09-30T06:08:34Z parking/lantai-1/slot/A1 {"slot_id": "A1", "status": "FREE", "distance_cm": 36.9, "ts": "2026-09-30T05:26:16Z"}
2026-09-30T06:08:34Z parking/lantai-1/slot/A1 {"slot_id": "A1", "status": "OCCUPIED", "distance_cm": 6.9, "ts": "2026-09-30T05:26:23Z"}
2026-09-30T06:08:34Z parking/lantai-1/slot/A1 {"slot_id": "A1", "status": "FREE", "distance_cm": 33.0, "ts": "2026-09-30T05:26:31Z"}
2026-09-30T06:08:34Z parking/lantai-1/slot/A2 {"slot_id": "A2", "status": "FREE", "distance_cm": 37.8, "ts": "2026-09-30T05:26:09Z"}
2026-09-30T06:08:34Z parking/lantai-1/slot/A2 {"slot_id": "A2", "status": "OCCUPIED", "distance_cm": 5.6, "ts": "2026-09-30T05:26:20Z"}
2026-09-30T06:08:34Z parking/lantai-1/slot/A2 {"slot_id": "A2", "status": "FREE", "distance_cm": 34.7, "ts": "2026-09-30T05:26:31Z"}
2026-09-30T06:08:34Z parking/lantai-1/slot/A2 {"slot_id": "A2", "status": "OCCUPIED", "distance_cm": 5.3, "ts": "2026-09-30T05:26:43Z"}
2026-09-30T06:08:34Z parking/lantai-1/slot/A2 {"slot_id": "A2", "status": "FREE", "distance_cm": 33.7, "ts": "2026-09-30T05:26:54Z"}
2026-09-30T06:08:34Z parking/lantai-1/slot/A2 {"slot_id": "A2", "status": "OCCUPIED", "distance_cm": 6.4, "ts": "2026-09-30T05:27:05Z"}
2026-09-30T06:08:34Z parking/lantai-1/slot/A2 {"slot_id": "A2", "status": "FREE", "distance_cm": 36.4, "ts": "2026-09-30T05:27:16Z"}
2026-09-30T06:08:34Z parking/lantai-1/slot/A2 {"slot_id": "A2", "status": "OCCUPIED", "distance_cm": 5.3, "ts": "2026-09-30T05:27:28Z"}
2026-09-30T06:08:34Z parking/lantai-1/slot/A2 {"slot_id": "A2", "status": "FREE", "distance_cm": 34.3, "ts": "2026-09-30T05:27:38Z"}
2026-09-30T06:08:34Z parking/lantai-1/slot/A2 {"slot_id": "A2", "status": "OCCUPIED", "distance_cm": 5.2, "ts": "2026-09-30T05:27:49Z"}
2026-09-30T06:08:34Z parking/lantai-1/slot/A2 {"slot_id": "A2", "status": "FREE", "distance_cm": 37.3, "ts": "2026-09-30T05:28:00Z"}
2026-09-30T06:08:34Z parking/lantai-1/slot/A2 {"slot_id": "A2", "status": "OCCUPIED", "distance_cm": 8.2, "ts": "2026-09-30T05:28:11Z"}
2026-09-30T06:08:34Z parking/lantai-1/slot/A2 {"slot_id": "A2", "status": "FREE", "distance_cm": 37.7, "ts": "2026-09-30T05:28:22Z"}
2026-09-30T06:08:34Z parking/lantai-1/slot/A2 {"slot_id": "A2", "status": "OCCUPIED", "distance_cm": 8.8, "ts": "2026-09-30T05:28:33Z"}
2026-09-30T06:08:34Z parking/lantai-1/slot/A2 {"slot_id": "A2", "status": "FREE", "distance_cm": 35.5, "ts": "2026-09-30T05:28:46Z"}
2026-09-30T06:08:34Z parking/lantai-1/slot/A2 {"slot_id": "A2", "status": "OCCUPIED", "distance_cm": 6.8, "ts": "2026-09-30T05:28:55Z"}
2026-09-30T06:08:34Z parking/lantai-1/slot/A2 {"slot_id": "A2", "status": "FREE", "distance_cm": 34.6, "ts": "2026-09-30T05:29:06Z"}
2026-09-30T06:08:34Z parking/lantai-1/slot/A2 {"slot_id": "A2", "status": "OCCUPIED", "distance_cm": 8.6, "ts": "2026-09-30T05:29:17Z"}
2026-09-30T06:08:34Z parking/lantai-1/slot/A2 {"slot_id": "A2", "status": "FREE", "distance_cm": 39.9, "ts": "2026-09-30T05:29:28Z"}
2026-09-30T06:08:34Z parking/lantai-1/slot/A2 {"slot_id": "A2", "status": "OCCUPIED", "distance_cm": 6.8, "ts": "2026-09-30T05:29:38Z"}
2026-09-30T06:08:34Z parking/lantai-1/slot/A3 {"slot_id": "A3", "status": "OCCUPIED", "distance_cm": 8.7, "ts": "2026-09-30T05:36:01Z"}
2026-09-30T06:08:34Z parking/lantai-1/slot/A1 {"slot_id": "A1", "status": "OCCUPIED", "distance_cm": 8.5, "ts": "2026-09-30T05:26:38Z"}
2026-09-30T06:08:34Z parking/lantai-1/slot/A1 {"slot_id": "A1", "status": "FREE", "distance_cm": 36.0, "ts": "2026-09-30T05:26:47Z"}
2026-09-30T06:08:34Z parking/lantai-1/slot/A1 {"slot_id": "A1", "status": "OCCUPIED", "distance_cm": 7.5, "ts": "2026-09-30T05:26:55Z"}
2026-09-30T06:08:34Z parking/lantai-1/slot/A1 {"slot_id": "A1", "status": "FREE", "distance_cm": 35.8, "ts": "2026-09-30T05:27:03Z"}
2026-09-30T06:08:34Z parking/lantai-1/slot/A1 {"slot_id": "A1", "status": "OCCUPIED", "distance_cm": 8.9, "ts": "2026-09-30T05:27:11Z"}
2026-09-30T06:08:34Z parking/lantai-1/slot/A1 {"slot_id": "A1", "status": "FREE", "distance_cm": 35.9, "ts": "2026-09-30T05:27:19Z"}
2026-09-30T06:08:34Z parking/lantai-1/slot/A1 {"slot_id": "A1", "status": "OCCUPIED", "distance_cm": 8.7, "ts": "2026-09-30T05:27:30Z"}
2026-09-30T06:08:34Z parking/lantai-1/slot/A1 {"slot_id": "A1", "status": "FREE", "distance_cm": 39.8, "ts": "2026-09-30T05:27:35Z"}
2026-09-30T06:08:34Z parking/lantai-1/slot/A1 {"slot_id": "A1", "status": "OCCUPIED", "distance_cm": 6.9, "ts": "2026-09-30T05:27:43Z"}
2026-09-30T06:08:34Z parking/lantai-1/slot/A1 {"slot_id": "A1", "status": "FREE", "distance_cm": 33.6, "ts": "2026-09-30T05:27:51Z"}
2026-09-30T06:08:34Z parking/lantai-1/slot/A1 {"slot_id": "A1", "status": "OCCUPIED", "distance_cm": 6.0, "ts": "2026-09-30T05:28:14Z"}
2026-09-30T06:08:34Z parking/lantai-1/slot/A3 {"slot_id": "A3", "status": "FREE", "distance_cm": 35.9, "ts": "2026-09-30T05:36:09Z"}
2026-09-30T06:08:34Z parking/lantai-1/slot/A3 {"slot_id": "A3", "status": "OCCUPIED", "distance_cm": 2.0, "ts": "2026-09-30T05:36:23Z"}
2026-09-30T06:08:34Z parking/lantai-1/slot/A3 {"slot_id": "A3", "status": "FREE", "distance_cm": 38.0, "ts": "2026-09-30T05:36:37Z"}
2026-09-30T06:08:34Z parking/lantai-1/slot/A3 {"slot_id": "A3", "status": "OCCUPIED", "distance_cm": 7.9, "ts": "2026-09-30T05:36:51Z"}
2026-09-30T06:08:34Z parking/lantai-1/slot/A3 {"slot_id": "A3", "status": "FREE", "distance_cm": 35.1, "ts": "2026-09-30T05:37:05Z"}
2026-09-30T06:08:34Z parking/lantai-1/slot/A3 {"slot_id": "A3", "status": "OCCUPIED", "distance_cm": 7.7, "ts": "2026-09-30T05:37:19Z"}
2026-09-30T06:08:34Z parking/lantai-1/slot/A3 {"slot_id": "A3", "status": "FREE", "distance_cm": 33.5, "ts": "2026-09-30T05:37:33Z"}
2026-09-30T06:08:34Z parking/lantai-1/slot/A3 {"slot_id": "A3", "status": "OCCUPIED", "distance_cm": 8.9, "ts": "2026-09-30T05:37:46Z"}
2026-09-30T06:08:34Z parking/lantai-1/slot/A3 {"slot_id": "A3", "status": "FREE", "distance_cm": 35.3, "ts": "2026-09-30T05:38:00Z"}
2026-09-30T06:08:34Z parking/lantai-1/slot/A3 {"slot_id": "A3", "status": "OCCUPIED", "distance_cm": 7.1, "ts": "2026-09-30T05:38:24Z"}
2026-09-30T06:08:34Z parking/lantai-1/slot/A3 {"slot_id": "A3", "status": "FREE", "distance_cm": 39.0, "ts": "2026-09-30T05:38:29Z"}
2026-09-30T06:08:34Z parking/lantai-1/slot/A3 {"slot_id": "A3", "status": "OCCUPIED", "distance_cm": 5.4, "ts": "2026-09-30T05:38:43Z"}
2026-09-30T06:08:34Z parking/lantai-1/slot/A1 {"slot_id": "A1", "status": "FREE", "distance_cm": 39.0, "ts": "2026-09-30T05:28:25Z"}
2026-09-30T06:08:34Z parking/lantai-1/slot/A3 {"slot_id": "A3", "status": "FREE", "distance_cm": 36.3, "ts": "2026-09-30T05:38:57Z"}
2026-09-30T06:08:34Z parking/lantai-1/slot/A3 {"slot_id": "A3", "status": "OCCUPIED", "distance_cm": 8.1, "ts": "2026-09-30T05:39:11Z"}
2026-09-30T06:08:34Z parking/lantai-1/slot/A3 {"slot_id": "A3", "status": "FREE", "distance_cm": 38.0, "ts": "2026-09-30T05:39:25Z"}
2026-09-30T06:08:34Z parking/lantai-1/slot/A3 {"slot_id": "A3", "status": "OCCUPIED", "distance_cm": 7.1, "ts": "2026-09-30T05:39:39Z"}
2026-09-30T06:08:34Z parking/lantai-1/slot/A3 {"slot_id": "A3", "status": "FREE", "distance_cm": 35.5, "ts": "2026-09-30T05:40:03Z"}
2026-09-30T06:08:34Z parking/lantai-1/slot/A3 {"slot_id": "A3", "status": "OCCUPIED", "distance_cm": 8.4, "ts": "2026-09-30T05:40:07Z"}
2026-09-30T06:08:34Z parking/lantai-1/slot/A3 {"slot_id": "A3", "status": "FREE", "distance_cm": 34.0, "ts": "2026-09-30T05:40:21Z"}
2026-09-30T06:08:34Z parking/lantai-1/slot/A2 {"slot_id": "A2", "status": "FREE", "distance_cm": 33.3, "ts": "2026-09-30T05:29:49Z"}
2026-09-30T06:08:34Z parking/lantai-1/slot/A2 {"slot_id": "A2", "status": "OCCUPIED", "distance_cm": 6.5, "ts": "2026-09-30T05:30:02Z"}
2026-09-30T06:08:34Z parking/lantai-1/slot/A2 {"slot_id": "A2", "status": "FREE", "distance_cm": 38.2, "ts": "2026-09-30T05:30:13Z"}
2026-09-30T06:08:34Z parking/lantai-1/slot/A2 {"slot_id": "A2", "status": "OCCUPIED", "distance_cm": 8.8, "ts": "2026-09-30T05:30:23Z"}
2026-09-30T06:08:34Z parking/lantai-1/slot/A2 {"slot_id": "A2", "status": "FREE", "distance_cm": 35.4, "ts": "2026-09-30T05:30:34Z"}
2026-09-30T06:08:34Z parking/lantai-1/slot/A2 {"slot_id": "A2", "status": "OCCUPIED", "distance_cm": 6.7, "ts": "2026-09-30T05:30:51Z"}
2026-09-30T06:08:34Z parking/lantai-1/slot/A2 {"slot_id": "A2", "status": "FREE", "distance_cm": 38.4, "ts": "2026-09-30T05:30:56Z"}
2026-09-30T06:08:34Z parking/lantai-1/slot/A2 {"slot_id": "A2", "status": "OCCUPIED", "distance_cm": 8.8, "ts": "2026-09-30T05:31:07Z"}
2026-09-30T06:08:34Z parking/lantai-1/slot/A2 {"slot_id": "A2", "status": "FREE", "distance_cm": 35.6, "ts": "2026-09-30T05:31:17Z"}
2026-09-30T06:08:34Z parking/lantai-1/slot/A2 {"slot_id": "A2", "status": "OCCUPIED", "distance_cm": 6.6, "ts": "2026-09-30T05:31:30Z"}
2026-09-30T06:08:34Z parking/lantai-1/slot/A2 {"slot_id": "A2", "status": "FREE", "distance_cm": 36.2, "ts": "2026-09-30T05:31:39Z"}
2026-09-30T06:08:34Z parking/lantai-1/slot/A2 {"slot_id": "A2", "status": "OCCUPIED", "distance_cm": 5.7, "ts": "2026-09-30T05:31:50Z"}
2026-09-30T06:08:34Z parking/lantai-1/slot/A2 {"slot_id": "A2", "status": "FREE", "distance_cm": 36.0, "ts": "2026-09-30T05:32:01Z"}
2026-09-30T06:08:34Z parking/lantai-1/slot/A2 {"slot_id": "A2", "status": "OCCUPIED", "distance_cm": 5.6, "ts": "2026-09-30T05:32:13Z"}
2026-09-30T06:08:34Z parking/lantai-1/slot/A2 {"slot_id": "A2", "status": "FREE", "distance_cm": 38.3, "ts": "2026-09-30T05:32:23Z"}
2026-09-30T06:08:34Z parking/lantai-1/slot/A2 {"slot_id": "A2", "status": "OCCUPIED", "distance_cm": 5.1, "ts": "2026-09-30T05:32:34Z"}
2026-09-30T06:08:34Z parking/lantai-1/slot/A2 {"slot_id": "A2", "status": "FREE", "distance_cm": 38.2, "ts": "2026-09-30T05:32:45Z"}
2026-09-30T06:08:34Z parking/lantai-1/slot/A2 {"slot_id": "A2", "status": "OCCUPIED", "distance_cm": 5.2, "ts": "2026-09-30T05:32:57Z"}
2026-09-30T06:08:34Z parking/lantai-1/slot/A2 {"slot_id": "A2", "status": "FREE", "distance_cm": 33.4, "ts": "2026-09-30T05:33:08Z"}
2026-09-30T06:08:34Z parking/lantai-1/slot/A2 {"slot_id": "A2", "status": "OCCUPIED", "distance_cm": 6.1, "ts": "2026-09-30T05:33:19Z"}
2026-09-30T06:08:34Z parking/lantai-1/slot/A1 {"slot_id": "A1", "status": "OCCUPIED", "distance_cm": 8.5, "ts": "2026-09-30T05:28:31Z"}
2026-09-30T06:08:34Z parking/lantai-1/slot/A1 {"slot_id": "A1", "status": "FREE", "distance_cm": 37.4, "ts": "2026-09-30T05:28:40Z"}
2026-09-30T06:08:34Z parking/lantai-1/slot/A1 {"slot_id": "A1", "status": "OCCUPIED", "distance_cm": 7.0, "ts": "2026-09-30T05:28:47Z"}
2026-09-30T06:08:34Z parking/lantai-1/slot/A1 {"slot_id": "A1", "status": "FREE", "distance_cm": 39.5, "ts": "2026-09-30T05:28:55Z"}
2026-09-30T06:08:34Z parking/lantai-1/slot/A1 {"slot_id": "A1", "status": "OCCUPIED", "distance_cm": 5.3, "ts": "2026-09-30T05:29:03Z"}
2026-09-30T06:08:34Z parking/lantai-1/slot/A1 {"slot_id": "A1", "status": "FREE", "distance_cm": 37.4, "ts": "2026-09-30T05:29:11Z"}
2026-09-30T06:08:35Z parking/lantai-1/slot/A1 {"slot_id": "A1", "status": "OCCUPIED", "distance_cm": 8.5, "ts": "2026-09-30T05:29:19Z"}
2026-09-30T06:08:35Z parking/lantai-1/slot/A1 {"slot_id": "A1", "status": "FREE", "distance_cm": 37.0, "ts": "2026-09-30T05:29:27Z"}
2026-09-30T06:08:35Z parking/lantai-1/slot/A3 {"slot_id": "A3", "status": "OCCUPIED", "distance_cm": 5.2, "ts": "2026-09-30T05:40:35Z"}
2026-09-30T06:08:35Z parking/lantai-1/slot/A1 {"slot_id": "A1", "status": "OCCUPIED", "distance_cm": 6.7, "ts": "2026-09-30T05:29:35Z"}
2026-09-30T06:08:35Z parking/lantai-1/slot/A1 {"slot_id": "A1", "status": "FREE", "distance_cm": 36.5, "ts": "2026-09-30T05:29:43Z"}
2026-09-30T06:08:35Z parking/lantai-1/slot/A1 {"slot_id": "A1", "status": "OCCUPIED", "distance_cm": 5.7, "ts": "2026-09-30T05:29:51Z"}
2026-09-30T06:08:35Z parking/lantai-1/slot/A1 {"slot_id": "A1", "status": "FREE", "distance_cm": 39.7, "ts": "2026-09-30T05:30:02Z"}
2026-09-30T06:08:35Z parking/lantai-1/slot/A1 {"slot_id": "A1", "status": "OCCUPIED", "distance_cm": 5.7, "ts": "2026-09-30T05:30:08Z"}
2026-09-30T06:08:35Z parking/lantai-1/slot/A1 {"slot_id": "A1", "status": "FREE", "distance_cm": 34.3, "ts": "2026-09-30T05:30:15Z"}
2026-09-30T06:08:35Z parking/lantai-1/slot/A1 {"slot_id": "A1", "status": "OCCUPIED", "distance_cm": 7.3, "ts": "2026-09-30T05:30:24Z"}
2026-09-30T06:08:35Z parking/lantai-1/slot/A1 {"slot_id": "A1", "status": "FREE", "distance_cm": 33.9, "ts": "2026-09-30T05:30:31Z"}
2026-09-30T06:08:35Z parking/lantai-1/slot/A1 {"slot_id": "A1", "status": "OCCUPIED", "distance_cm": 8.4, "ts": "2026-09-30T05:30:39Z"}
2026-09-30T06:08:35Z parking/lantai-1/slot/A1 {"slot_id": "A1", "status": "FREE", "distance_cm": 38.7, "ts": "2026-09-30T05:30:52Z"}
2026-09-30T06:08:35Z parking/lantai-1/slot/A1 {"slot_id": "A1", "status": "OCCUPIED", "distance_cm": 5.2, "ts": "2026-09-30T05:30:55Z"}
2026-09-30T06:08:35Z parking/lantai-1/slot/A3 {"slot_id": "A3", "status": "FREE", "distance_cm": 38.0, "ts": "2026-09-30T05:40:49Z"}
2026-09-30T06:08:35Z parking/lantai-1/slot/A3 {"slot_id": "A3", "status": "OCCUPIED", "distance_cm": 7.9, "ts": "2026-09-30T05:41:03Z"}
2026-09-30T06:08:35Z parking/lantai-1/slot/A3 {"slot_id": "A3", "status": "FREE", "distance_cm": 34.4, "ts": "2026-09-30T05:41:17Z"}
2026-09-30T06:08:35Z parking/lantai-1/slot/A3 {"slot_id": "A3", "status": "OCCUPIED", "distance_cm": 7.3, "ts": "2026-09-30T05:41:34Z"}
2026-09-30T06:08:35Z parking/lantai-1/slot/A3 {"slot_id": "A3", "status": "FREE", "distance_cm": 36.0, "ts": "2026-09-30T05:41:45Z"}
2026-09-30T06:08:35Z parking/lantai-1/slot/A3 {"slot_id": "A3", "status": "OCCUPIED", "distance_cm": 6.7, "ts": "2026-09-30T05:41:59Z"}
2026-09-30T06:08:35Z parking/lantai-1/slot/A3 {"slot_id": "A3", "status": "FREE", "distance_cm": 34.0, "ts": "2026-09-30T05:42:13Z"}
2026-09-30T06:08:35Z parking/lantai-1/slot/A3 {"slot_id": "A3", "status": "OCCUPIED", "distance_cm": 6.4, "ts": "2026-09-30T05:42:27Z"}
2026-09-30T06:08:35Z parking/lantai-1/slot/A3 {"slot_id": "A3", "status": "FREE", "distance_cm": 35.8, "ts": "2026-09-30T05:42:41Z"}
2026-09-30T06:08:35Z parking/lantai-1/slot/A3 {"slot_id": "A3", "status": "OCCUPIED", "distance_cm": 5.8, "ts": "2026-09-30T05:42:55Z"}
2026-09-30T06:08:35Z parking/lantai-1/slot/A3 {"slot_id": "A3", "status": "FREE", "distance_cm": 34.4, "ts": "2026-09-30T05:43:09Z"}
2026-09-30T06:08:35Z parking/lantai-1/slot/A3 {"slot_id": "A3", "status": "OCCUPIED", "distance_cm": 8.7, "ts": "2026-09-30T05:43:23Z"}
2026-09-30T06:08:35Z parking/lantai-1/slot/A2 {"slot_id": "A2", "status": "FREE", "distance_cm": 33.6, "ts": "2026-09-30T05:33:37Z"}
2026-09-30T06:08:35Z parking/lantai-1/slot/A1 {"slot_id": "A1", "status": "FREE", "distance_cm": 39.3, "ts": "2026-09-30T05:31:07Z"}
2026-09-30T06:08:35Z parking/lantai-1/slot/A2 {"slot_id": "A2", "status": "OCCUPIED", "distance_cm": 5.4, "ts": "2026-09-30T05:33:40Z"}
2026-09-30T06:08:35Z parking/lantai-1/slot/A2 {"slot_id": "A2", "status": "FREE", "distance_cm": 36.9, "ts": "2026-09-30T05:33:51Z"}
2026-09-30T06:08:35Z parking/lantai-1/slot/A2 {"slot_id": "A2", "status": "OCCUPIED", "distance_cm": 6.9, "ts": "2026-09-30T05:34:03Z"}
2026-09-30T06:08:35Z parking/lantai-1/slot/A2 {"slot_id": "A2", "status": "FREE", "distance_cm": 35.7, "ts": "2026-09-30T05:34:14Z"}
2026-09-30T06:08:35Z parking/lantai-1/slot/A2 {"slot_id": "A2", "status": "OCCUPIED", "distance_cm": 8.1, "ts": "2026-09-30T05:34:25Z"}
2026-09-30T06:08:35Z parking/lantai-1/slot/A2 {"slot_id": "A2", "status": "FREE", "distance_cm": 37.4, "ts": "2026-09-30T05:34:36Z"}
2026-09-30T06:08:35Z parking/lantai-1/slot/A2 {"slot_id": "A2", "status": "OCCUPIED", "distance_cm": 5.9, "ts": "2026-09-30T05:34:47Z"}
2026-09-30T06:08:35Z parking/lantai-1/slot/A2 {"slot_id": "A2", "status": "FREE", "distance_cm": 33.9, "ts": "2026-09-30T05:35:03Z"}
2026-09-30T06:08:35Z parking/lantai-1/slot/A2 {"slot_id": "A2", "status": "OCCUPIED", "distance_cm": 8.6, "ts": "2026-09-30T05:35:09Z"}
2026-09-30T06:08:35Z parking/lantai-1/slot/A2 {"slot_id": "A2", "status": "FREE", "distance_cm": 36.5, "ts": "2026-09-30T05:35:20Z"}
2026-09-30T06:08:35Z parking/lantai-1/slot/A2 {"slot_id": "A2", "status": "OCCUPIED", "distance_cm": 7.1, "ts": "2026-09-30T05:35:31Z"}
2026-09-30T06:08:35Z parking/lantai-1/slot/A2 {"slot_id": "A2", "status": "FREE", "distance_cm": 37.2, "ts": "2026-09-30T05:35:41Z"}
2026-09-30T06:08:35Z parking/lantai-1/slot/A2 {"slot_id": "A2", "status": "OCCUPIED", "distance_cm": 8.1, "ts": "2026-09-30T05:35:53Z"}
2026-09-30T06:08:35Z parking/lantai-1/slot/A2 {"slot_id": "A2", "status": "FREE", "distance_cm": 36.0, "ts": "2026-09-30T05:36:04Z"}
2026-09-30T06:08:35Z parking/lantai-1/slot/A2 {"slot_id": "A2", "status": "OCCUPIED", "distance_cm": 6.9, "ts": "2026-09-30T05:36:15Z"}
2026-09-30T06:08:35Z parking/lantai-1/slot/A2 {"slot_id": "A2", "status": "FREE", "distance_cm": 36.9, "ts": "2026-09-30T05:36:26Z"}
2026-09-30T06:08:35Z parking/lantai-1/slot/A2 {"slot_id": "A2", "status": "OCCUPIED", "distance_cm": 5.1, "ts": "2026-09-30T05:36:38Z"}
2026-09-30T06:08:35Z parking/lantai-1/slot/A2 {"slot_id": "A2", "status": "FREE", "distance_cm": 39.9, "ts": "2026-09-30T05:36:48Z"}
2026-09-30T06:08:35Z parking/lantai-1/slot/A2 {"slot_id": "A2", "status": "OCCUPIED", "distance_cm": 5.6, "ts": "2026-09-30T05:37:03Z"}
2026-09-30T06:08:35Z parking/lantai-1/slot/A3 {"slot_id": "A3", "status": "FREE", "distance_cm": 38.2, "ts": "2026-09-30T05:43:37Z"}
2026-09-30T06:08:35Z parking/lantai-1/slot/A3 {"slot_id": "A3", "status": "OCCUPIED", "distance_cm": 6.3, "ts": "2026-09-30T05:43:51Z"}
2026-09-30T06:08:35Z parking/lantai-1/slot/A3 {"slot_id": "A3", "status": "FREE", "distance_cm": 33.1, "ts": "2026-09-30T05:44:05Z"}
2026-09-30T06:08:35Z parking/lantai-1/slot/A3 {"slot_id": "A3", "status": "OCCUPIED", "distance_cm": 7.6, "ts": "2026-09-30T05:44:19Z"}
2026-09-30T06:08:35Z parking/lantai-1/slot/A3 {"slot_id": "A3", "status": "FREE", "distance_cm": 39.5, "ts": "2026-09-30T05:44:34Z"}
2026-09-30T06:08:35Z parking/lantai-1/slot/A3 {"slot_id": "A3", "status": "OCCUPIED", "distance_cm": 5.2, "ts": "2026-09-30T05:44:47Z"}
2026-09-30T06:08:35Z parking/lantai-1/slot/A3 {"slot_id": "A3", "status": "FREE", "distance_cm": 39.3, "ts": "2026-09-30T05:45:02Z"}
2026-09-30T06:08:35Z parking/lantai-1/slot/A1 {"slot_id": "A1", "status": "OCCUPIED", "distance_cm": 7.9, "ts": "2026-09-30T05:31:10Z"}
2026-09-30T06:08:35Z parking/lantai-1/slot/A1 {"slot_id": "A1", "status": "FREE", "distance_cm": 38.4, "ts": "2026-09-30T05:31:18Z"}
2026-09-30T06:08:35Z parking/lantai-1/slot/A1 {"slot_id": "A1", "status": "OCCUPIED", "distance_cm": 6.9, "ts": "2026-09-30T05:31:28Z"}
2026-09-30T06:08:35Z parking/lantai-1/slot/A1 {"slot_id": "A1", "status": "FREE", "distance_cm": 38.9, "ts": "2026-09-30T05:31:35Z"}
2026-09-30T06:08:35Z parking/lantai-1/slot/A1 {"slot_id": "A1", "status": "OCCUPIED", "distance_cm": 7.2, "ts": "2026-09-30T05:31:42Z"}
2026-09-30T06:08:35Z parking/lantai-1/slot/A1 {"slot_id": "A1", "status": "FREE", "distance_cm": 38.6, "ts": "2026-09-30T05:31:50Z"}
2026-09-30T06:08:35Z parking/lantai-1/slot/A1 {"slot_id": "A1", "status": "OCCUPIED", "distance_cm": 7.2, "ts": "2026-09-30T05:31:58Z"}
2026-09-30T06:08:35Z parking/lantai-1/slot/A1 {"slot_id": "A1", "status": "FREE", "distance_cm": 39.9, "ts": "2026-09-30T05:32:11Z"}
2026-09-30T06:08:35Z parking/lantai-1/slot/A3 {"slot_id": "A3", "status": "OCCUPIED", "distance_cm": 5.7, "ts": "2026-09-30T05:45:15Z"}
2026-09-30T06:08:35Z parking/lantai-1/slot/A2 {"slot_id": "A2", "status": "FREE", "distance_cm": 33.6, "ts": "2026-09-30T05:37:10Z"}
2026-09-30T06:08:35Z parking/lantai-1/slot/A1 {"slot_id": "A1", "status": "OCCUPIED", "distance_cm": 7.3, "ts": "2026-09-30T05:32:20Z"}
2026-09-30T06:08:35Z parking/lantai-1/slot/A1 {"slot_id": "A1", "status": "FREE", "distance_cm": 33.7, "ts": "2026-09-30T05:32:23Z"}
2026-09-30T06:08:35Z parking/lantai-1/slot/A1 {"slot_id": "A1", "status": "OCCUPIED", "distance_cm": 8.5, "ts": "2026-09-30T05:32:31Z"}
2026-09-30T06:08:35Z parking/lantai-1/slot/A1 {"slot_id": "A1", "status": "FREE", "distance_cm": 36.9, "ts": "2026-09-30T05:32:39Z"}
2026-09-30T06:08:35Z parking/lantai-1/slot/A1 {"slot_id": "A1", "status": "OCCUPIED", "distance_cm": 6.5, "ts": "2026-09-30T05:32:47Z"}
2026-09-30T06:08:35Z parking/lantai-1/slot/A1 {"slot_id": "A1", "status": "FREE", "distance_cm": 33.1, "ts": "2026-09-30T05:32:58Z"}
2026-09-30T06:08:35Z parking/lantai-1/slot/A1 {"slot_id": "A1", "status": "OCCUPIED", "distance_cm": 7.4, "ts": "2026-09-30T05:33:03Z"}
2026-09-30T06:08:35Z parking/lantai-1/slot/A1 {"slot_id": "A1", "status": "FREE", "distance_cm": 34.1, "ts": "2026-09-30T05:33:11Z"}
2026-09-30T06:08:35Z parking/lantai-1/slot/A1 {"slot_id": "A1", "status": "OCCUPIED", "distance_cm": 8.4, "ts": "2026-09-30T05:33:19Z"}
2026-09-30T06:08:35Z parking/lantai-1/slot/A1 {"slot_id": "A1", "status": "FREE", "distance_cm": 34.2, "ts": "2026-09-30T05:33:27Z"}
2026-09-30T06:08:35Z parking/lantai-1/slot/A1 {"slot_id": "A1", "status": "OCCUPIED", "distance_cm": 8.7, "ts": "2026-09-30T05:33:50Z"}
2026-09-30T06:08:35Z parking/lantai-1/slot/A3 {"slot_id": "A3", "status": "FREE", "distance_cm": 34.5, "ts": "2026-09-30T05:45:29Z"}
2026-09-30T06:08:35Z parking/lantai-1/slot/A3 {"slot_id": "A3", "status": "OCCUPIED", "distance_cm": 5.0, "ts": "2026-09-30T05:45:43Z"}
2026-09-30T06:08:35Z parking/lantai-1/slot/A3 {"slot_id": "A3", "status": "FREE", "distance_cm": 36.2, "ts": "2026-09-30T05:45:56Z"}
2026-09-30T06:08:35Z parking/lantai-1/slot/A3 {"slot_id": "A3", "status": "OCCUPIED", "distance_cm": 8.5, "ts": "2026-09-30T05:46:10Z"}
2026-09-30T06:08:35Z parking/lantai-1/slot/A3 {"slot_id": "A3", "status": "FREE", "distance_cm": 33.8, "ts": "2026-09-30T05:46:25Z"}
2026-09-30T06:08:35Z parking/lantai-1/slot/A3 {"slot_id": "A3", "status": "OCCUPIED", "distance_cm": 7.1, "ts": "2026-09-30T05:46:39Z"}
2026-09-30T06:08:35Z parking/lantai-1/slot/A3 {"slot_id": "A3", "status": "FREE", "distance_cm": 37.3, "ts": "2026-09-30T05:46:53Z"}
2026-09-30T06:08:35Z parking/lantai-1/slot/A3 {"slot_id": "A3", "status": "OCCUPIED", "distance_cm": 7.6, "ts": "2026-09-30T05:47:14Z"}
2026-09-30T06:08:35Z parking/lantai-1/slot/A3 {"slot_id": "A3", "status": "FREE", "distance_cm": 34.2, "ts": "2026-09-30T05:47:21Z"}
2026-09-30T06:08:35Z parking/lantai-1/slot/A3 {"slot_id": "A3", "status": "OCCUPIED", "distance_cm": 6.8, "ts": "2026-09-30T05:47:35Z"}
2026-09-30T06:08:35Z parking/lantai-1/slot/A3 {"slot_id": "A3", "status": "FREE", "distance_cm": 37.8, "ts": "2026-09-30T05:47:50Z"}
2026-09-30T06:08:35Z parking/lantai-1/slot/A3 {"slot_id": "A3", "status": "OCCUPIED", "distance_cm": 6.5, "ts": "2026-09-30T05:48:04Z"}
2026-09-30T06:08:35Z parking/lantai-1/slot/A2 {"slot_id": "A2", "status": "OCCUPIED", "distance_cm": 6.7, "ts": "2026-09-30T05:37:21Z"}
2026-09-30T06:08:35Z parking/lantai-1/slot/A2 {"slot_id": "A2", "status": "FREE", "distance_cm": 33.5, "ts": "2026-09-30T05:37:32Z"}
2026-09-30T06:08:35Z parking/lantai-1/slot/A2 {"slot_id": "A2", "status": "OCCUPIED", "distance_cm": 5.4, "ts": "2026-09-30T05:37:44Z"}
2026-09-30T06:08:35Z parking/lantai-1/slot/A2 {"slot_id": "A2", "status": "FREE", "distance_cm": 33.8, "ts": "2026-09-30T05:37:53Z"}
2026-09-30T06:08:35Z parking/lantai-1/slot/A2 {"slot_id": "A2", "status": "OCCUPIED", "distance_cm": 5.6, "ts": "2026-09-30T05:38:05Z"}
2026-09-30T06:08:35Z parking/lantai-1/slot/A2 {"slot_id": "A2", "status": "FREE", "distance_cm": 38.4, "ts": "2026-09-30T05:38:25Z"}
2026-09-30T06:08:35Z parking/lantai-1/slot/A2 {"slot_id": "A2", "status": "OCCUPIED", "distance_cm": 7.7, "ts": "2026-09-30T05:38:27Z"}
2026-09-30T06:08:35Z parking/lantai-1/slot/A2 {"slot_id": "A2", "status": "FREE", "distance_cm": 34.9, "ts": "2026-09-30T05:38:38Z"}
2026-09-30T06:08:35Z parking/lantai-1/slot/A2 {"slot_id": "A2", "status": "OCCUPIED", "distance_cm": 6.4, "ts": "2026-09-30T05:38:49Z"}
2026-09-30T06:08:35Z parking/lantai-1/slot/A2 {"slot_id": "A2", "status": "FREE", "distance_cm": 33.9, "ts": "2026-09-30T05:39:01Z"}
2026-09-30T06:08:35Z parking/lantai-1/slot/A2 {"slot_id": "A2", "status": "OCCUPIED", "distance_cm": 5.7, "ts": "2026-09-30T05:39:11Z"}
2026-09-30T06:08:35Z parking/lantai-1/slot/A2 {"slot_id": "A2", "status": "FREE", "distance_cm": 35.2, "ts": "2026-09-30T05:39:22Z"}
2026-09-30T06:08:35Z parking/lantai-1/slot/A2 {"slot_id": "A2", "status": "OCCUPIED", "distance_cm": 7.8, "ts": "2026-09-30T05:39:33Z"}
2026-09-30T06:08:35Z parking/lantai-1/slot/A1 {"slot_id": "A1", "status": "FREE", "distance_cm": 36.3, "ts": "2026-09-30T05:33:58Z"}
2026-09-30T06:08:35Z parking/lantai-1/slot/A3 {"slot_id": "A3", "status": "FREE", "distance_cm": 37.7, "ts": "2026-09-30T05:48:17Z"}
2026-09-30T06:08:35Z parking/lantai-1/slot/A3 {"slot_id": "A3", "status": "OCCUPIED", "distance_cm": 6.1, "ts": "2026-09-30T05:48:30Z"}
2026-09-30T06:08:35Z parking/lantai-1/slot/A3 {"slot_id": "A3", "status": "FREE", "distance_cm": 36.3, "ts": "2026-09-30T05:48:44Z"}
2026-09-30T06:08:35Z parking/lantai-1/slot/A3 {"slot_id": "A3", "status": "OCCUPIED", "distance_cm": 6.0, "ts": "2026-09-30T05:48:58Z"}
2026-09-30T06:08:35Z parking/lantai-1/slot/A3 {"slot_id": "A3", "status": "FREE", "distance_cm": 39.0, "ts": "2026-09-30T05:49:13Z"}
2026-09-30T06:08:35Z parking/lantai-1/slot/A3 {"slot_id": "A3", "status": "OCCUPIED", "distance_cm": 5.8, "ts": "2026-09-30T05:49:27Z"}
2026-09-30T06:08:35Z parking/lantai-1/slot/A3 {"slot_id": "A3", "status": "FREE", "distance_cm": 36.0, "ts": "2026-09-30T05:49:41Z"}
2026-09-30T06:08:35Z parking/lantai-1/slot/A2 {"slot_id": "A2", "status": "FREE", "distance_cm": 33.2, "ts": "2026-09-30T05:39:44Z"}
2026-09-30T06:08:35Z parking/lantai-1/slot/A2 {"slot_id": "A2", "status": "OCCUPIED", "distance_cm": 5.8, "ts": "2026-09-30T05:40:03Z"}
2026-09-30T06:08:35Z parking/lantai-1/slot/A2 {"slot_id": "A2", "status": "FREE", "distance_cm": 38.7, "ts": "2026-09-30T05:40:06Z"}
2026-09-30T06:08:35Z parking/lantai-1/slot/A2 {"slot_id": "A2", "status": "OCCUPIED", "distance_cm": 8.6, "ts": "2026-09-30T05:40:17Z"}
2026-09-30T06:08:35Z parking/lantai-1/slot/A2 {"slot_id": "A2", "status": "FREE", "distance_cm": 34.7, "ts": "2026-09-30T05:40:28Z"}
2026-09-30T06:08:35Z parking/lantai-1/slot/A2 {"slot_id": "A2", "status": "OCCUPIED", "distance_cm": 7.5, "ts": "2026-09-30T05:40:41Z"}
2026-09-30T06:08:35Z parking/lantai-1/slot/A2 {"slot_id": "A2", "status": "FREE", "distance_cm": 33.1, "ts": "2026-09-30T05:40:52Z"}
2026-09-30T06:08:35Z parking/lantai-1/slot/A1 {"slot_id": "A1", "status": "OCCUPIED", "distance_cm": 8.8, "ts": "2026-09-30T05:34:06Z"}
2026-09-30T06:08:35Z parking/lantai-1/slot/A1 {"slot_id": "A1", "status": "FREE", "distance_cm": 36.6, "ts": "2026-09-30T05:34:21Z"}
2026-09-30T06:08:35Z parking/lantai-1/slot/A1 {"slot_id": "A1", "status": "OCCUPIED", "distance_cm": 7.0, "ts": "2026-09-30T05:34:23Z"}
2026-09-30T06:08:35Z parking/lantai-1/slot/A1 {"slot_id": "A1", "status": "FREE", "distance_cm": 37.2, "ts": "2026-09-30T05:34:31Z"}
2026-09-30T06:08:35Z parking/lantai-1/slot/A1 {"slot_id": "A1", "status": "OCCUPIED", "distance_cm": 6.1, "ts": "2026-09-30T05:34:39Z"}
2026-09-30T06:08:35Z parking/lantai-1/slot/A1 {"slot_id": "A1", "status": "FREE", "distance_cm": 34.5, "ts": "2026-09-30T05:34:47Z"}
2026-09-30T06:08:35Z parking/lantai-1/slot/A1 {"slot_id": "A1", "status": "OCCUPIED", "distance_cm": 8.3, "ts": "2026-09-30T05:34:55Z"}
2026-09-30T06:08:35Z parking/lantai-1/slot/A1 {"slot_id": "A1", "status": "FREE", "distance_cm": 36.9, "ts": "2026-09-30T05:35:03Z"}
2026-09-30T06:08:35Z parking/lantai-1/slot/A3 {"slot_id": "A3", "status": "OCCUPIED", "distance_cm": 8.7, "ts": "2026-09-30T05:49:55Z"}
2026-09-30T06:08:35Z parking/lantai-1/slot/A2 {"slot_id": "A2", "status": "OCCUPIED", "distance_cm": 5.1, "ts": "2026-09-30T05:41:01Z"}
2026-09-30T06:08:35Z parking/lantai-1/slot/A2 {"slot_id": "A2", "status": "FREE", "distance_cm": 33.0, "ts": "2026-09-30T05:41:12Z"}
2026-09-30T06:08:35Z parking/lantai-1/slot/A2 {"slot_id": "A2", "status": "OCCUPIED", "distance_cm": 6.6, "ts": "2026-09-30T05:41:23Z"}
2026-09-30T06:08:35Z parking/lantai-1/slot/A2 {"slot_id": "A2", "status": "FREE", "distance_cm": 39.6, "ts": "2026-09-30T05:41:37Z"}
2026-09-30T06:08:35Z parking/lantai-1/slot/A2 {"slot_id": "A2", "status": "OCCUPIED", "distance_cm": 5.3, "ts": "2026-09-30T05:41:45Z"}
2026-09-30T06:08:35Z parking/lantai-1/slot/A2 {"slot_id": "A2", "status": "FREE", "distance_cm": 37.8, "ts": "2026-09-30T05:41:56Z"}
2026-09-30T06:08:35Z parking/lantai-1/slot/A2 {"slot_id": "A2", "status": "OCCUPIED", "distance_cm": 6.8, "ts": "2026-09-30T05:42:07Z"}
2026-09-30T06:08:35Z parking/lantai-1/slot/A2 {"slot_id": "A2", "status": "FREE", "distance_cm": 36.8, "ts": "2026-09-30T05:42:18Z"}
2026-09-30T06:08:35Z parking/lantai-1/slot/A2 {"slot_id": "A2", "status": "OCCUPIED", "distance_cm": 6.0, "ts": "2026-09-30T05:42:29Z"}
2026-09-30T06:08:35Z parking/lantai-1/slot/A2 {"slot_id": "A2", "status": "FREE", "distance_cm": 38.4, "ts": "2026-09-30T05:42:40Z"}
2026-09-30T06:08:35Z parking/lantai-1/slot/A2 {"slot_id": "A2", "status": "OCCUPIED", "distance_cm": 5.6, "ts": "2026-09-30T05:42:51Z"}
2026-09-30T06:08:35Z parking/lantai-1/slot/A2 {"slot_id": "A2", "status": "FREE", "distance_cm": 34.1, "ts": "2026-09-30T05:43:02Z"}
2026-09-30T06:08:35Z parking/lantai-1/slot/A2 {"slot_id": "A2", "status": "OCCUPIED", "distance_cm": 5.4, "ts": "2026-09-30T05:43:13Z"}
2026-09-30T06:08:35Z parking/lantai-1/slot/A1 {"slot_id": "A1", "status": "OCCUPIED", "distance_cm": 7.2, "ts": "2026-09-30T05:35:11Z"}
2026-09-30T06:08:35Z parking/lantai-1/slot/A1 {"slot_id": "A1", "status": "FREE", "distance_cm": 34.1, "ts": "2026-09-30T05:35:19Z"}
2026-09-30T06:08:35Z parking/lantai-1/slot/A1 {"slot_id": "A1", "status": "OCCUPIED", "distance_cm": 8.1, "ts": "2026-09-30T05:35:29Z"}
2026-09-30T06:08:35Z parking/lantai-1/slot/A1 {"slot_id": "A1", "status": "FREE", "distance_cm": 35.2, "ts": "2026-09-30T05:35:37Z"}
2026-09-30T06:08:35Z parking/lantai-1/slot/A1 {"slot_id": "A1", "status": "OCCUPIED", "distance_cm": 8.9, "ts": "2026-09-30T05:35:42Z"}
2026-09-30T06:08:35Z parking/lantai-1/slot/A1 {"slot_id": "A1", "status": "FREE", "distance_cm": 35.5, "ts": "2026-09-30T05:35:51Z"}
2026-09-30T06:08:35Z parking/lantai-1/slot/A1 {"slot_id": "A1", "status": "OCCUPIED", "distance_cm": 6.9, "ts": "2026-09-30T05:36:02Z"}
2026-09-30T06:08:35Z parking/lantai-1/slot/A1 {"slot_id": "A1", "status": "FREE", "distance_cm": 36.4, "ts": "2026-09-30T05:36:07Z"}
2026-09-30T06:08:35Z parking/lantai-1/slot/A1 {"slot_id": "A1", "status": "OCCUPIED", "distance_cm": 5.6, "ts": "2026-09-30T05:36:15Z"}
2026-09-30T06:08:35Z parking/lantai-1/slot/A1 {"slot_id": "A1", "status": "FREE", "distance_cm": 39.2, "ts": "2026-09-30T05:36:23Z"}
2026-09-30T06:08:35Z parking/lantai-1/slot/A1 {"slot_id": "A1", "status": "OCCUPIED", "distance_cm": 7.7, "ts": "2026-09-30T05:36:31Z"}
2026-09-30T06:08:35Z parking/lantai-1/slot/A3 {"slot_id": "A3", "status": "FREE", "distance_cm": 34.1, "ts": "2026-09-30T05:50:09Z"}
2026-09-30T06:08:35Z parking/lantai-1/slot/A3 {"slot_id": "A3", "status": "OCCUPIED", "distance_cm": 8.0, "ts": "2026-09-30T05:50:23Z"}
2026-09-30T06:08:35Z parking/lantai-1/slot/A3 {"slot_id": "A3", "status": "FREE", "distance_cm": 34.2, "ts": "2026-09-30T05:50:37Z"}
2026-09-30T06:08:35Z parking/lantai-1/slot/A3 {"slot_id": "A3", "status": "OCCUPIED", "distance_cm": 8.9, "ts": "2026-09-30T05:50:51Z"}
2026-09-30T06:08:35Z parking/lantai-1/slot/A3 {"slot_id": "A3", "status": "FREE", "distance_cm": 38.0, "ts": "2026-09-30T05:51:07Z"}
2026-09-30T06:08:35Z parking/lantai-1/slot/A3 {"slot_id": "A3", "status": "OCCUPIED", "distance_cm": 6.5, "ts": "2026-09-30T05:51:18Z"}
2026-09-30T06:08:35Z parking/lantai-1/slot/A3 {"slot_id": "A3", "status": "FREE", "distance_cm": 36.9, "ts": "2026-09-30T05:51:33Z"}
2026-09-30T06:08:35Z parking/lantai-1/slot/A3 {"slot_id": "A3", "status": "OCCUPIED", "distance_cm": 5.7, "ts": "2026-09-30T05:51:45Z"}
2026-09-30T06:08:35Z parking/lantai-1/slot/A3 {"slot_id": "A3", "status": "FREE", "distance_cm": 38.2, "ts": "2026-09-30T05:52:01Z"}
2026-09-30T06:08:35Z parking/lantai-1/slot/A3 {"slot_id": "A3", "status": "OCCUPIED", "distance_cm": 5.5, "ts": "2026-09-30T05:52:15Z"}
2026-09-30T06:08:35Z parking/lantai-1/slot/A3 {"slot_id": "A3", "status": "FREE", "distance_cm": 38.1, "ts": "2026-09-30T05:52:28Z"}
2026-09-30T06:08:35Z parking/lantai-1/slot/A3 {"slot_id": "A3", "status": "OCCUPIED", "distance_cm": 6.2, "ts": "2026-09-30T05:52:42Z"}
2026-09-30T06:08:35Z parking/lantai-1/slot/A2 {"slot_id": "A2", "status": "FREE", "distance_cm": 37.1, "ts": "2026-09-30T05:43:24Z"}
2026-09-30T06:08:35Z parking/lantai-1/slot/A2 {"slot_id": "A2", "status": "OCCUPIED", "distance_cm": 6.2, "ts": "2026-09-30T05:43:36Z"}
2026-09-30T06:08:35Z parking/lantai-1/slot/A2 {"slot_id": "A2", "status": "FREE", "distance_cm": 36.4, "ts": "2026-09-30T05:43:46Z"}
2026-09-30T06:08:35Z parking/lantai-1/slot/A2 {"slot_id": "A2", "status": "OCCUPIED", "distance_cm": 6.8, "ts": "2026-09-30T05:43:57Z"}
2026-09-30T06:08:35Z parking/lantai-1/slot/A2 {"slot_id": "A2", "status": "FREE", "distance_cm": 33.8, "ts": "2026-09-30T05:44:08Z"}
2026-09-30T06:08:35Z parking/lantai-1/slot/A2 {"slot_id": "A2", "status": "OCCUPIED", "distance_cm": 6.6, "ts": "2026-09-30T05:44:19Z"}
2026-09-30T06:08:35Z parking/lantai-1/slot/A2 {"slot_id": "A2", "status": "FREE", "distance_cm": 37.6, "ts": "2026-09-30T05:44:32Z"}
2026-09-30T06:08:35Z parking/lantai-1/slot/A1 {"slot_id": "A1", "status": "FREE", "distance_cm": 37.4, "ts": "2026-09-30T05:36:39Z"}
2026-09-30T06:08:35Z parking/lantai-1/slot/A3 {"slot_id": "A3", "status": "FREE", "distance_cm": 35.3, "ts": "2026-09-30T05:52:56Z"}
2026-09-30T06:08:35Z parking/lantai-1/slot/A3 {"slot_id": "A3", "status": "OCCUPIED", "distance_cm": 8.7, "ts": "2026-09-30T05:53:11Z"}
2026-09-30T06:08:35Z parking/lantai-1/slot/A3 {"slot_id": "A3", "status": "FREE", "distance_cm": 39.5, "ts": "2026-09-30T05:53:25Z"}
2026-09-30T06:08:35Z parking/lantai-1/slot/A3 {"slot_id": "A3", "status": "OCCUPIED", "distance_cm": 7.8, "ts": "2026-09-30T05:53:39Z"}
2026-09-30T06:08:35Z parking/lantai-1/slot/A3 {"slot_id": "A3", "status": "FREE", "distance_cm": 37.3, "ts": "2026-09-30T05:53:53Z"}
2026-09-30T06:08:35Z parking/lantai-1/slot/A3 {"slot_id": "A3", "status": "OCCUPIED", "distance_cm": 8.3, "ts": "2026-09-30T05:54:06Z"}
2026-09-30T06:08:35Z parking/lantai-1/slot/A3 {"slot_id": "A3", "status": "FREE", "distance_cm": 36.9, "ts": "2026-09-30T05:54:20Z"}
2026-09-30T06:08:35Z parking/lantai-1/slot/A2 {"slot_id": "A2", "status": "OCCUPIED", "distance_cm": 6.8, "ts": "2026-09-30T05:44:42Z"}
2026-09-30T06:08:35Z parking/lantai-1/slot/A1 {"slot_id": "A1", "status": "OCCUPIED", "distance_cm": 7.4, "ts": "2026-09-30T05:36:47Z"}
2026-09-30T06:08:35Z parking/lantai-1/slot/A1 {"slot_id": "A1", "status": "FREE", "distance_cm": 38.1, "ts": "2026-09-30T05:37:01Z"}
2026-09-30T06:08:35Z parking/lantai-1/slot/A1 {"slot_id": "A1", "status": "OCCUPIED", "distance_cm": 6.8, "ts": "2026-09-30T05:37:03Z"}
2026-09-30T06:08:35Z parking/lantai-1/slot/A1 {"slot_id": "A1", "status": "FREE", "distance_cm": 35.8, "ts": "2026-09-30T05:37:12Z"}
2026-09-30T06:08:35Z parking/lantai-1/slot/A1 {"slot_id": "A1", "status": "OCCUPIED", "distance_cm": 5.5, "ts": "2026-09-30T05:37:19Z"}
2026-09-30T06:08:35Z parking/lantai-1/slot/A1 {"slot_id": "A1", "status": "FREE", "distance_cm": 35.3, "ts": "2026-09-30T05:37:27Z"}
2026-09-30T06:08:35Z parking/lantai-1/slot/A1 {"slot_id": "A1", "status": "OCCUPIED", "distance_cm": 8.6, "ts": "2026-09-30T05:37:36Z"}
2026-09-30T06:08:35Z parking/lantai-1/slot/A1 {"slot_id": "A1", "status": "FREE", "distance_cm": 34.7, "ts": "2026-09-30T05:37:44Z"}
2026-09-30T06:08:35Z parking/lantai-1/slot/A3 {"slot_id": "A3", "status": "OCCUPIED", "distance_cm": 7.1, "ts": "2026-09-30T05:54:34Z"}
2026-09-30T06:08:35Z parking/lantai-1/slot/A2 {"slot_id": "A2", "status": "FREE", "distance_cm": 33.1, "ts": "2026-09-30T05:44:52Z"}
2026-09-30T06:08:35Z parking/lantai-1/slot/A2 {"slot_id": "A2", "status": "OCCUPIED", "distance_cm": 6.0, "ts": "2026-09-30T05:45:02Z"}
2026-09-30T06:08:35Z parking/lantai-1/slot/A2 {"slot_id": "A2", "status": "FREE", "distance_cm": 36.0, "ts": "2026-09-30T05:45:13Z"}
2026-09-30T06:08:35Z parking/lantai-1/slot/A2 {"slot_id": "A2", "status": "OCCUPIED", "distance_cm": 6.9, "ts": "2026-09-30T05:45:24Z"}
2026-09-30T06:08:35Z parking/lantai-1/slot/A2 {"slot_id": "A2", "status": "FREE", "distance_cm": 34.2, "ts": "2026-09-30T05:45:35Z"}
2026-09-30T06:08:35Z parking/lantai-1/slot/A2 {"slot_id": "A2", "status": "OCCUPIED", "distance_cm": 8.3, "ts": "2026-09-30T05:45:47Z"}
2026-09-30T06:08:35Z parking/lantai-1/slot/A2 {"slot_id": "A2", "status": "FREE", "distance_cm": 38.8, "ts": "2026-09-30T05:45:58Z"}
2026-09-30T06:08:35Z parking/lantai-1/slot/A2 {"slot_id": "A2", "status": "OCCUPIED", "distance_cm": 8.2, "ts": "2026-09-30T05:46:08Z"}
2026-09-30T06:08:35Z parking/lantai-1/slot/A2 {"slot_id": "A2", "status": "FREE", "distance_cm": 36.5, "ts": "2026-09-30T05:46:20Z"}
2026-09-30T06:08:35Z parking/lantai-1/slot/A2 {"slot_id": "A2", "status": "OCCUPIED", "distance_cm": 7.6, "ts": "2026-09-30T05:46:33Z"}
2026-09-30T06:08:35Z parking/lantai-1/slot/A2 {"slot_id": "A2", "status": "FREE", "distance_cm": 36.7, "ts": "2026-09-30T05:46:42Z"}
2026-09-30T06:08:35Z parking/lantai-1/slot/A2 {"slot_id": "A2", "status": "OCCUPIED", "distance_cm": 5.7, "ts": "2026-09-30T05:46:53Z"}
2026-09-30T06:08:35Z parking/lantai-1/slot/A1 {"slot_id": "A1", "status": "OCCUPIED", "distance_cm": 6.9, "ts": "2026-09-30T05:37:50Z"}
2026-09-30T06:08:35Z parking/lantai-1/slot/A1 {"slot_id": "A1", "status": "FREE", "distance_cm": 34.7, "ts": "2026-09-30T05:37:58Z"}
2026-09-30T06:08:35Z parking/lantai-1/slot/A1 {"slot_id": "A1", "status": "OCCUPIED", "distance_cm": 6.2, "ts": "2026-09-30T05:38:06Z"}
2026-09-30T06:08:35Z parking/lantai-1/slot/A1 {"slot_id": "A1", "status": "FREE", "distance_cm": 36.6, "ts": "2026-09-30T05:38:24Z"}
2026-09-30T06:08:35Z parking/lantai-1/slot/A1 {"slot_id": "A1", "status": "OCCUPIED", "distance_cm": 5.4, "ts": "2026-09-30T05:38:26Z"}
2026-09-30T06:08:35Z parking/lantai-1/slot/A1 {"slot_id": "A1", "status": "FREE", "distance_cm": 39.7, "ts": "2026-09-30T05:38:31Z"}
2026-09-30T06:08:35Z parking/lantai-1/slot/A1 {"slot_id": "A1", "status": "OCCUPIED", "distance_cm": 8.2, "ts": "2026-09-30T05:38:39Z"}
2026-09-30T06:08:35Z parking/lantai-1/slot/A1 {"slot_id": "A1", "status": "FREE", "distance_cm": 34.2, "ts": "2026-09-30T05:38:47Z"}
2026-09-30T06:08:35Z parking/lantai-1/slot/A1 {"slot_id": "A1", "status": "OCCUPIED", "distance_cm": 5.6, "ts": "2026-09-30T05:38:55Z"}
2026-09-30T06:08:35Z parking/lantai-1/slot/A1 {"slot_id": "A1", "status": "FREE", "distance_cm": 33.4, "ts": "2026-09-30T05:39:03Z"}
2026-09-30T06:08:35Z parking/lantai-1/slot/A1 {"slot_id": "A1", "status": "OCCUPIED", "distance_cm": 5.5, "ts": "2026-09-30T05:39:11Z"}
2026-09-30T06:08:35Z parking/lantai-1/slot/A3 {"slot_id": "A3", "status": "FREE", "distance_cm": 35.1, "ts": "2026-09-30T05:54:48Z"}
2026-09-30T06:08:35Z parking/lantai-1/slot/A3 {"slot_id": "A3", "status": "OCCUPIED", "distance_cm": 7.1, "ts": "2026-09-30T05:55:03Z"}
2026-09-30T06:08:35Z parking/lantai-1/slot/A3 {"slot_id": "A3", "status": "FREE", "distance_cm": 33.2, "ts": "2026-09-30T05:55:17Z"}
2026-09-30T06:08:35Z parking/lantai-1/slot/A3 {"slot_id": "A3", "status": "OCCUPIED", "distance_cm": 6.0, "ts": "2026-09-30T05:55:31Z"}
2026-09-30T06:08:35Z parking/lantai-1/slot/A3 {"slot_id": "A3", "status": "FREE", "distance_cm": 36.9, "ts": "2026-09-30T05:55:47Z"}
2026-09-30T06:08:35Z parking/lantai-1/slot/A3 {"slot_id": "A3", "status": "OCCUPIED", "distance_cm": 5.9, "ts": "2026-09-30T05:55:59Z"}
2026-09-30T06:08:35Z parking/lantai-1/slot/A3 {"slot_id": "A3", "status": "FREE", "distance_cm": 35.8, "ts": "2026-09-30T05:56:12Z"}
2026-09-30T06:08:35Z parking/lantai-1/slot/A3 {"slot_id": "A3", "status": "OCCUPIED", "distance_cm": 5.1, "ts": "2026-09-30T05:56:26Z"}
2026-09-30T06:08:35Z parking/lantai-1/slot/A3 {"slot_id": "A3", "status": "FREE", "distance_cm": 39.6, "ts": "2026-09-30T05:56:41Z"}
2026-09-30T06:08:35Z parking/lantai-1/slot/A3 {"slot_id": "A3", "status": "OCCUPIED", "distance_cm": 5.3, "ts": "2026-09-30T05:56:55Z"}
2026-09-30T06:08:35Z parking/lantai-1/slot/A3 {"slot_id": "A3", "status": "FREE", "distance_cm": 37.0, "ts": "2026-09-30T05:57:09Z"}
2026-09-30T06:08:35Z parking/lantai-1/slot/A3 {"slot_id": "A3", "status": "OCCUPIED", "distance_cm": 8.3, "ts": "2026-09-30T05:57:24Z"}
2026-09-30T06:08:35Z parking/lantai-1/slot/A2 {"slot_id": "A2", "status": "FREE", "distance_cm": 33.5, "ts": "2026-09-30T05:47:04Z"}
2026-09-30T06:08:35Z parking/lantai-1/slot/A2 {"slot_id": "A2", "status": "OCCUPIED", "distance_cm": 7.4, "ts": "2026-09-30T05:47:15Z"}
2026-09-30T06:08:35Z parking/lantai-1/slot/A2 {"slot_id": "A2", "status": "FREE", "distance_cm": 33.0, "ts": "2026-09-30T05:47:26Z"}
2026-09-30T06:08:35Z parking/lantai-1/slot/A2 {"slot_id": "A2", "status": "OCCUPIED", "distance_cm": 7.6, "ts": "2026-09-30T05:47:37Z"}
2026-09-30T06:08:35Z parking/lantai-1/slot/A2 {"slot_id": "A2", "status": "FREE", "distance_cm": 34.4, "ts": "2026-09-30T05:47:48Z"}
2026-09-30T06:08:35Z parking/lantai-1/slot/A2 {"slot_id": "A2", "status": "OCCUPIED", "distance_cm": 6.5, "ts": "2026-09-30T05:47:59Z"}
2026-09-30T06:08:35Z parking/lantai-1/slot/A2 {"slot_id": "A2", "status": "FREE", "distance_cm": 37.5, "ts": "2026-09-30T05:48:10Z"}
2026-09-30T06:08:35Z parking/lantai-1/slot/A1 {"slot_id": "A1", "status": "FREE", "distance_cm": 33.1, "ts": "2026-09-30T05:39:19Z"}
2026-09-30T06:08:35Z parking/lantai-1/slot/A2 {"slot_id": "A2", "status": "OCCUPIED", "distance_cm": 8.8, "ts": "2026-09-30T05:48:21Z"}
2026-09-30T06:08:35Z parking/lantai-1/slot/A3 {"slot_id": "A3", "status": "FREE", "distance_cm": 39.6, "ts": "2026-09-30T05:57:37Z"}
2026-09-30T06:08:35Z parking/lantai-1/slot/A3 {"slot_id": "A3", "status": "OCCUPIED", "distance_cm": 6.4, "ts": "2026-09-30T05:57:51Z"}
2026-09-30T06:08:35Z parking/lantai-1/slot/A3 {"slot_id": "A3", "status": "FREE", "distance_cm": 37.6, "ts": "2026-09-30T05:58:07Z"}
2026-09-30T06:08:35Z parking/lantai-1/slot/A3 {"slot_id": "A3", "status": "OCCUPIED", "distance_cm": 5.7, "ts": "2026-09-30T05:58:24Z"}
2026-09-30T06:08:35Z parking/lantai-1/slot/A3 {"slot_id": "A3", "status": "FREE", "distance_cm": 37.5, "ts": "2026-09-30T05:58:32Z"}
2026-09-30T06:08:35Z parking/lantai-1/slot/A3 {"slot_id": "A3", "status": "OCCUPIED", "distance_cm": 8.2, "ts": "2026-09-30T05:58:46Z"}
2026-09-30T06:08:35Z parking/lantai-1/slot/A3 {"slot_id": "A3", "status": "FREE", "distance_cm": 34.8, "ts": "2026-09-30T05:59:00Z"}
2026-09-30T06:08:35Z parking/lantai-1/slot/A1 {"slot_id": "A1", "status": "OCCUPIED", "distance_cm": 6.9, "ts": "2026-09-30T05:39:28Z"}
2026-09-30T06:08:35Z parking/lantai-1/slot/A1 {"slot_id": "A1", "status": "FREE", "distance_cm": 36.8, "ts": "2026-09-30T05:39:35Z"}
2026-09-30T06:08:35Z parking/lantai-1/slot/A1 {"slot_id": "A1", "status": "OCCUPIED", "distance_cm": 7.4, "ts": "2026-09-30T05:39:43Z"}
2026-09-30T06:08:35Z parking/lantai-1/slot/A1 {"slot_id": "A1", "status": "FREE", "distance_cm": 38.9, "ts": "2026-09-30T05:40:08Z"}
2026-09-30T06:08:35Z parking/lantai-1/slot/A1 {"slot_id": "A1", "status": "OCCUPIED", "distance_cm": 5.8, "ts": "2026-09-30T05:40:15Z"}
2026-09-30T06:08:35Z parking/lantai-1/slot/A1 {"slot_id": "A1", "status": "FREE", "distance_cm": 33.5, "ts": "2026-09-30T05:40:24Z"}
2026-09-30T06:08:35Z parking/lantai-1/slot/A1 {"slot_id": "A1", "status": "OCCUPIED", "distance_cm": 5.7, "ts": "2026-09-30T05:40:31Z"}
2026-09-30T06:08:35Z parking/lantai-1/slot/A1 {"slot_id": "A1", "status": "FREE", "distance_cm": 39.8, "ts": "2026-09-30T05:40:41Z"}
2026-09-30T06:08:35Z parking/lantai-1/slot/A3 {"slot_id": "A3", "status": "OCCUPIED", "distance_cm": 7.1, "ts": "2026-09-30T05:59:14Z"}
2026-09-30T06:08:35Z parking/lantai-1/slot/A2 {"slot_id": "A2", "status": "FREE", "distance_cm": 39.4, "ts": "2026-09-30T05:48:31Z"}
2026-09-30T06:08:35Z parking/lantai-1/slot/A2 {"slot_id": "A2", "status": "OCCUPIED", "distance_cm": 6.1, "ts": "2026-09-30T05:48:42Z"}
2026-09-30T06:08:35Z parking/lantai-1/slot/A2 {"slot_id": "A2", "status": "FREE", "distance_cm": 35.3, "ts": "2026-09-30T05:48:55Z"}
2026-09-30T06:08:35Z parking/lantai-1/slot/A2 {"slot_id": "A2", "status": "OCCUPIED", "distance_cm": 5.9, "ts": "2026-09-30T05:49:05Z"}
2026-09-30T06:08:35Z parking/lantai-1/slot/A2 {"slot_id": "A2", "status": "FREE", "distance_cm": 38.9, "ts": "2026-09-30T05:49:16Z"}
2026-09-30T06:08:35Z parking/lantai-1/slot/A2 {"slot_id": "A2", "status": "OCCUPIED", "distance_cm": 6.2, "ts": "2026-09-30T05:49:28Z"}
2026-09-30T06:08:35Z parking/lantai-1/slot/A2 {"slot_id": "A2", "status": "FREE", "distance_cm": 33.2, "ts": "2026-09-30T05:49:38Z"}
2026-09-30T06:08:35Z parking/lantai-1/slot/A2 {"slot_id": "A2", "status": "OCCUPIED", "distance_cm": 7.6, "ts": "2026-09-30T05:49:49Z"}
2026-09-30T06:08:35Z parking/lantai-1/slot/A2 {"slot_id": "A2", "status": "FREE", "distance_cm": 36.9, "ts": "2026-09-30T05:50:00Z"}
2026-09-30T06:08:35Z parking/lantai-1/slot/A2 {"slot_id": "A2", "status": "OCCUPIED", "distance_cm": 5.4, "ts": "2026-09-30T05:50:11Z"}
2026-09-30T06:08:35Z parking/lantai-1/slot/A2 {"slot_id": "A2", "status": "FREE", "distance_cm": 39.9, "ts": "2026-09-30T05:50:22Z"}
2026-09-30T06:08:35Z parking/lantai-1/slot/A2 {"slot_id": "A2", "status": "OCCUPIED", "distance_cm": 8.8, "ts": "2026-09-30T05:50:33Z"}
2026-09-30T06:08:35Z parking/lantai-1/slot/A1 {"slot_id": "A1", "status": "OCCUPIED", "distance_cm": 6.5, "ts": "2026-09-30T05:40:47Z"}
2026-09-30T06:08:35Z parking/lantai-1/slot/A1 {"slot_id": "A1", "status": "FREE", "distance_cm": 33.6, "ts": "2026-09-30T05:40:55Z"}
2026-09-30T06:08:35Z parking/lantai-1/slot/A1 {"slot_id": "A1", "status": "OCCUPIED", "distance_cm": 8.4, "ts": "2026-09-30T05:41:03Z"}
2026-09-30T06:08:35Z parking/lantai-1/slot/A1 {"slot_id": "A1", "status": "FREE", "distance_cm": 33.3, "ts": "2026-09-30T05:41:11Z"}
2026-09-30T06:08:35Z parking/lantai-1/slot/A1 {"slot_id": "A1", "status": "OCCUPIED", "distance_cm": 5.7, "ts": "2026-09-30T05:41:36Z"}
2026-09-30T06:08:35Z parking/lantai-1/slot/A1 {"slot_id": "A1", "status": "FREE", "distance_cm": 34.5, "ts": "2026-09-30T05:41:43Z"}
2026-09-30T06:08:35Z parking/lantai-1/slot/A1 {"slot_id": "A1", "status": "OCCUPIED", "distance_cm": 7.0, "ts": "2026-09-30T05:41:51Z"}
2026-09-30T06:08:35Z parking/lantai-1/slot/A1 {"slot_id": "A1", "status": "FREE", "distance_cm": 33.1, "ts": "2026-09-30T05:41:59Z"}
2026-09-30T06:08:35Z parking/lantai-1/slot/A1 {"slot_id": "A1", "status": "OCCUPIED", "distance_cm": 8.3, "ts": "2026-09-30T05:42:10Z"}
2026-09-30T06:08:35Z parking/lantai-1/slot/A1 {"slot_id": "A1", "status": "FREE", "distance_cm": 34.1, "ts": "2026-09-30T05:42:15Z"}
2026-09-30T06:08:35Z parking/lantai-1/slot/A1 {"slot_id": "A1", "status": "OCCUPIED", "distance_cm": 8.4, "ts": "2026-09-30T05:42:23Z"}
2026-09-30T06:08:35Z parking/lantai-1/slot/A3 {"slot_id": "A3", "status": "FREE", "distance_cm": 34.1, "ts": "2026-09-30T05:59:28Z"}
2026-09-30T06:08:35Z parking/lantai-1/slot/A3 {"slot_id": "A3", "status": "OCCUPIED", "distance_cm": 5.5, "ts": "2026-09-30T05:59:42Z"}
2026-09-30T06:08:35Z parking/lantai-1/slot/A3 {"slot_id": "A3", "status": "FREE", "distance_cm": 37.7, "ts": "2026-09-30T05:59:56Z"}
2026-09-30T06:08:35Z parking/lantai-1/slot/A3 {"slot_id": "A3", "status": "OCCUPIED", "distance_cm": 8.2, "ts": "2026-09-30T06:00:12Z"}
2026-09-30T06:08:35Z parking/lantai-1/slot/A3 {"slot_id": "A3", "status": "FREE", "distance_cm": 36.1, "ts": "2026-09-30T06:00:25Z"}
2026-09-30T06:08:35Z parking/lantai-1/slot/A3 {"slot_id": "A3", "status": "OCCUPIED", "distance_cm": 8.4, "ts": "2026-09-30T06:00:39Z"}
2026-09-30T06:08:35Z parking/lantai-1/slot/A3 {"slot_id": "A3", "status": "FREE", "distance_cm": 39.5, "ts": "2026-09-30T06:00:52Z"}
2026-09-30T06:08:35Z parking/lantai-1/slot/A3 {"slot_id": "A3", "status": "OCCUPIED", "distance_cm": 7.9, "ts": "2026-09-30T06:01:06Z"}
2026-09-30T06:08:35Z parking/lantai-1/slot/A3 {"slot_id": "A3", "status": "FREE", "distance_cm": 39.7, "ts": "2026-09-30T06:01:21Z"}
2026-09-30T06:08:35Z parking/lantai-1/slot/A3 {"slot_id": "A3", "status": "OCCUPIED", "distance_cm": 5.7, "ts": "2026-09-30T06:01:38Z"}
2026-09-30T06:08:35Z parking/lantai-1/slot/A3 {"slot_id": "A3", "status": "FREE", "distance_cm": 33.8, "ts": "2026-09-30T06:01:49Z"}
2026-09-30T06:08:35Z parking/lantai-1/slot/A3 {"slot_id": "A3", "status": "OCCUPIED", "distance_cm": 7.9, "ts": "2026-09-30T06:02:03Z"}
2026-09-30T06:08:35Z parking/lantai-1/slot/A2 {"slot_id": "A2", "status": "FREE", "distance_cm": 37.6, "ts": "2026-09-30T05:50:45Z"}
2026-09-30T06:08:35Z parking/lantai-1/slot/A2 {"slot_id": "A2", "status": "OCCUPIED", "distance_cm": 5.7, "ts": "2026-09-30T05:50:55Z"}
2026-09-30T06:08:35Z parking/lantai-1/slot/A2 {"slot_id": "A2", "status": "FREE", "distance_cm": 36.9, "ts": "2026-09-30T05:51:06Z"}
2026-09-30T06:08:36Z parking/lantai-1/slot/A2 {"slot_id": "A2", "status": "OCCUPIED", "distance_cm": 8.5, "ts": "2026-09-30T05:51:16Z"}
2026-09-30T06:08:36Z parking/lantai-1/slot/A2 {"slot_id": "A2", "status": "FREE", "distance_cm": 34.6, "ts": "2026-09-30T05:51:27Z"}
2026-09-30T06:08:36Z parking/lantai-1/slot/A2 {"slot_id": "A2", "status": "OCCUPIED", "distance_cm": 8.0, "ts": "2026-09-30T05:51:38Z"}
2026-09-30T06:08:36Z parking/lantai-1/slot/A2 {"slot_id": "A2", "status": "FREE", "distance_cm": 39.8, "ts": "2026-09-30T05:51:51Z"}
2026-09-30T06:08:36Z parking/lantai-1/slot/A1 {"slot_id": "A1", "status": "FREE", "distance_cm": 37.0, "ts": "2026-09-30T05:42:31Z"}
2026-09-30T06:08:36Z parking/lantai-1/slot/A3 {"slot_id": "A3", "status": "FREE", "distance_cm": 34.6, "ts": "2026-09-30T06:02:17Z"}
2026-09-30T06:08:36Z parking/lantai-1/slot/A3 {"slot_id": "A3", "status": "OCCUPIED", "distance_cm": 7.8, "ts": "2026-09-30T06:02:31Z"}
2026-09-30T06:08:36Z parking/lantai-1/slot/A3 {"slot_id": "A3", "status": "FREE", "distance_cm": 33.4, "ts": "2026-09-30T06:02:45Z"}
2026-09-30T06:08:36Z parking/lantai-1/slot/A3 {"slot_id": "A3", "status": "OCCUPIED", "distance_cm": 7.1, "ts": "2026-09-30T06:03:01Z"}
2026-09-30T06:08:36Z parking/lantai-1/slot/A3 {"slot_id": "A3", "status": "FREE", "distance_cm": 35.6, "ts": "2026-09-30T06:03:13Z"}
2026-09-30T06:08:36Z parking/lantai-1/slot/A3 {"slot_id": "A3", "status": "OCCUPIED", "distance_cm": 8.2, "ts": "2026-09-30T06:03:28Z"}
2026-09-30T06:08:36Z parking/lantai-1/slot/A3 {"slot_id": "A3", "status": "FREE", "distance_cm": 39.9, "ts": "2026-09-30T06:03:41Z"}
2026-09-30T06:08:36Z parking/lantai-1/slot/A2 {"slot_id": "A2", "status": "OCCUPIED", "distance_cm": 6.9, "ts": "2026-09-30T05:52:01Z"}
2026-09-30T06:08:36Z parking/lantai-1/slot/A1 {"slot_id": "A1", "status": "OCCUPIED", "distance_cm": 8.1, "ts": "2026-09-30T05:42:39Z"}
2026-09-30T06:08:36Z parking/lantai-1/slot/A1 {"slot_id": "A1", "status": "FREE", "distance_cm": 39.7, "ts": "2026-09-30T05:43:03Z"}
2026-09-30T06:08:36Z parking/lantai-1/slot/A1 {"slot_id": "A1", "status": "OCCUPIED", "distance_cm": 5.8, "ts": "2026-09-30T05:43:11Z"}
2026-09-30T06:08:36Z parking/lantai-1/slot/A1 {"slot_id": "A1", "status": "FREE", "distance_cm": 38.4, "ts": "2026-09-30T05:43:19Z"}
2026-09-30T06:08:36Z parking/lantai-1/slot/A1 {"slot_id": "A1", "status": "OCCUPIED", "distance_cm": 2.0, "ts": "2026-09-30T05:43:27Z"}
2026-09-30T06:08:36Z parking/lantai-1/slot/A1 {"slot_id": "A1", "status": "FREE", "distance_cm": 33.2, "ts": "2026-09-30T05:43:35Z"}
2026-09-30T06:08:36Z parking/lantai-1/slot/A1 {"slot_id": "A1", "status": "OCCUPIED", "distance_cm": 8.3, "ts": "2026-09-30T05:43:43Z"}
2026-09-30T06:08:36Z parking/lantai-1/slot/A1 {"slot_id": "A1", "status": "FREE", "distance_cm": 37.4, "ts": "2026-09-30T05:43:52Z"}
2026-09-30T06:08:36Z parking/lantai-1/slot/A3 {"slot_id": "A3", "status": "OCCUPIED", "distance_cm": 6.8, "ts": "2026-09-30T06:03:55Z"}
2026-09-30T06:08:36Z parking/lantai-1/slot/A2 {"slot_id": "A2", "status": "FREE", "distance_cm": 39.6, "ts": "2026-09-30T05:52:12Z"}
2026-09-30T06:08:36Z parking/lantai-1/slot/A2 {"slot_id": "A2", "status": "OCCUPIED", "distance_cm": 6.2, "ts": "2026-09-30T05:52:28Z"}
2026-09-30T06:08:36Z parking/lantai-1/slot/A2 {"slot_id": "A2", "status": "FREE", "distance_cm": 33.5, "ts": "2026-09-30T05:52:33Z"}
2026-09-30T06:08:36Z parking/lantai-1/slot/A2 {"slot_id": "A2", "status": "OCCUPIED", "distance_cm": 6.1, "ts": "2026-09-30T05:52:44Z"}
2026-09-30T06:08:36Z parking/lantai-1/slot/A2 {"slot_id": "A2", "status": "FREE", "distance_cm": 39.9, "ts": "2026-09-30T05:52:55Z"}
2026-09-30T06:08:36Z parking/lantai-1/slot/A2 {"slot_id": "A2", "status": "OCCUPIED", "distance_cm": 6.4, "ts": "2026-09-30T05:53:07Z"}
2026-09-30T06:08:36Z parking/lantai-1/slot/A2 {"slot_id": "A2", "status": "FREE", "distance_cm": 36.6, "ts": "2026-09-30T05:53:18Z"}
2026-09-30T06:08:36Z parking/lantai-1/slot/A2 {"slot_id": "A2", "status": "OCCUPIED", "distance_cm": 6.1, "ts": "2026-09-30T05:53:29Z"}
2026-09-30T06:08:36Z parking/lantai-1/slot/A2 {"slot_id": "A2", "status": "FREE", "distance_cm": 36.6, "ts": "2026-09-30T05:53:40Z"}
2026-09-30T06:08:36Z parking/lantai-1/slot/A2 {"slot_id": "A2", "status": "OCCUPIED", "distance_cm": 5.1, "ts": "2026-09-30T05:53:53Z"}
2026-09-30T06:08:36Z parking/lantai-1/slot/A2 {"slot_id": "A2", "status": "FREE", "distance_cm": 33.4, "ts": "2026-09-30T05:54:01Z"}
2026-09-30T06:08:36Z parking/lantai-1/slot/A2 {"slot_id": "A2", "status": "OCCUPIED", "distance_cm": 6.6, "ts": "2026-09-30T05:54:12Z"}
2026-09-30T06:08:36Z parking/lantai-1/slot/A3 {"slot_id": "A3", "status": "FREE", "distance_cm": 35.5, "ts": "2026-09-30T06:04:09Z"}
2026-09-30T06:08:36Z parking/lantai-1/slot/A3 {"slot_id": "A3", "status": "OCCUPIED", "distance_cm": 8.0, "ts": "2026-09-30T06:04:25Z"}
2026-09-30T06:08:36Z parking/lantai-1/slot/A3 {"slot_id": "A3", "status": "FREE", "distance_cm": 33.8, "ts": "2026-09-30T06:04:37Z"}
2026-09-30T06:08:36Z parking/lantai-1/slot/A3 {"slot_id": "A3", "status": "OCCUPIED", "distance_cm": 7.9, "ts": "2026-09-30T06:04:52Z"}
2026-09-30T06:08:36Z parking/lantai-1/slot/A3 {"slot_id": "A3", "status": "FREE", "distance_cm": 33.8, "ts": "2026-09-30T06:05:04Z"}
2026-09-30T06:08:36Z parking/lantai-1/slot/A3 {"slot_id": "A3", "status": "OCCUPIED", "distance_cm": 8.5, "ts": "2026-09-30T06:05:18Z"}
2026-09-30T06:08:36Z parking/lantai-1/slot/A3 {"slot_id": "A3", "status": "FREE", "distance_cm": 36.2, "ts": "2026-09-30T06:05:32Z"}
2026-09-30T06:08:36Z parking/lantai-1/slot/A3 {"slot_id": "A3", "status": "OCCUPIED", "distance_cm": 6.8, "ts": "2026-09-30T06:05:46Z"}
2026-09-30T06:08:36Z parking/lantai-1/slot/A3 {"slot_id": "A3", "status": "FREE", "distance_cm": 38.5, "ts": "2026-09-30T06:06:01Z"}
2026-09-30T06:08:36Z parking/lantai-1/slot/A3 {"slot_id": "A3", "status": "OCCUPIED", "distance_cm": 5.9, "ts": "2026-09-30T06:06:15Z"}
2026-09-30T06:08:36Z parking/lantai-1/slot/A3 {"slot_id": "A3", "status": "FREE", "distance_cm": 34.7, "ts": "2026-09-30T06:06:28Z"}
2026-09-30T06:08:36Z parking/lantai-1/slot/A3 {"slot_id": "A3", "status": "OCCUPIED", "distance_cm": 6.2, "ts": "2026-09-30T06:06:45Z"}
2026-09-30T06:08:36Z parking/lantai-1/slot/A1 {"slot_id": "A1", "status": "OCCUPIED", "distance_cm": 5.8, "ts": "2026-09-30T05:43:59Z"}
2026-09-30T06:08:36Z parking/lantai-1/slot/A1 {"slot_id": "A1", "status": "FREE", "distance_cm": 37.2, "ts": "2026-09-30T05:44:07Z"}
2026-09-30T06:08:36Z parking/lantai-1/slot/A1 {"slot_id": "A1", "status": "OCCUPIED", "distance_cm": 7.1, "ts": "2026-09-30T05:44:16Z"}
2026-09-30T06:08:36Z parking/lantai-1/slot/A1 {"slot_id": "A1", "status": "FREE", "distance_cm": 36.3, "ts": "2026-09-30T05:44:23Z"}
2026-09-30T06:08:36Z parking/lantai-1/slot/A1 {"slot_id": "A1", "status": "OCCUPIED", "distance_cm": 6.7, "ts": "2026-09-30T05:44:32Z"}
2026-09-30T06:08:36Z parking/lantai-1/slot/A1 {"slot_id": "A1", "status": "FREE", "distance_cm": 37.4, "ts": "2026-09-30T05:44:42Z"}
2026-09-30T06:08:36Z parking/lantai-1/slot/A1 {"slot_id": "A1", "status": "OCCUPIED", "distance_cm": 7.2, "ts": "2026-09-30T05:44:47Z"}
2026-09-30T06:08:36Z parking/lantai-1/slot/A1 {"slot_id": "A1", "status": "FREE", "distance_cm": 34.9, "ts": "2026-09-30T05:44:55Z"}
2026-09-30T06:08:36Z parking/lantai-1/slot/A1 {"slot_id": "A1", "status": "OCCUPIED", "distance_cm": 7.3, "ts": "2026-09-30T05:45:02Z"}
2026-09-30T06:08:36Z parking/lantai-1/slot/A1 {"slot_id": "A1", "status": "FREE", "distance_cm": 37.4, "ts": "2026-09-30T05:45:11Z"}
2026-09-30T06:08:36Z parking/lantai-1/slot/A1 {"slot_id": "A1", "status": "OCCUPIED", "distance_cm": 7.2, "ts": "2026-09-30T05:45:19Z"}
2026-09-30T06:08:36Z parking/lantai-1/slot/A2 {"slot_id": "A2", "status": "FREE", "distance_cm": 38.6, "ts": "2026-09-30T05:54:23Z"}
2026-09-30T06:08:36Z parking/lantai-1/slot/A2 {"slot_id": "A2", "status": "OCCUPIED", "distance_cm": 6.8, "ts": "2026-09-30T05:54:34Z"}
2026-09-30T06:08:36Z parking/lantai-1/slot/A2 {"slot_id": "A2", "status": "FREE", "distance_cm": 40.0, "ts": "2026-09-30T05:54:45Z"}
2026-09-30T06:08:36Z parking/lantai-1/slot/A2 {"slot_id": "A2", "status": "OCCUPIED", "distance_cm": 6.1, "ts": "2026-09-30T05:54:57Z"}
2026-09-30T06:08:36Z parking/lantai-1/slot/A2 {"slot_id": "A2", "status": "FREE", "distance_cm": 36.6, "ts": "2026-09-30T05:55:08Z"}
2026-09-30T06:08:36Z parking/lantai-1/slot/A2 {"slot_id": "A2", "status": "OCCUPIED", "distance_cm": 8.1, "ts": "2026-09-30T05:55:20Z"}
2026-09-30T06:08:36Z parking/lantai-1/slot/A2 {"slot_id": "A2", "status": "FREE", "distance_cm": 38.1, "ts": "2026-09-30T05:55:30Z"}
2026-09-30T06:08:36Z parking/lantai-1/slot/A2 {"slot_id": "A2", "status": "OCCUPIED", "distance_cm": 5.3, "ts": "2026-09-30T05:55:48Z"}
2026-09-30T06:08:36Z parking/lantai-1/slot/A3 {"slot_id": "A3", "status": "FREE", "distance_cm": 36.7, "ts": "2026-09-30T06:06:57Z"}
2026-09-30T06:08:36Z parking/lantai-1/slot/A3 {"slot_id": "A3", "status": "OCCUPIED", "distance_cm": 8.4, "ts": "2026-09-30T06:07:11Z"}
2026-09-30T06:08:36Z parking/lantai-1/slot/A3 {"slot_id": "A3", "status": "FREE", "distance_cm": 33.7, "ts": "2026-09-30T06:07:25Z"}
2026-09-30T06:08:36Z parking/lantai-1/slot/A3 {"slot_id": "A3", "status": "OCCUPIED", "distance_cm": 8.9, "ts": "2026-09-30T06:07:39Z"}
2026-09-30T06:08:36Z parking/lantai-1/slot/A3 {"slot_id": "A3", "status": "FREE", "distance_cm": 35.2, "ts": "2026-09-30T06:07:53Z"}
2026-09-30T06:08:36Z parking/lantai-1/slot/A3 {"slot_id": "A3", "status": "OCCUPIED", "distance_cm": 6.5, "ts": "2026-09-30T06:08:07Z"}
2026-09-30T06:08:36Z parking/lantai-1/slot/A3 {"slot_id": "A3", "status": "FREE", "distance_cm": 36.9, "ts": "2026-09-30T06:08:22Z"}
2026-09-30T06:08:36Z parking/lantai-1/slot/A1 {"slot_id": "A1", "status": "FREE", "distance_cm": 38.8, "ts": "2026-09-30T05:45:27Z"}
2026-09-30T06:08:36Z parking/lantai-1/slot/A1 {"slot_id": "A1", "status": "OCCUPIED", "distance_cm": 8.8, "ts": "2026-09-30T05:45:37Z"}
2026-09-30T06:08:36Z parking/lantai-1/slot/A2 {"slot_id": "A2", "status": "FREE", "distance_cm": 35.4, "ts": "2026-09-30T05:55:55Z"}
2026-09-30T06:08:36Z parking/lantai-1/slot/A1 {"slot_id": "A1", "status": "FREE", "distance_cm": 34.4, "ts": "2026-09-30T05:45:43Z"}
2026-09-30T06:08:36Z parking/lantai-1/slot/A1 {"slot_id": "A1", "status": "OCCUPIED", "distance_cm": 8.8, "ts": "2026-09-30T05:45:54Z"}
2026-09-30T06:08:36Z parking/lantai-1/slot/A1 {"slot_id": "A1", "status": "FREE", "distance_cm": 36.5, "ts": "2026-09-30T05:45:58Z"}
2026-09-30T06:08:36Z parking/lantai-1/slot/A1 {"slot_id": "A1", "status": "OCCUPIED", "distance_cm": 5.2, "ts": "2026-09-30T05:46:07Z"}
2026-09-30T06:08:36Z parking/lantai-1/slot/A1 {"slot_id": "A1", "status": "FREE", "distance_cm": 35.3, "ts": "2026-09-30T05:46:15Z"}
2026-09-30T06:08:36Z parking/lantai-1/slot/A1 {"slot_id": "A1", "status": "OCCUPIED", "distance_cm": 6.3, "ts": "2026-09-30T05:46:23Z"}
2026-09-30T06:08:36Z parking/lantai-1/slot/A1 {"slot_id": "A1", "status": "FREE", "distance_cm": 34.4, "ts": "2026-09-30T05:46:34Z"}
2026-09-30T06:08:36Z parking/lantai-1/slot/A2 {"slot_id": "A2", "status": "OCCUPIED", "distance_cm": 7.8, "ts": "2026-09-30T05:56:02Z"}
2026-09-30T06:08:36Z parking/lantai-1/slot/A2 {"slot_id": "A2", "status": "FREE", "distance_cm": 37.6, "ts": "2026-09-30T05:56:13Z"}
2026-09-30T06:08:36Z parking/lantai-1/slot/A2 {"slot_id": "A2", "status": "OCCUPIED", "distance_cm": 5.3, "ts": "2026-09-30T05:56:24Z"}
2026-09-30T06:08:36Z parking/lantai-1/slot/A1 {"slot_id": "A1", "status": "OCCUPIED", "distance_cm": 2.0, "ts": "2026-09-30T05:46:39Z"}
2026-09-30T06:08:36Z parking/lantai-1/slot/A1 {"slot_id": "A1", "status": "FREE", "distance_cm": 35.3, "ts": "2026-09-30T05:46:48Z"}
2026-09-30T06:08:36Z parking/lantai-1/slot/A1 {"slot_id": "A1", "status": "OCCUPIED", "distance_cm": 5.8, "ts": "2026-09-30T05:46:55Z"}
2026-09-30T06:08:36Z parking/lantai-1/slot/A1 {"slot_id": "A1", "status": "FREE", "distance_cm": 35.3, "ts": "2026-09-30T05:47:03Z"}
2026-09-30T06:08:36Z parking/lantai-1/slot/A1 {"slot_id": "A1", "status": "OCCUPIED", "distance_cm": 7.0, "ts": "2026-09-30T05:47:16Z"}
2026-09-30T06:08:36Z parking/lantai-1/slot/A1 {"slot_id": "A1", "status": "FREE", "distance_cm": 36.2, "ts": "2026-09-30T05:47:19Z"}
2026-09-30T06:08:36Z parking/lantai-1/slot/A1 {"slot_id": "A1", "status": "OCCUPIED", "distance_cm": 6.2, "ts": "2026-09-30T05:47:27Z"}
2026-09-30T06:08:36Z parking/lantai-1/slot/A1 {"slot_id": "A1", "status": "FREE", "distance_cm": 36.9, "ts": "2026-09-30T05:47:37Z"}
2026-09-30T06:08:36Z parking/lantai-1/slot/A1 {"slot_id": "A1", "status": "OCCUPIED", "distance_cm": 7.2, "ts": "2026-09-30T05:47:48Z"}
2026-09-30T06:08:36Z parking/lantai-1/slot/A1 {"slot_id": "A1", "status": "FREE", "distance_cm": 36.4, "ts": "2026-09-30T05:47:51Z"}
2026-09-30T06:08:36Z parking/lantai-1/slot/A1 {"slot_id": "A1", "status": "OCCUPIED", "distance_cm": 8.8, "ts": "2026-09-30T05:47:59Z"}
2026-09-30T06:08:36Z parking/lantai-1/slot/A1 {"slot_id": "A1", "status": "FREE", "distance_cm": 34.9, "ts": "2026-09-30T05:48:06Z"}
2026-09-30T06:08:36Z parking/lantai-1/slot/A1 {"slot_id": "A1", "status": "OCCUPIED", "distance_cm": 5.9, "ts": "2026-09-30T05:48:16Z"}
2026-09-30T06:08:36Z parking/lantai-1/slot/A2 {"slot_id": "A2", "status": "FREE", "distance_cm": 37.7, "ts": "2026-09-30T05:56:35Z"}
2026-09-30T06:08:36Z parking/lantai-1/slot/A2 {"slot_id": "A2", "status": "OCCUPIED", "distance_cm": 8.4, "ts": "2026-09-30T05:56:46Z"}
2026-09-30T06:08:36Z parking/lantai-1/slot/A2 {"slot_id": "A2", "status": "FREE", "distance_cm": 35.5, "ts": "2026-09-30T05:56:57Z"}
2026-09-30T06:08:36Z parking/lantai-1/slot/A2 {"slot_id": "A2", "status": "OCCUPIED", "distance_cm": 7.4, "ts": "2026-09-30T05:57:08Z"}
2026-09-30T06:08:36Z parking/lantai-1/slot/A2 {"slot_id": "A2", "status": "FREE", "distance_cm": 35.4, "ts": "2026-09-30T05:57:19Z"}
2026-09-30T06:08:36Z parking/lantai-1/slot/A2 {"slot_id": "A2", "status": "OCCUPIED", "distance_cm": 6.0, "ts": "2026-09-30T05:57:33Z"}
2026-09-30T06:08:36Z parking/lantai-1/slot/A2 {"slot_id": "A2", "status": "FREE", "distance_cm": 34.6, "ts": "2026-09-30T05:57:41Z"}
2026-09-30T06:08:36Z parking/lantai-1/slot/A2 {"slot_id": "A2", "status": "OCCUPIED", "distance_cm": 8.7, "ts": "2026-09-30T05:57:53Z"}
2026-09-30T06:08:36Z parking/lantai-1/slot/A2 {"slot_id": "A2", "status": "FREE", "distance_cm": 33.2, "ts": "2026-09-30T05:58:05Z"}
2026-09-30T06:08:36Z parking/lantai-1/slot/A2 {"slot_id": "A2", "status": "OCCUPIED", "distance_cm": 2.0, "ts": "2026-09-30T05:58:15Z"}
2026-09-30T06:08:36Z parking/lantai-1/slot/A2 {"slot_id": "A2", "status": "FREE", "distance_cm": 36.1, "ts": "2026-09-30T05:58:26Z"}
2026-09-30T06:08:36Z parking/lantai-1/slot/A2 {"slot_id": "A2", "status": "OCCUPIED", "distance_cm": 8.8, "ts": "2026-09-30T05:58:36Z"}
2026-09-30T06:08:36Z parking/lantai-1/slot/A2 {"slot_id": "A2", "status": "FREE", "distance_cm": 36.2, "ts": "2026-09-30T05:58:47Z"}
2026-09-30T06:08:36Z parking/lantai-1/slot/A2 {"slot_id": "A2", "status": "OCCUPIED", "distance_cm": 6.7, "ts": "2026-09-30T05:58:58Z"}
2026-09-30T06:08:36Z parking/lantai-1/slot/A2 {"slot_id": "A2", "status": "FREE", "distance_cm": 33.7, "ts": "2026-09-30T05:59:09Z"}
2026-09-30T06:08:36Z parking/lantai-1/slot/A2 {"slot_id": "A2", "status": "OCCUPIED", "distance_cm": 6.8, "ts": "2026-09-30T05:59:20Z"}
2026-09-30T06:08:36Z parking/lantai-1/slot/A2 {"slot_id": "A2", "status": "FREE", "distance_cm": 39.9, "ts": "2026-09-30T05:59:31Z"}
2026-09-30T06:08:36Z parking/lantai-1/slot/A1 {"slot_id": "A1", "status": "FREE", "distance_cm": 37.3, "ts": "2026-09-30T05:48:27Z"}
2026-09-30T06:08:36Z parking/lantai-1/slot/A1 {"slot_id": "A1", "status": "OCCUPIED", "distance_cm": 5.7, "ts": "2026-09-30T05:48:30Z"}
2026-09-30T06:08:36Z parking/lantai-1/slot/A1 {"slot_id": "A1", "status": "FREE", "distance_cm": 37.5, "ts": "2026-09-30T05:48:39Z"}
2026-09-30T06:08:36Z parking/lantai-1/slot/A1 {"slot_id": "A1", "status": "OCCUPIED", "distance_cm": 7.3, "ts": "2026-09-30T05:48:47Z"}
2026-09-30T06:08:36Z parking/lantai-1/slot/A1 {"slot_id": "A1", "status": "FREE", "distance_cm": 38.4, "ts": "2026-09-30T05:48:56Z"}
2026-09-30T06:08:36Z parking/lantai-1/slot/A1 {"slot_id": "A1", "status": "OCCUPIED", "distance_cm": 8.3, "ts": "2026-09-30T05:49:03Z"}
2026-09-30T06:08:36Z parking/lantai-1/slot/A1 {"slot_id": "A1", "status": "FREE", "distance_cm": 33.8, "ts": "2026-09-30T05:49:11Z"}
2026-09-30T06:08:36Z parking/lantai-1/slot/A2 {"slot_id": "A2", "status": "OCCUPIED", "distance_cm": 7.0, "ts": "2026-09-30T05:59:42Z"}
2026-09-30T06:08:36Z parking/lantai-1/slot/A2 {"slot_id": "A2", "status": "FREE", "distance_cm": 38.9, "ts": "2026-09-30T05:59:53Z"}
2026-09-30T06:08:36Z parking/lantai-1/slot/A2 {"slot_id": "A2", "status": "OCCUPIED", "distance_cm": 5.7, "ts": "2026-09-30T06:00:04Z"}
2026-09-30T06:08:36Z parking/lantai-1/slot/A1 {"slot_id": "A1", "status": "OCCUPIED", "distance_cm": 6.0, "ts": "2026-09-30T05:49:19Z"}
2026-09-30T06:08:36Z parking/lantai-1/slot/A1 {"slot_id": "A1", "status": "FREE", "distance_cm": 34.3, "ts": "2026-09-30T05:49:27Z"}
2026-09-30T06:08:36Z parking/lantai-1/slot/A1 {"slot_id": "A1", "status": "OCCUPIED", "distance_cm": 8.1, "ts": "2026-09-30T05:49:35Z"}
2026-09-30T06:08:36Z parking/lantai-1/slot/A1 {"slot_id": "A1", "status": "FREE", "distance_cm": 39.7, "ts": "2026-09-30T05:49:43Z"}
2026-09-30T06:08:36Z parking/lantai-1/slot/A1 {"slot_id": "A1", "status": "OCCUPIED", "distance_cm": 8.0, "ts": "2026-09-30T05:49:52Z"}
2026-09-30T06:08:36Z parking/lantai-1/slot/A1 {"slot_id": "A1", "status": "FREE", "distance_cm": 34.6, "ts": "2026-09-30T05:49:58Z"}
2026-09-30T06:08:36Z parking/lantai-1/slot/A1 {"slot_id": "A1", "status": "OCCUPIED", "distance_cm": 6.2, "ts": "2026-09-30T05:50:06Z"}
2026-09-30T06:08:36Z parking/lantai-1/slot/A1 {"slot_id": "A1", "status": "FREE", "distance_cm": 34.4, "ts": "2026-09-30T05:50:14Z"}
2026-09-30T06:08:36Z parking/lantai-1/slot/A1 {"slot_id": "A1", "status": "OCCUPIED", "distance_cm": 6.3, "ts": "2026-09-30T05:50:22Z"}
2026-09-30T06:08:36Z parking/lantai-1/slot/A1 {"slot_id": "A1", "status": "FREE", "distance_cm": 36.9, "ts": "2026-09-30T05:50:31Z"}
2026-09-30T06:08:36Z parking/lantai-1/slot/A1 {"slot_id": "A1", "status": "OCCUPIED", "distance_cm": 8.8, "ts": "2026-09-30T05:50:39Z"}
2026-09-30T06:08:36Z parking/lantai-1/slot/A1 {"slot_id": "A1", "status": "FREE", "distance_cm": 37.2, "ts": "2026-09-30T05:50:47Z"}
2026-09-30T06:08:36Z parking/lantai-1/slot/A1 {"slot_id": "A1", "status": "OCCUPIED", "distance_cm": 5.0, "ts": "2026-09-30T05:50:55Z"}
2026-09-30T06:08:36Z parking/lantai-1/slot/A2 {"slot_id": "A2", "status": "FREE", "distance_cm": 33.3, "ts": "2026-09-30T06:00:16Z"}
2026-09-30T06:08:36Z parking/lantai-1/slot/A2 {"slot_id": "A2", "status": "OCCUPIED", "distance_cm": 8.7, "ts": "2026-09-30T06:00:27Z"}
2026-09-30T06:08:36Z parking/lantai-1/slot/A2 {"slot_id": "A2", "status": "FREE", "distance_cm": 36.1, "ts": "2026-09-30T06:00:38Z"}
2026-09-30T06:08:36Z parking/lantai-1/slot/A2 {"slot_id": "A2", "status": "OCCUPIED", "distance_cm": 7.5, "ts": "2026-09-30T06:00:52Z"}
2026-09-30T06:08:36Z parking/lantai-1/slot/A2 {"slot_id": "A2", "status": "FREE", "distance_cm": 33.3, "ts": "2026-09-30T06:00:59Z"}
2026-09-30T06:08:36Z parking/lantai-1/slot/A2 {"slot_id": "A2", "status": "OCCUPIED", "distance_cm": 5.3, "ts": "2026-09-30T06:01:10Z"}
2026-09-30T06:08:36Z parking/lantai-1/slot/A2 {"slot_id": "A2", "status": "FREE", "distance_cm": 33.4, "ts": "2026-09-30T06:01:26Z"}
2026-09-30T06:08:36Z parking/lantai-1/slot/A2 {"slot_id": "A2", "status": "OCCUPIED", "distance_cm": 7.5, "ts": "2026-09-30T06:01:37Z"}
2026-09-30T06:08:36Z parking/lantai-1/slot/A2 {"slot_id": "A2", "status": "FREE", "distance_cm": 38.7, "ts": "2026-09-30T06:01:44Z"}
2026-09-30T06:08:36Z parking/lantai-1/slot/A2 {"slot_id": "A2", "status": "OCCUPIED", "distance_cm": 8.9, "ts": "2026-09-30T06:01:55Z"}
2026-09-30T06:08:36Z parking/lantai-1/slot/A2 {"slot_id": "A2", "status": "FREE", "distance_cm": 39.6, "ts": "2026-09-30T06:02:06Z"}
2026-09-30T06:08:36Z parking/lantai-1/slot/A2 {"slot_id": "A2", "status": "OCCUPIED", "distance_cm": 5.7, "ts": "2026-09-30T06:02:17Z"}
2026-09-30T06:08:36Z parking/lantai-1/slot/A2 {"slot_id": "A2", "status": "FREE", "distance_cm": 35.8, "ts": "2026-09-30T06:02:29Z"}
2026-09-30T06:08:36Z parking/lantai-1/slot/A2 {"slot_id": "A2", "status": "OCCUPIED", "distance_cm": 6.8, "ts": "2026-09-30T06:02:39Z"}
2026-09-30T06:08:36Z parking/lantai-1/slot/A2 {"slot_id": "A2", "status": "FREE", "distance_cm": 39.2, "ts": "2026-09-30T06:02:50Z"}
2026-09-30T06:08:36Z parking/lantai-1/slot/A2 {"slot_id": "A2", "status": "OCCUPIED", "distance_cm": 6.3, "ts": "2026-09-30T06:03:02Z"}
2026-09-30T06:08:36Z parking/lantai-1/slot/A2 {"slot_id": "A2", "status": "FREE", "distance_cm": 35.8, "ts": "2026-09-30T06:03:12Z"}
2026-09-30T06:08:36Z parking/lantai-1/slot/A1 {"slot_id": "A1", "status": "FREE", "distance_cm": 39.9, "ts": "2026-09-30T05:51:03Z"}
2026-09-30T06:08:36Z parking/lantai-1/slot/A1 {"slot_id": "A1", "status": "OCCUPIED", "distance_cm": 7.2, "ts": "2026-09-30T05:51:11Z"}
2026-09-30T06:08:36Z parking/lantai-1/slot/A1 {"slot_id": "A1", "status": "FREE", "distance_cm": 33.3, "ts": "2026-09-30T05:51:18Z"}
2026-09-30T06:08:36Z parking/lantai-1/slot/A1 {"slot_id": "A1", "status": "OCCUPIED", "distance_cm": 5.5, "ts": "2026-09-30T05:51:26Z"}
2026-09-30T06:08:36Z parking/lantai-1/slot/A1 {"slot_id": "A1", "status": "FREE", "distance_cm": 39.2, "ts": "2026-09-30T05:51:34Z"}
2026-09-30T06:08:36Z parking/lantai-1/slot/A1 {"slot_id": "A1", "status": "OCCUPIED", "distance_cm": 8.8, "ts": "2026-09-30T05:51:42Z"}
2026-09-30T06:08:36Z parking/lantai-1/slot/A1 {"slot_id": "A1", "status": "FREE", "distance_cm": 39.9, "ts": "2026-09-30T05:51:52Z"}
2026-09-30T06:08:36Z parking/lantai-1/slot/A1 {"slot_id": "A1", "status": "OCCUPIED", "distance_cm": 8.3, "ts": "2026-09-30T05:51:59Z"}
2026-09-30T06:08:36Z parking/lantai-1/slot/A1 {"slot_id": "A1", "status": "FREE", "distance_cm": 33.9, "ts": "2026-09-30T05:52:09Z"}
2026-09-30T06:08:36Z parking/lantai-1/slot/A1 {"slot_id": "A1", "status": "OCCUPIED", "distance_cm": 6.5, "ts": "2026-09-30T05:52:15Z"}
2026-09-30T06:08:36Z parking/lantai-1/slot/A1 {"slot_id": "A1", "status": "FREE", "distance_cm": 37.4, "ts": "2026-09-30T05:52:28Z"}
2026-09-30T06:08:36Z parking/lantai-1/slot/A1 {"slot_id": "A1", "status": "OCCUPIED", "distance_cm": 5.8, "ts": "2026-09-30T05:52:31Z"}
2026-09-30T06:08:36Z parking/lantai-1/slot/A1 {"slot_id": "A1", "status": "FREE", "distance_cm": 37.3, "ts": "2026-09-30T05:52:38Z"}
2026-09-30T06:08:36Z parking/lantai-1/slot/A1 {"slot_id": "A1", "status": "OCCUPIED", "distance_cm": 6.0, "ts": "2026-09-30T05:52:47Z"}
2026-09-30T06:08:36Z parking/lantai-1/slot/A1 {"slot_id": "A1", "status": "FREE", "distance_cm": 39.8, "ts": "2026-09-30T05:52:55Z"}
2026-09-30T06:08:36Z parking/lantai-1/slot/A1 {"slot_id": "A1", "status": "OCCUPIED", "distance_cm": 8.4, "ts": "2026-09-30T05:53:04Z"}
2026-09-30T06:08:36Z parking/lantai-1/slot/A1 {"slot_id": "A1", "status": "FREE", "distance_cm": 40.0, "ts": "2026-09-30T05:53:11Z"}
2026-09-30T06:08:36Z parking/lantai-1/slot/A1 {"slot_id": "A1", "status": "OCCUPIED", "distance_cm": 6.1, "ts": "2026-09-30T05:53:19Z"}
2026-09-30T06:08:36Z parking/lantai-1/slot/A2 {"slot_id": "A2", "status": "OCCUPIED", "distance_cm": 2.0, "ts": "2026-09-30T06:03:23Z"}
2026-09-30T06:08:36Z parking/lantai-1/slot/A2 {"slot_id": "A2", "status": "FREE", "distance_cm": 35.5, "ts": "2026-09-30T06:03:34Z"}
2026-09-30T06:08:36Z parking/lantai-1/slot/A2 {"slot_id": "A2", "status": "OCCUPIED", "distance_cm": 7.3, "ts": "2026-09-30T06:03:44Z"}
2026-09-30T06:08:36Z parking/lantai-1/slot/A1 {"slot_id": "A1", "status": "FREE", "distance_cm": 38.6, "ts": "2026-09-30T05:53:27Z"}
2026-09-30T06:08:36Z parking/lantai-1/slot/A1 {"slot_id": "A1", "status": "OCCUPIED", "distance_cm": 7.1, "ts": "2026-09-30T05:53:36Z"}
2026-09-30T06:08:36Z parking/lantai-1/slot/A2 {"slot_id": "A2", "status": "FREE", "distance_cm": 38.3, "ts": "2026-09-30T06:03:55Z"}
2026-09-30T06:08:36Z parking/lantai-1/slot/A2 {"slot_id": "A2", "status": "OCCUPIED", "distance_cm": 7.3, "ts": "2026-09-30T06:04:06Z"}
2026-09-30T06:08:36Z parking/lantai-1/slot/A2 {"slot_id": "A2", "status": "FREE", "distance_cm": 36.1, "ts": "2026-09-30T06:04:18Z"}
2026-09-30T06:08:36Z parking/lantai-1/slot/A2 {"slot_id": "A2", "status": "OCCUPIED", "distance_cm": 6.4, "ts": "2026-09-30T06:04:29Z"}
2026-09-30T06:08:36Z parking/lantai-1/slot/A2 {"slot_id": "A2", "status": "FREE", "distance_cm": 35.4, "ts": "2026-09-30T06:04:42Z"}
2026-09-30T06:08:36Z parking/lantai-1/slot/A2 {"slot_id": "A2", "status": "OCCUPIED", "distance_cm": 8.0, "ts": "2026-09-30T06:04:52Z"}
2026-09-30T06:08:36Z parking/lantai-1/slot/A2 {"slot_id": "A2", "status": "FREE", "distance_cm": 38.5, "ts": "2026-09-30T06:05:02Z"}
2026-09-30T06:08:36Z parking/lantai-1/slot/A2 {"slot_id": "A2", "status": "OCCUPIED", "distance_cm": 5.4, "ts": "2026-09-30T06:05:12Z"}
2026-09-30T06:08:36Z parking/lantai-1/slot/A2 {"slot_id": "A2", "status": "FREE", "distance_cm": 39.0, "ts": "2026-09-30T06:05:24Z"}
2026-09-30T06:08:36Z parking/lantai-1/slot/A2 {"slot_id": "A2", "status": "OCCUPIED", "distance_cm": 8.5, "ts": "2026-09-30T06:05:35Z"}
2026-09-30T06:08:36Z parking/lantai-1/slot/A2 {"slot_id": "A2", "status": "FREE", "distance_cm": 38.6, "ts": "2026-09-30T06:05:46Z"}
2026-09-30T06:08:36Z parking/lantai-1/slot/A2 {"slot_id": "A2", "status": "OCCUPIED", "distance_cm": 5.1, "ts": "2026-09-30T06:05:57Z"}
2026-09-30T06:08:36Z parking/lantai-1/slot/A2 {"slot_id": "A2", "status": "FREE", "distance_cm": 35.9, "ts": "2026-09-30T06:06:10Z"}
2026-09-30T06:08:36Z parking/lantai-1/slot/A2 {"slot_id": "A2", "status": "OCCUPIED", "distance_cm": 8.7, "ts": "2026-09-30T06:06:19Z"}
2026-09-30T06:08:36Z parking/lantai-1/slot/A2 {"slot_id": "A2", "status": "FREE", "distance_cm": 34.7, "ts": "2026-09-30T06:06:29Z"}
2026-09-30T06:08:36Z parking/lantai-1/slot/A2 {"slot_id": "A2", "status": "OCCUPIED", "distance_cm": 7.9, "ts": "2026-09-30T06:06:40Z"}
2026-09-30T06:08:36Z parking/lantai-1/slot/A2 {"slot_id": "A2", "status": "FREE", "distance_cm": 36.6, "ts": "2026-09-30T06:06:52Z"}
2026-09-30T06:08:36Z parking/lantai-1/slot/A1 {"slot_id": "A1", "status": "FREE", "distance_cm": 39.7, "ts": "2026-09-30T05:53:43Z"}
2026-09-30T06:08:36Z parking/lantai-1/slot/A1 {"slot_id": "A1", "status": "OCCUPIED", "distance_cm": 5.5, "ts": "2026-09-30T05:53:53Z"}
2026-09-30T06:08:36Z parking/lantai-1/slot/A1 {"slot_id": "A1", "status": "FREE", "distance_cm": 39.6, "ts": "2026-09-30T05:53:58Z"}
2026-09-30T06:08:36Z parking/lantai-1/slot/A1 {"slot_id": "A1", "status": "OCCUPIED", "distance_cm": 7.7, "ts": "2026-09-30T05:54:06Z"}
2026-09-30T06:08:36Z parking/lantai-1/slot/A1 {"slot_id": "A1", "status": "FREE", "distance_cm": 35.1, "ts": "2026-09-30T05:54:17Z"}
2026-09-30T06:08:36Z parking/lantai-1/slot/A1 {"slot_id": "A1", "status": "OCCUPIED", "distance_cm": 5.6, "ts": "2026-09-30T05:54:24Z"}
2026-09-30T06:08:36Z parking/lantai-1/slot/A1 {"slot_id": "A1", "status": "FREE", "distance_cm": 36.4, "ts": "2026-09-30T05:54:31Z"}
2026-09-30T06:08:36Z parking/lantai-1/slot/A2 {"slot_id": "A2", "status": "OCCUPIED", "distance_cm": 6.1, "ts": "2026-09-30T06:07:03Z"}
2026-09-30T06:08:36Z parking/lantai-1/slot/A2 {"slot_id": "A2", "status": "FREE", "distance_cm": 38.1, "ts": "2026-09-30T06:07:14Z"}
2026-09-30T06:08:36Z parking/lantai-1/slot/A2 {"slot_id": "A2", "status": "OCCUPIED", "distance_cm": 8.3, "ts": "2026-09-30T06:07:25Z"}
2026-09-30T06:08:36Z parking/lantai-1/slot/A1 {"slot_id": "A1", "status": "OCCUPIED", "distance_cm": 7.4, "ts": "2026-09-30T05:54:39Z"}
2026-09-30T06:08:36Z parking/lantai-1/slot/A1 {"slot_id": "A1", "status": "FREE", "distance_cm": 39.9, "ts": "2026-09-30T05:54:47Z"}
2026-09-30T06:08:36Z parking/lantai-1/slot/A1 {"slot_id": "A1", "status": "OCCUPIED", "distance_cm": 5.1, "ts": "2026-09-30T05:54:56Z"}
2026-09-30T06:08:36Z parking/lantai-1/slot/A1 {"slot_id": "A1", "status": "FREE", "distance_cm": 39.3, "ts": "2026-09-30T05:55:04Z"}
2026-09-30T06:08:36Z parking/lantai-1/slot/A1 {"slot_id": "A1", "status": "OCCUPIED", "distance_cm": 8.8, "ts": "2026-09-30T05:55:10Z"}
2026-09-30T06:08:36Z parking/lantai-1/slot/A1 {"slot_id": "A1", "status": "FREE", "distance_cm": 36.8, "ts": "2026-09-30T05:55:18Z"}
2026-09-30T06:08:36Z parking/lantai-1/slot/A1 {"slot_id": "A1", "status": "OCCUPIED", "distance_cm": 6.4, "ts": "2026-09-30T05:55:26Z"}
2026-09-30T06:08:36Z parking/lantai-1/slot/A1 {"slot_id": "A1", "status": "FREE", "distance_cm": 33.1, "ts": "2026-09-30T05:55:34Z"}
2026-09-30T06:08:36Z parking/lantai-1/slot/A1 {"slot_id": "A1", "status": "OCCUPIED", "distance_cm": 9.0, "ts": "2026-09-30T05:55:47Z"}
2026-09-30T06:08:36Z parking/lantai-1/slot/A1 {"slot_id": "A1", "status": "FREE", "distance_cm": 38.1, "ts": "2026-09-30T05:55:54Z"}
2026-09-30T06:08:36Z parking/lantai-1/slot/A1 {"slot_id": "A1", "status": "OCCUPIED", "distance_cm": 7.1, "ts": "2026-09-30T05:55:58Z"}
2026-09-30T06:08:36Z parking/lantai-1/slot/A2 {"slot_id": "A2", "status": "FREE", "distance_cm": 35.3, "ts": "2026-09-30T06:07:36Z"}
2026-09-30T06:08:36Z parking/lantai-1/slot/A2 {"slot_id": "A2", "status": "OCCUPIED", "distance_cm": 5.9, "ts": "2026-09-30T06:07:47Z"}
2026-09-30T06:08:36Z parking/lantai-1/slot/A1 {"slot_id": "A1", "status": "FREE", "distance_cm": 36.6, "ts": "2026-09-30T05:56:06Z"}
2026-09-30T06:08:36Z parking/lantai-1/slot/A1 {"slot_id": "A1", "status": "OCCUPIED", "distance_cm": 6.9, "ts": "2026-09-30T05:56:14Z"}
2026-09-30T06:08:36Z parking/lantai-1/slot/A2 {"slot_id": "A2", "status": "FREE", "distance_cm": 39.0, "ts": "2026-09-30T06:07:58Z"}
2026-09-30T06:08:36Z parking/lantai-1/slot/A2 {"slot_id": "A2", "status": "OCCUPIED", "distance_cm": 7.6, "ts": "2026-09-30T06:08:09Z"}
2026-09-30T06:08:36Z parking/lantai-1/slot/A2 {"slot_id": "A2", "status": "FREE", "distance_cm": 33.4, "ts": "2026-09-30T06:08:20Z"}
2026-09-30T06:08:36Z parking/lantai-1/slot/A2 {"slot_id": "A2", "status": "OCCUPIED", "distance_cm": 8.9, "ts": "2026-09-30T06:08:31Z"}
2026-09-30T06:08:36Z parking/lantai-1/slot/A1 {"slot_id": "A1", "status": "FREE", "distance_cm": 37.1, "ts": "2026-09-30T05:56:40Z"}
2026-09-30T06:08:36Z parking/lantai-1/slot/A1 {"slot_id": "A1", "status": "OCCUPIED", "distance_cm": 6.7, "ts": "2026-09-30T05:56:47Z"}
2026-09-30T06:08:36Z parking/lantai-1/slot/A1 {"slot_id": "A1", "status": "FREE", "distance_cm": 36.9, "ts": "2026-09-30T05:56:55Z"}
2026-09-30T06:08:36Z parking/lantai-1/slot/A1 {"slot_id": "A1", "status": "OCCUPIED", "distance_cm": 5.6, "ts": "2026-09-30T05:57:06Z"}
2026-09-30T06:08:36Z parking/lantai-1/slot/A1 {"slot_id": "A1", "status": "FREE", "distance_cm": 35.6, "ts": "2026-09-30T05:57:12Z"}
2026-09-30T06:08:36Z parking/lantai-1/slot/A1 {"slot_id": "A1", "status": "OCCUPIED", "distance_cm": 7.3, "ts": "2026-09-30T05:57:19Z"}
2026-09-30T06:08:36Z parking/lantai-1/slot/A1 {"slot_id": "A1", "status": "FREE", "distance_cm": 38.5, "ts": "2026-09-30T05:57:27Z"}
2026-09-30T06:08:36Z parking/lantai-1/slot/A1 {"slot_id": "A1", "status": "OCCUPIED", "distance_cm": 6.8, "ts": "2026-09-30T05:57:35Z"}
2026-09-30T06:08:36Z parking/lantai-1/slot/A1 {"slot_id": "A1", "status": "FREE", "distance_cm": 35.3, "ts": "2026-09-30T05:57:43Z"}
2026-09-30T06:08:36Z parking/lantai-1/slot/A1 {"slot_id": "A1", "status": "OCCUPIED", "distance_cm": 6.6, "ts": "2026-09-30T05:57:51Z"}
2026-09-30T06:08:36Z parking/lantai-1/slot/A1 {"slot_id": "A1", "status": "FREE", "distance_cm": 35.5, "ts": "2026-09-30T05:57:59Z"}
2026-09-30T06:08:36Z parking/lantai-1/slot/A1 {"slot_id": "A1", "status": "OCCUPIED", "distance_cm": 7.8, "ts": "2026-09-30T05:58:08Z"}
2026-09-30T06:08:36Z parking/lantai-1/slot/A1 {"slot_id": "A1", "status": "FREE", "distance_cm": 37.7, "ts": "2026-09-30T05:58:15Z"}
2026-09-30T06:08:36Z parking/lantai-1/slot/A1 {"slot_id": "A1", "status": "OCCUPIED", "distance_cm": 8.4, "ts": "2026-09-30T05:58:26Z"}
2026-09-30T06:08:36Z parking/lantai-1/slot/A1 {"slot_id": "A1", "status": "FREE", "distance_cm": 37.3, "ts": "2026-09-30T05:58:31Z"}
2026-09-30T06:08:36Z parking/lantai-1/slot/A1 {"slot_id": "A1", "status": "OCCUPIED", "distance_cm": 6.5, "ts": "2026-09-30T05:58:39Z"}
2026-09-30T06:08:36Z parking/lantai-1/slot/A1 {"slot_id": "A1", "status": "FREE", "distance_cm": 36.2, "ts": "2026-09-30T05:59:04Z"}
2026-09-30T06:08:36Z parking/lantai-1/slot/A1 {"slot_id": "A1", "status": "OCCUPIED", "distance_cm": 6.6, "ts": "2026-09-30T05:59:11Z"}
2026-09-30T06:08:36Z parking/lantai-1/slot/A1 {"slot_id": "A1", "status": "FREE", "distance_cm": 37.4, "ts": "2026-09-30T05:59:19Z"}
2026-09-30T06:08:36Z parking/lantai-1/slot/A1 {"slot_id": "A1", "status": "OCCUPIED", "distance_cm": 8.8, "ts": "2026-09-30T05:59:27Z"}
2026-09-30T06:08:36Z parking/lantai-1/slot/A1 {"slot_id": "A1", "status": "FREE", "distance_cm": 39.4, "ts": "2026-09-30T05:59:35Z"}
2026-09-30T06:08:36Z parking/lantai-1/slot/A1 {"slot_id": "A1", "status": "OCCUPIED", "distance_cm": 6.0, "ts": "2026-09-30T05:59:42Z"}
2026-09-30T06:08:36Z parking/lantai-1/slot/A1 {"slot_id": "A1", "status": "FREE", "distance_cm": 37.8, "ts": "2026-09-30T05:59:51Z"}
2026-09-30T06:08:36Z parking/lantai-1/slot/A1 {"slot_id": "A1", "status": "OCCUPIED", "distance_cm": 7.0, "ts": "2026-09-30T06:00:17Z"}
2026-09-30T06:08:36Z parking/lantai-1/slot/A1 {"slot_id": "A1", "status": "FREE", "distance_cm": 33.4, "ts": "2026-09-30T06:00:22Z"}
2026-09-30T06:08:36Z parking/lantai-1/slot/A1 {"slot_id": "A1", "status": "OCCUPIED", "distance_cm": 5.7, "ts": "2026-09-30T06:00:30Z"}
2026-09-30T06:08:36Z parking/lantai-1/slot/A1 {"slot_id": "A1", "status": "FREE", "distance_cm": 37.6, "ts": "2026-09-30T06:00:39Z"}
2026-09-30T06:08:36Z parking/lantai-1/slot/A1 {"slot_id": "A1", "status": "OCCUPIED", "distance_cm": 6.4, "ts": "2026-09-30T06:00:46Z"}
2026-09-30T06:08:37Z parking/lantai-1/slot/A1 {"slot_id": "A1", "status": "FREE", "distance_cm": 33.3, "ts": "2026-09-30T06:00:54Z"}
2026-09-30T06:08:37Z parking/lantai-1/slot/A1 {"slot_id": "A1", "status": "OCCUPIED", "distance_cm": 7.9, "ts": "2026-09-30T06:01:02Z"}
2026-09-30T06:08:37Z parking/lantai-1/slot/A1 {"slot_id": "A1", "status": "FREE", "distance_cm": 35.0, "ts": "2026-09-30T06:01:10Z"}
2026-09-30T06:08:37Z parking/lantai-1/slot/A1 {"slot_id": "A1", "status": "OCCUPIED", "distance_cm": 5.7, "ts": "2026-09-30T06:01:18Z"}
2026-09-30T06:08:37Z parking/lantai-1/slot/A1 {"slot_id": "A1", "status": "FREE", "distance_cm": 33.6, "ts": "2026-09-30T06:01:27Z"}
2026-09-30T06:08:37Z parking/lantai-1/slot/A1 {"slot_id": "A1", "status": "OCCUPIED", "distance_cm": 6.6, "ts": "2026-09-30T06:01:38Z"}
2026-09-30T06:08:37Z parking/lantai-1/slot/A1 {"slot_id": "A1", "status": "FREE", "distance_cm": 38.3, "ts": "2026-09-30T06:01:43Z"}
2026-09-30T06:08:37Z parking/lantai-1/slot/A1 {"slot_id": "A1", "status": "OCCUPIED", "distance_cm": 5.0, "ts": "2026-09-30T06:01:51Z"}
2026-09-30T06:08:37Z parking/lantai-1/slot/A1 {"slot_id": "A1", "status": "FREE", "distance_cm": 39.3, "ts": "2026-09-30T06:01:59Z"}
2026-09-30T06:08:37Z parking/lantai-1/slot/A1 {"slot_id": "A1", "status": "OCCUPIED", "distance_cm": 6.1, "ts": "2026-09-30T06:02:07Z"}
2026-09-30T06:08:37Z parking/lantai-1/slot/A1 {"slot_id": "A1", "status": "FREE", "distance_cm": 33.4, "ts": "2026-09-30T06:02:15Z"}
2026-09-30T06:08:37Z parking/lantai-1/slot/A1 {"slot_id": "A1", "status": "OCCUPIED", "distance_cm": 8.5, "ts": "2026-09-30T06:02:23Z"}
2026-09-30T06:08:37Z parking/lantai-1/slot/A1 {"slot_id": "A1", "status": "FREE", "distance_cm": 39.1, "ts": "2026-09-30T06:02:31Z"}
2026-09-30T06:08:37Z parking/lantai-1/slot/A1 {"slot_id": "A1", "status": "OCCUPIED", "distance_cm": 5.3, "ts": "2026-09-30T06:02:39Z"}
2026-09-30T06:08:37Z parking/lantai-1/slot/A1 {"slot_id": "A1", "status": "FREE", "distance_cm": 35.7, "ts": "2026-09-30T06:02:47Z"}
2026-09-30T06:08:37Z parking/lantai-1/slot/A1 {"slot_id": "A1", "status": "OCCUPIED", "distance_cm": 5.6, "ts": "2026-09-30T06:02:57Z"}
2026-09-30T06:08:37Z parking/lantai-1/slot/A1 {"slot_id": "A1", "status": "FREE", "distance_cm": 38.9, "ts": "2026-09-30T06:03:03Z"}
2026-09-30T06:08:37Z parking/lantai-1/slot/A1 {"slot_id": "A1", "status": "OCCUPIED", "distance_cm": 7.3, "ts": "2026-09-30T06:03:11Z"}
2026-09-30T06:08:37Z parking/lantai-1/slot/A1 {"slot_id": "A1", "status": "FREE", "distance_cm": 33.2, "ts": "2026-09-30T06:03:19Z"}
2026-09-30T06:08:37Z parking/lantai-1/slot/A1 {"slot_id": "A1", "status": "OCCUPIED", "distance_cm": 8.5, "ts": "2026-09-30T06:03:27Z"}
2026-09-30T06:08:37Z parking/lantai-1/slot/A1 {"slot_id": "A1", "status": "FREE", "distance_cm": 34.6, "ts": "2026-09-30T06:03:35Z"}
2026-09-30T06:08:37Z parking/lantai-1/slot/A1 {"slot_id": "A1", "status": "OCCUPIED", "distance_cm": 7.8, "ts": "2026-09-30T06:03:42Z"}
2026-09-30T06:08:37Z parking/lantai-1/slot/A1 {"slot_id": "A1", "status": "FREE", "distance_cm": 37.6, "ts": "2026-09-30T06:03:50Z"}
2026-09-30T06:08:37Z parking/lantai-1/slot/A1 {"slot_id": "A1", "status": "OCCUPIED", "distance_cm": 7.9, "ts": "2026-09-30T06:03:58Z"}
2026-09-30T06:08:37Z parking/lantai-1/slot/A1 {"slot_id": "A1", "status": "FREE", "distance_cm": 36.6, "ts": "2026-09-30T06:04:06Z"}
2026-09-30T06:08:37Z parking/lantai-1/slot/A1 {"slot_id": "A1", "status": "OCCUPIED", "distance_cm": 8.3, "ts": "2026-09-30T06:04:16Z"}
2026-09-30T06:08:37Z parking/lantai-1/slot/A1 {"slot_id": "A1", "status": "FREE", "distance_cm": 39.3, "ts": "2026-09-30T06:04:24Z"}
2026-09-30T06:08:37Z parking/lantai-1/slot/A1 {"slot_id": "A1", "status": "OCCUPIED", "distance_cm": 7.8, "ts": "2026-09-30T06:04:31Z"}
2026-09-30T06:08:37Z parking/lantai-1/slot/A1 {"slot_id": "A1", "status": "FREE", "distance_cm": 36.9, "ts": "2026-09-30T06:04:39Z"}
2026-09-30T06:08:37Z parking/lantai-1/slot/A1 {"slot_id": "A1", "status": "OCCUPIED", "distance_cm": 8.2, "ts": "2026-09-30T06:04:50Z"}
2026-09-30T06:08:37Z parking/lantai-1/slot/A1 {"slot_id": "A1", "status": "FREE", "distance_cm": 36.3, "ts": "2026-09-30T06:04:54Z"}
2026-09-30T06:08:37Z parking/lantai-1/slot/A1 {"slot_id": "A1", "status": "OCCUPIED", "distance_cm": 8.4, "ts": "2026-09-30T06:05:02Z"}
2026-09-30T06:08:37Z parking/lantai-1/slot/A1 {"slot_id": "A1", "status": "FREE", "distance_cm": 33.7, "ts": "2026-09-30T06:05:11Z"}
2026-09-30T06:08:37Z parking/lantai-1/slot/A1 {"slot_id": "A1", "status": "OCCUPIED", "distance_cm": 5.5, "ts": "2026-09-30T06:05:19Z"}
2026-09-30T06:08:37Z parking/lantai-1/slot/A1 {"slot_id": "A1", "status": "FREE", "distance_cm": 39.8, "ts": "2026-09-30T06:05:31Z"}
2026-09-30T06:08:37Z parking/lantai-1/slot/A1 {"slot_id": "A1", "status": "OCCUPIED", "distance_cm": 6.2, "ts": "2026-09-30T06:05:35Z"}
2026-09-30T06:08:37Z parking/lantai-1/slot/A1 {"slot_id": "A1", "status": "FREE", "distance_cm": 33.0, "ts": "2026-09-30T06:05:43Z"}
2026-09-30T06:08:37Z parking/lantai-1/slot/A1 {"slot_id": "A1", "status": "OCCUPIED", "distance_cm": 7.8, "ts": "2026-09-30T06:05:51Z"}
2026-09-30T06:08:37Z parking/lantai-1/slot/A1 {"slot_id": "A1", "status": "FREE", "distance_cm": 34.4, "ts": "2026-09-30T06:05:59Z"}
2026-09-30T06:08:37Z parking/lantai-1/slot/A1 {"slot_id": "A1", "status": "OCCUPIED", "distance_cm": 6.8, "ts": "2026-09-30T06:06:10Z"}
2026-09-30T06:08:37Z parking/lantai-1/slot/A1 {"slot_id": "A1", "status": "FREE", "distance_cm": 36.3, "ts": "2026-09-30T06:06:15Z"}
2026-09-30T06:08:37Z parking/lantai-1/slot/A1 {"slot_id": "A1", "status": "OCCUPIED", "distance_cm": 8.1, "ts": "2026-09-30T06:06:22Z"}
2026-09-30T06:08:37Z parking/lantai-1/slot/A1 {"slot_id": "A1", "status": "FREE", "distance_cm": 34.3, "ts": "2026-09-30T06:06:30Z"}
2026-09-30T06:08:37Z parking/lantai-1/slot/A1 {"slot_id": "A1", "status": "OCCUPIED", "distance_cm": 5.8, "ts": "2026-09-30T06:06:38Z"}
2026-09-30T06:08:37Z parking/lantai-1/slot/A1 {"slot_id": "A1", "status": "FREE", "distance_cm": 33.2, "ts": "2026-09-30T06:06:48Z"}
2026-09-30T06:08:37Z parking/lantai-1/slot/A1 {"slot_id": "A1", "status": "OCCUPIED", "distance_cm": 8.6, "ts": "2026-09-30T06:06:55Z"}
2026-09-30T06:08:37Z parking/lantai-1/slot/A1 {"slot_id": "A1", "status": "FREE", "distance_cm": 38.0, "ts": "2026-09-30T06:07:03Z"}
2026-09-30T06:08:37Z parking/lantai-1/slot/A1 {"slot_id": "A1", "status": "OCCUPIED", "distance_cm": 6.3, "ts": "2026-09-30T06:07:11Z"}
2026-09-30T06:08:37Z parking/lantai-1/slot/A1 {"slot_id": "A1", "status": "FREE", "distance_cm": 34.5, "ts": "2026-09-30T06:07:34Z"}
2026-09-30T06:08:37Z parking/lantai-1/slot/A1 {"slot_id": "A1", "status": "OCCUPIED", "distance_cm": 8.3, "ts": "2026-09-30T06:07:42Z"}
2026-09-30T06:08:37Z parking/lantai-1/slot/A1 {"slot_id": "A1", "status": "FREE", "distance_cm": 36.5, "ts": "2026-09-30T06:07:50Z"}
2026-09-30T06:08:37Z parking/lantai-1/slot/A1 {"slot_id": "A1", "status": "OCCUPIED", "distance_cm": 8.2, "ts": "2026-09-30T06:07:59Z"}
2026-09-30T06:08:37Z parking/lantai-1/slot/A1 {"slot_id": "A1", "status": "FREE", "distance_cm": 34.8, "ts": "2026-09-30T06:08:08Z"}
2026-09-30T06:08:37Z parking/lantai-1/slot/A1 {"slot_id": "A1", "status": "OCCUPIED", "distance_cm": 5.1, "ts": "2026-09-30T06:08:15Z"}
2026-09-30T06:08:37Z parking/lantai-1/slot/A1 {"slot_id": "A1", "status": "FREE", "distance_cm": 39.2, "ts": "2026-09-30T06:08:25Z"}
2026-09-30T06:08:37Z parking/lantai-1/slot/A1 {"slot_id": "A1", "status": "OCCUPIED", "distance_cm": 6.1, "ts": "2026-09-30T06:08:31Z"}
2026-09-30T06:08:37Z parking/lantai-1/slot/A3 {"slot_id": "A3", "status": "OCCUPIED", "distance_cm": 2.0, "ts": "2026-09-30T06:08:35Z"}
2026-09-30T06:08:40Z parking/lantai-1/slot/A1 {"slot_id": "A1", "status": "FREE", "distance_cm": 34.4, "ts": "2026-09-30T06:08:40Z"}
2026-09-30T06:08:44Z parking/lantai-1/slot/A2 {"slot_id": "A2", "status": "FREE", "distance_cm": 34.3, "ts": "2026-09-30T06:08:44Z"}
2026-09-30T06:08:47Z parking/lantai-1/slot/A1 {"slot_id": "A1", "status": "OCCUPIED", "distance_cm": 5.8, "ts": "2026-09-30T06:08:47Z"}
2026-09-30T06:08:49Z parking/lantai-1/slot/A3 {"slot_id": "A3", "status": "FREE", "distance_cm": 34.7, "ts": "2026-09-30T06:08:49Z"}
2026-09-30T06:08:53Z parking/lantai-1/slot/A2 {"slot_id": "A2", "status": "OCCUPIED", "distance_cm": 8.8, "ts": "2026-09-30T06:08:53Z"}
2026-09-30T06:08:55Z parking/lantai-1/slot/A1 {"slot_id": "A1", "status": "FREE", "distance_cm": 39.3, "ts": "2026-09-30T06:08:55Z"}
2026-09-30T06:09:02Z parking/lantai-1/slot/A1 {"slot_id": "A1", "status": "OCCUPIED", "distance_cm": 5.8, "ts": "2026-09-30T06:09:03Z"}
2026-09-30T06:09:03Z parking/lantai-1/slot/A3 {"slot_id": "A3", "status": "OCCUPIED", "distance_cm": 7.4, "ts": "2026-09-30T06:09:03Z"}
2026-09-30T06:09:04Z parking/lantai-1/slot/A2 {"slot_id": "A2", "status": "FREE", "distance_cm": 37.4, "ts": "2026-09-30T06:09:04Z"}
2026-09-30T06:09:15Z parking/lantai-1/slot/A2 {"slot_id": "A2", "status": "OCCUPIED", "distance_cm": 7.5, "ts": "2026-09-30T06:09:15Z"}
2026-09-30T06:09:15Z parking/lantai-1/slot/A1 {"slot_id": "A1", "status": "FREE", "distance_cm": 36.4, "ts": "2026-09-30T06:09:15Z"}
2026-09-30T06:09:17Z parking/lantai-1/slot/A3 {"slot_id": "A3", "status": "FREE", "distance_cm": 34.4, "ts": "2026-09-30T06:09:17Z"}
2026-09-30T06:09:19Z parking/lantai-1/slot/A1 {"slot_id": "A1", "status": "OCCUPIED", "distance_cm": 8.1, "ts": "2026-09-30T06:09:19Z"}
2026-09-30T06:09:27Z parking/lantai-1/slot/A2 {"slot_id": "A2", "status": "FREE", "distance_cm": 37.9, "ts": "2026-09-30T06:09:27Z"}
2026-09-30T06:09:27Z parking/lantai-1/slot/A1 {"slot_id": "A1", "status": "FREE", "distance_cm": 36.6, "ts": "2026-09-30T06:09:27Z"}
2026-09-30T06:09:30Z parking/lantai-1/slot/A3 {"slot_id": "A3", "status": "OCCUPIED", "distance_cm": 5.2, "ts": "2026-09-30T06:09:30Z"}
2026-09-30T06:09:35Z parking/lantai-1/slot/A1 {"slot_id": "A1", "status": "OCCUPIED", "distance_cm": 5.1, "ts": "2026-09-30T06:09:35Z"}
2026-09-30T06:09:37Z parking/lantai-1/slot/A2 {"slot_id": "A2", "status": "OCCUPIED", "distance_cm": 5.5, "ts": "2026-09-30T06:09:37Z"}
2026-09-30T06:09:43Z parking/lantai-1/slot/A1 {"slot_id": "A1", "status": "FREE", "distance_cm": 39.3, "ts": "2026-09-30T06:09:43Z"}
2026-09-30T06:09:45Z parking/lantai-1/slot/A3 {"slot_id": "A3", "status": "FREE", "distance_cm": 36.3, "ts": "2026-09-30T06:09:45Z"}
2026-09-30T06:09:48Z parking/lantai-1/slot/A2 {"slot_id": "A2", "status": "FREE", "distance_cm": 39.8, "ts": "2026-09-30T06:09:48Z"}
2026-09-30T06:09:59Z parking/lantai-1/slot/A3 {"slot_id": "A3", "status": "OCCUPIED", "distance_cm": 8.1, "ts": "2026-09-30T06:09:59Z"}
2026-09-30T06:09:59Z parking/lantai-1/slot/A2 {"slot_id": "A2", "status": "OCCUPIED", "distance_cm": 7.5, "ts": "2026-09-30T06:09:59Z"}
2026-09-30T06:10:07Z parking/lantai-1/slot/A1 {"slot_id": "A1", "status": "OCCUPIED", "distance_cm": 5.5, "ts": "2026-09-30T06:10:07Z"}
2026-09-30T06:10:10Z parking/lantai-1/slot/A2 {"slot_id": "A2", "status": "FREE", "distance_cm": 35.8, "ts": "2026-09-30T06:10:10Z"}
2026-09-30T06:10:16Z parking/lantai-1/slot/A3 {"slot_id": "A3", "status": "FREE", "distance_cm": 37.2, "ts": "2026-09-30T06:10:16Z"}
2026-09-30T06:10:17Z parking/lantai-1/slot/A1 {"slot_id": "A1", "status": "FREE", "distance_cm": 34.9, "ts": "2026-09-30T06:10:17Z"}
2026-09-30T06:10:20Z parking/lantai-1/slot/A2 {"slot_id": "A2", "status": "OCCUPIED", "distance_cm": 5.6, "ts": "2026-09-30T06:10:20Z"}
2026-09-30T06:10:22Z parking/lantai-1/slot/A1 {"slot_id": "A1", "status": "OCCUPIED", "distance_cm": 7.6, "ts": "2026-09-30T06:10:22Z"}
2026-09-30T06:10:28Z parking/lantai-1/slot/A3 {"slot_id": "A3", "status": "OCCUPIED", "distance_cm": 5.2, "ts": "2026-09-30T06:10:26Z"}
2026-09-30T06:12:09Z parking/lantai-1/slot/A1 {"slot_id": "A1", "status": "FREE", "distance_cm": 33.8, "ts": "2026-09-30T06:10:33Z"}
2026-09-30T06:12:09Z parking/lantai-1/slot/A3 {"slot_id": "A3", "status": "OCCUPIED", "distance_cm": 5.2, "ts": "2026-09-30T06:10:26Z"}
2026-09-30T06:12:09Z parking/lantai-1/slot/A2 {"slot_id": "A2", "status": "FREE", "distance_cm": 34.9, "ts": "2026-09-30T06:10:33Z"}
2026-09-30T06:12:11Z parking/lantai-1/slot/A1 {"slot_id": "A1", "status": "OCCUPIED", "distance_cm": 8.4, "ts": "2026-09-30T06:10:38Z"}
2026-09-30T06:12:11Z parking/lantai-1/slot/A1 {"slot_id": "A1", "status": "FREE", "distance_cm": 34.1, "ts": "2026-09-30T06:10:47Z"}
2026-09-30T06:12:11Z parking/lantai-1/slot/A1 {"slot_id": "A1", "status": "OCCUPIED", "distance_cm": 6.6, "ts": "2026-09-30T06:10:55Z"}
2026-09-30T06:12:11Z parking/lantai-1/slot/A1 {"slot_id": "A1", "status": "FREE", "distance_cm": 39.7, "ts": "2026-09-30T06:11:03Z"}
2026-09-30T06:12:11Z parking/lantai-1/slot/A1 {"slot_id": "A1", "status": "OCCUPIED", "distance_cm": 6.3, "ts": "2026-09-30T06:11:14Z"}
2026-09-30T06:12:11Z parking/lantai-1/slot/A1 {"slot_id": "A1", "status": "FREE", "distance_cm": 35.0, "ts": "2026-09-30T06:11:19Z"}
2026-09-30T06:12:11Z parking/lantai-1/slot/A1 {"slot_id": "A1", "status": "OCCUPIED", "distance_cm": 8.3, "ts": "2026-09-30T06:11:27Z"}
2026-09-30T06:12:11Z parking/lantai-1/slot/A1 {"slot_id": "A1", "status": "FREE", "distance_cm": 34.5, "ts": "2026-09-30T06:11:35Z"}
2026-09-30T06:12:11Z parking/lantai-1/slot/A1 {"slot_id": "A1", "status": "OCCUPIED", "distance_cm": 7.6, "ts": "2026-09-30T06:11:43Z"}
2026-09-30T06:12:11Z parking/lantai-1/slot/A1 {"slot_id": "A1", "status": "FREE", "distance_cm": 36.0, "ts": "2026-09-30T06:11:57Z"}
2026-09-30T06:12:11Z parking/lantai-1/slot/A1 {"slot_id": "A1", "status": "OCCUPIED", "distance_cm": 5.5, "ts": "2026-09-30T06:11:59Z"}
2026-09-30T06:12:11Z parking/lantai-1/slot/A1 {"slot_id": "A1", "status": "FREE", "distance_cm": 36.7, "ts": "2026-09-30T06:12:08Z"}
2026-09-30T06:12:11Z parking/lantai-1/slot/A2 {"slot_id": "A2", "status": "OCCUPIED", "distance_cm": 8.1, "ts": "2026-09-30T06:10:43Z"}
2026-09-30T06:12:11Z parking/lantai-1/slot/A2 {"slot_id": "A2", "status": "FREE", "distance_cm": 37.8, "ts": "2026-09-30T06:10:54Z"}
2026-09-30T06:12:11Z parking/lantai-1/slot/A2 {"slot_id": "A2", "status": "OCCUPIED", "distance_cm": 6.4, "ts": "2026-09-30T06:11:05Z"}
2026-09-30T06:12:11Z parking/lantai-1/slot/A2 {"slot_id": "A2", "status": "FREE", "distance_cm": 40.0, "ts": "2026-09-30T06:11:16Z"}
2026-09-30T06:12:11Z parking/lantai-1/slot/A2 {"slot_id": "A2", "status": "OCCUPIED", "distance_cm": 8.8, "ts": "2026-09-30T06:11:27Z"}
2026-09-30T06:12:11Z parking/lantai-1/slot/A2 {"slot_id": "A2", "status": "FREE", "distance_cm": 35.7, "ts": "2026-09-30T06:11:38Z"}
2026-09-30T06:12:11Z parking/lantai-1/slot/A2 {"slot_id": "A2", "status": "OCCUPIED", "distance_cm": 8.7, "ts": "2026-09-30T06:11:53Z"}
2026-09-30T06:12:11Z parking/lantai-1/slot/A2 {"slot_id": "A2", "status": "FREE", "distance_cm": 35.0, "ts": "2026-09-30T06:12:01Z"}
2026-09-30T06:12:11Z parking/lantai-1/slot/A2 {"slot_id": "A2", "status": "OCCUPIED", "distance_cm": 8.1, "ts": "2026-09-30T06:12:11Z"}
2026-09-30T06:12:11Z parking/lantai-1/slot/A3 {"slot_id": "A3", "status": "FREE", "distance_cm": 39.3, "ts": "2026-09-30T06:10:40Z"}
2026-09-30T06:12:11Z parking/lantai-1/slot/A3 {"slot_id": "A3", "status": "OCCUPIED", "distance_cm": 7.8, "ts": "2026-09-30T06:10:56Z"}
2026-09-30T06:12:11Z parking/lantai-1/slot/A3 {"slot_id": "A3", "status": "FREE", "distance_cm": 33.1, "ts": "2026-09-30T06:11:13Z"}
2026-09-30T06:12:11Z parking/lantai-1/slot/A3 {"slot_id": "A3", "status": "OCCUPIED", "distance_cm": 8.4, "ts": "2026-09-30T06:11:23Z"}
2026-09-30T06:12:11Z parking/lantai-1/slot/A3 {"slot_id": "A3", "status": "FREE", "distance_cm": 39.7, "ts": "2026-09-30T06:11:38Z"}
2026-09-30T06:12:11Z parking/lantai-1/slot/A3 {"slot_id": "A3", "status": "OCCUPIED", "distance_cm": 6.2, "ts": "2026-09-30T06:11:57Z"}
2026-09-30T06:12:11Z parking/lantai-1/slot/A3 {"slot_id": "A3", "status": "FREE", "distance_cm": 38.9, "ts": "2026-09-30T06:12:06Z"}
2026-09-30T06:12:16Z parking/lantai-1/slot/A1 {"slot_id": "A1", "status": "OCCUPIED", "distance_cm": 8.1, "ts": "2026-09-30T06:12:16Z"}
2026-09-30T06:12:19Z parking/lantai-1/slot/A3 {"slot_id": "A3", "status": "OCCUPIED", "distance_cm": 2.0, "ts": "2026-09-30T06:12:19Z"}
2026-09-30T06:12:22Z parking/lantai-1/slot/A2 {"slot_id": "A2", "status": "FREE", "distance_cm": 39.5, "ts": "2026-09-30T06:12:22Z"}
2026-09-30T06:12:24Z parking/lantai-1/slot/A1 {"slot_id": "A1", "status": "FREE", "distance_cm": 39.7, "ts": "2026-09-30T06:12:24Z"}
2026-09-30T06:12:33Z parking/lantai-1/slot/A2 {"slot_id": "A2", "status": "OCCUPIED", "distance_cm": 9.0, "ts": "2026-09-30T06:12:33Z"}
2026-09-30T06:12:33Z parking/lantai-1/slot/A3 {"slot_id": "A3", "status": "FREE", "distance_cm": 34.9, "ts": "2026-09-30T06:12:33Z"}
2026-09-30T06:12:34Z parking/lantai-1/slot/A1 {"slot_id": "A1", "status": "OCCUPIED", "distance_cm": 7.8, "ts": "2026-09-30T06:12:34Z"}
2026-09-30T06:12:39Z parking/lantai-1/slot/A1 {"slot_id": "A1", "status": "FREE", "distance_cm": 36.4, "ts": "2026-09-30T06:12:39Z"}
2026-09-30T06:12:44Z parking/lantai-1/slot/A2 {"slot_id": "A2", "status": "FREE", "distance_cm": 33.4, "ts": "2026-09-30T06:12:44Z"}
2026-09-30T06:12:47Z parking/lantai-1/slot/A1 {"slot_id": "A1", "status": "OCCUPIED", "distance_cm": 8.2, "ts": "2026-09-30T06:12:47Z"}
2026-09-30T06:12:47Z parking/lantai-1/slot/A3 {"slot_id": "A3", "status": "OCCUPIED", "distance_cm": 6.9, "ts": "2026-09-30T06:12:47Z"}
2026-09-30T06:12:55Z parking/lantai-1/slot/A1 {"slot_id": "A1", "status": "FREE", "distance_cm": 38.0, "ts": "2026-09-30T06:12:55Z"}
2026-09-30T06:12:55Z parking/lantai-1/slot/A2 {"slot_id": "A2", "status": "OCCUPIED", "distance_cm": 7.6, "ts": "2026-09-30T06:12:55Z"}
2026-09-30T06:13:01Z parking/lantai-1/slot/A3 {"slot_id": "A3", "status": "FREE", "distance_cm": 33.8, "ts": "2026-09-30T06:13:01Z"}
2026-09-30T06:13:06Z parking/lantai-1/slot/A2 {"slot_id": "A2", "status": "FREE", "distance_cm": 33.5, "ts": "2026-09-30T06:13:06Z"}
2026-09-30T06:13:06Z parking/lantai-1/slot/A1 {"slot_id": "A1", "status": "OCCUPIED", "distance_cm": 5.0, "ts": "2026-09-30T06:13:06Z"}
2026-09-30T06:13:14Z parking/lantai-1/slot/A1 {"slot_id": "A1", "status": "FREE", "distance_cm": 37.3, "ts": "2026-09-30T06:13:14Z"}
2026-09-30T06:13:14Z parking/lantai-1/slot/A3 {"slot_id": "A3", "status": "OCCUPIED", "distance_cm": 8.5, "ts": "2026-09-30T06:13:14Z"}
2026-09-30T06:13:16Z parking/lantai-1/slot/A2 {"slot_id": "A2", "status": "OCCUPIED", "distance_cm": 8.0, "ts": "2026-09-30T06:13:16Z"}
2026-09-30T06:13:19Z parking/lantai-1/slot/A1 {"slot_id": "A1", "status": "OCCUPIED", "distance_cm": 5.1, "ts": "2026-09-30T06:13:19Z"}
2026-09-30T06:13:27Z parking/lantai-1/slot/A1 {"slot_id": "A1", "status": "FREE", "distance_cm": 34.7, "ts": "2026-09-30T06:13:27Z"}
2026-09-30T06:13:27Z parking/lantai-1/slot/A2 {"slot_id": "A2", "status": "FREE", "distance_cm": 35.7, "ts": "2026-09-30T06:13:27Z"}
2026-09-30T06:13:30Z parking/lantai-1/slot/A3 {"slot_id": "A3", "status": "FREE", "distance_cm": 34.1, "ts": "2026-09-30T06:13:30Z"}
2026-09-30T06:13:35Z parking/lantai-1/slot/A1 {"slot_id": "A1", "status": "OCCUPIED", "distance_cm": 8.8, "ts": "2026-09-30T06:13:35Z"}
2026-09-30T06:13:39Z parking/lantai-1/slot/A2 {"slot_id": "A2", "status": "OCCUPIED", "distance_cm": 7.1, "ts": "2026-09-30T06:13:39Z"}
2026-09-30T06:13:43Z parking/lantai-1/slot/A3 {"slot_id": "A3", "status": "OCCUPIED", "distance_cm": 5.9, "ts": "2026-09-30T06:13:43Z"}
2026-09-30T06:13:44Z parking/lantai-1/slot/A1 {"slot_id": "A1", "status": "FREE", "distance_cm": 33.8, "ts": "2026-09-30T06:13:44Z"}
2026-09-30T06:13:50Z parking/lantai-1/slot/A2 {"slot_id": "A2", "status": "FREE", "distance_cm": 34.9, "ts": "2026-09-30T06:13:50Z"}
2026-09-30T06:13:51Z parking/lantai-1/slot/A1 {"slot_id": "A1", "status": "OCCUPIED", "distance_cm": 6.4, "ts": "2026-09-30T06:13:51Z"}
2026-09-30T06:13:57Z parking/lantai-1/slot/A3 {"slot_id": "A3", "status": "FREE", "distance_cm": 37.7, "ts": "2026-09-30T06:13:57Z"}
2026-09-30T06:13:59Z parking/lantai-1/slot/A1 {"slot_id": "A1", "status": "FREE", "distance_cm": 37.2, "ts": "2026-09-30T06:13:59Z"}
2026-09-30T06:14:01Z parking/lantai-1/slot/A2 {"slot_id": "A2", "status": "OCCUPIED", "distance_cm": 8.8, "ts": "2026-09-30T06:14:01Z"}
2026-09-30T06:14:07Z parking/lantai-1/slot/A1 {"slot_id": "A1", "status": "OCCUPIED", "distance_cm": 6.1, "ts": "2026-09-30T06:14:07Z"}
2026-09-30T06:14:11Z parking/lantai-1/slot/A3 {"slot_id": "A3", "status": "OCCUPIED", "distance_cm": 6.7, "ts": "2026-09-30T06:14:11Z"}
2026-09-30T06:14:12Z parking/lantai-1/slot/A2 {"slot_id": "A2", "status": "FREE", "distance_cm": 39.0, "ts": "2026-09-30T06:14:12Z"}
2026-09-30T06:14:15Z parking/lantai-1/slot/A1 {"slot_id": "A1", "status": "FREE", "distance_cm": 36.7, "ts": "2026-09-30T06:14:15Z"}
2026-09-30T06:14:23Z parking/lantai-1/slot/A2 {"slot_id": "A2", "status": "OCCUPIED", "distance_cm": 7.9, "ts": "2026-09-30T06:14:23Z"}
2026-09-30T06:14:23Z parking/lantai-1/slot/A1 {"slot_id": "A1", "status": "OCCUPIED", "distance_cm": 8.4, "ts": "2026-09-30T06:14:23Z"}
2026-09-30T06:14:25Z parking/lantai-1/slot/A3 {"slot_id": "A3", "status": "FREE", "distance_cm": 36.9, "ts": "2026-09-30T06:14:25Z"}
2026-09-30T06:14:31Z parking/lantai-1/slot/A1 {"slot_id": "A1", "status": "FREE", "distance_cm": 34.1, "ts": "2026-09-30T06:14:31Z"}
2026-09-30T06:14:33Z parking/lantai-1/slot/A2 {"slot_id": "A2", "status": "FREE", "distance_cm": 39.0, "ts": "2026-09-30T06:14:33Z"}
2026-09-30T06:14:38Z parking/lantai-1/slot/A3 {"slot_id": "A3", "status": "OCCUPIED", "distance_cm": 7.7, "ts": "2026-09-30T06:14:38Z"}
2026-09-30T06:14:39Z parking/lantai-1/slot/A1 {"slot_id": "A1", "status": "OCCUPIED", "distance_cm": 6.9, "ts": "2026-09-30T06:14:39Z"}
2026-09-30T06:14:44Z parking/lantai-1/slot/A2 {"slot_id": "A2", "status": "OCCUPIED", "distance_cm": 7.7, "ts": "2026-09-30T06:14:44Z"}
2026-09-30T06:14:47Z parking/lantai-1/slot/A1 {"slot_id": "A1", "status": "FREE", "distance_cm": 33.7, "ts": "2026-09-30T06:14:47Z"}
2026-09-30T06:14:52Z parking/lantai-1/slot/A3 {"slot_id": "A3", "status": "FREE", "distance_cm": 38.7, "ts": "2026-09-30T06:14:52Z"}
2026-09-30T06:14:55Z parking/lantai-1/slot/A1 {"slot_id": "A1", "status": "OCCUPIED", "distance_cm": 5.3, "ts": "2026-09-30T06:14:55Z"}
2026-09-30T06:14:55Z parking/lantai-1/slot/A2 {"slot_id": "A2", "status": "FREE", "distance_cm": 33.8, "ts": "2026-09-30T06:14:55Z"}
2026-09-30T06:15:04Z parking/lantai-1/slot/A1 {"slot_id": "A1", "status": "FREE", "distance_cm": 39.9, "ts": "2026-09-30T06:15:04Z"}
2026-09-30T06:15:06Z parking/lantai-1/slot/A2 {"slot_id": "A2", "status": "OCCUPIED", "distance_cm": 8.1, "ts": "2026-09-30T06:15:06Z"}
2026-09-30T06:15:06Z parking/lantai-1/slot/A3 {"slot_id": "A3", "status": "OCCUPIED", "distance_cm": 8.7, "ts": "2026-09-30T06:15:06Z"}
2026-09-30T06:15:11Z parking/lantai-1/slot/A1 {"slot_id": "A1", "status": "OCCUPIED", "distance_cm": 5.6, "ts": "2026-09-30T06:15:12Z"}
2026-09-30T06:15:18Z parking/lantai-1/slot/A2 {"slot_id": "A2", "status": "FREE", "distance_cm": 35.2, "ts": "2026-09-30T06:15:18Z"}
2026-09-30T06:15:19Z parking/lantai-1/slot/A1 {"slot_id": "A1", "status": "FREE", "distance_cm": 39.4, "ts": "2026-09-30T06:15:19Z"}
2026-09-30T06:15:21Z parking/lantai-1/slot/A3 {"slot_id": "A3", "status": "FREE", "distance_cm": 39.2, "ts": "2026-09-30T06:15:21Z"}
2026-09-30T06:15:27Z parking/lantai-1/slot/A1 {"slot_id": "A1", "status": "OCCUPIED", "distance_cm": 8.5, "ts": "2026-09-30T06:15:27Z"}
2026-09-30T06:15:29Z parking/lantai-1/slot/A2 {"slot_id": "A2", "status": "OCCUPIED", "distance_cm": 6.4, "ts": "2026-09-30T06:15:29Z"}
2026-09-30T06:15:35Z parking/lantai-1/slot/A3 {"slot_id": "A3", "status": "OCCUPIED", "distance_cm": 7.8, "ts": "2026-09-30T06:15:35Z"}
2026-09-30T06:15:35Z parking/lantai-1/slot/A1 {"slot_id": "A1", "status": "FREE", "distance_cm": 34.2, "ts": "2026-09-30T06:15:35Z"}
2026-09-30T06:15:40Z parking/lantai-1/slot/A2 {"slot_id": "A2", "status": "FREE", "distance_cm": 38.4, "ts": "2026-09-30T06:15:40Z"}
2026-09-30T06:15:43Z parking/lantai-1/slot/A1 {"slot_id": "A1", "status": "OCCUPIED", "distance_cm": 5.7, "ts": "2026-09-30T06:15:43Z"}
2026-09-30T06:15:51Z parking/lantai-1/slot/A2 {"slot_id": "A2", "status": "OCCUPIED", "distance_cm": 8.6, "ts": "2026-09-30T06:15:52Z"}
2026-09-30T06:15:51Z parking/lantai-1/slot/A3 {"slot_id": "A3", "status": "FREE", "distance_cm": 36.8, "ts": "2026-09-30T06:15:52Z"}
2026-09-30T06:16:02Z parking/lantai-1/slot/A2 {"slot_id": "A2", "status": "FREE", "distance_cm": 33.6, "ts": "2026-09-30T06:16:02Z"}
2026-09-30T06:16:03Z parking/lantai-1/slot/A3 {"slot_id": "A3", "status": "OCCUPIED", "distance_cm": 6.1, "ts": "2026-09-30T06:16:03Z"}
2026-09-30T06:16:07Z parking/lantai-1/slot/A1 {"slot_id": "A1", "status": "FREE", "distance_cm": 34.9, "ts": "2026-09-30T06:16:07Z"}
2026-09-30T06:16:13Z parking/lantai-1/slot/A2 {"slot_id": "A2", "status": "OCCUPIED", "distance_cm": 8.1, "ts": "2026-09-30T06:16:14Z"}
2026-09-30T06:16:15Z parking/lantai-1/slot/A1 {"slot_id": "A1", "status": "OCCUPIED", "distance_cm": 7.2, "ts": "2026-09-30T06:16:15Z"}
2026-09-30T06:16:16Z parking/lantai-1/slot/A3 {"slot_id": "A3", "status": "FREE", "distance_cm": 33.7, "ts": "2026-09-30T06:16:17Z"}
2026-09-30T06:16:22Z parking/lantai-1/slot/A1 {"slot_id": "A1", "status": "FREE", "distance_cm": 35.6, "ts": "2026-09-30T06:16:22Z"}
2026-09-30T06:16:24Z parking/lantai-1/slot/A2 {"slot_id": "A2", "status": "FREE", "distance_cm": 33.4, "ts": "2026-09-30T06:16:24Z"}
2026-09-30T06:16:37Z parking/lantai-1/slot/A3 {"slot_id": "A3", "status": "OCCUPIED", "distance_cm": 5.3, "ts": "2026-09-30T06:16:37Z"}
2026-09-30T06:16:37Z parking/lantai-1/slot/A1 {"slot_id": "A1", "status": "OCCUPIED", "distance_cm": 5.8, "ts": "2026-09-30T06:16:37Z"}
2026-09-30T06:16:38Z parking/lantai-1/slot/A2 {"slot_id": "A2", "status": "OCCUPIED", "distance_cm": 8.0, "ts": "2026-09-30T06:16:38Z"}
2026-09-30T06:16:39Z parking/lantai-1/slot/A1 {"slot_id": "A1", "status": "FREE", "distance_cm": 33.4, "ts": "2026-09-30T06:16:39Z"}
2026-09-30T06:16:45Z parking/lantai-1/slot/A3 {"slot_id": "A3", "status": "FREE", "distance_cm": 35.5, "ts": "2026-09-30T06:16:45Z"}
2026-09-30T06:16:46Z parking/lantai-1/slot/A2 {"slot_id": "A2", "status": "FREE", "distance_cm": 35.6, "ts": "2026-09-30T06:16:46Z"}
2026-09-30T06:16:47Z parking/lantai-1/slot/A1 {"slot_id": "A1", "status": "OCCUPIED", "distance_cm": 8.2, "ts": "2026-09-30T06:16:47Z"}
2026-09-30T06:16:55Z parking/lantai-1/slot/A1 {"slot_id": "A1", "status": "FREE", "distance_cm": 38.9, "ts": "2026-09-30T06:16:55Z"}
2026-09-30T06:16:57Z parking/lantai-1/slot/A2 {"slot_id": "A2", "status": "OCCUPIED", "distance_cm": 9.0, "ts": "2026-09-30T06:16:57Z"}
2026-09-30T06:16:59Z parking/lantai-1/slot/A3 {"slot_id": "A3", "status": "OCCUPIED", "distance_cm": 8.2, "ts": "2026-09-30T06:16:59Z"}
2026-09-30T06:17:03Z parking/lantai-1/slot/A1 {"slot_id": "A1", "status": "OCCUPIED", "distance_cm": 6.5, "ts": "2026-09-30T06:17:03Z"}
2026-09-30T06:17:11Z parking/lantai-1/slot/A2 {"slot_id": "A2", "status": "FREE", "distance_cm": 40.0, "ts": "2026-09-30T06:17:11Z"}
2026-09-30T06:17:13Z parking/lantai-1/slot/A1 {"slot_id": "A1", "status": "FREE", "distance_cm": 38.6, "ts": "2026-09-30T06:17:13Z"}
2026-09-30T06:17:13Z parking/lantai-1/slot/A3 {"slot_id": "A3", "status": "FREE", "distance_cm": 33.7, "ts": "2026-09-30T06:17:13Z"}
2026-09-30T06:17:19Z parking/lantai-1/slot/A2 {"slot_id": "A2", "status": "OCCUPIED", "distance_cm": 6.9, "ts": "2026-09-30T06:17:19Z"}
2026-09-30T06:17:19Z parking/lantai-1/slot/A1 {"slot_id": "A1", "status": "OCCUPIED", "distance_cm": 8.0, "ts": "2026-09-30T06:17:19Z"}
2026-09-30T06:17:21Z parking/lantai-1/slot/A1 {"slot_id": "A1", "status": "FREE", "distance_cm": -1, "ts": "2026-09-30T06:17:21Z"}
2026-09-30T06:17:26Z parking/lantai-1/slot/A1 {"slot_id": "A1", "status": "FREE", "distance_cm": 34.4, "ts": "2026-09-30T06:17:27Z"}
2026-09-30T06:17:27Z parking/lantai-1/slot/A3 {"slot_id": "A3", "status": "OCCUPIED", "distance_cm": 5.1, "ts": "2026-09-30T06:17:27Z"}
2026-09-30T06:17:30Z parking/lantai-1/slot/A2 {"slot_id": "A2", "status": "FREE", "distance_cm": 39.3, "ts": "2026-09-30T06:17:30Z"}
2026-09-30T06:17:31Z parking/lantai-1/slot/A1 {"slot_id": "A1", "status": "OCCUPIED", "distance_cm": 5.6, "ts": "2026-09-30T06:17:31Z"}
2026-09-30T06:17:35Z parking/lantai-1/slot/A1 {"slot_id": "A1", "status": "OCCUPIED", "distance_cm": 8.5, "ts": "2026-09-30T06:17:35Z"}
2026-09-30T06:17:43Z parking/lantai-1/slot/A1 {"slot_id": "A1", "status": "FREE", "distance_cm": 36.7, "ts": "2026-09-30T06:17:39Z"}
2026-09-30T06:17:43Z parking/lantai-1/slot/A3 {"slot_id": "A3", "status": "OCCUPIED", "distance_cm": 5.1, "ts": "2026-09-30T06:17:27Z"}
2026-09-30T06:17:43Z parking/lantai-1/slot/A2 {"slot_id": "A2", "status": "FREE", "distance_cm": 39.3, "ts": "2026-09-30T06:17:30Z"}
2026-09-30T06:17:46Z parking/lantai-1/slot/A3 {"slot_id": "A3", "status": "FREE", "distance_cm": 38.3, "ts": "2026-09-30T06:17:41Z"}
2026-09-30T06:17:46Z parking/lantai-1/slot/A1 {"slot_id": "A1", "status": "FREE", "distance_cm": 33.1, "ts": "2026-09-30T06:17:44Z"}
2026-09-30T06:17:46Z parking/lantai-1/slot/A2 {"slot_id": "A2", "status": "OCCUPIED", "distance_cm": 6.6, "ts": "2026-09-30T06:17:41Z"}
2026-09-30T06:17:47Z parking/lantai-1/slot/A1 {"slot_id": "A1", "status": "OCCUPIED", "distance_cm": 7.5, "ts": "2026-09-30T06:17:47Z"}
2026-09-30T06:17:53Z parking/lantai-1/slot/A2 {"slot_id": "A2", "status": "FREE", "distance_cm": 35.3, "ts": "2026-09-30T06:17:53Z"}
2026-09-30T06:17:55Z parking/lantai-1/slot/A3 {"slot_id": "A3", "status": "OCCUPIED", "distance_cm": 2.0, "ts": "2026-09-30T06:17:55Z"}
2026-09-30T06:17:58Z parking/lantai-1/slot/A1 {"slot_id": "A1", "status": "FREE", "distance_cm": 34.2, "ts": "2026-09-30T06:17:58Z"}
2026-09-30T06:18:02Z parking/lantai-1/slot/A1 {"slot_id": "A1", "status": "OCCUPIED", "distance_cm": 8.0, "ts": "2026-09-30T06:18:02Z"}
2026-09-30T06:18:02Z parking/lantai-1/slot/A2 {"slot_id": "A2", "status": "OCCUPIED", "distance_cm": 8.4, "ts": "2026-09-30T06:18:02Z"}
2026-09-30T06:18:07Z parking/lantai-1/slot/A1 {"slot_id": "A1", "status": "OCCUPIED", "distance_cm": 6.8, "ts": "2026-09-30T06:18:07Z"}
2026-09-30T06:18:09Z parking/lantai-1/slot/A3 {"slot_id": "A3", "status": "FREE", "distance_cm": 36.2, "ts": "2026-09-30T06:18:09Z"}
2026-09-30T06:18:10Z parking/lantai-1/slot/A1 {"slot_id": "A1", "status": "FREE", "distance_cm": 34.4, "ts": "2026-09-30T06:18:10Z"}
2026-09-30T06:18:14Z parking/lantai-1/slot/A2 {"slot_id": "A2", "status": "FREE", "distance_cm": 35.2, "ts": "2026-09-30T06:18:14Z"}
2026-09-30T06:18:15Z parking/lantai-1/slot/A1 {"slot_id": "A1", "status": "FREE", "distance_cm": 34.2, "ts": "2026-09-30T06:18:15Z"}
2026-09-30T06:18:18Z parking/lantai-1/slot/A1 {"slot_id": "A1", "status": "OCCUPIED", "distance_cm": 5.3, "ts": "2026-09-30T06:18:18Z"}
2026-09-30T06:18:23Z parking/lantai-1/slot/A3 {"slot_id": "A3", "status": "OCCUPIED", "distance_cm": 6.8, "ts": "2026-09-30T06:18:23Z"}
2026-09-30T06:18:23Z parking/lantai-1/slot/A1 {"slot_id": "A1", "status": "OCCUPIED", "distance_cm": 5.2, "ts": "2026-09-30T06:18:23Z"}
2026-09-30T06:18:25Z parking/lantai-1/slot/A2 {"slot_id": "A2", "status": "OCCUPIED", "distance_cm": 5.3, "ts": "2026-09-30T06:18:25Z"}
2026-09-30T06:18:26Z parking/lantai-1/slot/A1 {"slot_id": "A1", "status": "FREE", "distance_cm": 33.7, "ts": "2026-09-30T06:18:26Z"}
2026-09-30T06:18:32Z parking/lantai-1/slot/A1 {"slot_id": "A1", "status": "FREE", "distance_cm": 39.2, "ts": "2026-09-30T06:18:31Z"}
2026-09-30T06:18:42Z parking/lantai-1/slot/A2 {"slot_id": "A2", "status": "FREE", "distance_cm": 38.0, "ts": "2026-09-30T06:18:42Z"}
2026-09-30T06:18:42Z parking/lantai-1/slot/A3 {"slot_id": "A3", "status": "FREE", "distance_cm": 39.7, "ts": "2026-09-30T06:18:42Z"}
2026-09-30T06:18:46Z parking/lantai-1/slot/A2 {"slot_id": "A2", "status": "OCCUPIED", "distance_cm": 5.2, "ts": "2026-09-30T06:18:46Z"}
2026-09-30T06:18:50Z parking/lantai-1/slot/A3 {"slot_id": "A3", "status": "OCCUPIED", "distance_cm": 8.6, "ts": "2026-09-30T06:18:50Z"}
2026-09-30T06:18:55Z parking/lantai-1/slot/A1 {"slot_id": "A1", "status": "OCCUPIED", "distance_cm": 5.2, "ts": "2026-09-30T06:18:55Z"}
2026-09-30T06:18:57Z parking/lantai-1/slot/A2 {"slot_id": "A2", "status": "FREE", "distance_cm": 34.5, "ts": "2026-09-30T06:18:57Z"}
2026-09-30T06:19:03Z parking/lantai-1/slot/A1 {"slot_id": "A1", "status": "FREE", "distance_cm": 33.9, "ts": "2026-09-30T06:19:03Z"}
2026-09-30T06:19:04Z parking/lantai-1/slot/A3 {"slot_id": "A3", "status": "FREE", "distance_cm": 38.0, "ts": "2026-09-30T06:19:04Z"}
2026-09-30T06:19:08Z parking/lantai-1/slot/A2 {"slot_id": "A2", "status": "OCCUPIED", "distance_cm": 5.2, "ts": "2026-09-30T06:19:08Z"}
2026-09-30T06:19:11Z parking/lantai-1/slot/A1 {"slot_id": "A1", "status": "OCCUPIED", "distance_cm": 6.2, "ts": "2026-09-30T06:19:11Z"}
2026-09-30T06:19:18Z parking/lantai-1/slot/A3 {"slot_id": "A3", "status": "OCCUPIED", "distance_cm": 6.0, "ts": "2026-09-30T06:19:18Z"}
2026-09-30T06:19:19Z parking/lantai-1/slot/A2 {"slot_id": "A2", "status": "FREE", "distance_cm": 34.9, "ts": "2026-09-30T06:19:19Z"}
2026-09-30T06:19:22Z parking/lantai-1/slot/A1 {"slot_id": "A1", "status": "FREE", "distance_cm": 33.6, "ts": "2026-09-30T06:19:22Z"}
2026-09-30T06:19:22Z parking/lantai-1/slot/A1 {"slot_id": "A1", "status": "FREE", "distance_cm": -1, "ts": "2026-09-30T06:19:22Z"}
2026-09-30T06:19:28Z parking/lantai-1/slot/A1 {"slot_id": "A1", "status": "OCCUPIED", "distance_cm": 8.2, "ts": "2026-09-30T06:19:28Z"}
2026-09-30T06:19:30Z parking/lantai-1/slot/A2 {"slot_id": "A2", "status": "OCCUPIED", "distance_cm": 8.5, "ts": "2026-09-30T06:19:30Z"}
2026-09-30T06:19:34Z parking/lantai-1/slot/A3 {"slot_id": "A3", "status": "FREE", "distance_cm": 36.9, "ts": "2026-09-30T06:19:34Z"}
2026-09-30T06:19:35Z parking/lantai-1/slot/A1 {"slot_id": "A1", "status": "FREE", "distance_cm": 35.1, "ts": "2026-09-30T06:19:35Z"}
2026-09-30T06:19:43Z parking/lantai-1/slot/A1 {"slot_id": "A1", "status": "OCCUPIED", "distance_cm": 8.4, "ts": "2026-09-30T06:19:43Z"}
2026-09-30T06:19:43Z parking/lantai-1/slot/A2 {"slot_id": "A2", "status": "FREE", "distance_cm": 33.2, "ts": "2026-09-30T06:19:43Z"}
2026-09-30T06:19:46Z parking/lantai-1/slot/A3 {"slot_id": "A3", "status": "OCCUPIED", "distance_cm": 6.6, "ts": "2026-09-30T06:19:46Z"}
2026-09-30T06:19:52Z parking/lantai-1/slot/A1 {"slot_id": "A1", "status": "FREE", "distance_cm": 37.1, "ts": "2026-09-30T06:19:52Z"}
2026-09-30T06:19:53Z parking/lantai-1/slot/A2 {"slot_id": "A2", "status": "OCCUPIED", "distance_cm": 2.0, "ts": "2026-09-30T06:19:53Z"}
2026-09-30T06:19:58Z parking/lantai-1/slot/A1 {"slot_id": "A1", "status": "OCCUPIED", "distance_cm": 8.7, "ts": "2026-09-30T06:19:58Z"}
2026-09-30T06:20:00Z parking/lantai-1/slot/A3 {"slot_id": "A3", "status": "FREE", "distance_cm": 38.2, "ts": "2026-09-30T06:20:00Z"}
2026-09-30T06:20:03Z parking/lantai-1/slot/A2 {"slot_id": "A2", "status": "FREE", "distance_cm": 38.6, "ts": "2026-09-30T06:20:03Z"}
2026-09-30T06:20:07Z parking/lantai-1/slot/A1 {"slot_id": "A1", "status": "FREE", "distance_cm": 37.1, "ts": "2026-09-30T06:20:07Z"}
2026-09-30T06:20:15Z parking/lantai-1/slot/A3 {"slot_id": "A3", "status": "OCCUPIED", "distance_cm": 5.9, "ts": "2026-09-30T06:20:15Z"}
2026-09-30T06:20:15Z parking/lantai-1/slot/A1 {"slot_id": "A1", "status": "OCCUPIED", "distance_cm": 5.4, "ts": "2026-09-30T06:20:15Z"}
2026-09-30T06:20:15Z parking/lantai-1/slot/A2 {"slot_id": "A2", "status": "OCCUPIED", "distance_cm": 5.8, "ts": "2026-09-30T06:20:15Z"}
2026-09-30T06:20:23Z parking/lantai-1/slot/A1 {"slot_id": "A1", "status": "FREE", "distance_cm": 34.5, "ts": "2026-09-30T06:20:23Z"}
2026-09-30T06:20:26Z parking/lantai-1/slot/A2 {"slot_id": "A2", "status": "FREE", "distance_cm": 37.1, "ts": "2026-09-30T06:20:26Z"}
2026-09-30T06:20:29Z parking/lantai-1/slot/A3 {"slot_id": "A3", "status": "FREE", "distance_cm": 38.0, "ts": "2026-09-30T06:20:29Z"}
2026-09-30T06:20:32Z parking/lantai-1/slot/A1 {"slot_id": "A1", "status": "OCCUPIED", "distance_cm": 6.1, "ts": "2026-09-30T06:20:32Z"}
2026-09-30T06:20:37Z parking/lantai-1/slot/A2 {"slot_id": "A2", "status": "OCCUPIED", "distance_cm": 6.2, "ts": "2026-09-30T06:20:37Z"}
2026-09-30T06:20:39Z parking/lantai-1/slot/A1 {"slot_id": "A1", "status": "FREE", "distance_cm": 36.4, "ts": "2026-09-30T06:20:39Z"}
2026-09-30T06:20:45Z parking/lantai-1/slot/A3 {"slot_id": "A3", "status": "OCCUPIED", "distance_cm": 5.2, "ts": "2026-09-30T06:20:45Z"}
2026-09-30T06:20:47Z parking/lantai-1/slot/A1 {"slot_id": "A1", "status": "OCCUPIED", "distance_cm": 6.8, "ts": "2026-09-30T06:20:47Z"}
2026-09-30T06:20:48Z parking/lantai-1/slot/A2 {"slot_id": "A2", "status": "FREE", "distance_cm": 39.4, "ts": "2026-09-30T06:20:48Z"}
2026-09-30T06:20:55Z parking/lantai-1/slot/A1 {"slot_id": "A1", "status": "FREE", "distance_cm": 36.2, "ts": "2026-09-30T06:20:55Z"}
2026-09-30T06:20:56Z parking/lantai-1/slot/A3 {"slot_id": "A3", "status": "FREE", "distance_cm": 37.7, "ts": "2026-09-30T06:20:56Z"}
2026-09-30T06:20:59Z parking/lantai-1/slot/A2 {"slot_id": "A2", "status": "OCCUPIED", "distance_cm": 8.1, "ts": "2026-09-30T06:20:59Z"}
2026-09-30T06:21:03Z parking/lantai-1/slot/A1 {"slot_id": "A1", "status": "OCCUPIED", "distance_cm": 8.1, "ts": "2026-09-30T06:21:03Z"}
2026-09-30T06:21:10Z parking/lantai-1/slot/A2 {"slot_id": "A2", "status": "FREE", "distance_cm": 38.2, "ts": "2026-09-30T06:21:10Z"}
2026-09-30T06:21:10Z parking/lantai-1/slot/A3 {"slot_id": "A3", "status": "OCCUPIED", "distance_cm": 7.5, "ts": "2026-09-30T06:21:10Z"}
2026-09-30T06:21:11Z parking/lantai-1/slot/A1 {"slot_id": "A1", "status": "FREE", "distance_cm": 33.9, "ts": "2026-09-30T06:21:11Z"}
2026-09-30T06:21:19Z parking/lantai-1/slot/A1 {"slot_id": "A1", "status": "OCCUPIED", "distance_cm": 2.0, "ts": "2026-09-30T06:21:19Z"}
2026-09-30T06:21:21Z parking/lantai-1/slot/A2 {"slot_id": "A2", "status": "OCCUPIED", "distance_cm": 7.7, "ts": "2026-09-30T06:21:21Z"}
2026-09-30T06:21:26Z parking/lantai-1/slot/A3 {"slot_id": "A3", "status": "FREE", "distance_cm": 34.0, "ts": "2026-09-30T06:21:27Z"}
2026-09-30T06:21:27Z parking/lantai-1/slot/A1 {"slot_id": "A1", "status": "FREE", "distance_cm": 36.1, "ts": "2026-09-30T06:21:28Z"}
2026-09-30T06:21:32Z parking/lantai-1/slot/A2 {"slot_id": "A2", "status": "FREE", "distance_cm": 38.6, "ts": "2026-09-30T06:21:32Z"}
2026-09-30T06:21:36Z parking/lantai-1/slot/A1 {"slot_id": "A1", "status": "OCCUPIED", "distance_cm": 8.0, "ts": "2026-09-30T06:21:36Z"}
2026-09-30T06:21:39Z parking/lantai-1/slot/A3 {"slot_id": "A3", "status": "OCCUPIED", "distance_cm": 5.3, "ts": "2026-09-30T06:21:39Z"}
2026-09-30T06:21:42Z parking/lantai-1/slot/A1 {"slot_id": "A1", "status": "FREE", "distance_cm": 33.1, "ts": "2026-09-30T06:21:42Z"}
2026-09-30T06:21:43Z parking/lantai-1/slot/A2 {"slot_id": "A2", "status": "OCCUPIED", "distance_cm": 7.6, "ts": "2026-09-30T06:21:43Z"}
2026-09-30T06:21:50Z parking/lantai-1/slot/A1 {"slot_id": "A1", "status": "OCCUPIED", "distance_cm": 8.6, "ts": "2026-09-30T06:21:50Z"}
2026-09-30T06:21:53Z parking/lantai-1/slot/A3 {"slot_id": "A3", "status": "FREE", "distance_cm": 37.2, "ts": "2026-09-30T06:21:53Z"}
2026-09-30T06:21:54Z parking/lantai-1/slot/A2 {"slot_id": "A2", "status": "FREE", "distance_cm": 39.5, "ts": "2026-09-30T06:21:54Z"}
2026-09-30T06:22:04Z parking/lantai-1/slot/A1 {"slot_id": "A1", "status": "FREE", "distance_cm": 34.1, "ts": "2026-09-30T06:22:04Z"}
2026-09-30T06:22:05Z parking/lantai-1/slot/A2 {"slot_id": "A2", "status": "OCCUPIED", "distance_cm": 8.8, "ts": "2026-09-30T06:22:05Z"}
2026-09-30T06:22:07Z parking/lantai-1/slot/A1 {"slot_id": "A1", "status": "OCCUPIED", "distance_cm": 7.0, "ts": "2026-09-30T06:22:07Z"}
2026-09-30T06:22:07Z parking/lantai-1/slot/A3 {"slot_id": "A3", "status": "OCCUPIED", "distance_cm": 8.7, "ts": "2026-09-30T06:22:07Z"}
2026-09-30T06:22:15Z parking/lantai-1/slot/A1 {"slot_id": "A1", "status": "FREE", "distance_cm": 36.0, "ts": "2026-09-30T06:22:15Z"}
2026-09-30T06:22:16Z parking/lantai-1/slot/A2 {"slot_id": "A2", "status": "FREE", "distance_cm": 39.8, "ts": "2026-09-30T06:22:16Z"}
2026-09-30T06:22:21Z parking/lantai-1/slot/A3 {"slot_id": "A3", "status": "FREE", "distance_cm": 35.1, "ts": "2026-09-30T06:22:21Z"}
2026-09-30T06:22:23Z parking/lantai-1/slot/A1 {"slot_id": "A1", "status": "OCCUPIED", "distance_cm": 7.4, "ts": "2026-09-30T06:22:23Z"}
2026-09-30T06:22:27Z parking/lantai-1/slot/A2 {"slot_id": "A2", "status": "OCCUPIED", "distance_cm": 6.4, "ts": "2026-09-30T06:22:27Z"}
2026-09-30T06:22:31Z parking/lantai-1/slot/A1 {"slot_id": "A1", "status": "FREE", "distance_cm": 35.1, "ts": "2026-09-30T06:22:31Z"}
2026-09-30T06:22:35Z parking/lantai-1/slot/A3 {"slot_id": "A3", "status": "OCCUPIED", "distance_cm": 8.9, "ts": "2026-09-30T06:22:35Z"}
2026-09-30T06:22:38Z parking/lantai-1/slot/A2 {"slot_id": "A2", "status": "FREE", "distance_cm": 34.3, "ts": "2026-09-30T06:22:38Z"}
2026-09-30T06:22:39Z parking/lantai-1/slot/A1 {"slot_id": "A1", "status": "OCCUPIED", "distance_cm": 2.0, "ts": "2026-09-30T06:22:39Z"}
2026-09-30T06:22:49Z parking/lantai-1/slot/A3 {"slot_id": "A3", "status": "FREE", "distance_cm": 33.9, "ts": "2026-09-30T06:22:49Z"}
2026-09-30T06:22:49Z parking/lantai-1/slot/A2 {"slot_id": "A2", "status": "OCCUPIED", "distance_cm": 5.2, "ts": "2026-09-30T06:22:49Z"}
2026-09-30T06:22:53Z parking/lantai-1/slot/A1 {"slot_id": "A1", "status": "FREE", "distance_cm": 33.2, "ts": "2026-09-30T06:22:53Z"}
2026-09-30T06:22:56Z parking/lantai-1/slot/A1 {"slot_id": "A1", "status": "OCCUPIED", "distance_cm": 6.1, "ts": "2026-09-30T06:22:56Z"}
2026-09-30T06:23:00Z parking/lantai-1/slot/A2 {"slot_id": "A2", "status": "FREE", "distance_cm": 37.5, "ts": "2026-09-30T06:23:00Z"}
2026-09-30T06:23:03Z parking/lantai-1/slot/A1 {"slot_id": "A1", "status": "FREE", "distance_cm": 33.8, "ts": "2026-09-30T06:23:03Z"}
2026-09-30T06:23:03Z parking/lantai-1/slot/A3 {"slot_id": "A3", "status": "OCCUPIED", "distance_cm": 7.0, "ts": "2026-09-30T06:23:03Z"}
2026-09-30T06:23:10Z parking/lantai-1/slot/A1 {"slot_id": "A1", "status": "OCCUPIED", "distance_cm": 6.3, "ts": "2026-09-30T06:23:10Z"}
2026-09-30T06:23:11Z parking/lantai-1/slot/A2 {"slot_id": "A2", "status": "OCCUPIED", "distance_cm": 7.0, "ts": "2026-09-30T06:23:11Z"}
2026-09-30T06:23:17Z parking/lantai-1/slot/A3 {"slot_id": "A3", "status": "FREE", "distance_cm": 33.4, "ts": "2026-09-30T06:23:17Z"}
2026-09-30T06:23:19Z parking/lantai-1/slot/A1 {"slot_id": "A1", "status": "FREE", "distance_cm": 35.5, "ts": "2026-09-30T06:23:19Z"}
2026-09-30T06:23:22Z parking/lantai-1/slot/A2 {"slot_id": "A2", "status": "FREE", "distance_cm": 33.4, "ts": "2026-09-30T06:23:22Z"}
2026-09-30T06:23:26Z parking/lantai-1/slot/A1 {"slot_id": "A1", "status": "OCCUPIED", "distance_cm": 2.0, "ts": "2026-09-30T06:23:26Z"}
2026-09-30T06:23:37Z parking/lantai-1/slot/A2 {"slot_id": "A2", "status": "FREE", "distance_cm": -1, "ts": "2026-09-30T06:23:37Z"}
2026-09-30T06:23:37Z parking/lantai-1/slot/A1 {"slot_id": "A1", "status": "FREE", "distance_cm": -1, "ts": "2026-09-30T06:23:37Z"}
2026-09-30T06:23:37Z parking/lantai-1/slot/A3 {"slot_id": "A3", "status": "FREE", "distance_cm": -1, "ts": "2026-09-30T06:23:37Z"}
2026-09-30T06:23:46Z parking/lantai-1/slot/A1 {"slot_id": "A1", "status": "OCCUPIED", "distance_cm": 8.3, "ts": "2026-09-30T06:23:46Z"}
2026-09-30T06:23:49Z parking/lantai-1/slot/A2 {"slot_id": "A2", "status": "OCCUPIED", "distance_cm": 5.9, "ts": "2026-09-30T06:23:49Z"}
2026-09-30T06:23:51Z parking/lantai-1/slot/A3 {"slot_id": "A3", "status": "OCCUPIED", "distance_cm": 8.6, "ts": "2026-09-30T06:23:51Z"}
2026-09-30T06:23:54Z parking/lantai-1/slot/A1 {"slot_id": "A1", "status": "FREE", "distance_cm": 34.5, "ts": "2026-09-30T06:23:54Z"}
2026-09-30T06:24:01Z parking/lantai-1/slot/A2 {"slot_id": "A2", "status": "FREE", "distance_cm": 36.9, "ts": "2026-09-30T06:24:01Z"}
2026-09-30T06:24:02Z parking/lantai-1/slot/A1 {"slot_id": "A1", "status": "OCCUPIED", "distance_cm": 6.7, "ts": "2026-09-30T06:24:02Z"}
2026-09-30T06:24:06Z parking/lantai-1/slot/A3 {"slot_id": "A3", "status": "FREE", "distance_cm": 37.9, "ts": "2026-09-30T06:24:06Z"}
2026-09-30T06:24:10Z parking/lantai-1/slot/A1 {"slot_id": "A1", "status": "FREE", "distance_cm": 34.9, "ts": "2026-09-30T06:24:10Z"}
2026-09-30T06:24:11Z parking/lantai-1/slot/A2 {"slot_id": "A2", "status": "OCCUPIED", "distance_cm": 8.9, "ts": "2026-09-30T06:24:11Z"}
2026-09-30T06:24:20Z parking/lantai-1/slot/A3 {"slot_id": "A3", "status": "OCCUPIED", "distance_cm": 6.7, "ts": "2026-09-30T06:24:20Z"}
2026-09-30T06:24:22Z parking/lantai-1/slot/A2 {"slot_id": "A2", "status": "FREE", "distance_cm": 37.1, "ts": "2026-09-30T06:24:22Z"}
2026-09-30T06:24:22Z parking/lantai-1/slot/A1 {"slot_id": "A1", "status": "OCCUPIED", "distance_cm": 8.7, "ts": "2026-09-30T06:24:22Z"}
2026-09-30T06:24:26Z parking/lantai-1/slot/A1 {"slot_id": "A1", "status": "FREE", "distance_cm": 38.3, "ts": "2026-09-30T06:24:26Z"}
2026-09-30T06:24:33Z parking/lantai-1/slot/A2 {"slot_id": "A2", "status": "OCCUPIED", "distance_cm": 8.4, "ts": "2026-09-30T06:24:33Z"}
2026-09-30T06:24:34Z parking/lantai-1/slot/A1 {"slot_id": "A1", "status": "OCCUPIED", "distance_cm": 8.9, "ts": "2026-09-30T06:24:34Z"}
2026-09-30T06:24:34Z parking/lantai-1/slot/A3 {"slot_id": "A3", "status": "FREE", "distance_cm": 35.4, "ts": "2026-09-30T06:24:34Z"}
2026-09-30T06:24:43Z parking/lantai-1/slot/A1 {"slot_id": "A1", "status": "FREE", "distance_cm": 37.4, "ts": "2026-09-30T06:24:43Z"}
2026-09-30T06:24:44Z parking/lantai-1/slot/A2 {"slot_id": "A2", "status": "FREE", "distance_cm": 37.0, "ts": "2026-09-30T06:24:44Z"}
2026-09-30T06:24:48Z parking/lantai-1/slot/A3 {"slot_id": "A3", "status": "OCCUPIED", "distance_cm": 7.3, "ts": "2026-09-30T06:24:48Z"}
2026-09-30T06:24:50Z parking/lantai-1/slot/A1 {"slot_id": "A1", "status": "OCCUPIED", "distance_cm": 5.8, "ts": "2026-09-30T06:24:50Z"}
2026-09-30T06:24:55Z parking/lantai-1/slot/A2 {"slot_id": "A2", "status": "OCCUPIED", "distance_cm": 6.6, "ts": "2026-09-30T06:24:55Z"}
2026-09-30T06:24:58Z parking/lantai-1/slot/A1 {"slot_id": "A1", "status": "FREE", "distance_cm": 34.8, "ts": "2026-09-30T06:24:58Z"}
2026-09-30T06:25:07Z parking/lantai-1/slot/A2 {"slot_id": "A2", "status": "FREE", "distance_cm": 36.0, "ts": "2026-09-30T06:25:08Z"}
2026-09-30T06:25:08Z parking/lantai-1/slot/A3 {"slot_id": "A3", "status": "FREE", "distance_cm": 39.3, "ts": "2026-09-30T06:25:09Z"}
2026-09-30T06:25:08Z parking/lantai-1/slot/A1 {"slot_id": "A1", "status": "OCCUPIED", "distance_cm": 8.4, "ts": "2026-09-30T06:25:09Z"}
2026-09-30T06:25:15Z parking/lantai-1/slot/A1 {"slot_id": "A1", "status": "FREE", "distance_cm": 34.8, "ts": "2026-09-30T06:25:15Z"}
2026-09-30T06:25:16Z parking/lantai-1/slot/A3 {"slot_id": "A3", "status": "OCCUPIED", "distance_cm": 7.3, "ts": "2026-09-30T06:25:17Z"}
2026-09-30T06:25:17Z parking/lantai-1/slot/A2 {"slot_id": "A2", "status": "OCCUPIED", "distance_cm": 7.2, "ts": "2026-09-30T06:25:17Z"}
2026-09-30T06:25:23Z parking/lantai-1/slot/A1 {"slot_id": "A1", "status": "OCCUPIED", "distance_cm": 8.3, "ts": "2026-09-30T06:25:23Z"}
2026-09-30T06:25:28Z parking/lantai-1/slot/A2 {"slot_id": "A2", "status": "FREE", "distance_cm": 35.1, "ts": "2026-09-30T06:25:28Z"}
2026-09-30T06:25:30Z parking/lantai-1/slot/A1 {"slot_id": "A1", "status": "FREE", "distance_cm": 36.4, "ts": "2026-09-30T06:25:30Z"}
2026-09-30T06:25:31Z parking/lantai-1/slot/A3 {"slot_id": "A3", "status": "FREE", "distance_cm": 38.4, "ts": "2026-09-30T06:25:31Z"}
2026-09-30T06:25:44Z parking/lantai-1/slot/A2 {"slot_id": "A2", "status": "OCCUPIED", "distance_cm": 5.0, "ts": "2026-09-30T06:25:44Z"}
2026-09-30T06:25:45Z parking/lantai-1/slot/A3 {"slot_id": "A3", "status": "OCCUPIED", "distance_cm": 5.9, "ts": "2026-09-30T06:25:45Z"}
2026-09-30T06:25:50Z parking/lantai-1/slot/A2 {"slot_id": "A2", "status": "FREE", "distance_cm": 35.9, "ts": "2026-09-30T06:25:50Z"}
2026-09-30T06:25:54Z parking/lantai-1/slot/A1 {"slot_id": "A1", "status": "OCCUPIED", "distance_cm": 6.0, "ts": "2026-09-30T06:25:54Z"}
2026-09-30T06:25:58Z parking/lantai-1/slot/A3 {"slot_id": "A3", "status": "FREE", "distance_cm": 33.0, "ts": "2026-09-30T06:25:58Z"}
2026-09-30T06:26:02Z parking/lantai-1/slot/A1 {"slot_id": "A1", "status": "FREE", "distance_cm": 33.4, "ts": "2026-09-30T06:26:02Z"}
2026-09-30T06:26:02Z parking/lantai-1/slot/A2 {"slot_id": "A2", "status": "OCCUPIED", "distance_cm": 8.1, "ts": "2026-09-30T06:26:02Z"}
2026-09-30T06:26:10Z parking/lantai-1/slot/A1 {"slot_id": "A1", "status": "OCCUPIED", "distance_cm": 7.8, "ts": "2026-09-30T06:26:10Z"}
2026-09-30T06:26:12Z parking/lantai-1/slot/A2 {"slot_id": "A2", "status": "FREE", "distance_cm": 34.0, "ts": "2026-09-30T06:26:12Z"}
2026-09-30T06:26:12Z parking/lantai-1/slot/A3 {"slot_id": "A3", "status": "OCCUPIED", "distance_cm": 5.5, "ts": "2026-09-30T06:26:12Z"}
2026-09-30T06:26:22Z parking/lantai-1/slot/A1 {"slot_id": "A1", "status": "FREE", "distance_cm": 37.8, "ts": "2026-09-30T06:26:22Z"}
2026-09-30T06:26:25Z parking/lantai-1/slot/A2 {"slot_id": "A2", "status": "OCCUPIED", "distance_cm": 5.5, "ts": "2026-09-30T06:26:25Z"}
2026-09-30T06:26:26Z parking/lantai-1/slot/A3 {"slot_id": "A3", "status": "FREE", "distance_cm": 37.5, "ts": "2026-09-30T06:26:26Z"}
2026-09-30T06:26:31Z parking/lantai-1/slot/A1 {"slot_id": "A1", "status": "OCCUPIED", "distance_cm": 6.4, "ts": "2026-09-30T06:26:31Z"}
2026-09-30T06:26:34Z parking/lantai-1/slot/A2 {"slot_id": "A2", "status": "FREE", "distance_cm": 36.7, "ts": "2026-09-30T06:26:34Z"}
2026-09-30T06:26:35Z parking/lantai-1/slot/A1 {"slot_id": "A1", "status": "FREE", "distance_cm": 34.4, "ts": "2026-09-30T06:26:35Z"}
2026-09-30T06:26:40Z parking/lantai-1/slot/A3 {"slot_id": "A3", "status": "OCCUPIED", "distance_cm": 6.3, "ts": "2026-09-30T06:26:40Z"}
2026-09-30T06:26:42Z parking/lantai-1/slot/A1 {"slot_id": "A1", "status": "OCCUPIED", "distance_cm": 5.2, "ts": "2026-09-30T06:26:42Z"}
2026-09-30T06:26:45Z parking/lantai-1/slot/A2 {"slot_id": "A2", "status": "OCCUPIED", "distance_cm": 7.6, "ts": "2026-09-30T06:26:45Z"}
2026-09-30T06:26:51Z parking/lantai-1/slot/A1 {"slot_id": "A1", "status": "FREE", "distance_cm": 39.3, "ts": "2026-09-30T06:26:51Z"}
2026-09-30T06:26:56Z parking/lantai-1/slot/A2 {"slot_id": "A2", "status": "FREE", "distance_cm": 37.9, "ts": "2026-09-30T06:26:56Z"}
2026-09-30T06:26:56Z parking/lantai-1/slot/A3 {"slot_id": "A3", "status": "FREE", "distance_cm": 35.4, "ts": "2026-09-30T06:26:56Z"}
2026-09-30T06:26:58Z parking/lantai-1/slot/A1 {"slot_id": "A1", "status": "OCCUPIED", "distance_cm": 7.3, "ts": "2026-09-30T06:26:58Z"}
2026-09-30T06:27:06Z parking/lantai-1/slot/A1 {"slot_id": "A1", "status": "FREE", "distance_cm": 34.5, "ts": "2026-09-30T06:27:06Z"}
2026-09-30T06:27:07Z parking/lantai-1/slot/A2 {"slot_id": "A2", "status": "OCCUPIED", "distance_cm": 7.6, "ts": "2026-09-30T06:27:07Z"}
2026-09-30T06:27:08Z parking/lantai-1/slot/A3 {"slot_id": "A3", "status": "OCCUPIED", "distance_cm": 9.0, "ts": "2026-09-30T06:27:08Z"}
2026-09-30T06:27:14Z parking/lantai-1/slot/A1 {"slot_id": "A1", "status": "OCCUPIED", "distance_cm": 8.9, "ts": "2026-09-30T06:27:14Z"}
2026-09-30T06:27:18Z parking/lantai-1/slot/A2 {"slot_id": "A2", "status": "FREE", "distance_cm": 36.8, "ts": "2026-09-30T06:27:18Z"}
2026-09-30T06:27:22Z parking/lantai-1/slot/A3 {"slot_id": "A3", "status": "FREE", "distance_cm": 36.6, "ts": "2026-09-30T06:27:22Z"}
2026-09-30T06:27:22Z parking/lantai-1/slot/A1 {"slot_id": "A1", "status": "FREE", "distance_cm": 38.8, "ts": "2026-09-30T06:27:22Z"}
2026-09-30T06:27:29Z parking/lantai-1/slot/A2 {"slot_id": "A2", "status": "OCCUPIED", "distance_cm": 8.2, "ts": "2026-09-30T06:27:29Z"}
2026-09-30T06:27:30Z parking/lantai-1/slot/A1 {"slot_id": "A1", "status": "OCCUPIED", "distance_cm": 7.4, "ts": "2026-09-30T06:27:31Z"}
2026-09-30T06:27:36Z parking/lantai-1/slot/A3 {"slot_id": "A3", "status": "OCCUPIED", "distance_cm": 6.7, "ts": "2026-09-30T06:27:36Z"}
2026-09-30T06:27:38Z parking/lantai-1/slot/A1 {"slot_id": "A1", "status": "FREE", "distance_cm": 38.8, "ts": "2026-09-30T06:27:38Z"}
2026-09-30T06:27:44Z parking/lantai-1/slot/A2 {"slot_id": "A2", "status": "FREE", "distance_cm": 37.2, "ts": "2026-09-30T06:27:44Z"}
2026-09-30T06:27:46Z parking/lantai-1/slot/A1 {"slot_id": "A1", "status": "OCCUPIED", "distance_cm": 7.3, "ts": "2026-09-30T06:27:46Z"}
2026-09-30T06:27:51Z parking/lantai-1/slot/A2 {"slot_id": "A2", "status": "OCCUPIED", "distance_cm": 8.6, "ts": "2026-09-30T06:27:51Z"}
2026-09-30T06:27:51Z parking/lantai-1/slot/A3 {"slot_id": "A3", "status": "FREE", "distance_cm": 36.3, "ts": "2026-09-30T06:27:51Z"}
2026-09-30T06:27:54Z parking/lantai-1/slot/A1 {"slot_id": "A1", "status": "FREE", "distance_cm": 34.8, "ts": "2026-09-30T06:27:54Z"}
2026-09-30T06:28:01Z parking/lantai-1/slot/A2 {"slot_id": "A2", "status": "FREE", "distance_cm": 36.9, "ts": "2026-09-30T06:28:02Z"}
2026-09-30T06:28:02Z parking/lantai-1/slot/A1 {"slot_id": "A1", "status": "OCCUPIED", "distance_cm": 8.1, "ts": "2026-09-30T06:28:03Z"}
2026-09-30T06:28:04Z parking/lantai-1/slot/A3 {"slot_id": "A3", "status": "OCCUPIED", "distance_cm": 8.5, "ts": "2026-09-30T06:28:05Z"}
2026-09-30T06:28:11Z parking/lantai-1/slot/A1 {"slot_id": "A1", "status": "FREE", "distance_cm": 34.4, "ts": "2026-09-30T06:28:11Z"}
2026-09-30T06:28:13Z parking/lantai-1/slot/A2 {"slot_id": "A2", "status": "OCCUPIED", "distance_cm": 8.0, "ts": "2026-09-30T06:28:13Z"}
2026-09-30T06:28:19Z parking/lantai-1/slot/A3 {"slot_id": "A3", "status": "FREE", "distance_cm": 38.9, "ts": "2026-09-30T06:28:19Z"}
2026-09-30T06:28:19Z parking/lantai-1/slot/A1 {"slot_id": "A1", "status": "OCCUPIED", "distance_cm": 5.3, "ts": "2026-09-30T06:28:19Z"}
2026-09-30T06:28:24Z parking/lantai-1/slot/A2 {"slot_id": "A2", "status": "FREE", "distance_cm": 38.1, "ts": "2026-09-30T06:28:24Z"}
2026-09-30T06:28:26Z parking/lantai-1/slot/A1 {"slot_id": "A1", "status": "FREE", "distance_cm": 38.2, "ts": "2026-09-30T06:28:26Z"}
2026-09-30T06:28:32Z parking/lantai-1/slot/A3 {"slot_id": "A3", "status": "OCCUPIED", "distance_cm": 6.3, "ts": "2026-09-30T06:28:32Z"}
2026-09-30T06:28:34Z parking/lantai-1/slot/A1 {"slot_id": "A1", "status": "OCCUPIED", "distance_cm": 8.4, "ts": "2026-09-30T06:28:34Z"}
2026-09-30T06:28:35Z parking/lantai-1/slot/A2 {"slot_id": "A2", "status": "OCCUPIED", "distance_cm": 8.8, "ts": "2026-09-30T06:28:35Z"}
2026-09-30T06:28:42Z parking/lantai-1/slot/A1 {"slot_id": "A1", "status": "FREE", "distance_cm": 39.4, "ts": "2026-09-30T06:28:42Z"}
2026-09-30T06:28:46Z parking/lantai-1/slot/A3 {"slot_id": "A3", "status": "FREE", "distance_cm": 37.8, "ts": "2026-09-30T06:28:46Z"}
2026-09-30T06:28:46Z parking/lantai-1/slot/A2 {"slot_id": "A2", "status": "FREE", "distance_cm": 38.1, "ts": "2026-09-30T06:28:46Z"}
2026-09-30T06:28:50Z parking/lantai-1/slot/A1 {"slot_id": "A1", "status": "OCCUPIED", "distance_cm": 8.7, "ts": "2026-09-30T06:28:50Z"}
2026-09-30T06:28:57Z parking/lantai-1/slot/A2 {"slot_id": "A2", "status": "OCCUPIED", "distance_cm": 7.2, "ts": "2026-09-30T06:28:57Z"}
2026-09-30T06:29:00Z parking/lantai-1/slot/A3 {"slot_id": "A3", "status": "OCCUPIED", "distance_cm": 5.5, "ts": "2026-09-30T06:29:00Z"}
2026-09-30T06:29:04Z parking/lantai-1/slot/A1 {"slot_id": "A1", "status": "FREE", "distance_cm": 33.5, "ts": "2026-09-30T06:29:04Z"}
2026-09-30T06:29:06Z parking/lantai-1/slot/A1 {"slot_id": "A1", "status": "OCCUPIED", "distance_cm": 7.4, "ts": "2026-09-30T06:29:06Z"}
2026-09-30T06:29:08Z parking/lantai-1/slot/A2 {"slot_id": "A2", "status": "FREE", "distance_cm": 37.2, "ts": "2026-09-30T06:29:08Z"}
2026-09-30T06:29:15Z parking/lantai-1/slot/A1 {"slot_id": "A1", "status": "FREE", "distance_cm": 37.4, "ts": "2026-09-30T06:29:15Z"}
2026-09-30T06:29:15Z parking/lantai-1/slot/A3 {"slot_id": "A3", "status": "FREE", "distance_cm": 40.0, "ts": "2026-09-30T06:29:15Z"}
2026-09-30T06:29:18Z parking/lantai-1/slot/A2 {"slot_id": "A2", "status": "OCCUPIED", "distance_cm": 5.5, "ts": "2026-09-30T06:29:18Z"}
2026-09-30T06:29:22Z parking/lantai-1/slot/A1 {"slot_id": "A1", "status": "OCCUPIED", "distance_cm": 5.8, "ts": "2026-09-30T06:29:22Z"}
2026-09-30T06:29:28Z parking/lantai-1/slot/A3 {"slot_id": "A3", "status": "OCCUPIED", "distance_cm": 9.0, "ts": "2026-09-30T06:29:28Z"}
2026-09-30T06:29:30Z parking/lantai-1/slot/A1 {"slot_id": "A1", "status": "FREE", "distance_cm": 33.8, "ts": "2026-09-30T06:29:30Z"}
2026-09-30T06:29:30Z parking/lantai-1/slot/A2 {"slot_id": "A2", "status": "FREE", "distance_cm": 35.7, "ts": "2026-09-30T06:29:30Z"}
2026-09-30T06:29:38Z parking/lantai-1/slot/A1 {"slot_id": "A1", "status": "OCCUPIED", "distance_cm": 6.8, "ts": "2026-09-30T06:29:38Z"}
2026-09-30T06:29:40Z parking/lantai-1/slot/A2 {"slot_id": "A2", "status": "OCCUPIED", "distance_cm": 8.5, "ts": "2026-09-30T06:29:40Z"}
2026-09-30T06:29:42Z parking/lantai-1/slot/A3 {"slot_id": "A3", "status": "FREE", "distance_cm": 38.0, "ts": "2026-09-30T06:29:42Z"}
2026-09-30T06:29:46Z parking/lantai-1/slot/A1 {"slot_id": "A1", "status": "FREE", "distance_cm": 39.3, "ts": "2026-09-30T06:29:46Z"}
2026-09-30T06:29:53Z parking/lantai-1/slot/A2 {"slot_id": "A2", "status": "FREE", "distance_cm": 33.7, "ts": "2026-09-30T06:29:54Z"}
2026-09-30T06:29:54Z parking/lantai-1/slot/A1 {"slot_id": "A1", "status": "OCCUPIED", "distance_cm": 8.0, "ts": "2026-09-30T06:29:54Z"}
2026-09-30T06:29:56Z parking/lantai-1/slot/A3 {"slot_id": "A3", "status": "OCCUPIED", "distance_cm": 7.7, "ts": "2026-09-30T06:29:56Z"}
2026-09-30T06:30:02Z parking/lantai-1/slot/A1 {"slot_id": "A1", "status": "FREE", "distance_cm": 33.3, "ts": "2026-09-30T06:30:02Z"}
2026-09-30T06:30:04Z parking/lantai-1/slot/A2 {"slot_id": "A2", "status": "OCCUPIED", "distance_cm": 8.7, "ts": "2026-09-30T06:30:05Z"}
2026-09-30T06:30:10Z parking/lantai-1/slot/A3 {"slot_id": "A3", "status": "FREE", "distance_cm": 39.9, "ts": "2026-09-30T06:30:10Z"}
2026-09-30T06:30:11Z parking/lantai-1/slot/A1 {"slot_id": "A1", "status": "OCCUPIED", "distance_cm": 8.4, "ts": "2026-09-30T06:30:11Z"}
2026-09-30T06:30:14Z parking/lantai-1/slot/A2 {"slot_id": "A2", "status": "FREE", "distance_cm": 33.4, "ts": "2026-09-30T06:30:15Z"}
2026-09-30T06:30:18Z parking/lantai-1/slot/A1 {"slot_id": "A1", "status": "FREE", "distance_cm": 38.4, "ts": "2026-09-30T06:30:18Z"}
2026-09-30T06:30:28Z parking/lantai-1/slot/A3 {"slot_id": "A3", "status": "OCCUPIED", "distance_cm": 6.0, "ts": "2026-09-30T06:30:28Z"}
2026-09-30T06:30:28Z parking/lantai-1/slot/A1 {"slot_id": "A1", "status": "OCCUPIED", "distance_cm": 6.2, "ts": "2026-09-30T06:30:28Z"}
2026-09-30T06:30:28Z parking/lantai-1/slot/A2 {"slot_id": "A2", "status": "OCCUPIED", "distance_cm": 5.4, "ts": "2026-09-30T06:30:28Z"}
2026-09-30T06:30:34Z parking/lantai-1/slot/A1 {"slot_id": "A1", "status": "FREE", "distance_cm": 34.7, "ts": "2026-09-30T06:30:34Z"}
2026-09-30T06:30:38Z parking/lantai-1/slot/A2 {"slot_id": "A2", "status": "FREE", "distance_cm": 36.6, "ts": "2026-09-30T06:30:38Z"}
2026-09-30T06:30:38Z parking/lantai-1/slot/A3 {"slot_id": "A3", "status": "FREE", "distance_cm": 38.4, "ts": "2026-09-30T06:30:38Z"}
2026-09-30T06:30:42Z parking/lantai-1/slot/A1 {"slot_id": "A1", "status": "OCCUPIED", "distance_cm": 7.0, "ts": "2026-09-30T06:30:42Z"}
2026-09-30T06:30:48Z parking/lantai-1/slot/A2 {"slot_id": "A2", "status": "OCCUPIED", "distance_cm": 6.6, "ts": "2026-09-30T06:30:48Z"}
2026-09-30T06:30:50Z parking/lantai-1/slot/A1 {"slot_id": "A1", "status": "FREE", "distance_cm": 36.9, "ts": "2026-09-30T06:30:50Z"}
2026-09-30T06:30:52Z parking/lantai-1/slot/A3 {"slot_id": "A3", "status": "OCCUPIED", "distance_cm": 5.9, "ts": "2026-09-30T06:30:52Z"}
2026-09-30T06:30:58Z parking/lantai-1/slot/A2 {"slot_id": "A2", "status": "FREE", "distance_cm": 38.1, "ts": "2026-09-30T06:30:58Z"}
2026-09-30T06:31:00Z parking/lantai-1/slot/A1 {"slot_id": "A1", "status": "OCCUPIED", "distance_cm": 6.5, "ts": "2026-09-30T06:31:00Z"}
2026-09-30T06:31:08Z parking/lantai-1/slot/A3 {"slot_id": "A3", "status": "FREE", "distance_cm": 36.6, "ts": "2026-09-30T06:31:08Z"}
2026-09-30T06:31:09Z parking/lantai-1/slot/A1 {"slot_id": "A1", "status": "FREE", "distance_cm": 35.6, "ts": "2026-09-30T06:31:09Z"}
2026-09-30T06:31:10Z parking/lantai-1/slot/A2 {"slot_id": "A2", "status": "OCCUPIED", "distance_cm": 7.3, "ts": "2026-09-30T06:31:10Z"}
2026-09-30T06:31:14Z parking/lantai-1/slot/A1 {"slot_id": "A1", "status": "OCCUPIED", "distance_cm": 5.5, "ts": "2026-09-30T06:31:14Z"}
2026-09-30T06:31:20Z parking/lantai-1/slot/A3 {"slot_id": "A3", "status": "OCCUPIED", "distance_cm": 8.9, "ts": "2026-09-30T06:31:20Z"}
2026-09-30T06:31:20Z parking/lantai-1/slot/A2 {"slot_id": "A2", "status": "FREE", "distance_cm": 34.8, "ts": "2026-09-30T06:31:20Z"}
2026-09-30T06:31:23Z parking/lantai-1/slot/A1 {"slot_id": "A1", "status": "FREE", "distance_cm": 36.9, "ts": "2026-09-30T06:31:23Z"}
2026-09-30T06:31:30Z parking/lantai-1/slot/A2 {"slot_id": "A2", "status": "OCCUPIED", "distance_cm": 8.3, "ts": "2026-09-30T06:31:30Z"}
2026-09-30T06:31:30Z parking/lantai-1/slot/A1 {"slot_id": "A1", "status": "OCCUPIED", "distance_cm": 8.0, "ts": "2026-09-30T06:31:30Z"}
2026-09-30T06:31:34Z parking/lantai-1/slot/A3 {"slot_id": "A3", "status": "FREE", "distance_cm": 34.6, "ts": "2026-09-30T06:31:34Z"}
2026-09-30T06:31:38Z parking/lantai-1/slot/A1 {"slot_id": "A1", "status": "FREE", "distance_cm": 37.8, "ts": "2026-09-30T06:31:38Z"}
2026-09-30T06:31:42Z parking/lantai-1/slot/A2 {"slot_id": "A2", "status": "FREE", "distance_cm": 37.6, "ts": "2026-09-30T06:31:42Z"}
2026-09-30T06:31:46Z parking/lantai-1/slot/A1 {"slot_id": "A1", "status": "OCCUPIED", "distance_cm": 8.4, "ts": "2026-09-30T06:31:46Z"}
2026-09-30T06:31:48Z parking/lantai-1/slot/A3 {"slot_id": "A3", "status": "OCCUPIED", "distance_cm": 6.0, "ts": "2026-09-30T06:31:48Z"}
2026-09-30T06:31:53Z parking/lantai-1/slot/A2 {"slot_id": "A2", "status": "OCCUPIED", "distance_cm": 5.9, "ts": "2026-09-30T06:31:53Z"}
2026-09-30T06:31:54Z parking/lantai-1/slot/A1 {"slot_id": "A1", "status": "FREE", "distance_cm": 33.3, "ts": "2026-09-30T06:31:54Z"}
2026-09-30T06:32:02Z parking/lantai-1/slot/A1 {"slot_id": "A1", "status": "OCCUPIED", "distance_cm": 7.3, "ts": "2026-09-30T06:32:02Z"}
2026-09-30T06:32:03Z parking/lantai-1/slot/A3 {"slot_id": "A3", "status": "FREE", "distance_cm": 36.0, "ts": "2026-09-30T06:32:03Z"}
2026-09-30T06:32:04Z parking/lantai-1/slot/A2 {"slot_id": "A2", "status": "FREE", "distance_cm": 34.2, "ts": "2026-09-30T06:32:04Z"}
2026-09-30T06:32:10Z parking/lantai-1/slot/A1 {"slot_id": "A1", "status": "FREE", "distance_cm": 34.7, "ts": "2026-09-30T06:32:10Z"}
2026-09-30T06:32:15Z parking/lantai-1/slot/A2 {"slot_id": "A2", "status": "OCCUPIED", "distance_cm": 5.7, "ts": "2026-09-30T06:32:15Z"}
2026-09-30T06:32:16Z parking/lantai-1/slot/A3 {"slot_id": "A3", "status": "OCCUPIED", "distance_cm": 6.7, "ts": "2026-09-30T06:32:16Z"}
2026-09-30T06:32:31Z parking/lantai-1/slot/A3 {"slot_id": "A3", "status": "FREE", "distance_cm": 33.6, "ts": "2026-09-30T06:32:31Z"}
2026-09-30T06:32:32Z parking/lantai-1/slot/A2 {"slot_id": "A2", "status": "FREE", "distance_cm": 37.8, "ts": "2026-09-30T06:32:32Z"}
2026-09-30T06:32:34Z parking/lantai-1/slot/A1 {"slot_id": "A1", "status": "OCCUPIED", "distance_cm": 5.5, "ts": "2026-09-30T06:32:34Z"}
2026-09-30T06:32:37Z parking/lantai-1/slot/A2 {"slot_id": "A2", "status": "OCCUPIED", "distance_cm": 7.9, "ts": "2026-09-30T06:32:37Z"}
2026-09-30T06:32:42Z parking/lantai-1/slot/A1 {"slot_id": "A1", "status": "FREE", "distance_cm": 37.6, "ts": "2026-09-30T06:32:42Z"}
2026-09-30T06:32:43Z parking/lantai-1/slot/A3 {"slot_id": "A3", "status": "OCCUPIED", "distance_cm": 6.8, "ts": "2026-09-30T06:32:43Z"}
2026-09-30T06:32:48Z parking/lantai-1/slot/A2 {"slot_id": "A2", "status": "FREE", "distance_cm": 35.2, "ts": "2026-09-30T06:32:48Z"}
2026-09-30T06:32:50Z parking/lantai-1/slot/A1 {"slot_id": "A1", "status": "OCCUPIED", "distance_cm": 6.3, "ts": "2026-09-30T06:32:50Z"}
2026-09-30T06:32:58Z parking/lantai-1/slot/A1 {"slot_id": "A1", "status": "FREE", "distance_cm": 35.5, "ts": "2026-09-30T06:32:58Z"}
2026-09-30T06:32:58Z parking/lantai-1/slot/A3 {"slot_id": "A3", "status": "FREE", "distance_cm": 36.5, "ts": "2026-09-30T06:32:58Z"}
2026-09-30T06:32:59Z parking/lantai-1/slot/A2 {"slot_id": "A2", "status": "OCCUPIED", "distance_cm": 5.5, "ts": "2026-09-30T06:32:59Z"}
2026-09-30T06:33:08Z parking/lantai-1/slot/A1 {"slot_id": "A1", "status": "OCCUPIED", "distance_cm": 6.0, "ts": "2026-09-30T06:33:08Z"}
2026-09-30T06:33:10Z parking/lantai-1/slot/A2 {"slot_id": "A2", "status": "FREE", "distance_cm": 35.2, "ts": "2026-09-30T06:33:10Z"}
2026-09-30T06:33:12Z parking/lantai-1/slot/A3 {"slot_id": "A3", "status": "OCCUPIED", "distance_cm": 5.2, "ts": "2026-09-30T06:33:12Z"}
2026-09-30T06:33:14Z parking/lantai-1/slot/A1 {"slot_id": "A1", "status": "FREE", "distance_cm": 35.8, "ts": "2026-09-30T06:33:14Z"}
2026-09-30T06:33:21Z parking/lantai-1/slot/A2 {"slot_id": "A2", "status": "OCCUPIED", "distance_cm": 5.6, "ts": "2026-09-30T06:33:21Z"}
2026-09-30T06:33:22Z parking/lantai-1/slot/A1 {"slot_id": "A1", "status": "OCCUPIED", "distance_cm": 7.9, "ts": "2026-09-30T06:33:22Z"}
2026-09-30T06:33:26Z parking/lantai-1/slot/A3 {"slot_id": "A3", "status": "FREE", "distance_cm": 38.0, "ts": "2026-09-30T06:33:26Z"}
2026-09-30T06:33:30Z parking/lantai-1/slot/A1 {"slot_id": "A1", "status": "FREE", "distance_cm": 36.1, "ts": "2026-09-30T06:33:30Z"}
2026-09-30T06:33:32Z parking/lantai-1/slot/A2 {"slot_id": "A2", "status": "FREE", "distance_cm": 36.8, "ts": "2026-09-30T06:33:32Z"}
2026-09-30T06:33:38Z parking/lantai-1/slot/A1 {"slot_id": "A1", "status": "OCCUPIED", "distance_cm": 6.3, "ts": "2026-09-30T06:33:38Z"}
2026-09-30T06:33:40Z parking/lantai-1/slot/A3 {"slot_id": "A3", "status": "OCCUPIED", "distance_cm": 8.1, "ts": "2026-09-30T06:33:40Z"}
2026-09-30T06:33:48Z parking/lantai-1/slot/A2 {"slot_id": "A2", "status": "OCCUPIED", "distance_cm": 5.7, "ts": "2026-09-30T06:33:47Z"}
2026-09-30T06:33:48Z parking/lantai-1/slot/A1 {"slot_id": "A1", "status": "FREE", "distance_cm": 33.7, "ts": "2026-09-30T06:33:48Z"}
2026-09-30T06:33:54Z parking/lantai-1/slot/A2 {"slot_id": "A2", "status": "FREE", "distance_cm": 35.3, "ts": "2026-09-30T06:33:54Z"}
2026-09-30T06:33:54Z parking/lantai-1/slot/A1 {"slot_id": "A1", "status": "OCCUPIED", "distance_cm": 6.8, "ts": "2026-09-30T06:33:54Z"}
2026-09-30T06:33:55Z parking/lantai-1/slot/A3 {"slot_id": "A3", "status": "FREE", "distance_cm": 35.5, "ts": "2026-09-30T06:33:55Z"}
2026-09-30T06:34:08Z parking/lantai-1/slot/A2 {"slot_id": "A2", "status": "OCCUPIED", "distance_cm": 8.9, "ts": "2026-09-30T06:34:05Z"}
2026-09-30T06:34:08Z parking/lantai-1/slot/A2 {"slot_id": "A2", "status": "OCCUPIED", "distance_cm": 8.9, "ts": "2026-09-30T06:34:05Z"}
2026-09-30T06:34:09Z parking/lantai-1/slot/A1 {"slot_id": "A1", "status": "FREE", "distance_cm": 38.7, "ts": "2026-09-30T06:34:02Z"}
2026-09-30T06:34:09Z parking/lantai-1/slot/A1 {"slot_id": "A1", "status": "FREE", "distance_cm": 38.7, "ts": "2026-09-30T06:34:02Z"}
2026-09-30T06:34:09Z parking/lantai-1/slot/A3 {"slot_id": "A3", "status": "OCCUPIED", "distance_cm": 6.6, "ts": "2026-09-30T06:34:09Z"}
2026-09-30T06:34:10Z parking/lantai-1/slot/A1 {"slot_id": "A1", "status": "OCCUPIED", "distance_cm": 7.3, "ts": "2026-09-30T06:34:10Z"}
2026-09-30T06:34:16Z parking/lantai-1/slot/A2 {"slot_id": "A2", "status": "FREE", "distance_cm": 34.3, "ts": "2026-09-30T06:34:16Z"}
2026-09-30T06:34:23Z parking/lantai-1/slot/A1 {"slot_id": "A1", "status": "FREE", "distance_cm": 33.3, "ts": "2026-09-30T06:34:23Z"}
2026-09-30T06:34:25Z parking/lantai-1/slot/A3 {"slot_id": "A3", "status": "FREE", "distance_cm": 37.8, "ts": "2026-09-30T06:34:25Z"}
2026-09-30T06:34:27Z parking/lantai-1/slot/A1 {"slot_id": "A1", "status": "OCCUPIED", "distance_cm": 5.1, "ts": "2026-09-30T06:34:27Z"}
2026-09-30T06:34:28Z parking/lantai-1/slot/A2 {"slot_id": "A2", "status": "OCCUPIED", "distance_cm": 7.9, "ts": "2026-09-30T06:34:28Z"}
2026-09-30T06:34:34Z parking/lantai-1/slot/A1 {"slot_id": "A1", "status": "FREE", "distance_cm": 39.6, "ts": "2026-09-30T06:34:34Z"}
2026-09-30T06:34:37Z parking/lantai-1/slot/A3 {"slot_id": "A3", "status": "OCCUPIED", "distance_cm": 5.6, "ts": "2026-09-30T06:34:37Z"}
2026-09-30T06:34:38Z parking/lantai-1/slot/A2 {"slot_id": "A2", "status": "FREE", "distance_cm": 36.1, "ts": "2026-09-30T06:34:38Z"}
2026-09-30T06:34:42Z parking/lantai-1/slot/A1 {"slot_id": "A1", "status": "OCCUPIED", "distance_cm": 5.3, "ts": "2026-09-30T06:34:42Z"}
2026-09-30T06:34:49Z parking/lantai-1/slot/A2 {"slot_id": "A2", "status": "OCCUPIED", "distance_cm": 8.4, "ts": "2026-09-30T06:34:49Z"}
2026-09-30T06:34:50Z parking/lantai-1/slot/A1 {"slot_id": "A1", "status": "FREE", "distance_cm": 36.9, "ts": "2026-09-30T06:34:50Z"}
2026-09-30T06:34:51Z parking/lantai-1/slot/A3 {"slot_id": "A3", "status": "FREE", "distance_cm": 35.1, "ts": "2026-09-30T06:34:51Z"}
2026-09-30T06:35:00Z parking/lantai-1/slot/A2 {"slot_id": "A2", "status": "FREE", "distance_cm": 38.2, "ts": "2026-09-30T06:35:00Z"}
2026-09-30T06:35:03Z parking/lantai-1/slot/A1 {"slot_id": "A1", "status": "OCCUPIED", "distance_cm": 7.5, "ts": "2026-09-30T06:35:04Z"}
2026-09-30T06:35:04Z parking/lantai-1/slot/A3 {"slot_id": "A3", "status": "OCCUPIED", "distance_cm": 7.1, "ts": "2026-09-30T06:35:05Z"}
2026-09-30T06:35:06Z parking/lantai-1/slot/A1 {"slot_id": "A1", "status": "FREE", "distance_cm": 38.2, "ts": "2026-09-30T06:35:07Z"}
2026-09-30T06:35:11Z parking/lantai-1/slot/A2 {"slot_id": "A2", "status": "OCCUPIED", "distance_cm": 8.4, "ts": "2026-09-30T06:35:12Z"}
2026-09-30T06:35:14Z parking/lantai-1/slot/A1 {"slot_id": "A1", "status": "OCCUPIED", "distance_cm": 5.5, "ts": "2026-09-30T06:35:15Z"}
2026-09-30T06:35:19Z parking/lantai-1/slot/A3 {"slot_id": "A3", "status": "FREE", "distance_cm": 35.2, "ts": "2026-09-30T06:35:20Z"}
2026-09-30T06:35:22Z parking/lantai-1/slot/A1 {"slot_id": "A1", "status": "FREE", "distance_cm": 34.9, "ts": "2026-09-30T06:35:22Z"}
2026-09-30T06:35:22Z parking/lantai-1/slot/A2 {"slot_id": "A2", "status": "FREE", "distance_cm": 37.8, "ts": "2026-09-30T06:35:23Z"}
2026-09-30T06:35:30Z parking/lantai-1/slot/A1 {"slot_id": "A1", "status": "OCCUPIED", "distance_cm": 7.0, "ts": "2026-09-30T06:35:30Z"}
2026-09-30T06:35:32Z parking/lantai-1/slot/A3 {"slot_id": "A3", "status": "OCCUPIED", "distance_cm": 7.0, "ts": "2026-09-30T06:35:33Z"}
2026-09-30T06:35:33Z parking/lantai-1/slot/A2 {"slot_id": "A2", "status": "OCCUPIED", "distance_cm": 6.6, "ts": "2026-09-30T06:35:34Z"}
2026-09-30T06:35:39Z parking/lantai-1/slot/A1 {"slot_id": "A1", "status": "FREE", "distance_cm": 36.4, "ts": "2026-09-30T06:35:39Z"}
2026-09-30T06:35:46Z parking/lantai-1/slot/A3 {"slot_id": "A3", "status": "FREE", "distance_cm": 35.6, "ts": "2026-09-30T06:35:46Z"}
2026-09-30T06:35:51Z parking/lantai-1/slot/A2 {"slot_id": "A2", "status": "FREE", "distance_cm": 34.7, "ts": "2026-09-30T06:35:51Z"}
2026-09-30T06:35:55Z parking/lantai-1/slot/A2 {"slot_id": "A2", "status": "OCCUPIED", "distance_cm": 7.2, "ts": "2026-09-30T06:35:55Z"}
2026-09-30T06:36:02Z parking/lantai-1/slot/A3 {"slot_id": "A3", "status": "OCCUPIED", "distance_cm": 8.3, "ts": "2026-09-30T06:36:00Z"}
2026-09-30T06:36:06Z parking/lantai-1/slot/A2 {"slot_id": "A2", "status": "FREE", "distance_cm": 39.3, "ts": "2026-09-30T06:36:06Z"}
2026-09-30T06:36:06Z parking/lantai-1/slot/A1 {"slot_id": "A1", "status": "OCCUPIED", "distance_cm": 6.1, "ts": "2026-09-30T06:36:02Z"}
2026-09-30T06:36:06Z parking/lantai-1/slot/A1 {"slot_id": "A1", "status": "OCCUPIED", "distance_cm": 6.1, "ts": "2026-09-30T06:36:02Z"}
2026-09-30T06:36:10Z parking/lantai-1/slot/A1 {"slot_id": "A1", "status": "FREE", "distance_cm": 33.6, "ts": "2026-09-30T06:36:10Z"}
2026-09-30T06:36:14Z parking/lantai-1/slot/A3 {"slot_id": "A3", "status": "FREE", "distance_cm": 36.3, "ts": "2026-09-30T06:36:14Z"}
2026-09-30T06:36:17Z parking/lantai-1/slot/A2 {"slot_id": "A2", "status": "OCCUPIED", "distance_cm": 5.9, "ts": "2026-09-30T06:36:17Z"}
2026-09-30T06:36:18Z parking/lantai-1/slot/A1 {"slot_id": "A1", "status": "OCCUPIED", "distance_cm": 7.5, "ts": "2026-09-30T06:36:18Z"}
2026-09-30T06:36:28Z parking/lantai-1/slot/A3 {"slot_id": "A3", "status": "OCCUPIED", "distance_cm": 7.0, "ts": "2026-09-30T06:36:28Z"}
2026-09-30T06:36:28Z parking/lantai-1/slot/A2 {"slot_id": "A2", "status": "FREE", "distance_cm": 37.8, "ts": "2026-09-30T06:36:28Z"}
2026-09-30T06:36:35Z parking/lantai-1/slot/A1 {"slot_id": "A1", "status": "FREE", "distance_cm": 36.8, "ts": "2026-09-30T06:36:34Z"}
2026-09-30T06:36:36Z parking/lantai-1/slot/A1 {"slot_id": "A1", "status": "OCCUPIED", "distance_cm": 2.0, "ts": "2026-09-30T06:36:36Z"}
2026-09-30T06:36:39Z parking/lantai-1/slot/A2 {"slot_id": "A2", "status": "OCCUPIED", "distance_cm": 8.8, "ts": "2026-09-30T06:36:39Z"}
2026-09-30T06:36:42Z parking/lantai-1/slot/A1 {"slot_id": "A1", "status": "FREE", "distance_cm": 35.4, "ts": "2026-09-30T06:36:42Z"}
2026-09-30T06:36:49Z parking/lantai-1/slot/A3 {"slot_id": "A3", "status": "FREE", "distance_cm": 38.1, "ts": "2026-09-30T06:36:42Z"}
2026-09-30T06:36:49Z parking/lantai-1/slot/A3 {"slot_id": "A3", "status": "FREE", "distance_cm": 38.1, "ts": "2026-09-30T06:36:42Z"}
2026-09-30T06:36:50Z parking/lantai-1/slot/A2 {"slot_id": "A2", "status": "FREE", "distance_cm": 36.2, "ts": "2026-09-30T06:36:51Z"}
2026-09-30T06:36:51Z parking/lantai-1/slot/A1 {"slot_id": "A1", "status": "OCCUPIED", "distance_cm": 6.6, "ts": "2026-09-30T06:36:51Z"}
2026-09-30T06:36:56Z parking/lantai-1/slot/A3 {"slot_id": "A3", "status": "OCCUPIED", "distance_cm": 9.0, "ts": "2026-09-30T06:36:57Z"}
2026-09-30T06:36:58Z parking/lantai-1/slot/A1 {"slot_id": "A1", "status": "FREE", "distance_cm": 33.4, "ts": "2026-09-30T06:36:58Z"}
2026-09-30T06:37:01Z parking/lantai-1/slot/A2 {"slot_id": "A2", "status": "OCCUPIED", "distance_cm": 8.8, "ts": "2026-09-30T06:37:02Z"}
2026-09-30T06:37:06Z parking/lantai-1/slot/A1 {"slot_id": "A1", "status": "OCCUPIED", "distance_cm": 7.5, "ts": "2026-09-30T06:37:06Z"}
2026-09-30T06:37:17Z parking/lantai-1/slot/A2 {"slot_id": "A2", "status": "FREE", "distance_cm": 36.4, "ts": "2026-09-30T06:37:17Z"}
2026-09-30T06:37:18Z parking/lantai-1/slot/A1 {"slot_id": "A1", "status": "FREE", "distance_cm": 34.5, "ts": "2026-09-30T06:37:18Z"}
2026-09-30T06:37:19Z parking/lantai-1/slot/A3 {"slot_id": "A3", "status": "FREE", "distance_cm": 35.9, "ts": "2026-09-30T06:37:19Z"}
2026-09-30T06:37:22Z parking/lantai-1/slot/A1 {"slot_id": "A1", "status": "OCCUPIED", "distance_cm": 5.6, "ts": "2026-09-30T06:37:22Z"}
2026-09-30T06:37:23Z parking/lantai-1/slot/A2 {"slot_id": "A2", "status": "OCCUPIED", "distance_cm": 6.9, "ts": "2026-09-30T06:37:23Z"}
2026-09-30T06:37:24Z parking/lantai-1/slot/A3 {"slot_id": "A3", "status": "OCCUPIED", "distance_cm": 5.2, "ts": "2026-09-30T06:37:24Z"}
2026-09-30T06:37:30Z parking/lantai-1/slot/A1 {"slot_id": "A1", "status": "FREE", "distance_cm": 39.0, "ts": "2026-09-30T06:37:30Z"}
2026-09-30T06:37:35Z parking/lantai-1/slot/A2 {"slot_id": "A2", "status": "FREE", "distance_cm": 33.5, "ts": "2026-09-30T06:37:35Z"}
2026-09-30T06:37:38Z parking/lantai-1/slot/A3 {"slot_id": "A3", "status": "FREE", "distance_cm": 39.1, "ts": "2026-09-30T06:37:38Z"}
2026-09-30T06:37:39Z parking/lantai-1/slot/A1 {"slot_id": "A1", "status": "OCCUPIED", "distance_cm": 5.1, "ts": "2026-09-30T06:37:39Z"}
2026-09-30T06:37:45Z parking/lantai-1/slot/A2 {"slot_id": "A2", "status": "OCCUPIED", "distance_cm": 8.2, "ts": "2026-09-30T06:37:45Z"}
2026-09-30T06:37:46Z parking/lantai-1/slot/A1 {"slot_id": "A1", "status": "FREE", "distance_cm": 36.2, "ts": "2026-09-30T06:37:46Z"}
2026-09-30T06:37:53Z parking/lantai-1/slot/A3 {"slot_id": "A3", "status": "OCCUPIED", "distance_cm": 7.7, "ts": "2026-09-30T06:37:54Z"}
2026-09-30T06:37:55Z parking/lantai-1/slot/A1 {"slot_id": "A1", "status": "OCCUPIED", "distance_cm": 8.7, "ts": "2026-09-30T06:37:55Z"}
2026-09-30T06:37:57Z parking/lantai-1/slot/A2 {"slot_id": "A2", "status": "FREE", "distance_cm": 34.0, "ts": "2026-09-30T06:37:58Z"}
2026-09-30T06:38:02Z parking/lantai-1/slot/A1 {"slot_id": "A1", "status": "FREE", "distance_cm": 38.0, "ts": "2026-09-30T06:38:02Z"}
2026-09-30T06:38:06Z parking/lantai-1/slot/A3 {"slot_id": "A3", "status": "FREE", "distance_cm": 38.4, "ts": "2026-09-30T06:38:07Z"}
2026-09-30T06:38:07Z parking/lantai-1/slot/A2 {"slot_id": "A2", "status": "OCCUPIED", "distance_cm": 5.3, "ts": "2026-09-30T06:38:08Z"}
2026-09-30T06:38:09Z parking/lantai-1/slot/A1 {"slot_id": "A1", "status": "OCCUPIED", "distance_cm": 7.1, "ts": "2026-09-30T06:38:09Z"}
2026-09-30T06:38:18Z parking/lantai-1/slot/A1 {"slot_id": "A1", "status": "FREE", "distance_cm": 36.1, "ts": "2026-09-30T06:38:18Z"}
2026-09-30T06:38:18Z parking/lantai-1/slot/A2 {"slot_id": "A2", "status": "FREE", "distance_cm": 34.5, "ts": "2026-09-30T06:38:19Z"}
2026-09-30T06:38:20Z parking/lantai-1/slot/A3 {"slot_id": "A3", "status": "OCCUPIED", "distance_cm": 6.9, "ts": "2026-09-30T06:38:21Z"}
2026-09-30T06:38:26Z parking/lantai-1/slot/A1 {"slot_id": "A1", "status": "OCCUPIED", "distance_cm": 6.0, "ts": "2026-09-30T06:38:26Z"}
2026-09-30T06:38:29Z parking/lantai-1/slot/A2 {"slot_id": "A2", "status": "OCCUPIED", "distance_cm": 5.5, "ts": "2026-09-30T06:38:30Z"}
2026-09-30T06:38:35Z parking/lantai-1/slot/A1 {"slot_id": "A1", "status": "FREE", "distance_cm": 38.1, "ts": "2026-09-30T06:38:35Z"}
2026-09-30T06:38:35Z parking/lantai-1/slot/A3 {"slot_id": "A3", "status": "FREE", "distance_cm": 39.4, "ts": "2026-09-30T06:38:35Z"}
2026-09-30T06:38:40Z parking/lantai-1/slot/A2 {"slot_id": "A2", "status": "FREE", "distance_cm": 36.2, "ts": "2026-09-30T06:38:40Z"}
2026-09-30T06:38:43Z parking/lantai-1/slot/A1 {"slot_id": "A1", "status": "OCCUPIED", "distance_cm": 6.3, "ts": "2026-09-30T06:38:43Z"}
2026-09-30T06:38:49Z parking/lantai-1/slot/A3 {"slot_id": "A3", "status": "OCCUPIED", "distance_cm": 2.0, "ts": "2026-09-30T06:38:49Z"}
2026-09-30T06:38:50Z parking/lantai-1/slot/A1 {"slot_id": "A1", "status": "FREE", "distance_cm": 35.4, "ts": "2026-09-30T06:38:50Z"}
2026-09-30T06:38:51Z parking/lantai-1/slot/A2 {"slot_id": "A2", "status": "OCCUPIED", "distance_cm": 8.4, "ts": "2026-09-30T06:38:51Z"}
2026-09-30T06:38:58Z parking/lantai-1/slot/A1 {"slot_id": "A1", "status": "OCCUPIED", "distance_cm": 5.4, "ts": "2026-09-30T06:38:58Z"}
2026-09-30T06:39:02Z parking/lantai-1/slot/A2 {"slot_id": "A2", "status": "FREE", "distance_cm": 36.4, "ts": "2026-09-30T06:39:02Z"}
2026-09-30T06:39:03Z parking/lantai-1/slot/A3 {"slot_id": "A3", "status": "FREE", "distance_cm": 35.2, "ts": "2026-09-30T06:39:03Z"}
2026-09-30T06:39:07Z parking/lantai-1/slot/A1 {"slot_id": "A1", "status": "FREE", "distance_cm": 38.6, "ts": "2026-09-30T06:39:07Z"}
2026-09-30T06:39:13Z parking/lantai-1/slot/A2 {"slot_id": "A2", "status": "OCCUPIED", "distance_cm": 8.9, "ts": "2026-09-30T06:39:13Z"}
2026-09-30T06:39:14Z parking/lantai-1/slot/A1 {"slot_id": "A1", "status": "OCCUPIED", "distance_cm": 8.9, "ts": "2026-09-30T06:39:14Z"}
2026-09-30T06:39:17Z parking/lantai-1/slot/A3 {"slot_id": "A3", "status": "OCCUPIED", "distance_cm": 6.8, "ts": "2026-09-30T06:39:17Z"}
2026-09-30T06:39:25Z parking/lantai-1/slot/A2 {"slot_id": "A2", "status": "FREE", "distance_cm": 35.8, "ts": "2026-09-30T06:39:25Z"}
2026-09-30T06:39:25Z parking/lantai-1/slot/A1 {"slot_id": "A1", "status": "FREE", "distance_cm": 39.1, "ts": "2026-09-30T06:39:25Z"}
2026-09-30T06:39:31Z parking/lantai-1/slot/A3 {"slot_id": "A3", "status": "FREE", "distance_cm": 37.6, "ts": "2026-09-30T06:39:31Z"}
2026-09-30T06:39:31Z parking/lantai-1/slot/A1 {"slot_id": "A1", "status": "OCCUPIED", "distance_cm": 6.4, "ts": "2026-09-30T06:39:31Z"}
2026-09-30T06:39:36Z parking/lantai-1/slot/A2 {"slot_id": "A2", "status": "OCCUPIED", "distance_cm": 7.6, "ts": "2026-09-30T06:39:36Z"}
2026-09-30T06:39:38Z parking/lantai-1/slot/A1 {"slot_id": "A1", "status": "FREE", "distance_cm": 39.3, "ts": "2026-09-30T06:39:38Z"}
2026-09-30T06:39:46Z parking/lantai-1/slot/A1 {"slot_id": "A1", "status": "OCCUPIED", "distance_cm": 6.9, "ts": "2026-09-30T06:39:46Z"}
2026-09-30T06:39:46Z parking/lantai-1/slot/A2 {"slot_id": "A2", "status": "FREE", "distance_cm": 36.7, "ts": "2026-09-30T06:39:46Z"}
2026-09-30T06:39:46Z parking/lantai-1/slot/A3 {"slot_id": "A3", "status": "OCCUPIED", "distance_cm": 5.0, "ts": "2026-09-30T06:39:46Z"}
2026-09-30T06:39:54Z parking/lantai-1/slot/A1 {"slot_id": "A1", "status": "FREE", "distance_cm": 34.5, "ts": "2026-09-30T06:39:54Z"}
2026-09-30T06:39:57Z parking/lantai-1/slot/A2 {"slot_id": "A2", "status": "OCCUPIED", "distance_cm": 5.6, "ts": "2026-09-30T06:39:57Z"}
2026-09-30T06:39:58Z parking/lantai-1/slot/A3 {"slot_id": "A3", "status": "FREE", "distance_cm": 34.9, "ts": "2026-09-30T06:39:58Z"}
2026-09-30T06:40:06Z parking/lantai-1/slot/A1 {"slot_id": "A1", "status": "OCCUPIED", "distance_cm": 6.1, "ts": "2026-09-30T06:40:07Z"}
2026-09-30T06:40:08Z parking/lantai-1/slot/A2 {"slot_id": "A2", "status": "FREE", "distance_cm": 33.1, "ts": "2026-09-30T06:40:09Z"}
2026-09-30T06:40:10Z parking/lantai-1/slot/A1 {"slot_id": "A1", "status": "FREE", "distance_cm": 37.1, "ts": "2026-09-30T06:40:11Z"}
2026-09-30T06:40:12Z parking/lantai-1/slot/A3 {"slot_id": "A3", "status": "OCCUPIED", "distance_cm": 7.3, "ts": "2026-09-30T06:40:13Z"}
2026-09-30T06:40:18Z parking/lantai-1/slot/A1 {"slot_id": "A1", "status": "OCCUPIED", "distance_cm": 7.0, "ts": "2026-09-30T06:40:19Z"}
2026-09-30T06:40:19Z parking/lantai-1/slot/A2 {"slot_id": "A2", "status": "OCCUPIED", "distance_cm": 7.8, "ts": "2026-09-30T06:40:20Z"}
2026-09-30T06:40:26Z parking/lantai-1/slot/A1 {"slot_id": "A1", "status": "FREE", "distance_cm": 33.7, "ts": "2026-09-30T06:40:26Z"}
2026-09-30T06:40:26Z parking/lantai-1/slot/A3 {"slot_id": "A3", "status": "FREE", "distance_cm": 37.7, "ts": "2026-09-30T06:40:27Z"}
2026-09-30T06:40:29Z parking/lantai-1/slot/A2 {"slot_id": "A2", "status": "FREE", "distance_cm": 39.5, "ts": "2026-09-30T06:40:30Z"}
2026-09-30T06:40:34Z parking/lantai-1/slot/A1 {"slot_id": "A1", "status": "OCCUPIED", "distance_cm": 5.4, "ts": "2026-09-30T06:40:34Z"}
2026-09-30T06:40:49Z parking/lantai-1/slot/A3 {"slot_id": "A3", "status": "OCCUPIED", "distance_cm": 8.3, "ts": "2026-09-30T06:40:50Z"}
2026-09-30T06:40:49Z parking/lantai-1/slot/A2 {"slot_id": "A2", "status": "OCCUPIED", "distance_cm": 6.7, "ts": "2026-09-30T06:40:50Z"}
2026-09-30T06:40:58Z parking/lantai-1/slot/A1 {"slot_id": "A1", "status": "FREE", "distance_cm": 35.8, "ts": "2026-09-30T06:40:58Z"}
2026-09-30T06:40:58Z parking/lantai-1/slot/A3 {"slot_id": "A3", "status": "FREE", "distance_cm": 39.6, "ts": "2026-09-30T06:40:55Z"}
2026-09-30T06:41:00Z parking/lantai-1/slot/A2 {"slot_id": "A2", "status": "FREE", "distance_cm": 37.7, "ts": "2026-09-30T06:40:53Z"}
2026-09-30T06:41:00Z parking/lantai-1/slot/A2 {"slot_id": "A2", "status": "FREE", "distance_cm": 37.7, "ts": "2026-09-30T06:40:53Z"}
2026-09-30T06:41:03Z parking/lantai-1/slot/A2 {"slot_id": "A2", "status": "OCCUPIED", "distance_cm": 8.1, "ts": "2026-09-30T06:41:03Z"}
2026-09-30T06:41:05Z parking/lantai-1/slot/A1 {"slot_id": "A1", "status": "OCCUPIED", "distance_cm": 6.1, "ts": "2026-09-30T06:41:05Z"}
2026-09-30T06:41:09Z parking/lantai-1/slot/A3 {"slot_id": "A3", "status": "OCCUPIED", "distance_cm": 6.9, "ts": "2026-09-30T06:41:09Z"}
2026-09-30T06:41:14Z parking/lantai-1/slot/A1 {"slot_id": "A1", "status": "FREE", "distance_cm": 38.6, "ts": "2026-09-30T06:41:14Z"}
2026-09-30T06:41:14Z parking/lantai-1/slot/A2 {"slot_id": "A2", "status": "FREE", "distance_cm": 38.7, "ts": "2026-09-30T06:41:14Z"}
2026-09-30T06:41:22Z parking/lantai-1/slot/A1 {"slot_id": "A1", "status": "OCCUPIED", "distance_cm": 5.9, "ts": "2026-09-30T06:41:22Z"}
2026-09-30T06:41:23Z parking/lantai-1/slot/A3 {"slot_id": "A3", "status": "FREE", "distance_cm": 33.7, "ts": "2026-09-30T06:41:23Z"}
2026-09-30T06:41:31Z parking/lantai-1/slot/A2 {"slot_id": "A2", "status": "OCCUPIED", "distance_cm": 7.8, "ts": "2026-09-30T06:41:32Z"}
2026-09-30T06:41:33Z parking/lantai-1/slot/A1 {"slot_id": "A1", "status": "FREE", "distance_cm": 33.1, "ts": "2026-09-30T06:41:34Z"}
2026-09-30T06:41:36Z parking/lantai-1/slot/A2 {"slot_id": "A2", "status": "FREE", "distance_cm": 38.5, "ts": "2026-09-30T06:41:36Z"}
2026-09-30T06:41:36Z parking/lantai-1/slot/A3 {"slot_id": "A3", "status": "OCCUPIED", "distance_cm": 7.9, "ts": "2026-09-30T06:41:37Z"}
2026-09-30T06:41:38Z parking/lantai-1/slot/A1 {"slot_id": "A1", "status": "OCCUPIED", "distance_cm": 8.9, "ts": "2026-09-30T06:41:39Z"}
2026-09-30T06:41:46Z parking/lantai-1/slot/A1 {"slot_id": "A1", "status": "FREE", "distance_cm": 37.1, "ts": "2026-09-30T06:41:46Z"}
2026-09-30T06:41:47Z parking/lantai-1/slot/A2 {"slot_id": "A2", "status": "OCCUPIED", "distance_cm": 6.9, "ts": "2026-09-30T06:41:47Z"}
2026-09-30T06:41:50Z parking/lantai-1/slot/A3 {"slot_id": "A3", "status": "FREE", "distance_cm": 36.8, "ts": "2026-09-30T06:41:51Z"}
2026-09-30T06:41:54Z parking/lantai-1/slot/A1 {"slot_id": "A1", "status": "OCCUPIED", "distance_cm": 8.0, "ts": "2026-09-30T06:41:54Z"}
2026-09-30T06:41:58Z parking/lantai-1/slot/A2 {"slot_id": "A2", "status": "FREE", "distance_cm": 39.3, "ts": "2026-09-30T06:41:58Z"}
2026-09-30T06:42:02Z parking/lantai-1/slot/A1 {"slot_id": "A1", "status": "FREE", "distance_cm": 39.8, "ts": "2026-09-30T06:42:02Z"}
2026-09-30T06:42:04Z parking/lantai-1/slot/A3 {"slot_id": "A3", "status": "OCCUPIED", "distance_cm": 7.0, "ts": "2026-09-30T06:42:05Z"}
2026-09-30T06:42:17Z parking/lantai-1/slot/A2 {"slot_id": "A2", "status": "OCCUPIED", "distance_cm": 6.3, "ts": "2026-09-30T06:42:17Z"}
2026-09-30T06:42:19Z parking/lantai-1/slot/A3 {"slot_id": "A3", "status": "FREE", "distance_cm": 39.2, "ts": "2026-09-30T06:42:19Z"}
2026-09-30T06:42:20Z parking/lantai-1/slot/A2 {"slot_id": "A2", "status": "FREE", "distance_cm": 35.1, "ts": "2026-09-30T06:42:20Z"}
2026-09-30T06:42:27Z parking/lantai-1/slot/A1 {"slot_id": "A1", "status": "OCCUPIED", "distance_cm": 8.8, "ts": "2026-09-30T06:42:27Z"}
2026-09-30T06:42:31Z parking/lantai-1/slot/A2 {"slot_id": "A2", "status": "OCCUPIED", "distance_cm": 6.2, "ts": "2026-09-30T06:42:31Z"}
2026-09-30T06:42:32Z parking/lantai-1/slot/A3 {"slot_id": "A3", "status": "OCCUPIED", "distance_cm": 5.1, "ts": "2026-09-30T06:42:32Z"}
2026-09-30T06:42:34Z parking/lantai-1/slot/A1 {"slot_id": "A1", "status": "FREE", "distance_cm": 39.1, "ts": "2026-09-30T06:42:34Z"}
2026-09-30T06:42:42Z parking/lantai-1/slot/A2 {"slot_id": "A2", "status": "FREE", "distance_cm": 35.6, "ts": "2026-09-30T06:42:42Z"}
2026-09-30T06:42:43Z parking/lantai-1/slot/A1 {"slot_id": "A1", "status": "OCCUPIED", "distance_cm": 5.4, "ts": "2026-09-30T06:42:43Z"}
2026-09-30T06:42:47Z parking/lantai-1/slot/A3 {"slot_id": "A3", "status": "FREE", "distance_cm": 34.5, "ts": "2026-09-30T06:42:47Z"}
2026-09-30T06:42:50Z parking/lantai-1/slot/A1 {"slot_id": "A1", "status": "FREE", "distance_cm": 40.0, "ts": "2026-09-30T06:42:50Z"}
2026-09-30T06:42:53Z parking/lantai-1/slot/A2 {"slot_id": "A2", "status": "OCCUPIED", "distance_cm": 6.1, "ts": "2026-09-30T06:42:53Z"}
2026-09-30T06:43:00Z parking/lantai-1/slot/A3 {"slot_id": "A3", "status": "OCCUPIED", "distance_cm": 7.3, "ts": "2026-09-30T06:43:00Z"}
2026-09-30T06:43:02Z parking/lantai-1/slot/A1 {"slot_id": "A1", "status": "OCCUPIED", "distance_cm": 8.9, "ts": "2026-09-30T06:43:02Z"}
2026-09-30T06:43:04Z parking/lantai-1/slot/A2 {"slot_id": "A2", "status": "FREE", "distance_cm": 34.5, "ts": "2026-09-30T06:43:04Z"}
2026-09-30T06:43:06Z parking/lantai-1/slot/A1 {"slot_id": "A1", "status": "FREE", "distance_cm": 33.5, "ts": "2026-09-30T06:43:06Z"}
2026-09-30T06:43:14Z parking/lantai-1/slot/A3 {"slot_id": "A3", "status": "FREE", "distance_cm": 34.8, "ts": "2026-09-30T06:43:14Z"}
2026-09-30T06:43:14Z parking/lantai-1/slot/A1 {"slot_id": "A1", "status": "OCCUPIED", "distance_cm": 5.6, "ts": "2026-09-30T06:43:14Z"}
2026-09-30T06:43:15Z parking/lantai-1/slot/A2 {"slot_id": "A2", "status": "OCCUPIED", "distance_cm": 7.6, "ts": "2026-09-30T06:43:15Z"}
2026-09-30T06:43:22Z parking/lantai-1/slot/A1 {"slot_id": "A1", "status": "FREE", "distance_cm": 36.8, "ts": "2026-09-30T06:43:22Z"}
2026-09-30T06:43:26Z parking/lantai-1/slot/A2 {"slot_id": "A2", "status": "FREE", "distance_cm": 34.2, "ts": "2026-09-30T06:43:26Z"}
2026-09-30T06:43:29Z parking/lantai-1/slot/A3 {"slot_id": "A3", "status": "OCCUPIED", "distance_cm": 5.8, "ts": "2026-09-30T06:43:29Z"}
2026-09-30T06:43:30Z parking/lantai-1/slot/A1 {"slot_id": "A1", "status": "OCCUPIED", "distance_cm": 7.6, "ts": "2026-09-30T06:43:30Z"}
2026-09-30T06:43:40Z parking/lantai-1/slot/A1 {"slot_id": "A1", "status": "FREE", "distance_cm": 39.2, "ts": "2026-09-30T06:43:40Z"}
2026-09-30T06:43:40Z parking/lantai-1/slot/A2 {"slot_id": "A2", "status": "OCCUPIED", "distance_cm": 6.3, "ts": "2026-09-30T06:43:40Z"}
2026-09-30T06:43:42Z parking/lantai-1/slot/A3 {"slot_id": "A3", "status": "FREE", "distance_cm": 35.8, "ts": "2026-09-30T06:43:42Z"}
2026-09-30T06:43:46Z parking/lantai-1/slot/A1 {"slot_id": "A1", "status": "OCCUPIED", "distance_cm": 6.1, "ts": "2026-09-30T06:43:46Z"}
2026-09-30T06:43:48Z parking/lantai-1/slot/A2 {"slot_id": "A2", "status": "FREE", "distance_cm": 33.7, "ts": "2026-09-30T06:43:48Z"}
2026-09-30T06:43:54Z parking/lantai-1/slot/A1 {"slot_id": "A1", "status": "FREE", "distance_cm": 36.7, "ts": "2026-09-30T06:43:54Z"}
2026-09-30T06:43:56Z parking/lantai-1/slot/A3 {"slot_id": "A3", "status": "OCCUPIED", "distance_cm": 6.9, "ts": "2026-09-30T06:43:56Z"}
2026-09-30T06:43:59Z parking/lantai-1/slot/A2 {"slot_id": "A2", "status": "OCCUPIED", "distance_cm": 6.0, "ts": "2026-09-30T06:43:59Z"}
2026-09-30T06:44:02Z parking/lantai-1/slot/A1 {"slot_id": "A1", "status": "OCCUPIED", "distance_cm": 7.0, "ts": "2026-09-30T06:44:02Z"}
2026-09-30T06:44:10Z parking/lantai-1/slot/A2 {"slot_id": "A2", "status": "FREE", "distance_cm": 39.0, "ts": "2026-09-30T06:44:10Z"}
2026-09-30T06:44:10Z parking/lantai-1/slot/A3 {"slot_id": "A3", "status": "FREE", "distance_cm": 36.9, "ts": "2026-09-30T06:44:10Z"}
2026-09-30T06:44:10Z parking/lantai-1/slot/A1 {"slot_id": "A1", "status": "FREE", "distance_cm": 36.0, "ts": "2026-09-30T06:44:10Z"}
2026-09-30T06:44:19Z parking/lantai-1/slot/A1 {"slot_id": "A1", "status": "OCCUPIED", "distance_cm": 6.0, "ts": "2026-09-30T06:44:19Z"}
2026-09-30T06:44:21Z parking/lantai-1/slot/A2 {"slot_id": "A2", "status": "OCCUPIED", "distance_cm": 8.8, "ts": "2026-09-30T06:44:21Z"}
2026-09-30T06:44:24Z parking/lantai-1/slot/A3 {"slot_id": "A3", "status": "OCCUPIED", "distance_cm": 6.3, "ts": "2026-09-30T06:44:24Z"}
2026-09-30T06:44:26Z parking/lantai-1/slot/A1 {"slot_id": "A1", "status": "FREE", "distance_cm": 37.7, "ts": "2026-09-30T06:44:26Z"}
2026-09-30T06:44:33Z parking/lantai-1/slot/A2 {"slot_id": "A2", "status": "FREE", "distance_cm": 35.2, "ts": "2026-09-30T06:44:33Z"}
2026-09-30T06:44:34Z parking/lantai-1/slot/A1 {"slot_id": "A1", "status": "OCCUPIED", "distance_cm": 8.6, "ts": "2026-09-30T06:44:34Z"}
2026-09-30T06:44:38Z parking/lantai-1/slot/A3 {"slot_id": "A3", "status": "FREE", "distance_cm": 33.5, "ts": "2026-09-30T06:44:38Z"}
2026-09-30T06:44:42Z parking/lantai-1/slot/A1 {"slot_id": "A1", "status": "FREE", "distance_cm": 34.0, "ts": "2026-09-30T06:44:42Z"}
2026-09-30T06:44:43Z parking/lantai-1/slot/A2 {"slot_id": "A2", "status": "OCCUPIED", "distance_cm": 6.9, "ts": "2026-09-30T06:44:43Z"}
2026-09-30T06:44:50Z parking/lantai-1/slot/A1 {"slot_id": "A1", "status": "OCCUPIED", "distance_cm": 9.0, "ts": "2026-09-30T06:44:50Z"}
2026-09-30T06:44:52Z parking/lantai-1/slot/A3 {"slot_id": "A3", "status": "OCCUPIED", "distance_cm": 6.8, "ts": "2026-09-30T06:44:52Z"}
2026-09-30T06:44:54Z parking/lantai-1/slot/A2 {"slot_id": "A2", "status": "FREE", "distance_cm": 36.9, "ts": "2026-09-30T06:44:54Z"}
2026-09-30T06:44:58Z parking/lantai-1/slot/A1 {"slot_id": "A1", "status": "FREE", "distance_cm": 33.4, "ts": "2026-09-30T06:44:58Z"}
2026-09-30T06:45:05Z parking/lantai-1/slot/A2 {"slot_id": "A2", "status": "OCCUPIED", "distance_cm": 8.7, "ts": "2026-09-30T06:45:05Z"}
2026-09-30T06:45:06Z parking/lantai-1/slot/A3 {"slot_id": "A3", "status": "FREE", "distance_cm": 39.6, "ts": "2026-09-30T06:45:06Z"}
2026-09-30T06:45:06Z parking/lantai-1/slot/A1 {"slot_id": "A1", "status": "OCCUPIED", "distance_cm": 8.0, "ts": "2026-09-30T06:45:06Z"}
2026-09-30T06:45:14Z parking/lantai-1/slot/A1 {"slot_id": "A1", "status": "FREE", "distance_cm": 36.6, "ts": "2026-09-30T06:45:14Z"}
2026-09-30T06:45:16Z parking/lantai-1/slot/A2 {"slot_id": "A2", "status": "FREE", "distance_cm": 33.9, "ts": "2026-09-30T06:45:16Z"}
2026-09-30T06:45:20Z parking/lantai-1/slot/A3 {"slot_id": "A3", "status": "OCCUPIED", "distance_cm": 6.7, "ts": "2026-09-30T06:45:20Z"}
2026-09-30T06:45:22Z parking/lantai-1/slot/A1 {"slot_id": "A1", "status": "OCCUPIED", "distance_cm": 7.2, "ts": "2026-09-30T06:45:22Z"}
2026-09-30T06:45:27Z parking/lantai-1/slot/A2 {"slot_id": "A2", "status": "OCCUPIED", "distance_cm": 7.4, "ts": "2026-09-30T06:45:27Z"}
2026-09-30T06:45:30Z parking/lantai-1/slot/A1 {"slot_id": "A1", "status": "FREE", "distance_cm": 34.5, "ts": "2026-09-30T06:45:30Z"}
2026-09-30T06:45:34Z parking/lantai-1/slot/A3 {"slot_id": "A3", "status": "FREE", "distance_cm": 36.3, "ts": "2026-09-30T06:45:34Z"}
2026-09-30T06:45:38Z parking/lantai-1/slot/A1 {"slot_id": "A1", "status": "OCCUPIED", "distance_cm": 5.9, "ts": "2026-09-30T06:45:38Z"}
2026-09-30T06:45:38Z parking/lantai-1/slot/A2 {"slot_id": "A2", "status": "FREE", "distance_cm": 37.1, "ts": "2026-09-30T06:45:38Z"}
2026-09-30T06:45:46Z parking/lantai-1/slot/A1 {"slot_id": "A1", "status": "FREE", "distance_cm": 37.4, "ts": "2026-09-30T06:45:46Z"}
2026-09-30T06:45:48Z parking/lantai-1/slot/A3 {"slot_id": "A3", "status": "OCCUPIED", "distance_cm": 6.5, "ts": "2026-09-30T06:45:48Z"}
2026-09-30T06:45:49Z parking/lantai-1/slot/A2 {"slot_id": "A2", "status": "OCCUPIED", "distance_cm": 7.1, "ts": "2026-09-30T06:45:49Z"}
2026-09-30T06:45:55Z parking/lantai-1/slot/A1 {"slot_id": "A1", "status": "OCCUPIED", "distance_cm": 9.0, "ts": "2026-09-30T06:45:55Z"}
2026-09-30T06:46:00Z parking/lantai-1/slot/A2 {"slot_id": "A2", "status": "FREE", "distance_cm": 34.8, "ts": "2026-09-30T06:46:00Z"}
2026-09-30T06:46:02Z parking/lantai-1/slot/A1 {"slot_id": "A1", "status": "FREE", "distance_cm": 36.5, "ts": "2026-09-30T06:46:02Z"}
2026-09-30T06:46:02Z parking/lantai-1/slot/A3 {"slot_id": "A3", "status": "FREE", "distance_cm": 40.0, "ts": "2026-09-30T06:46:02Z"}
2026-09-30T06:46:10Z parking/lantai-1/slot/A1 {"slot_id": "A1", "status": "OCCUPIED", "distance_cm": 5.6, "ts": "2026-09-30T06:46:11Z"}
2026-09-30T06:46:11Z parking/lantai-1/slot/A2 {"slot_id": "A2", "status": "OCCUPIED", "distance_cm": 5.2, "ts": "2026-09-30T06:46:12Z"}
2026-09-30T06:46:16Z parking/lantai-1/slot/A3 {"slot_id": "A3", "status": "OCCUPIED", "distance_cm": 8.9, "ts": "2026-09-30T06:46:17Z"}
2026-09-30T06:46:18Z parking/lantai-1/slot/A1 {"slot_id": "A1", "status": "FREE", "distance_cm": 35.0, "ts": "2026-09-30T06:46:19Z"}
2026-09-30T06:46:23Z parking/lantai-1/slot/A2 {"slot_id": "A2", "status": "FREE", "distance_cm": 39.0, "ts": "2026-09-30T06:46:23Z"}
2026-09-30T06:46:26Z parking/lantai-1/slot/A1 {"slot_id": "A1", "status": "OCCUPIED", "distance_cm": 5.7, "ts": "2026-09-30T06:46:26Z"}
2026-09-30T06:46:30Z parking/lantai-1/slot/A3 {"slot_id": "A3", "status": "FREE", "distance_cm": 38.4, "ts": "2026-09-30T06:46:30Z"}
2026-09-30T06:46:34Z parking/lantai-1/slot/A2 {"slot_id": "A2", "status": "OCCUPIED", "distance_cm": 6.7, "ts": "2026-09-30T06:46:34Z"}
2026-09-30T06:46:37Z parking/lantai-1/slot/A1 {"slot_id": "A1", "status": "FREE", "distance_cm": 36.3, "ts": "2026-09-30T06:46:37Z"}
2026-09-30T06:46:42Z parking/lantai-1/slot/A1 {"slot_id": "A1", "status": "OCCUPIED", "distance_cm": 8.2, "ts": "2026-09-30T06:46:42Z"}
2026-09-30T06:46:44Z parking/lantai-1/slot/A2 {"slot_id": "A2", "status": "FREE", "distance_cm": 36.3, "ts": "2026-09-30T06:46:44Z"}
2026-09-30T06:46:44Z parking/lantai-1/slot/A3 {"slot_id": "A3", "status": "OCCUPIED", "distance_cm": 8.0, "ts": "2026-09-30T06:46:44Z"}
2026-09-30T06:46:50Z parking/lantai-1/slot/A1 {"slot_id": "A1", "status": "FREE", "distance_cm": 34.6, "ts": "2026-09-30T06:46:50Z"}
2026-09-30T06:46:57Z parking/lantai-1/slot/A2 {"slot_id": "A2", "status": "OCCUPIED", "distance_cm": 6.4, "ts": "2026-09-30T06:46:57Z"}
2026-09-30T06:46:58Z parking/lantai-1/slot/A3 {"slot_id": "A3", "status": "FREE", "distance_cm": 33.2, "ts": "2026-09-30T06:46:58Z"}
2026-09-30T06:46:58Z parking/lantai-1/slot/A1 {"slot_id": "A1", "status": "OCCUPIED", "distance_cm": 5.6, "ts": "2026-09-30T06:46:58Z"}
2026-09-30T06:47:06Z parking/lantai-1/slot/A2 {"slot_id": "A2", "status": "FREE", "distance_cm": 34.5, "ts": "2026-09-30T06:47:06Z"}
2026-09-30T06:47:06Z parking/lantai-1/slot/A1 {"slot_id": "A1", "status": "FREE", "distance_cm": 38.5, "ts": "2026-09-30T06:47:06Z"}
2026-09-30T06:47:12Z parking/lantai-1/slot/A3 {"slot_id": "A3", "status": "OCCUPIED", "distance_cm": 6.9, "ts": "2026-09-30T06:47:12Z"}
2026-09-30T06:47:23Z parking/lantai-1/slot/A2 {"slot_id": "A2", "status": "OCCUPIED", "distance_cm": 5.1, "ts": "2026-09-30T06:47:24Z"}
2026-09-30T06:47:26Z parking/lantai-1/slot/A3 {"slot_id": "A3", "status": "FREE", "distance_cm": 37.5, "ts": "2026-09-30T06:47:27Z"}
2026-09-30T06:47:28Z parking/lantai-1/slot/A2 {"slot_id": "A2", "status": "FREE", "distance_cm": 36.7, "ts": "2026-09-30T06:47:29Z"}
2026-09-30T06:47:30Z parking/lantai-1/slot/A1 {"slot_id": "A1", "status": "OCCUPIED", "distance_cm": 8.8, "ts": "2026-09-30T06:47:30Z"}
2026-09-30T06:47:38Z parking/lantai-1/slot/A1 {"slot_id": "A1", "status": "FREE", "distance_cm": 33.0, "ts": "2026-09-30T06:47:38Z"}
2026-09-30T06:47:40Z parking/lantai-1/slot/A2 {"slot_id": "A2", "status": "OCCUPIED", "distance_cm": 7.2, "ts": "2026-09-30T06:47:40Z"}
2026-09-30T06:47:41Z parking/lantai-1/slot/A3 {"slot_id": "A3", "status": "OCCUPIED", "distance_cm": 6.2, "ts": "2026-09-30T06:47:41Z"}
2026-09-30T06:47:46Z parking/lantai-1/slot/A1 {"slot_id": "A1", "status": "OCCUPIED", "distance_cm": 5.8, "ts": "2026-09-30T06:47:46Z"}
2026-09-30T06:47:50Z parking/lantai-1/slot/A2 {"slot_id": "A2", "status": "FREE", "distance_cm": 37.6, "ts": "2026-09-30T06:47:50Z"}
2026-09-30T06:47:54Z parking/lantai-1/slot/A3 {"slot_id": "A3", "status": "FREE", "distance_cm": 35.8, "ts": "2026-09-30T06:47:54Z"}
2026-09-30T06:47:54Z parking/lantai-1/slot/A1 {"slot_id": "A1", "status": "FREE", "distance_cm": 40.0, "ts": "2026-09-30T06:47:54Z"}
2026-09-30T06:48:01Z parking/lantai-1/slot/A2 {"slot_id": "A2", "status": "OCCUPIED", "distance_cm": 5.8, "ts": "2026-09-30T06:48:01Z"}
2026-09-30T06:48:02Z parking/lantai-1/slot/A1 {"slot_id": "A1", "status": "OCCUPIED", "distance_cm": 8.4, "ts": "2026-09-30T06:48:02Z"}
2026-09-30T06:48:08Z parking/lantai-1/slot/A3 {"slot_id": "A3", "status": "OCCUPIED", "distance_cm": 5.8, "ts": "2026-09-30T06:48:08Z"}
2026-09-30T06:48:10Z parking/lantai-1/slot/A1 {"slot_id": "A1", "status": "FREE", "distance_cm": 35.7, "ts": "2026-09-30T06:48:10Z"}
2026-09-30T06:48:12Z parking/lantai-1/slot/A2 {"slot_id": "A2", "status": "FREE", "distance_cm": 36.0, "ts": "2026-09-30T06:48:12Z"}
2026-09-30T06:48:18Z parking/lantai-1/slot/A1 {"slot_id": "A1", "status": "OCCUPIED", "distance_cm": 5.2, "ts": "2026-09-30T06:48:18Z"}
2026-09-30T06:48:22Z parking/lantai-1/slot/A3 {"slot_id": "A3", "status": "FREE", "distance_cm": 37.6, "ts": "2026-09-30T06:48:22Z"}
2026-09-30T06:48:23Z parking/lantai-1/slot/A2 {"slot_id": "A2", "status": "OCCUPIED", "distance_cm": 8.9, "ts": "2026-09-30T06:48:23Z"}
2026-09-30T06:48:26Z parking/lantai-1/slot/A1 {"slot_id": "A1", "status": "FREE", "distance_cm": 33.9, "ts": "2026-09-30T06:48:26Z"}
2026-09-30T06:48:34Z parking/lantai-1/slot/A2 {"slot_id": "A2", "status": "FREE", "distance_cm": 35.2, "ts": "2026-09-30T06:48:34Z"}
2026-09-30T06:48:35Z parking/lantai-1/slot/A1 {"slot_id": "A1", "status": "OCCUPIED", "distance_cm": 5.2, "ts": "2026-09-30T06:48:35Z"}
2026-09-30T06:48:36Z parking/lantai-1/slot/A3 {"slot_id": "A3", "status": "OCCUPIED", "distance_cm": 7.0, "ts": "2026-09-30T06:48:36Z"}
2026-09-30T06:48:43Z parking/lantai-1/slot/A1 {"slot_id": "A1", "status": "FREE", "distance_cm": 36.4, "ts": "2026-09-30T06:48:43Z"}
2026-09-30T06:48:45Z parking/lantai-1/slot/A2 {"slot_id": "A2", "status": "OCCUPIED", "distance_cm": 7.8, "ts": "2026-09-30T06:48:45Z"}
2026-09-30T06:48:49Z parking/lantai-1/slot/A1 {"slot_id": "A1", "status": "OCCUPIED", "distance_cm": 5.8, "ts": "2026-09-30T06:48:49Z"}
2026-09-30T06:48:50Z parking/lantai-1/slot/A3 {"slot_id": "A3", "status": "FREE", "distance_cm": 37.9, "ts": "2026-09-30T06:48:50Z"}
2026-09-30T06:48:56Z parking/lantai-1/slot/A2 {"slot_id": "A2", "status": "FREE", "distance_cm": 34.2, "ts": "2026-09-30T06:48:56Z"}
2026-09-30T06:48:58Z parking/lantai-1/slot/A1 {"slot_id": "A1", "status": "FREE", "distance_cm": 38.3, "ts": "2026-09-30T06:48:58Z"}
2026-09-30T06:49:04Z parking/lantai-1/slot/A3 {"slot_id": "A3", "status": "OCCUPIED", "distance_cm": 6.5, "ts": "2026-09-30T06:49:04Z"}
2026-09-30T06:49:06Z parking/lantai-1/slot/A1 {"slot_id": "A1", "status": "OCCUPIED", "distance_cm": 6.6, "ts": "2026-09-30T06:49:06Z"}
2026-09-30T06:49:07Z parking/lantai-1/slot/A2 {"slot_id": "A2", "status": "OCCUPIED", "distance_cm": 8.5, "ts": "2026-09-30T06:49:07Z"}
2026-09-30T06:49:14Z parking/lantai-1/slot/A1 {"slot_id": "A1", "status": "FREE", "distance_cm": 33.8, "ts": "2026-09-30T06:49:14Z"}
2026-09-30T06:49:18Z parking/lantai-1/slot/A3 {"slot_id": "A3", "status": "FREE", "distance_cm": 37.5, "ts": "2026-09-30T06:49:18Z"}
2026-09-30T06:49:18Z parking/lantai-1/slot/A2 {"slot_id": "A2", "status": "FREE", "distance_cm": 35.4, "ts": "2026-09-30T06:49:18Z"}
2026-09-30T06:49:22Z parking/lantai-1/slot/A1 {"slot_id": "A1", "status": "OCCUPIED", "distance_cm": 7.9, "ts": "2026-09-30T06:49:22Z"}
2026-09-30T06:49:29Z parking/lantai-1/slot/A2 {"slot_id": "A2", "status": "OCCUPIED", "distance_cm": 7.5, "ts": "2026-09-30T06:49:29Z"}
2026-09-30T06:49:30Z parking/lantai-1/slot/A1 {"slot_id": "A1", "status": "FREE", "distance_cm": 39.4, "ts": "2026-09-30T06:49:30Z"}
2026-09-30T06:49:32Z parking/lantai-1/slot/A3 {"slot_id": "A3", "status": "OCCUPIED", "distance_cm": 5.1, "ts": "2026-09-30T06:49:32Z"}
2026-09-30T06:49:38Z parking/lantai-1/slot/A1 {"slot_id": "A1", "status": "OCCUPIED", "distance_cm": 6.6, "ts": "2026-09-30T06:49:38Z"}
2026-09-30T06:49:40Z parking/lantai-1/slot/A2 {"slot_id": "A2", "status": "FREE", "distance_cm": 37.9, "ts": "2026-09-30T06:49:40Z"}
2026-09-30T06:49:46Z parking/lantai-1/slot/A1 {"slot_id": "A1", "status": "FREE", "distance_cm": 38.7, "ts": "2026-09-30T06:49:46Z"}
2026-09-30T06:49:46Z parking/lantai-1/slot/A3 {"slot_id": "A3", "status": "FREE", "distance_cm": 33.7, "ts": "2026-09-30T06:49:46Z"}
2026-09-30T06:49:53Z parking/lantai-1/slot/A2 {"slot_id": "A2", "status": "OCCUPIED", "distance_cm": 7.8, "ts": "2026-09-30T06:49:53Z"}
2026-09-30T06:49:55Z parking/lantai-1/slot/A1 {"slot_id": "A1", "status": "OCCUPIED", "distance_cm": 6.8, "ts": "2026-09-30T06:49:55Z"}
2026-09-30T06:50:01Z parking/lantai-1/slot/A3 {"slot_id": "A3", "status": "OCCUPIED", "distance_cm": 8.7, "ts": "2026-09-30T06:50:01Z"}
2026-09-30T06:50:02Z parking/lantai-1/slot/A1 {"slot_id": "A1", "status": "FREE", "distance_cm": 34.7, "ts": "2026-09-30T06:50:02Z"}
2026-09-30T06:50:02Z parking/lantai-1/slot/A2 {"slot_id": "A2", "status": "FREE", "distance_cm": 36.6, "ts": "2026-09-30T06:50:02Z"}
2026-09-30T06:50:11Z parking/lantai-1/slot/A1 {"slot_id": "A1", "status": "OCCUPIED", "distance_cm": 7.8, "ts": "2026-09-30T06:50:11Z"}
2026-09-30T06:50:13Z parking/lantai-1/slot/A2 {"slot_id": "A2", "status": "OCCUPIED", "distance_cm": 8.8, "ts": "2026-09-30T06:50:13Z"}
2026-09-30T06:50:15Z parking/lantai-1/slot/A3 {"slot_id": "A3", "status": "FREE", "distance_cm": 34.6, "ts": "2026-09-30T06:50:15Z"}
2026-09-30T06:50:18Z parking/lantai-1/slot/A1 {"slot_id": "A1", "status": "FREE", "distance_cm": 36.5, "ts": "2026-09-30T06:50:19Z"}
2026-09-30T06:50:24Z parking/lantai-1/slot/A2 {"slot_id": "A2", "status": "FREE", "distance_cm": 39.4, "ts": "2026-09-30T06:50:25Z"}
2026-09-30T06:50:26Z parking/lantai-1/slot/A1 {"slot_id": "A1", "status": "OCCUPIED", "distance_cm": 7.7, "ts": "2026-09-30T06:50:27Z"}
2026-09-30T06:50:29Z parking/lantai-1/slot/A3 {"slot_id": "A3", "status": "OCCUPIED", "distance_cm": 8.6, "ts": "2026-09-30T06:50:29Z"}
2026-09-30T06:50:35Z parking/lantai-1/slot/A2 {"slot_id": "A2", "status": "OCCUPIED", "distance_cm": 5.8, "ts": "2026-09-30T06:50:36Z"}
2026-09-30T06:50:36Z parking/lantai-1/slot/A1 {"slot_id": "A1", "status": "FREE", "distance_cm": 38.8, "ts": "2026-09-30T06:50:36Z"}
2026-09-30T06:50:42Z parking/lantai-1/slot/A1 {"slot_id": "A1", "status": "OCCUPIED", "distance_cm": 5.4, "ts": "2026-09-30T06:50:43Z"}
2026-09-30T06:50:44Z parking/lantai-1/slot/A3 {"slot_id": "A3", "status": "FREE", "distance_cm": 39.6, "ts": "2026-09-30T06:50:44Z"}
2026-09-30T06:50:46Z parking/lantai-1/slot/A2 {"slot_id": "A2", "status": "FREE", "distance_cm": 39.7, "ts": "2026-09-30T06:50:47Z"}
2026-09-30T06:50:50Z parking/lantai-1/slot/A1 {"slot_id": "A1", "status": "FREE", "distance_cm": 37.3, "ts": "2026-09-30T06:50:51Z"}
2026-09-30T06:50:57Z parking/lantai-1/slot/A3 {"slot_id": "A3", "status": "OCCUPIED", "distance_cm": 7.8, "ts": "2026-09-30T06:50:57Z"}
2026-09-30T06:50:57Z parking/lantai-1/slot/A2 {"slot_id": "A2", "status": "OCCUPIED", "distance_cm": 6.3, "ts": "2026-09-30T06:50:58Z"}
2026-09-30T06:50:59Z parking/lantai-1/slot/A1 {"slot_id": "A1", "status": "OCCUPIED", "distance_cm": 7.3, "ts": "2026-09-30T06:51:00Z"}
2026-09-30T06:51:07Z parking/lantai-1/slot/A1 {"slot_id": "A1", "status": "FREE", "distance_cm": 36.9, "ts": "2026-09-30T06:51:07Z"}
2026-09-30T06:51:08Z parking/lantai-1/slot/A2 {"slot_id": "A2", "status": "FREE", "distance_cm": 35.6, "ts": "2026-09-30T06:51:09Z"}
2026-09-30T06:51:11Z parking/lantai-1/slot/A3 {"slot_id": "A3", "status": "FREE", "distance_cm": 35.9, "ts": "2026-09-30T06:51:11Z"}
2026-09-30T06:51:14Z parking/lantai-1/slot/A1 {"slot_id": "A1", "status": "OCCUPIED", "distance_cm": 6.9, "ts": "2026-09-30T06:51:14Z"}
2026-09-30T06:51:19Z parking/lantai-1/slot/A2 {"slot_id": "A2", "status": "OCCUPIED", "distance_cm": 7.7, "ts": "2026-09-30T06:51:20Z"}
2026-09-30T06:51:22Z parking/lantai-1/slot/A1 {"slot_id": "A1", "status": "FREE", "distance_cm": 36.6, "ts": "2026-09-30T06:51:22Z"}
2026-09-30T06:51:25Z parking/lantai-1/slot/A3 {"slot_id": "A3", "status": "OCCUPIED", "distance_cm": 7.4, "ts": "2026-09-30T06:51:25Z"}
2026-09-30T06:51:30Z parking/lantai-1/slot/A1 {"slot_id": "A1", "status": "OCCUPIED", "distance_cm": 6.3, "ts": "2026-09-30T06:51:30Z"}
2026-09-30T06:51:30Z parking/lantai-1/slot/A2 {"slot_id": "A2", "status": "FREE", "distance_cm": 34.4, "ts": "2026-09-30T06:51:31Z"}
2026-09-30T06:51:38Z parking/lantai-1/slot/A1 {"slot_id": "A1", "status": "FREE", "distance_cm": 39.2, "ts": "2026-09-30T06:51:38Z"}
2026-09-30T06:51:39Z parking/lantai-1/slot/A3 {"slot_id": "A3", "status": "FREE", "distance_cm": 35.2, "ts": "2026-09-30T06:51:39Z"}
2026-09-30T06:51:41Z parking/lantai-1/slot/A2 {"slot_id": "A2", "status": "OCCUPIED", "distance_cm": 7.7, "ts": "2026-09-30T06:51:42Z"}
2026-09-30T06:51:46Z parking/lantai-1/slot/A1 {"slot_id": "A1", "status": "OCCUPIED", "distance_cm": 8.7, "ts": "2026-09-30T06:51:46Z"}
2026-09-30T06:51:52Z parking/lantai-1/slot/A2 {"slot_id": "A2", "status": "FREE", "distance_cm": 36.6, "ts": "2026-09-30T06:51:52Z"}
2026-09-30T06:51:52Z parking/lantai-1/slot/A3 {"slot_id": "A3", "status": "OCCUPIED", "distance_cm": 5.1, "ts": "2026-09-30T06:51:52Z"}
2026-09-30T06:51:54Z parking/lantai-1/slot/A1 {"slot_id": "A1", "status": "FREE", "distance_cm": 36.9, "ts": "2026-09-30T06:51:54Z"}
2026-09-30T06:52:02Z parking/lantai-1/slot/A1 {"slot_id": "A1", "status": "OCCUPIED", "distance_cm": 7.4, "ts": "2026-09-30T06:52:02Z"}
2026-09-30T06:52:03Z parking/lantai-1/slot/A2 {"slot_id": "A2", "status": "OCCUPIED", "distance_cm": 7.2, "ts": "2026-09-30T06:52:03Z"}
2026-09-30T06:52:06Z parking/lantai-1/slot/A3 {"slot_id": "A3", "status": "FREE", "distance_cm": 38.5, "ts": "2026-09-30T06:52:06Z"}
2026-09-30T06:52:10Z parking/lantai-1/slot/A1 {"slot_id": "A1", "status": "FREE", "distance_cm": 37.9, "ts": "2026-09-30T06:52:10Z"}
2026-09-30T06:52:14Z parking/lantai-1/slot/A2 {"slot_id": "A2", "status": "FREE", "distance_cm": 34.2, "ts": "2026-09-30T06:52:14Z"}
2026-09-30T06:52:18Z parking/lantai-1/slot/A1 {"slot_id": "A1", "status": "OCCUPIED", "distance_cm": 5.4, "ts": "2026-09-30T06:52:18Z"}
2026-09-30T06:52:20Z parking/lantai-1/slot/A3 {"slot_id": "A3", "status": "OCCUPIED", "distance_cm": 7.5, "ts": "2026-09-30T06:52:20Z"}
2026-09-30T06:52:30Z parking/lantai-1/slot/A2 {"slot_id": "A2", "status": "OCCUPIED", "distance_cm": 8.5, "ts": "2026-09-30T06:52:30Z"}
2026-09-30T06:52:31Z parking/lantai-1/slot/A1 {"slot_id": "A1", "status": "FREE", "distance_cm": 35.8, "ts": "2026-09-30T06:52:31Z"}
2026-09-30T06:52:34Z parking/lantai-1/slot/A1 {"slot_id": "A1", "status": "OCCUPIED", "distance_cm": 7.9, "ts": "2026-09-30T06:52:34Z"}
2026-09-30T06:52:35Z parking/lantai-1/slot/A3 {"slot_id": "A3", "status": "FREE", "distance_cm": 37.3, "ts": "2026-09-30T06:52:35Z"}
2026-09-30T06:52:36Z parking/lantai-1/slot/A2 {"slot_id": "A2", "status": "FREE", "distance_cm": 33.7, "ts": "2026-09-30T06:52:36Z"}
2026-09-30T06:52:42Z parking/lantai-1/slot/A1 {"slot_id": "A1", "status": "FREE", "distance_cm": 38.1, "ts": "2026-09-30T06:52:42Z"}
2026-09-30T06:52:47Z parking/lantai-1/slot/A2 {"slot_id": "A2", "status": "OCCUPIED", "distance_cm": 6.3, "ts": "2026-09-30T06:52:47Z"}
2026-09-30T06:52:48Z parking/lantai-1/slot/A3 {"slot_id": "A3", "status": "OCCUPIED", "distance_cm": 8.9, "ts": "2026-09-30T06:52:48Z"}
2026-09-30T06:52:50Z parking/lantai-1/slot/A1 {"slot_id": "A1", "status": "OCCUPIED", "distance_cm": 7.2, "ts": "2026-09-30T06:52:50Z"}
2026-09-30T06:52:58Z parking/lantai-1/slot/A2 {"slot_id": "A2", "status": "FREE", "distance_cm": 33.5, "ts": "2026-09-30T06:52:58Z"}
2026-09-30T06:52:58Z parking/lantai-1/slot/A1 {"slot_id": "A1", "status": "FREE", "distance_cm": 33.1, "ts": "2026-09-30T06:52:58Z"}
2026-09-30T06:53:02Z parking/lantai-1/slot/A3 {"slot_id": "A3", "status": "FREE", "distance_cm": 37.0, "ts": "2026-09-30T06:53:02Z"}
2026-09-30T06:53:06Z parking/lantai-1/slot/A1 {"slot_id": "A1", "status": "OCCUPIED", "distance_cm": 7.9, "ts": "2026-09-30T06:53:06Z"}
2026-09-30T06:53:09Z parking/lantai-1/slot/A2 {"slot_id": "A2", "status": "OCCUPIED", "distance_cm": 8.7, "ts": "2026-09-30T06:53:09Z"}
2026-09-30T06:53:16Z parking/lantai-1/slot/A3 {"slot_id": "A3", "status": "OCCUPIED", "distance_cm": 7.1, "ts": "2026-09-30T06:53:16Z"}
2026-09-30T06:53:17Z parking/lantai-1/slot/A1 {"slot_id": "A1", "status": "FREE", "distance_cm": 38.2, "ts": "2026-09-30T06:53:17Z"}
2026-09-30T06:53:20Z parking/lantai-1/slot/A2 {"slot_id": "A2", "status": "FREE", "distance_cm": 38.1, "ts": "2026-09-30T06:53:20Z"}
2026-09-30T06:53:22Z parking/lantai-1/slot/A1 {"slot_id": "A1", "status": "OCCUPIED", "distance_cm": 7.8, "ts": "2026-09-30T06:53:22Z"}
2026-09-30T06:53:30Z parking/lantai-1/slot/A1 {"slot_id": "A1", "status": "FREE", "distance_cm": 36.1, "ts": "2026-09-30T06:53:30Z"}
2026-09-30T06:53:30Z parking/lantai-1/slot/A3 {"slot_id": "A3", "status": "FREE", "distance_cm": 39.2, "ts": "2026-09-30T06:53:30Z"}
2026-09-30T06:53:31Z parking/lantai-1/slot/A2 {"slot_id": "A2", "status": "OCCUPIED", "distance_cm": 8.3, "ts": "2026-09-30T06:53:31Z"}
2026-09-30T06:53:38Z parking/lantai-1/slot/A1 {"slot_id": "A1", "status": "OCCUPIED", "distance_cm": 6.6, "ts": "2026-09-30T06:53:38Z"}
2026-09-30T06:53:42Z parking/lantai-1/slot/A2 {"slot_id": "A2", "status": "FREE", "distance_cm": 38.4, "ts": "2026-09-30T06:53:42Z"}
2026-09-30T06:53:44Z parking/lantai-1/slot/A3 {"slot_id": "A3", "status": "OCCUPIED", "distance_cm": 5.6, "ts": "2026-09-30T06:53:44Z"}
2026-09-30T06:53:50Z parking/lantai-1/slot/A1 {"slot_id": "A1", "status": "FREE", "distance_cm": 39.7, "ts": "2026-09-30T06:53:51Z"}
2026-09-30T06:53:53Z parking/lantai-1/slot/A2 {"slot_id": "A2", "status": "OCCUPIED", "distance_cm": 6.7, "ts": "2026-09-30T06:53:53Z"}
2026-09-30T06:53:54Z parking/lantai-1/slot/A1 {"slot_id": "A1", "status": "OCCUPIED", "distance_cm": 5.8, "ts": "2026-09-30T06:53:55Z"}
2026-09-30T06:53:58Z parking/lantai-1/slot/A3 {"slot_id": "A3", "status": "FREE", "distance_cm": 37.3, "ts": "2026-09-30T06:53:58Z"}
2026-09-30T06:54:03Z parking/lantai-1/slot/A1 {"slot_id": "A1", "status": "FREE", "distance_cm": 38.2, "ts": "2026-09-30T06:54:04Z"}
2026-09-30T06:54:04Z parking/lantai-1/slot/A2 {"slot_id": "A2", "status": "FREE", "distance_cm": 36.1, "ts": "2026-09-30T06:54:04Z"}
2026-09-30T06:54:12Z parking/lantai-1/slot/A1 {"slot_id": "A1", "status": "OCCUPIED", "distance_cm": 7.8, "ts": "2026-09-30T06:54:12Z"}
2026-09-30T06:54:12Z parking/lantai-1/slot/A3 {"slot_id": "A3", "status": "OCCUPIED", "distance_cm": 8.2, "ts": "2026-09-30T06:54:12Z"}
2026-09-30T06:54:15Z parking/lantai-1/slot/A2 {"slot_id": "A2", "status": "OCCUPIED", "distance_cm": 5.8, "ts": "2026-09-30T06:54:15Z"}
2026-09-30T06:54:20Z parking/lantai-1/slot/A1 {"slot_id": "A1", "status": "FREE", "distance_cm": 33.1, "ts": "2026-09-30T06:54:20Z"}
2026-09-30T06:54:27Z parking/lantai-1/slot/A1 {"slot_id": "A1", "status": "OCCUPIED", "distance_cm": 8.1, "ts": "2026-09-30T06:54:27Z"}
2026-09-30T06:54:27Z parking/lantai-1/slot/A3 {"slot_id": "A3", "status": "FREE", "distance_cm": 37.8, "ts": "2026-09-30T06:54:27Z"}
2026-09-30T06:54:27Z parking/lantai-1/slot/A2 {"slot_id": "A2", "status": "FREE", "distance_cm": 34.5, "ts": "2026-09-30T06:54:27Z"}
2026-09-30T06:54:34Z parking/lantai-1/slot/A1 {"slot_id": "A1", "status": "FREE", "distance_cm": 36.3, "ts": "2026-09-30T06:54:34Z"}
2026-09-30T06:54:37Z parking/lantai-1/slot/A2 {"slot_id": "A2", "status": "OCCUPIED", "distance_cm": 8.5, "ts": "2026-09-30T06:54:37Z"}
2026-09-30T06:54:40Z parking/lantai-1/slot/A3 {"slot_id": "A3", "status": "OCCUPIED", "distance_cm": 8.1, "ts": "2026-09-30T06:54:40Z"}
2026-09-30T06:54:43Z parking/lantai-1/slot/A1 {"slot_id": "A1", "status": "OCCUPIED", "distance_cm": 6.3, "ts": "2026-09-30T06:54:43Z"}
2026-09-30T06:54:50Z parking/lantai-1/slot/A1 {"slot_id": "A1", "status": "FREE", "distance_cm": 38.0, "ts": "2026-09-30T06:54:50Z"}
2026-09-30T06:54:50Z parking/lantai-1/slot/A2 {"slot_id": "A2", "status": "FREE", "distance_cm": 38.0, "ts": "2026-09-30T06:54:50Z"}
2026-09-30T06:54:54Z parking/lantai-1/slot/A3 {"slot_id": "A3", "status": "FREE", "distance_cm": 39.1, "ts": "2026-09-30T06:54:54Z"}
2026-09-30T06:54:58Z parking/lantai-1/slot/A1 {"slot_id": "A1", "status": "OCCUPIED", "distance_cm": 7.0, "ts": "2026-09-30T06:54:58Z"}
2026-09-30T06:54:59Z parking/lantai-1/slot/A2 {"slot_id": "A2", "status": "OCCUPIED", "distance_cm": 8.5, "ts": "2026-09-30T06:54:59Z"}
2026-09-30T06:55:09Z parking/lantai-1/slot/A3 {"slot_id": "A3", "status": "OCCUPIED", "distance_cm": 6.6, "ts": "2026-09-30T06:55:09Z"}
2026-09-30T06:55:10Z parking/lantai-1/slot/A2 {"slot_id": "A2", "status": "FREE", "distance_cm": 33.7, "ts": "2026-09-30T06:55:10Z"}
2026-09-30T06:55:11Z parking/lantai-1/slot/A1 {"slot_id": "A1", "status": "FREE", "distance_cm": 34.5, "ts": "2026-09-30T06:55:11Z"}
2026-09-30T06:55:14Z parking/lantai-1/slot/A1 {"slot_id": "A1", "status": "OCCUPIED", "distance_cm": 5.2, "ts": "2026-09-30T06:55:14Z"}
2026-09-30T06:55:20Z parking/lantai-1/slot/A2 {"slot_id": "A2", "status": "OCCUPIED", "distance_cm": 8.4, "ts": "2026-09-30T06:55:20Z"}
2026-09-30T06:55:22Z parking/lantai-1/slot/A1 {"slot_id": "A1", "status": "FREE", "distance_cm": 36.5, "ts": "2026-09-30T06:55:22Z"}
2026-09-30T06:55:22Z parking/lantai-1/slot/A3 {"slot_id": "A3", "status": "FREE", "distance_cm": 37.4, "ts": "2026-09-30T06:55:22Z"}
2026-09-30T06:55:30Z parking/lantai-1/slot/A1 {"slot_id": "A1", "status": "OCCUPIED", "distance_cm": 5.0, "ts": "2026-09-30T06:55:30Z"}
2026-09-30T06:55:32Z parking/lantai-1/slot/A2 {"slot_id": "A2", "status": "FREE", "distance_cm": 36.9, "ts": "2026-09-30T06:55:32Z"}
2026-09-30T06:55:36Z parking/lantai-1/slot/A3 {"slot_id": "A3", "status": "OCCUPIED", "distance_cm": 7.4, "ts": "2026-09-30T06:55:36Z"}
2026-09-30T06:55:38Z parking/lantai-1/slot/A1 {"slot_id": "A1", "status": "FREE", "distance_cm": 36.9, "ts": "2026-09-30T06:55:38Z"}
2026-09-30T06:55:43Z parking/lantai-1/slot/A2 {"slot_id": "A2", "status": "OCCUPIED", "distance_cm": 8.0, "ts": "2026-09-30T06:55:43Z"}
2026-09-30T06:55:49Z parking/lantai-1/slot/A1 {"slot_id": "A1", "status": "OCCUPIED", "distance_cm": 7.7, "ts": "2026-09-30T06:55:49Z"}
2026-09-30T06:55:50Z parking/lantai-1/slot/A3 {"slot_id": "A3", "status": "FREE", "distance_cm": 39.4, "ts": "2026-09-30T06:55:50Z"}
2026-09-30T06:55:54Z parking/lantai-1/slot/A1 {"slot_id": "A1", "status": "FREE", "distance_cm": 33.8, "ts": "2026-09-30T06:55:54Z"}
2026-09-30T06:55:55Z parking/lantai-1/slot/A2 {"slot_id": "A2", "status": "FREE", "distance_cm": 34.6, "ts": "2026-09-30T06:55:55Z"}
2026-09-30T06:56:03Z parking/lantai-1/slot/A1 {"slot_id": "A1", "status": "OCCUPIED", "distance_cm": 7.1, "ts": "2026-09-30T06:56:03Z"}
2026-09-30T06:56:04Z parking/lantai-1/slot/A3 {"slot_id": "A3", "status": "OCCUPIED", "distance_cm": 5.2, "ts": "2026-09-30T06:56:04Z"}
2026-09-30T06:56:05Z parking/lantai-1/slot/A2 {"slot_id": "A2", "status": "OCCUPIED", "distance_cm": 6.9, "ts": "2026-09-30T06:56:05Z"}
2026-09-30T06:56:10Z parking/lantai-1/slot/A1 {"slot_id": "A1", "status": "FREE", "distance_cm": 36.8, "ts": "2026-09-30T06:56:10Z"}
2026-09-30T06:56:16Z parking/lantai-1/slot/A2 {"slot_id": "A2", "status": "FREE", "distance_cm": 37.6, "ts": "2026-09-30T06:56:16Z"}
2026-09-30T06:56:18Z parking/lantai-1/slot/A1 {"slot_id": "A1", "status": "OCCUPIED", "distance_cm": 6.0, "ts": "2026-09-30T06:56:18Z"}
2026-09-30T06:56:18Z parking/lantai-1/slot/A3 {"slot_id": "A3", "status": "FREE", "distance_cm": 35.0, "ts": "2026-09-30T06:56:18Z"}
2026-09-30T06:56:26Z parking/lantai-1/slot/A1 {"slot_id": "A1", "status": "FREE", "distance_cm": 38.3, "ts": "2026-09-30T06:56:26Z"}
2026-09-30T06:56:27Z parking/lantai-1/slot/A2 {"slot_id": "A2", "status": "OCCUPIED", "distance_cm": 6.2, "ts": "2026-09-30T06:56:27Z"}
2026-09-30T06:56:32Z parking/lantai-1/slot/A3 {"slot_id": "A3", "status": "OCCUPIED", "distance_cm": 8.1, "ts": "2026-09-30T06:56:32Z"}
2026-09-30T06:56:34Z parking/lantai-1/slot/A1 {"slot_id": "A1", "status": "OCCUPIED", "distance_cm": 6.4, "ts": "2026-09-30T06:56:34Z"}
2026-09-30T06:56:38Z parking/lantai-1/slot/A2 {"slot_id": "A2", "status": "FREE", "distance_cm": 37.9, "ts": "2026-09-30T06:56:38Z"}
2026-09-30T06:56:42Z parking/lantai-1/slot/A1 {"slot_id": "A1", "status": "FREE", "distance_cm": 33.8, "ts": "2026-09-30T06:56:42Z"}
2026-09-30T06:56:46Z parking/lantai-1/slot/A3 {"slot_id": "A3", "status": "FREE", "distance_cm": 36.9, "ts": "2026-09-30T06:56:46Z"}
2026-09-30T06:56:49Z parking/lantai-1/slot/A3 {"slot_id": "A3", "status": "OCCUPIED", "distance_cm": 2.0, "ts": "2026-09-30T06:56:49Z"}
2026-09-30T06:56:49Z parking/lantai-1/slot/A2 {"slot_id": "A2", "status": "OCCUPIED", "distance_cm": 5.4, "ts": "2026-09-30T06:56:49Z"}
2026-09-30T06:56:50Z parking/lantai-1/slot/A1 {"slot_id": "A1", "status": "OCCUPIED", "distance_cm": 8.7, "ts": "2026-09-30T06:56:50Z"}
2026-09-30T06:56:51Z parking/lantai-1/slot/A3 {"slot_id": "A3", "status": "FREE", "distance_cm": 33.4, "ts": "2026-09-30T06:56:51Z"}
2026-09-30T06:56:58Z parking/lantai-1/slot/A1 {"slot_id": "A1", "status": "FREE", "distance_cm": 33.6, "ts": "2026-09-30T06:56:58Z"}
2026-09-30T06:57:00Z parking/lantai-1/slot/A3 {"slot_id": "A3", "status": "OCCUPIED", "distance_cm": 6.0, "ts": "2026-09-30T06:57:00Z"}
2026-09-30T06:57:00Z parking/lantai-1/slot/A2 {"slot_id": "A2", "status": "FREE", "distance_cm": 37.5, "ts": "2026-09-30T06:57:00Z"}
2026-09-30T06:57:06Z parking/lantai-1/slot/A1 {"slot_id": "A1", "status": "OCCUPIED", "distance_cm": 6.9, "ts": "2026-09-30T06:57:06Z"}
2026-09-30T06:57:11Z parking/lantai-1/slot/A2 {"slot_id": "A2", "status": "OCCUPIED", "distance_cm": 6.5, "ts": "2026-09-30T06:57:12Z"}
2026-09-30T06:57:14Z parking/lantai-1/slot/A3 {"slot_id": "A3", "status": "FREE", "distance_cm": 34.0, "ts": "2026-09-30T06:57:15Z"}
2026-09-30T06:57:14Z parking/lantai-1/slot/A1 {"slot_id": "A1", "status": "FREE", "distance_cm": 39.4, "ts": "2026-09-30T06:57:15Z"}
2026-09-30T06:57:22Z parking/lantai-1/slot/A2 {"slot_id": "A2", "status": "FREE", "distance_cm": 36.9, "ts": "2026-09-30T06:57:22Z"}
2026-09-30T06:57:23Z parking/lantai-1/slot/A1 {"slot_id": "A1", "status": "OCCUPIED", "distance_cm": 5.0, "ts": "2026-09-30T06:57:23Z"}
2026-09-30T06:57:28Z parking/lantai-1/slot/A3 {"slot_id": "A3", "status": "OCCUPIED", "distance_cm": 8.4, "ts": "2026-09-30T06:57:28Z"}
2026-09-30T06:57:30Z parking/lantai-1/slot/A1 {"slot_id": "A1", "status": "FREE", "distance_cm": 33.8, "ts": "2026-09-30T06:57:30Z"}
2026-09-30T06:57:32Z parking/lantai-1/slot/A2 {"slot_id": "A2", "status": "OCCUPIED", "distance_cm": 6.0, "ts": "2026-09-30T06:57:32Z"}
2026-09-30T06:57:38Z parking/lantai-1/slot/A1 {"slot_id": "A1", "status": "OCCUPIED", "distance_cm": 8.0, "ts": "2026-09-30T06:57:38Z"}
2026-09-30T06:57:43Z parking/lantai-1/slot/A3 {"slot_id": "A3", "status": "FREE", "distance_cm": 38.0, "ts": "2026-09-30T06:57:43Z"}
2026-09-30T06:57:44Z parking/lantai-1/slot/A2 {"slot_id": "A2", "status": "FREE", "distance_cm": 37.8, "ts": "2026-09-30T06:57:44Z"}
2026-09-30T06:57:46Z parking/lantai-1/slot/A1 {"slot_id": "A1", "status": "FREE", "distance_cm": 33.3, "ts": "2026-09-30T06:57:46Z"}
2026-09-30T06:57:55Z parking/lantai-1/slot/A1 {"slot_id": "A1", "status": "OCCUPIED", "distance_cm": 5.8, "ts": "2026-09-30T06:57:55Z"}
2026-09-30T06:57:55Z parking/lantai-1/slot/A2 {"slot_id": "A2", "status": "OCCUPIED", "distance_cm": 8.1, "ts": "2026-09-30T06:57:55Z"}
2026-09-30T06:57:56Z parking/lantai-1/slot/A3 {"slot_id": "A3", "status": "OCCUPIED", "distance_cm": 6.1, "ts": "2026-09-30T06:57:56Z"}
2026-09-30T06:58:02Z parking/lantai-1/slot/A1 {"slot_id": "A1", "status": "FREE", "distance_cm": 37.4, "ts": "2026-09-30T06:58:02Z"}
2026-09-30T06:58:06Z parking/lantai-1/slot/A2 {"slot_id": "A2", "status": "FREE", "distance_cm": 34.5, "ts": "2026-09-30T06:58:06Z"}
2026-09-30T06:58:10Z parking/lantai-1/slot/A3 {"slot_id": "A3", "status": "FREE", "distance_cm": 36.9, "ts": "2026-09-30T06:58:10Z"}
2026-09-30T06:58:10Z parking/lantai-1/slot/A1 {"slot_id": "A1", "status": "OCCUPIED", "distance_cm": 8.0, "ts": "2026-09-30T06:58:10Z"}
2026-09-30T06:58:17Z parking/lantai-1/slot/A2 {"slot_id": "A2", "status": "OCCUPIED", "distance_cm": 7.2, "ts": "2026-09-30T06:58:17Z"}
2026-09-30T06:58:18Z parking/lantai-1/slot/A1 {"slot_id": "A1", "status": "FREE", "distance_cm": 34.5, "ts": "2026-09-30T06:58:18Z"}
2026-09-30T06:58:25Z parking/lantai-1/slot/A3 {"slot_id": "A3", "status": "OCCUPIED", "distance_cm": 8.0, "ts": "2026-09-30T06:58:25Z"}
2026-09-30T06:58:28Z parking/lantai-1/slot/A2 {"slot_id": "A2", "status": "FREE", "distance_cm": 38.6, "ts": "2026-09-30T06:58:28Z"}
2026-09-30T06:58:31Z parking/lantai-1/slot/A1 {"slot_id": "A1", "status": "OCCUPIED", "distance_cm": 7.5, "ts": "2026-09-30T06:58:31Z"}
2026-09-30T06:58:34Z parking/lantai-1/slot/A1 {"slot_id": "A1", "status": "FREE", "distance_cm": 38.9, "ts": "2026-09-30T06:58:34Z"}
2026-09-30T06:58:39Z parking/lantai-1/slot/A2 {"slot_id": "A2", "status": "OCCUPIED", "distance_cm": 7.5, "ts": "2026-09-30T06:58:39Z"}
2026-09-30T06:58:39Z parking/lantai-1/slot/A3 {"slot_id": "A3", "status": "FREE", "distance_cm": 33.4, "ts": "2026-09-30T06:58:39Z"}
2026-09-30T06:58:43Z parking/lantai-1/slot/A1 {"slot_id": "A1", "status": "OCCUPIED", "distance_cm": 7.0, "ts": "2026-09-30T06:58:43Z"}
2026-09-30T06:58:50Z parking/lantai-1/slot/A2 {"slot_id": "A2", "status": "FREE", "distance_cm": 39.5, "ts": "2026-09-30T06:58:50Z"}
2026-09-30T06:58:51Z parking/lantai-1/slot/A1 {"slot_id": "A1", "status": "FREE", "distance_cm": 33.6, "ts": "2026-09-30T06:58:51Z"}
2026-09-30T06:58:52Z parking/lantai-1/slot/A3 {"slot_id": "A3", "status": "OCCUPIED", "distance_cm": 8.3, "ts": "2026-09-30T06:58:52Z"}
2026-09-30T06:58:58Z parking/lantai-1/slot/A1 {"slot_id": "A1", "status": "OCCUPIED", "distance_cm": 5.2, "ts": "2026-09-30T06:58:58Z"}
2026-09-30T06:59:01Z parking/lantai-1/slot/A2 {"slot_id": "A2", "status": "OCCUPIED", "distance_cm": 5.7, "ts": "2026-09-30T06:59:01Z"}
2026-09-30T06:59:10Z parking/lantai-1/slot/A3 {"slot_id": "A3", "status": "FREE", "distance_cm": 37.9, "ts": "2026-09-30T06:59:10Z"}
2026-09-30T06:59:12Z parking/lantai-1/slot/A1 {"slot_id": "A1", "status": "FREE", "distance_cm": 36.7, "ts": "2026-09-30T06:59:12Z"}
2026-09-30T06:59:14Z parking/lantai-1/slot/A1 {"slot_id": "A1", "status": "OCCUPIED", "distance_cm": 7.9, "ts": "2026-09-30T06:59:14Z"}
2026-09-30T06:59:15Z parking/lantai-1/slot/A2 {"slot_id": "A2", "status": "FREE", "distance_cm": 39.2, "ts": "2026-09-30T06:59:15Z"}
2026-09-30T06:59:20Z parking/lantai-1/slot/A3 {"slot_id": "A3", "status": "OCCUPIED", "distance_cm": 5.2, "ts": "2026-09-30T06:59:21Z"}
2026-09-30T06:59:22Z parking/lantai-1/slot/A1 {"slot_id": "A1", "status": "FREE", "distance_cm": 35.4, "ts": "2026-09-30T06:59:22Z"}
2026-09-30T06:59:23Z parking/lantai-1/slot/A2 {"slot_id": "A2", "status": "OCCUPIED", "distance_cm": 5.7, "ts": "2026-09-30T06:59:24Z"}
2026-09-30T06:59:31Z parking/lantai-1/slot/A1 {"slot_id": "A1", "status": "OCCUPIED", "distance_cm": 8.1, "ts": "2026-09-30T06:59:31Z"}
2026-09-30T06:59:34Z parking/lantai-1/slot/A2 {"slot_id": "A2", "status": "FREE", "distance_cm": 33.4, "ts": "2026-09-30T06:59:34Z"}
2026-09-30T06:59:35Z parking/lantai-1/slot/A3 {"slot_id": "A3", "status": "FREE", "distance_cm": 39.4, "ts": "2026-09-30T06:59:35Z"}
2026-09-30T06:59:38Z parking/lantai-1/slot/A1 {"slot_id": "A1", "status": "FREE", "distance_cm": 37.4, "ts": "2026-09-30T06:59:38Z"}
2026-09-30T06:59:45Z parking/lantai-1/slot/A2 {"slot_id": "A2", "status": "OCCUPIED", "distance_cm": 5.1, "ts": "2026-09-30T06:59:45Z"}
2026-09-30T06:59:48Z parking/lantai-1/slot/A3 {"slot_id": "A3", "status": "OCCUPIED", "distance_cm": 8.5, "ts": "2026-09-30T06:59:48Z"}
2026-09-30T06:59:49Z parking/lantai-1/slot/A1 {"slot_id": "A1", "status": "OCCUPIED", "distance_cm": 5.0, "ts": "2026-09-30T06:59:49Z"}
2026-09-30T06:59:54Z parking/lantai-1/slot/A1 {"slot_id": "A1", "status": "FREE", "distance_cm": 33.7, "ts": "2026-09-30T06:59:54Z"}
2026-09-30T06:59:56Z parking/lantai-1/slot/A2 {"slot_id": "A2", "status": "FREE", "distance_cm": 33.1, "ts": "2026-09-30T06:59:56Z"}
2026-09-30T07:00:02Z parking/lantai-1/slot/A1 {"slot_id": "A1", "status": "OCCUPIED", "distance_cm": 7.5, "ts": "2026-09-30T07:00:02Z"}
2026-09-30T07:00:02Z parking/lantai-1/slot/A3 {"slot_id": "A3", "status": "FREE", "distance_cm": 36.2, "ts": "2026-09-30T07:00:02Z"}
2026-09-30T07:00:07Z parking/lantai-1/slot/A2 {"slot_id": "A2", "status": "OCCUPIED", "distance_cm": 6.4, "ts": "2026-09-30T07:00:07Z"}
2026-09-30T07:00:10Z parking/lantai-1/slot/A1 {"slot_id": "A1", "status": "FREE", "distance_cm": 35.2, "ts": "2026-09-30T07:00:10Z"}
2026-09-30T07:00:16Z parking/lantai-1/slot/A3 {"slot_id": "A3", "status": "OCCUPIED", "distance_cm": 6.9, "ts": "2026-09-30T07:00:16Z"}
2026-09-30T07:00:18Z parking/lantai-1/slot/A2 {"slot_id": "A2", "status": "FREE", "distance_cm": 34.9, "ts": "2026-09-30T07:00:18Z"}
2026-09-30T07:00:18Z parking/lantai-1/slot/A1 {"slot_id": "A1", "status": "OCCUPIED", "distance_cm": 7.2, "ts": "2026-09-30T07:00:18Z"}
2026-09-30T07:00:26Z parking/lantai-1/slot/A1 {"slot_id": "A1", "status": "FREE", "distance_cm": 38.1, "ts": "2026-09-30T07:00:27Z"}
2026-09-30T07:00:29Z parking/lantai-1/slot/A2 {"slot_id": "A2", "status": "OCCUPIED", "distance_cm": 5.9, "ts": "2026-09-30T07:00:30Z"}
2026-09-30T07:00:30Z parking/lantai-1/slot/A3 {"slot_id": "A3", "status": "FREE", "distance_cm": 34.2, "ts": "2026-09-30T07:00:30Z"}
2026-09-30T07:00:34Z parking/lantai-1/slot/A1 {"slot_id": "A1", "status": "OCCUPIED", "distance_cm": 7.5, "ts": "2026-09-30T07:00:35Z"}
2026-09-30T07:00:40Z parking/lantai-1/slot/A2 {"slot_id": "A2", "status": "FREE", "distance_cm": 35.0, "ts": "2026-09-30T07:00:41Z"}
2026-09-30T07:00:43Z parking/lantai-1/slot/A1 {"slot_id": "A1", "status": "FREE", "distance_cm": 33.8, "ts": "2026-09-30T07:00:43Z"}
2026-09-30T07:00:44Z parking/lantai-1/slot/A3 {"slot_id": "A3", "status": "OCCUPIED", "distance_cm": 8.8, "ts": "2026-09-30T07:00:44Z"}
2026-09-30T07:00:50Z parking/lantai-1/slot/A1 {"slot_id": "A1", "status": "OCCUPIED", "distance_cm": 7.2, "ts": "2026-09-30T07:00:50Z"}
2026-09-30T07:00:51Z parking/lantai-1/slot/A2 {"slot_id": "A2", "status": "OCCUPIED", "distance_cm": 6.4, "ts": "2026-09-30T07:00:51Z"}
2026-09-30T07:00:58Z parking/lantai-1/slot/A3 {"slot_id": "A3", "status": "FREE", "distance_cm": 33.2, "ts": "2026-09-30T07:00:58Z"}
2026-09-30T07:01:02Z parking/lantai-1/slot/A2 {"slot_id": "A2", "status": "FREE", "distance_cm": 39.2, "ts": "2026-09-30T07:01:02Z"}
2026-09-30T07:01:04Z parking/lantai-1/slot/A1 {"slot_id": "A1", "status": "FREE", "distance_cm": 39.1, "ts": "2026-09-30T07:01:04Z"}
2026-09-30T07:01:06Z parking/lantai-1/slot/A1 {"slot_id": "A1", "status": "OCCUPIED", "distance_cm": 5.8, "ts": "2026-09-30T07:01:06Z"}
2026-09-30T07:01:12Z parking/lantai-1/slot/A3 {"slot_id": "A3", "status": "OCCUPIED", "distance_cm": 8.6, "ts": "2026-09-30T07:01:12Z"}
2026-09-30T07:01:13Z parking/lantai-1/slot/A2 {"slot_id": "A2", "status": "OCCUPIED", "distance_cm": 2.0, "ts": "2026-09-30T07:01:13Z"}
2026-09-30T07:01:14Z parking/lantai-1/slot/A1 {"slot_id": "A1", "status": "FREE", "distance_cm": 35.7, "ts": "2026-09-30T07:01:14Z"}
2026-09-30T07:01:22Z parking/lantai-1/slot/A1 {"slot_id": "A1", "status": "OCCUPIED", "distance_cm": 7.9, "ts": "2026-09-30T07:01:22Z"}
2026-09-30T07:01:24Z parking/lantai-1/slot/A2 {"slot_id": "A2", "status": "FREE", "distance_cm": 38.1, "ts": "2026-09-30T07:01:24Z"}
2026-09-30T07:01:26Z parking/lantai-1/slot/A3 {"slot_id": "A3", "status": "FREE", "distance_cm": 37.8, "ts": "2026-09-30T07:01:26Z"}
2026-09-30T07:01:32Z parking/lantai-1/slot/A1 {"slot_id": "A1", "status": "FREE", "distance_cm": 36.4, "ts": "2026-09-30T07:01:32Z"}
2026-09-30T07:01:35Z parking/lantai-1/slot/A2 {"slot_id": "A2", "status": "OCCUPIED", "distance_cm": 6.9, "ts": "2026-09-30T07:01:35Z"}
2026-09-30T07:01:38Z parking/lantai-1/slot/A1 {"slot_id": "A1", "status": "OCCUPIED", "distance_cm": 8.0, "ts": "2026-09-30T07:01:38Z"}
2026-09-30T07:01:40Z parking/lantai-1/slot/A3 {"slot_id": "A3", "status": "OCCUPIED", "distance_cm": 6.8, "ts": "2026-09-30T07:01:40Z"}
2026-09-30T07:01:46Z parking/lantai-1/slot/A2 {"slot_id": "A2", "status": "FREE", "distance_cm": 35.3, "ts": "2026-09-30T07:01:46Z"}
2026-09-30T07:01:46Z parking/lantai-1/slot/A1 {"slot_id": "A1", "status": "FREE", "distance_cm": 33.7, "ts": "2026-09-30T07:01:46Z"}
2026-09-30T07:01:54Z parking/lantai-1/slot/A1 {"slot_id": "A1", "status": "OCCUPIED", "distance_cm": 2.0, "ts": "2026-09-30T07:01:54Z"}
2026-09-30T07:01:54Z parking/lantai-1/slot/A3 {"slot_id": "A3", "status": "FREE", "distance_cm": 38.3, "ts": "2026-09-30T07:01:54Z"}
2026-09-30T07:01:57Z parking/lantai-1/slot/A2 {"slot_id": "A2", "status": "OCCUPIED", "distance_cm": 5.2, "ts": "2026-09-30T07:01:57Z"}
2026-09-30T07:02:02Z parking/lantai-1/slot/A1 {"slot_id": "A1", "status": "FREE", "distance_cm": 34.2, "ts": "2026-09-30T07:02:02Z"}
2026-09-30T07:02:08Z parking/lantai-1/slot/A2 {"slot_id": "A2", "status": "FREE", "distance_cm": 33.1, "ts": "2026-09-30T07:02:08Z"}
2026-09-30T07:02:08Z parking/lantai-1/slot/A3 {"slot_id": "A3", "status": "OCCUPIED", "distance_cm": 7.4, "ts": "2026-09-30T07:02:08Z"}
2026-09-30T07:02:17Z parking/lantai-1/slot/A1 {"slot_id": "A1", "status": "OCCUPIED", "distance_cm": 7.8, "ts": "2026-09-30T07:02:17Z"}
2026-09-30T07:02:19Z parking/lantai-1/slot/A1 {"slot_id": "A1", "status": "FREE", "distance_cm": 39.2, "ts": "2026-09-30T07:02:19Z"}
2026-09-30T07:02:19Z parking/lantai-1/slot/A2 {"slot_id": "A2", "status": "OCCUPIED", "distance_cm": 7.7, "ts": "2026-09-30T07:02:19Z"}
2026-09-30T07:02:23Z parking/lantai-1/slot/A3 {"slot_id": "A3", "status": "FREE", "distance_cm": 35.5, "ts": "2026-09-30T07:02:23Z"}
2026-09-30T07:02:27Z parking/lantai-1/slot/A1 {"slot_id": "A1", "status": "OCCUPIED", "distance_cm": 8.1, "ts": "2026-09-30T07:02:27Z"}
2026-09-30T07:02:30Z parking/lantai-1/slot/A2 {"slot_id": "A2", "status": "FREE", "distance_cm": 39.7, "ts": "2026-09-30T07:02:30Z"}
2026-09-30T07:02:34Z parking/lantai-1/slot/A1 {"slot_id": "A1", "status": "FREE", "distance_cm": 39.5, "ts": "2026-09-30T07:02:34Z"}
2026-09-30T07:02:36Z parking/lantai-1/slot/A3 {"slot_id": "A3", "status": "OCCUPIED", "distance_cm": 8.1, "ts": "2026-09-30T07:02:36Z"}
2026-09-30T07:02:41Z parking/lantai-1/slot/A2 {"slot_id": "A2", "status": "OCCUPIED", "distance_cm": 8.7, "ts": "2026-09-30T07:02:41Z"}
2026-09-30T07:02:42Z parking/lantai-1/slot/A1 {"slot_id": "A1", "status": "OCCUPIED", "distance_cm": 6.2, "ts": "2026-09-30T07:02:42Z"}
2026-09-30T07:02:50Z parking/lantai-1/slot/A3 {"slot_id": "A3", "status": "FREE", "distance_cm": 33.7, "ts": "2026-09-30T07:02:50Z"}
2026-09-30T07:02:50Z parking/lantai-1/slot/A1 {"slot_id": "A1", "status": "FREE", "distance_cm": 36.3, "ts": "2026-09-30T07:02:50Z"}
2026-09-30T07:02:54Z parking/lantai-1/slot/A2 {"slot_id": "A2", "status": "FREE", "distance_cm": 37.5, "ts": "2026-09-30T07:02:54Z"}
2026-09-30T07:02:58Z parking/lantai-1/slot/A1 {"slot_id": "A1", "status": "OCCUPIED", "distance_cm": 8.4, "ts": "2026-09-30T07:02:58Z"}
2026-09-30T07:03:03Z parking/lantai-1/slot/A2 {"slot_id": "A2", "status": "OCCUPIED", "distance_cm": 7.5, "ts": "2026-09-30T07:03:03Z"}
2026-09-30T07:03:04Z parking/lantai-1/slot/A3 {"slot_id": "A3", "status": "OCCUPIED", "distance_cm": 7.2, "ts": "2026-09-30T07:03:04Z"}
2026-09-30T07:03:06Z parking/lantai-1/slot/A1 {"slot_id": "A1", "status": "FREE", "distance_cm": 38.4, "ts": "2026-09-30T07:03:06Z"}
2026-09-30T07:03:14Z parking/lantai-1/slot/A2 {"slot_id": "A2", "status": "FREE", "distance_cm": 33.3, "ts": "2026-09-30T07:03:14Z"}
2026-09-30T07:03:14Z parking/lantai-1/slot/A1 {"slot_id": "A1", "status": "OCCUPIED", "distance_cm": 6.6, "ts": "2026-09-30T07:03:14Z"}
2026-09-30T07:03:18Z parking/lantai-1/slot/A3 {"slot_id": "A3", "status": "FREE", "distance_cm": 33.4, "ts": "2026-09-30T07:03:18Z"}
2026-09-30T07:03:22Z parking/lantai-1/slot/A1 {"slot_id": "A1", "status": "FREE", "distance_cm": 38.6, "ts": "2026-09-30T07:03:22Z"}
2026-09-30T07:03:25Z parking/lantai-1/slot/A2 {"slot_id": "A2", "status": "OCCUPIED", "distance_cm": 8.5, "ts": "2026-09-30T07:03:25Z"}
2026-09-30T07:03:31Z parking/lantai-1/slot/A1 {"slot_id": "A1", "status": "OCCUPIED", "distance_cm": 7.9, "ts": "2026-09-30T07:03:31Z"}
2026-09-30T07:03:33Z parking/lantai-1/slot/A3 {"slot_id": "A3", "status": "OCCUPIED", "distance_cm": 7.1, "ts": "2026-09-30T07:03:33Z"}
2026-09-30T07:03:37Z parking/lantai-1/slot/A2 {"slot_id": "A2", "status": "FREE", "distance_cm": 37.2, "ts": "2026-09-30T07:03:37Z"}
2026-09-30T07:03:40Z parking/lantai-1/slot/A1 {"slot_id": "A1", "status": "FREE", "distance_cm": 34.9, "ts": "2026-09-30T07:03:40Z"}
2026-09-30T07:03:46Z parking/lantai-1/slot/A3 {"slot_id": "A3", "status": "FREE", "distance_cm": 34.8, "ts": "2026-09-30T07:03:46Z"}
2026-09-30T07:03:46Z parking/lantai-1/slot/A1 {"slot_id": "A1", "status": "OCCUPIED", "distance_cm": 6.5, "ts": "2026-09-30T07:03:46Z"}
2026-09-30T07:03:47Z parking/lantai-1/slot/A2 {"slot_id": "A2", "status": "OCCUPIED", "distance_cm": 9.0, "ts": "2026-09-30T07:03:47Z"}
2026-09-30T07:03:54Z parking/lantai-1/slot/A1 {"slot_id": "A1", "status": "FREE", "distance_cm": 34.7, "ts": "2026-09-30T07:03:54Z"}
2026-09-30T07:03:58Z parking/lantai-1/slot/A2 {"slot_id": "A2", "status": "FREE", "distance_cm": 37.9, "ts": "2026-09-30T07:03:58Z"}
2026-09-30T07:04:00Z parking/lantai-1/slot/A3 {"slot_id": "A3", "status": "OCCUPIED", "distance_cm": 7.4, "ts": "2026-09-30T07:04:00Z"}
2026-09-30T07:04:02Z parking/lantai-1/slot/A1 {"slot_id": "A1", "status": "OCCUPIED", "distance_cm": 6.0, "ts": "2026-09-30T07:04:02Z"}
2026-09-30T07:04:09Z parking/lantai-1/slot/A2 {"slot_id": "A2", "status": "OCCUPIED", "distance_cm": 5.2, "ts": "2026-09-30T07:04:09Z"}
2026-09-30T07:04:14Z parking/lantai-1/slot/A3 {"slot_id": "A3", "status": "FREE", "distance_cm": 37.7, "ts": "2026-09-30T07:04:14Z"}
2026-09-30T07:04:15Z parking/lantai-1/slot/A1 {"slot_id": "A1", "status": "FREE", "distance_cm": 38.9, "ts": "2026-09-30T07:04:15Z"}
2026-09-30T07:04:18Z parking/lantai-1/slot/A1 {"slot_id": "A1", "status": "OCCUPIED", "distance_cm": 5.8, "ts": "2026-09-30T07:04:18Z"}
2026-09-30T07:04:20Z parking/lantai-1/slot/A2 {"slot_id": "A2", "status": "FREE", "distance_cm": 36.9, "ts": "2026-09-30T07:04:20Z"}
2026-09-30T07:04:26Z parking/lantai-1/slot/A1 {"slot_id": "A1", "status": "FREE", "distance_cm": 33.2, "ts": "2026-09-30T07:04:26Z"}
2026-09-30T07:04:27Z parking/lantai-1/slot/A3 {"slot_id": "A3", "status": "OCCUPIED", "distance_cm": 7.6, "ts": "2026-09-30T07:04:27Z"}
2026-09-30T07:04:31Z parking/lantai-1/slot/A2 {"slot_id": "A2", "status": "OCCUPIED", "distance_cm": 8.8, "ts": "2026-09-30T07:04:31Z"}
2026-09-30T07:04:34Z parking/lantai-1/slot/A1 {"slot_id": "A1", "status": "OCCUPIED", "distance_cm": 5.4, "ts": "2026-09-30T07:04:34Z"}
2026-09-30T07:04:42Z parking/lantai-1/slot/A2 {"slot_id": "A2", "status": "FREE", "distance_cm": 39.1, "ts": "2026-09-30T07:04:42Z"}
2026-09-30T07:04:42Z parking/lantai-1/slot/A3 {"slot_id": "A3", "status": "FREE", "distance_cm": 37.2, "ts": "2026-09-30T07:04:42Z"}
2026-09-30T07:04:42Z parking/lantai-1/slot/A1 {"slot_id": "A1", "status": "FREE", "distance_cm": 39.2, "ts": "2026-09-30T07:04:42Z"}
2026-09-30T07:04:50Z parking/lantai-1/slot/A1 {"slot_id": "A1", "status": "OCCUPIED", "distance_cm": 8.4, "ts": "2026-09-30T07:04:50Z"}
2026-09-30T07:04:56Z parking/lantai-1/slot/A2 {"slot_id": "A2", "status": "OCCUPIED", "distance_cm": 7.0, "ts": "2026-09-30T07:04:56Z"}
2026-09-30T07:04:58Z parking/lantai-1/slot/A3 {"slot_id": "A3", "status": "OCCUPIED", "distance_cm": 8.0, "ts": "2026-09-30T07:04:58Z"}
2026-09-30T07:04:59Z parking/lantai-1/slot/A1 {"slot_id": "A1", "status": "FREE", "distance_cm": 37.9, "ts": "2026-09-30T07:04:59Z"}
2026-09-30T07:05:04Z parking/lantai-1/slot/A2 {"slot_id": "A2", "status": "FREE", "distance_cm": 37.2, "ts": "2026-09-30T07:05:04Z"}
2026-09-30T07:05:06Z parking/lantai-1/slot/A1 {"slot_id": "A1", "status": "OCCUPIED", "distance_cm": 7.0, "ts": "2026-09-30T07:05:06Z"}
2026-09-30T07:05:10Z parking/lantai-1/slot/A3 {"slot_id": "A3", "status": "FREE", "distance_cm": 37.7, "ts": "2026-09-30T07:05:10Z"}
2026-09-30T07:05:14Z parking/lantai-1/slot/A1 {"slot_id": "A1", "status": "FREE", "distance_cm": 33.5, "ts": "2026-09-30T07:05:14Z"}
2026-09-30T07:05:15Z parking/lantai-1/slot/A2 {"slot_id": "A2", "status": "OCCUPIED", "distance_cm": 7.0, "ts": "2026-09-30T07:05:15Z"}
2026-09-30T07:05:22Z parking/lantai-1/slot/A1 {"slot_id": "A1", "status": "OCCUPIED", "distance_cm": 8.3, "ts": "2026-09-30T07:05:22Z"}
2026-09-30T07:05:25Z parking/lantai-1/slot/A3 {"slot_id": "A3", "status": "OCCUPIED", "distance_cm": 8.3, "ts": "2026-09-30T07:05:25Z"}
2026-09-30T07:05:26Z parking/lantai-1/slot/A2 {"slot_id": "A2", "status": "FREE", "distance_cm": 38.4, "ts": "2026-09-30T07:05:26Z"}
2026-09-30T07:05:34Z parking/lantai-1/slot/A1 {"slot_id": "A1", "status": "FREE", "distance_cm": 36.1, "ts": "2026-09-30T07:05:34Z"}
2026-09-30T07:05:37Z parking/lantai-1/slot/A2 {"slot_id": "A2", "status": "OCCUPIED", "distance_cm": 8.8, "ts": "2026-09-30T07:05:37Z"}
2026-09-30T07:05:38Z parking/lantai-1/slot/A1 {"slot_id": "A1", "status": "OCCUPIED", "distance_cm": 7.9, "ts": "2026-09-30T07:05:38Z"}
2026-09-30T07:05:38Z parking/lantai-1/slot/A3 {"slot_id": "A3", "status": "FREE", "distance_cm": 35.8, "ts": "2026-09-30T07:05:38Z"}
2026-09-30T07:05:46Z parking/lantai-1/slot/A1 {"slot_id": "A1", "status": "FREE", "distance_cm": 38.8, "ts": "2026-09-30T07:05:46Z"}
2026-09-30T07:05:48Z parking/lantai-1/slot/A2 {"slot_id": "A2", "status": "FREE", "distance_cm": 35.8, "ts": "2026-09-30T07:05:48Z"}
2026-09-30T07:05:52Z parking/lantai-1/slot/A3 {"slot_id": "A3", "status": "OCCUPIED", "distance_cm": 6.1, "ts": "2026-09-30T07:05:52Z"}
2026-09-30T07:05:54Z parking/lantai-1/slot/A1 {"slot_id": "A1", "status": "OCCUPIED", "distance_cm": 5.6, "ts": "2026-09-30T07:05:54Z"}
2026-09-30T07:05:59Z parking/lantai-1/slot/A2 {"slot_id": "A2", "status": "OCCUPIED", "distance_cm": 7.3, "ts": "2026-09-30T07:05:59Z"}
2026-09-30T07:06:02Z parking/lantai-1/slot/A1 {"slot_id": "A1", "status": "FREE", "distance_cm": 34.7, "ts": "2026-09-30T07:06:02Z"}
2026-09-30T07:06:06Z parking/lantai-1/slot/A3 {"slot_id": "A3", "status": "FREE", "distance_cm": 34.0, "ts": "2026-09-30T07:06:06Z"}
2026-09-30T07:06:11Z parking/lantai-1/slot/A1 {"slot_id": "A1", "status": "OCCUPIED", "distance_cm": 7.3, "ts": "2026-09-30T07:06:11Z"}
2026-09-30T07:06:11Z parking/lantai-1/slot/A2 {"slot_id": "A2", "status": "FREE", "distance_cm": 35.6, "ts": "2026-09-30T07:06:11Z"}
2026-09-30T07:06:18Z parking/lantai-1/slot/A1 {"slot_id": "A1", "status": "FREE", "distance_cm": 33.5, "ts": "2026-09-30T07:06:18Z"}
2026-09-30T07:06:20Z parking/lantai-1/slot/A3 {"slot_id": "A3", "status": "OCCUPIED", "distance_cm": 7.6, "ts": "2026-09-30T07:06:20Z"}
2026-09-30T07:06:21Z parking/lantai-1/slot/A2 {"slot_id": "A2", "status": "OCCUPIED", "distance_cm": 7.0, "ts": "2026-09-30T07:06:21Z"}
2026-09-30T07:06:26Z parking/lantai-1/slot/A1 {"slot_id": "A1", "status": "OCCUPIED", "distance_cm": 8.2, "ts": "2026-09-30T07:06:26Z"}
2026-09-30T07:06:32Z parking/lantai-1/slot/A2 {"slot_id": "A2", "status": "FREE", "distance_cm": 35.9, "ts": "2026-09-30T07:06:32Z"}
2026-09-30T07:06:34Z parking/lantai-1/slot/A1 {"slot_id": "A1", "status": "FREE", "distance_cm": 39.9, "ts": "2026-09-30T07:06:34Z"}
2026-09-30T07:06:34Z parking/lantai-1/slot/A3 {"slot_id": "A3", "status": "FREE", "distance_cm": 35.5, "ts": "2026-09-30T07:06:34Z"}
2026-09-30T07:06:42Z parking/lantai-1/slot/A1 {"slot_id": "A1", "status": "OCCUPIED", "distance_cm": 7.6, "ts": "2026-09-30T07:06:42Z"}
2026-09-30T07:06:43Z parking/lantai-1/slot/A2 {"slot_id": "A2", "status": "OCCUPIED", "distance_cm": 6.1, "ts": "2026-09-30T07:06:43Z"}
2026-09-30T07:06:48Z parking/lantai-1/slot/A3 {"slot_id": "A3", "status": "OCCUPIED", "distance_cm": 7.3, "ts": "2026-09-30T07:06:48Z"}
2026-09-30T07:06:50Z parking/lantai-1/slot/A1 {"slot_id": "A1", "status": "FREE", "distance_cm": 39.8, "ts": "2026-09-30T07:06:50Z"}
2026-09-30T07:06:54Z parking/lantai-1/slot/A2 {"slot_id": "A2", "status": "FREE", "distance_cm": 36.1, "ts": "2026-09-30T07:06:54Z"}
2026-09-30T07:06:58Z parking/lantai-1/slot/A1 {"slot_id": "A1", "status": "OCCUPIED", "distance_cm": 6.4, "ts": "2026-09-30T07:06:58Z"}
2026-09-30T07:07:02Z parking/lantai-1/slot/A3 {"slot_id": "A3", "status": "FREE", "distance_cm": 35.0, "ts": "2026-09-30T07:07:02Z"}
2026-09-30T07:07:05Z parking/lantai-1/slot/A2 {"slot_id": "A2", "status": "OCCUPIED", "distance_cm": 6.8, "ts": "2026-09-30T07:07:05Z"}
2026-09-30T07:07:06Z parking/lantai-1/slot/A1 {"slot_id": "A1", "status": "FREE", "distance_cm": 34.9, "ts": "2026-09-30T07:07:06Z"}
2026-09-30T07:07:16Z parking/lantai-1/slot/A1 {"slot_id": "A1", "status": "OCCUPIED", "distance_cm": 8.6, "ts": "2026-09-30T07:07:16Z"}
2026-09-30T07:07:17Z parking/lantai-1/slot/A2 {"slot_id": "A2", "status": "FREE", "distance_cm": 38.5, "ts": "2026-09-30T07:07:17Z"}
2026-09-30T07:07:17Z parking/lantai-1/slot/A3 {"slot_id": "A3", "status": "OCCUPIED", "distance_cm": 8.5, "ts": "2026-09-30T07:07:17Z"}
2026-09-30T07:07:22Z parking/lantai-1/slot/A1 {"slot_id": "A1", "status": "FREE", "distance_cm": 36.9, "ts": "2026-09-30T07:07:22Z"}
2026-09-30T07:07:28Z parking/lantai-1/slot/A2 {"slot_id": "A2", "status": "OCCUPIED", "distance_cm": 5.1, "ts": "2026-09-30T07:07:28Z"}
2026-09-30T07:07:30Z parking/lantai-1/slot/A1 {"slot_id": "A1", "status": "OCCUPIED", "distance_cm": 8.7, "ts": "2026-09-30T07:07:30Z"}
2026-09-30T07:07:30Z parking/lantai-1/slot/A3 {"slot_id": "A3", "status": "FREE", "distance_cm": 37.9, "ts": "2026-09-30T07:07:30Z"}
2026-09-30T07:07:38Z parking/lantai-1/slot/A1 {"slot_id": "A1", "status": "FREE", "distance_cm": 38.7, "ts": "2026-09-30T07:07:38Z"}
2026-09-30T07:07:38Z parking/lantai-1/slot/A2 {"slot_id": "A2", "status": "FREE", "distance_cm": 39.6, "ts": "2026-09-30T07:07:38Z"}
2026-09-30T07:07:44Z parking/lantai-1/slot/A3 {"slot_id": "A3", "status": "OCCUPIED", "distance_cm": 5.1, "ts": "2026-09-30T07:07:44Z"}
2026-09-30T07:07:46Z parking/lantai-1/slot/A1 {"slot_id": "A1", "status": "OCCUPIED", "distance_cm": 7.9, "ts": "2026-09-30T07:07:46Z"}
2026-09-30T07:07:50Z parking/lantai-1/slot/A2 {"slot_id": "A2", "status": "OCCUPIED", "distance_cm": 8.4, "ts": "2026-09-30T07:07:49Z"}
2026-09-30T07:07:54Z parking/lantai-1/slot/A1 {"slot_id": "A1", "status": "FREE", "distance_cm": 37.8, "ts": "2026-09-30T07:07:54Z"}
2026-09-30T07:07:58Z parking/lantai-1/slot/A3 {"slot_id": "A3", "status": "FREE", "distance_cm": 38.2, "ts": "2026-09-30T07:07:58Z"}
2026-09-30T07:08:01Z parking/lantai-1/slot/A2 {"slot_id": "A2", "status": "FREE", "distance_cm": 34.2, "ts": "2026-09-30T07:08:01Z"}
2026-09-30T07:08:03Z parking/lantai-1/slot/A1 {"slot_id": "A1", "status": "OCCUPIED", "distance_cm": 6.1, "ts": "2026-09-30T07:08:03Z"}
2026-09-30T07:08:10Z parking/lantai-1/slot/A1 {"slot_id": "A1", "status": "FREE", "distance_cm": 39.1, "ts": "2026-09-30T07:08:10Z"}
2026-09-30T07:08:12Z parking/lantai-1/slot/A2 {"slot_id": "A2", "status": "OCCUPIED", "distance_cm": 5.8, "ts": "2026-09-30T07:08:12Z"}
2026-09-30T07:08:14Z parking/lantai-1/slot/A3 {"slot_id": "A3", "status": "OCCUPIED", "distance_cm": 7.9, "ts": "2026-09-30T07:08:14Z"}
2026-09-30T07:08:19Z parking/lantai-1/slot/A1 {"slot_id": "A1", "status": "OCCUPIED", "distance_cm": 5.8, "ts": "2026-09-30T07:08:19Z"}
2026-09-30T07:08:22Z parking/lantai-1/slot/A2 {"slot_id": "A2", "status": "FREE", "distance_cm": 36.0, "ts": "2026-09-30T07:08:22Z"}
2026-09-30T07:08:26Z parking/lantai-1/slot/A1 {"slot_id": "A1", "status": "FREE", "distance_cm": 35.2, "ts": "2026-09-30T07:08:26Z"}
2026-09-30T07:08:26Z parking/lantai-1/slot/A3 {"slot_id": "A3", "status": "FREE", "distance_cm": 35.9, "ts": "2026-09-30T07:08:26Z"}
2026-09-30T07:08:39Z parking/lantai-1/slot/A2 {"slot_id": "A2", "status": "OCCUPIED", "distance_cm": 5.8, "ts": "2026-09-30T07:08:39Z"}
2026-09-30T07:08:40Z parking/lantai-1/slot/A1 {"slot_id": "A1", "status": "OCCUPIED", "distance_cm": 7.3, "ts": "2026-09-30T07:08:40Z"}
2026-09-30T07:08:41Z parking/lantai-1/slot/A3 {"slot_id": "A3", "status": "OCCUPIED", "distance_cm": 6.9, "ts": "2026-09-30T07:08:41Z"}
2026-09-30T07:08:43Z parking/lantai-1/slot/A1 {"slot_id": "A1", "status": "FREE", "distance_cm": 39.7, "ts": "2026-09-30T07:08:43Z"}
2026-09-30T07:08:45Z parking/lantai-1/slot/A2 {"slot_id": "A2", "status": "FREE", "distance_cm": 34.7, "ts": "2026-09-30T07:08:45Z"}
2026-09-30T07:08:51Z parking/lantai-1/slot/A1 {"slot_id": "A1", "status": "OCCUPIED", "distance_cm": 8.7, "ts": "2026-09-30T07:08:51Z"}
2026-09-30T07:08:55Z parking/lantai-1/slot/A3 {"slot_id": "A3", "status": "FREE", "distance_cm": 34.7, "ts": "2026-09-30T07:08:55Z"}
2026-09-30T07:08:56Z parking/lantai-1/slot/A2 {"slot_id": "A2", "status": "OCCUPIED", "distance_cm": 6.3, "ts": "2026-09-30T07:08:56Z"}
2026-09-30T07:08:58Z parking/lantai-1/slot/A1 {"slot_id": "A1", "status": "FREE", "distance_cm": 33.4, "ts": "2026-09-30T07:08:58Z"}
2026-09-30T07:09:06Z parking/lantai-1/slot/A1 {"slot_id": "A1", "status": "OCCUPIED", "distance_cm": 6.1, "ts": "2026-09-30T07:09:06Z"}
2026-09-30T07:09:07Z parking/lantai-1/slot/A2 {"slot_id": "A2", "status": "FREE", "distance_cm": 39.1, "ts": "2026-09-30T07:09:07Z"}
2026-09-30T07:09:09Z parking/lantai-1/slot/A3 {"slot_id": "A3", "status": "OCCUPIED", "distance_cm": 7.6, "ts": "2026-09-30T07:09:09Z"}
2026-09-30T07:09:14Z parking/lantai-1/slot/A1 {"slot_id": "A1", "status": "FREE", "distance_cm": 33.3, "ts": "2026-09-30T07:09:14Z"}
2026-09-30T07:09:18Z parking/lantai-1/slot/A2 {"slot_id": "A2", "status": "OCCUPIED", "distance_cm": 8.9, "ts": "2026-09-30T07:09:18Z"}
2026-09-30T07:09:22Z parking/lantai-1/slot/A3 {"slot_id": "A3", "status": "FREE", "distance_cm": 33.0, "ts": "2026-09-30T07:09:22Z"}
2026-09-30T07:09:22Z parking/lantai-1/slot/A1 {"slot_id": "A1", "status": "OCCUPIED", "distance_cm": 5.9, "ts": "2026-09-30T07:09:22Z"}
2026-09-30T07:09:28Z parking/lantai-1/slot/A2 {"slot_id": "A2", "status": "FREE", "distance_cm": 36.3, "ts": "2026-09-30T07:09:28Z"}
2026-09-30T07:09:30Z parking/lantai-1/slot/A1 {"slot_id": "A1", "status": "FREE", "distance_cm": 33.6, "ts": "2026-09-30T07:09:30Z"}
2026-09-30T07:09:36Z parking/lantai-1/slot/A3 {"slot_id": "A3", "status": "OCCUPIED", "distance_cm": 5.9, "ts": "2026-09-30T07:09:36Z"}
2026-09-30T07:09:39Z parking/lantai-1/slot/A2 {"slot_id": "A2", "status": "OCCUPIED", "distance_cm": 5.1, "ts": "2026-09-30T07:09:39Z"}
2026-09-30T07:09:39Z parking/lantai-1/slot/A1 {"slot_id": "A1", "status": "OCCUPIED", "distance_cm": 5.1, "ts": "2026-09-30T07:09:39Z"}
2026-09-30T07:09:46Z parking/lantai-1/slot/A1 {"slot_id": "A1", "status": "FREE", "distance_cm": 35.0, "ts": "2026-09-30T07:09:46Z"}
2026-09-30T07:09:50Z parking/lantai-1/slot/A2 {"slot_id": "A2", "status": "FREE", "distance_cm": 37.3, "ts": "2026-09-30T07:09:50Z"}
2026-09-30T07:09:50Z parking/lantai-1/slot/A3 {"slot_id": "A3", "status": "FREE", "distance_cm": 33.7, "ts": "2026-09-30T07:09:50Z"}
2026-09-30T07:09:54Z parking/lantai-1/slot/A1 {"slot_id": "A1", "status": "OCCUPIED", "distance_cm": 5.0, "ts": "2026-09-30T07:09:54Z"}
2026-09-30T07:10:01Z parking/lantai-1/slot/A2 {"slot_id": "A2", "status": "OCCUPIED", "distance_cm": 5.5, "ts": "2026-09-30T07:10:01Z"}
2026-09-30T07:10:04Z parking/lantai-1/slot/A3 {"slot_id": "A3", "status": "OCCUPIED", "distance_cm": 5.3, "ts": "2026-09-30T07:10:04Z"}
2026-09-30T07:10:08Z parking/lantai-1/slot/A1 {"slot_id": "A1", "status": "FREE", "distance_cm": 39.7, "ts": "2026-09-30T07:10:08Z"}
2026-09-30T07:10:10Z parking/lantai-1/slot/A1 {"slot_id": "A1", "status": "OCCUPIED", "distance_cm": 8.5, "ts": "2026-09-30T07:10:10Z"}
2026-09-30T07:10:12Z parking/lantai-1/slot/A2 {"slot_id": "A2", "status": "FREE", "distance_cm": 37.1, "ts": "2026-09-30T07:10:12Z"}
2026-09-30T07:10:18Z parking/lantai-1/slot/A3 {"slot_id": "A3", "status": "FREE", "distance_cm": 38.6, "ts": "2026-09-30T07:10:18Z"}
2026-09-30T07:10:18Z parking/lantai-1/slot/A1 {"slot_id": "A1", "status": "FREE", "distance_cm": 38.3, "ts": "2026-09-30T07:10:18Z"}
2026-09-30T07:10:23Z parking/lantai-1/slot/A2 {"slot_id": "A2", "status": "OCCUPIED", "distance_cm": 8.6, "ts": "2026-09-30T07:10:23Z"}
2026-09-30T07:10:26Z parking/lantai-1/slot/A1 {"slot_id": "A1", "status": "OCCUPIED", "distance_cm": 8.5, "ts": "2026-09-30T07:10:26Z"}
2026-09-30T07:10:32Z parking/lantai-1/slot/A3 {"slot_id": "A3", "status": "OCCUPIED", "distance_cm": 6.6, "ts": "2026-09-30T07:10:32Z"}
2026-09-30T07:10:34Z parking/lantai-1/slot/A2 {"slot_id": "A2", "status": "FREE", "distance_cm": 36.9, "ts": "2026-09-30T07:10:34Z"}
2026-09-30T07:10:36Z parking/lantai-1/slot/A1 {"slot_id": "A1", "status": "FREE", "distance_cm": 38.4, "ts": "2026-09-30T07:10:36Z"}
2026-09-30T07:10:45Z parking/lantai-1/slot/A1 {"slot_id": "A1", "status": "OCCUPIED", "distance_cm": 7.0, "ts": "2026-09-30T07:10:45Z"}
2026-09-30T07:10:45Z parking/lantai-1/slot/A2 {"slot_id": "A2", "status": "OCCUPIED", "distance_cm": 7.5, "ts": "2026-09-30T07:10:45Z"}
2026-09-30T07:10:46Z parking/lantai-1/slot/A3 {"slot_id": "A3", "status": "FREE", "distance_cm": 33.5, "ts": "2026-09-30T07:10:46Z"}
2026-09-30T07:10:51Z parking/lantai-1/slot/A1 {"slot_id": "A1", "status": "FREE", "distance_cm": 36.2, "ts": "2026-09-30T07:10:51Z"}
2026-09-30T07:10:56Z parking/lantai-1/slot/A2 {"slot_id": "A2", "status": "FREE", "distance_cm": 39.6, "ts": "2026-09-30T07:10:56Z"}
2026-09-30T07:10:59Z parking/lantai-1/slot/A1 {"slot_id": "A1", "status": "OCCUPIED", "distance_cm": 8.4, "ts": "2026-09-30T07:10:59Z"}
2026-09-30T07:11:00Z parking/lantai-1/slot/A3 {"slot_id": "A3", "status": "OCCUPIED", "distance_cm": 8.0, "ts": "2026-09-30T07:11:00Z"}
2026-09-30T07:11:06Z parking/lantai-1/slot/A1 {"slot_id": "A1", "status": "FREE", "distance_cm": 33.5, "ts": "2026-09-30T07:11:06Z"}
2026-09-30T07:11:07Z parking/lantai-1/slot/A2 {"slot_id": "A2", "status": "OCCUPIED", "distance_cm": 5.3, "ts": "2026-09-30T07:11:07Z"}
2026-09-30T07:11:24Z parking/lantai-1/slot/A2 {"slot_id": "A2", "status": "FREE", "distance_cm": 36.7, "ts": "2026-09-30T07:11:24Z"}
2026-09-30T07:11:24Z parking/lantai-1/slot/A3 {"slot_id": "A3", "status": "FREE", "distance_cm": 35.9, "ts": "2026-09-30T07:11:24Z"}
2026-09-30T07:11:29Z parking/lantai-1/slot/A3 {"slot_id": "A3", "status": "OCCUPIED", "distance_cm": 6.4, "ts": "2026-09-30T07:11:29Z"}
2026-09-30T07:11:29Z parking/lantai-1/slot/A2 {"slot_id": "A2", "status": "OCCUPIED", "distance_cm": 6.2, "ts": "2026-09-30T07:11:29Z"}
2026-09-30T07:11:30Z parking/lantai-1/slot/A1 {"slot_id": "A1", "status": "OCCUPIED", "distance_cm": 7.6, "ts": "2026-09-30T07:11:30Z"}
2026-09-30T07:11:38Z parking/lantai-1/slot/A1 {"slot_id": "A1", "status": "FREE", "distance_cm": 38.3, "ts": "2026-09-30T07:11:38Z"}
2026-09-30T07:11:40Z parking/lantai-1/slot/A2 {"slot_id": "A2", "status": "FREE", "distance_cm": 38.1, "ts": "2026-09-30T07:11:40Z"}
2026-09-30T07:11:42Z parking/lantai-1/slot/A3 {"slot_id": "A3", "status": "FREE", "distance_cm": 39.3, "ts": "2026-09-30T07:11:42Z"}
2026-09-30T07:11:46Z parking/lantai-1/slot/A1 {"slot_id": "A1", "status": "OCCUPIED", "distance_cm": 5.7, "ts": "2026-09-30T07:11:46Z"}
2026-09-30T07:11:51Z parking/lantai-1/slot/A2 {"slot_id": "A2", "status": "OCCUPIED", "distance_cm": 8.7, "ts": "2026-09-30T07:11:51Z"}
2026-09-30T07:11:55Z parking/lantai-1/slot/A1 {"slot_id": "A1", "status": "FREE", "distance_cm": 34.4, "ts": "2026-09-30T07:11:55Z"}
2026-09-30T07:11:56Z parking/lantai-1/slot/A3 {"slot_id": "A3", "status": "OCCUPIED", "distance_cm": 7.5, "ts": "2026-09-30T07:11:56Z"}
2026-09-30T07:12:05Z parking/lantai-1/slot/A2 {"slot_id": "A2", "status": "FREE", "distance_cm": 35.2, "ts": "2026-09-30T07:12:05Z"}
2026-09-30T07:12:08Z parking/lantai-1/slot/A1 {"slot_id": "A1", "status": "OCCUPIED", "distance_cm": 6.3, "ts": "2026-09-30T07:12:08Z"}
2026-09-30T07:12:10Z parking/lantai-1/slot/A1 {"slot_id": "A1", "status": "FREE", "distance_cm": 37.8, "ts": "2026-09-30T07:12:10Z"}
2026-09-30T07:12:10Z parking/lantai-1/slot/A3 {"slot_id": "A3", "status": "FREE", "distance_cm": 35.9, "ts": "2026-09-30T07:12:10Z"}
2026-09-30T07:12:14Z parking/lantai-1/slot/A2 {"slot_id": "A2", "status": "OCCUPIED", "distance_cm": 6.3, "ts": "2026-09-30T07:12:14Z"}
2026-09-30T07:12:18Z parking/lantai-1/slot/A1 {"slot_id": "A1", "status": "OCCUPIED", "distance_cm": 8.2, "ts": "2026-09-30T07:12:18Z"}
2026-09-30T07:12:25Z parking/lantai-1/slot/A2 {"slot_id": "A2", "status": "FREE", "distance_cm": 38.5, "ts": "2026-09-30T07:12:25Z"}
2026-09-30T07:12:25Z parking/lantai-1/slot/A3 {"slot_id": "A3", "status": "OCCUPIED", "distance_cm": 5.7, "ts": "2026-09-30T07:12:25Z"}
2026-09-30T07:12:27Z parking/lantai-1/slot/A1 {"slot_id": "A1", "status": "FREE", "distance_cm": 33.4, "ts": "2026-09-30T07:12:27Z"}
2026-09-30T07:12:34Z parking/lantai-1/slot/A1 {"slot_id": "A1", "status": "OCCUPIED", "distance_cm": 6.3, "ts": "2026-09-30T07:12:34Z"}
2026-09-30T07:12:35Z parking/lantai-1/slot/A2 {"slot_id": "A2", "status": "OCCUPIED", "distance_cm": 7.9, "ts": "2026-09-30T07:12:35Z"}
2026-09-30T07:12:43Z parking/lantai-1/slot/A3 {"slot_id": "A3", "status": "FREE", "distance_cm": 39.1, "ts": "2026-09-30T07:12:43Z"}
2026-09-30T07:12:46Z parking/lantai-1/slot/A2 {"slot_id": "A2", "status": "FREE", "distance_cm": 34.3, "ts": "2026-09-30T07:12:46Z"}
2026-09-30T07:12:46Z parking/lantai-1/slot/A1 {"slot_id": "A1", "status": "FREE", "distance_cm": 33.1, "ts": "2026-09-30T07:12:46Z"}
2026-09-30T07:12:50Z parking/lantai-1/slot/A1 {"slot_id": "A1", "status": "OCCUPIED", "distance_cm": 8.0, "ts": "2026-09-30T07:12:50Z"}
2026-09-30T07:12:53Z parking/lantai-1/slot/A3 {"slot_id": "A3", "status": "OCCUPIED", "distance_cm": 7.0, "ts": "2026-09-30T07:12:53Z"}
2026-09-30T07:12:57Z parking/lantai-1/slot/A2 {"slot_id": "A2", "status": "OCCUPIED", "distance_cm": 8.7, "ts": "2026-09-30T07:12:57Z"}
2026-09-30T07:12:59Z parking/lantai-1/slot/A1 {"slot_id": "A1", "status": "FREE", "distance_cm": 40.0, "ts": "2026-09-30T07:12:59Z"}
2026-09-30T07:13:06Z parking/lantai-1/slot/A1 {"slot_id": "A1", "status": "OCCUPIED", "distance_cm": 6.7, "ts": "2026-09-30T07:13:06Z"}
2026-09-30T07:13:07Z parking/lantai-1/slot/A3 {"slot_id": "A3", "status": "FREE", "distance_cm": 39.0, "ts": "2026-09-30T07:13:07Z"}
2026-09-30T07:13:08Z parking/lantai-1/slot/A2 {"slot_id": "A2", "status": "FREE", "distance_cm": 37.8, "ts": "2026-09-30T07:13:08Z"}
2026-09-30T07:13:14Z parking/lantai-1/slot/A1 {"slot_id": "A1", "status": "FREE", "distance_cm": 38.1, "ts": "2026-09-30T07:13:14Z"}
2026-09-30T07:13:19Z parking/lantai-1/slot/A2 {"slot_id": "A2", "status": "OCCUPIED", "distance_cm": 7.2, "ts": "2026-09-30T07:13:19Z"}
2026-09-30T07:13:20Z parking/lantai-1/slot/A3 {"slot_id": "A3", "status": "OCCUPIED", "distance_cm": 8.3, "ts": "2026-09-30T07:13:20Z"}
2026-09-30T07:13:24Z parking/lantai-1/slot/A1 {"slot_id": "A1", "status": "OCCUPIED", "distance_cm": 6.0, "ts": "2026-09-30T07:13:24Z"}
2026-09-30T07:13:33Z parking/lantai-1/slot/A1 {"slot_id": "A1", "status": "FREE", "distance_cm": 38.9, "ts": "2026-09-30T07:13:33Z"}
2026-09-30T07:13:33Z parking/lantai-1/slot/A2 {"slot_id": "A2", "status": "FREE", "distance_cm": 35.6, "ts": "2026-09-30T07:13:33Z"}
2026-09-30T07:13:34Z parking/lantai-1/slot/A3 {"slot_id": "A3", "status": "FREE", "distance_cm": 34.9, "ts": "2026-09-30T07:13:34Z"}
2026-09-30T07:13:38Z parking/lantai-1/slot/A1 {"slot_id": "A1", "status": "OCCUPIED", "distance_cm": 6.9, "ts": "2026-09-30T07:13:38Z"}
2026-09-30T07:13:40Z parking/lantai-1/slot/A2 {"slot_id": "A2", "status": "OCCUPIED", "distance_cm": 8.6, "ts": "2026-09-30T07:13:40Z"}
2026-09-30T07:13:46Z parking/lantai-1/slot/A1 {"slot_id": "A1", "status": "FREE", "distance_cm": 35.4, "ts": "2026-09-30T07:13:46Z"}
2026-09-30T07:13:48Z parking/lantai-1/slot/A3 {"slot_id": "A3", "status": "OCCUPIED", "distance_cm": 7.0, "ts": "2026-09-30T07:13:48Z"}
2026-09-30T07:13:53Z parking/lantai-1/slot/A2 {"slot_id": "A2", "status": "FREE", "distance_cm": 34.9, "ts": "2026-09-30T07:13:52Z"}
2026-09-30T07:13:54Z parking/lantai-1/slot/A1 {"slot_id": "A1", "status": "OCCUPIED", "distance_cm": 6.8, "ts": "2026-09-30T07:13:54Z"}
2026-09-30T07:14:09Z parking/lantai-1/slot/A3 {"slot_id": "A3", "status": "FREE", "distance_cm": 39.8, "ts": "2026-09-30T07:14:09Z"}
2026-09-30T07:14:09Z parking/lantai-1/slot/A2 {"slot_id": "A2", "status": "OCCUPIED", "distance_cm": 5.8, "ts": "2026-09-30T07:14:09Z"}
2026-09-30T07:14:14Z parking/lantai-1/slot/A2 {"slot_id": "A2", "status": "FREE", "distance_cm": 34.0, "ts": "2026-09-30T07:14:14Z"}
2026-09-30T07:14:16Z parking/lantai-1/slot/A3 {"slot_id": "A3", "status": "OCCUPIED", "distance_cm": 8.9, "ts": "2026-09-30T07:14:16Z"}
2026-09-30T07:14:18Z parking/lantai-1/slot/A1 {"slot_id": "A1", "status": "FREE", "distance_cm": 35.7, "ts": "2026-09-30T07:14:18Z"}
2026-09-30T07:14:25Z parking/lantai-1/slot/A2 {"slot_id": "A2", "status": "OCCUPIED", "distance_cm": 5.2, "ts": "2026-09-30T07:14:25Z"}
2026-09-30T07:14:26Z parking/lantai-1/slot/A1 {"slot_id": "A1", "status": "OCCUPIED", "distance_cm": 8.8, "ts": "2026-09-30T07:14:26Z"}
2026-09-30T07:14:30Z parking/lantai-1/slot/A3 {"slot_id": "A3", "status": "FREE", "distance_cm": 39.3, "ts": "2026-09-30T07:14:30Z"}
2026-09-30T07:14:34Z parking/lantai-1/slot/A1 {"slot_id": "A1", "status": "FREE", "distance_cm": 36.1, "ts": "2026-09-30T07:14:34Z"}
2026-09-30T07:14:36Z parking/lantai-1/slot/A2 {"slot_id": "A2", "status": "FREE", "distance_cm": 37.6, "ts": "2026-09-30T07:14:36Z"}
2026-09-30T07:14:44Z parking/lantai-1/slot/A3 {"slot_id": "A3", "status": "OCCUPIED", "distance_cm": 6.4, "ts": "2026-09-30T07:14:44Z"}
2026-09-30T07:14:47Z parking/lantai-1/slot/A2 {"slot_id": "A2", "status": "OCCUPIED", "distance_cm": 6.9, "ts": "2026-09-30T07:14:47Z"}
